time,theta1,omega1,theta2,omega2,lensX,lensY
0,5,5,0,0,-3.53553,3.53553
0.01,4.99238,4.99238,0.0013743,0.0013743,-3.53112,3.52917
0.02,4.96953,4.96953,0.00548882,0.00548882,-3.51787,3.51011
0.03,4.93154,4.93154,0.0123185,0.0123185,-3.49583,3.47841
0.04,4.87851,4.87851,0.0218215,0.0218215,-3.46506,3.4342
0.05,4.81062,4.81062,0.0339398,0.0339398,-3.42562,3.37762
0.06,4.72808,4.72808,0.0485992,0.0485992,-3.37762,3.30889
0.07,4.63115,4.63115,0.0657094,0.0657094,-3.32118,3.22826
0.08,4.52014,4.52014,0.0851652,0.0851652,-3.25644,3.136
0.09,4.39539,4.39539,0.106846,0.106846,-3.18356,3.03246
0.1,4.2573,4.2573,0.130617,0.130617,-3.10272,2.918
0.11,4.10629,4.10629,0.156331,0.156331,-3.01413,2.79304
0.12,3.94285,3.94285,0.183825,0.183825,-2.918,2.65803
0.13,3.76749,3.76749,0.212926,0.212926,-2.81458,2.51346
0.14,3.58076,3.58076,0.243448,0.243448,-2.70413,2.35984
0.15,3.38325,3.38325,0.275197,0.275197,-2.58691,2.19772
0.16,3.17557,3.17557,0.307967,0.307967,-2.46323,2.0277
0.17,2.95837,2.95837,0.341543,0.341543,-2.33339,1.85038
0.18,2.73235,2.73235,0.375704,0.375704,-2.19772,1.6664
0.19,2.49819,2.49819,0.410221,0.410221,-2.05656,1.47642
0.2,2.25665,2.25665,0.444861,0.444861,-1.91026,1.28113
0.21,2.00847,2.00847,0.479385,0.479385,-1.75918,1.08123
0.22,1.75443,1.75443,0.513552,0.513552,-1.6037,0.877433
0.23,1.49532,1.49532,0.547117,0.547117,-1.44422,0.670482
0.24,1.23195,1.23195,0.579835,0.579835,-1.28113,0.461117
0.25,0.965149,0.965149,0.611463,0.611463,-1.11483,0.250094
0.26,0.695737,0.695737,0.641757,0.641757,-0.945751,0.03817
0.27,0.424557,0.424557,0.670476,0.670476,-0.774306,-0.173891
0.28,0.152451,0.152451,0.697385,0.697385,-0.600925,-0.385326
0.29,-0.119737,-0.119737,0.722251,0.722251,-0.426042,-0.595375
0.3,-0.391162,-0.391162,0.744848,0.744848,-0.250094,-0.803281
0.31,-0.660986,-0.660986,0.76496,0.76496,-0.0735208,-1.0083
0.32,-0.928373,-0.928373,0.782375,0.782375,0.103236,-1.20968
0.33,-1.1925,-1.1925,0.796895,0.796895,0.279735,-1.40671
0.34,-1.45255,-1.45255,0.808329,0.808329,0.455534,-1.59868
0.35,-1.70773,-1.70773,0.8165,0.8165,0.630195,-1.7849
0.36,-1.95725,-1.95725,0.821243,0.821243,0.803281,-1.96469
0.37,-2.20036,-2.20036,0.822405,0.822405,0.974359,-2.13742
0.38,-2.4363,-2.4363,0.81985,0.81985,1.143,-2.30244
0.39,-2.66436,-2.66436,0.813456,0.813456,1.30879,-2.45919
0.4,-2.88385,-2.88385,0.803117,0.803117,1.4713,-2.60708
0.41,-3.09411,-3.09411,0.788744,0.788744,1.63014,-2.74559
0.42,-3.2945,-3.2945,0.770265,0.770265,1.7849,-2.87422
0.43,-3.48441,-3.48441,0.747626,0.747626,1.9352,-2.9925
0.44,-3.6633,-3.6633,0.720792,0.720792,2.08067,-3.10002
0.45,-3.83061,-3.83061,0.689746,0.689746,2.22093,-3.19638
0.46,-3.98587,-3.98587,0.654492,0.654492,2.35564,-3.28123
0.47,-4.12862,-4.12862,0.61505,0.61505,2.48447,-3.35428
0.48,-4.25843,-4.25843,0.571464,0.571464,2.60708,-3.41525
0.49,-4.37495,-4.37495,0.523794,0.523794,2.72318,-3.46394
0.5,-4.47784,-4.47784,0.472122,0.472122,2.83247,-3.50015
0.51,-4.56682,-4.56682,0.416549,0.416549,2.93468,-3.52377
0.52,-4.64164,-4.64164,0.357195,0.357195,3.02956,-3.53471
0.53,-4.70211,-4.70211,0.294201,0.294201,3.11686,-3.53293
0.54,-4.74809,-4.74809,0.227724,0.227724,3.19638,-3.51843
0.55,-4.77946,-4.77946,0.157943,0.157943,3.2679,-3.49127
0.56,-4.79617,-4.79617,0.0850536,0.0850536,3.33126,-3.45154
0.57,-4.7982,-4.7982,0.0092678,0.0092678,3.38629,-3.3994
0.58,-4.78561,-4.78561,-0.0691839,-0.0691839,3.43286,-3.33501
0.59,-4.75846,-4.75846,-0.150055,-0.150055,3.47084,-3.25863
0.6,-4.71688,-4.71688,-0.233085,-0.233085,3.50015,-3.17052
0.61,-4.66104,-4.66104,-0.317997,-0.317997,3.52071,-3.071
0.62,-4.59117,-4.59117,-0.404502,-0.404502,3.53248,-2.96042
0.63,-4.50753,-4.50753,-0.492297,-0.492297,3.53541,-2.8392
0.64,-4.41041,-4.41041,-0.581069,-0.581069,3.52951,-2.70775
0.65,-4.30015,-4.30015,-0.670493,-0.670493,3.51478,-2.56656
0.66,-4.17716,-4.17716,-0.760237,-0.760237,3.49127,-2.41613
0.67,-4.04185,-4.04185,-0.84996,-0.84996,3.45903,-2.25701
0.68,-3.89468,-3.89468,-0.939312,-0.939312,3.41815,-2.08976
0.69,-3.73615,-3.73615,-1.02794,-1.02794,3.36872,-1.91499
0.7,-3.56679,-3.56679,-1.11549,-1.11549,3.31087,-1.73333
0.71,-3.38717,-3.38717,-1.2016,-1.2016,3.24475,-1.54544
0.72,-3.19789,-3.19789,-1.2859,-1.2859,3.17052,-1.35198
0.73,-2.99956,-2.99956,-1.36805,-1.36805,3.08836,-1.15365
0.74,-2.79283,-2.79283,-1.44767,-1.44767,2.99849,-0.951176
0.75,-2.57839,-2.57839,-1.52441,-1.52441,2.90112,-0.745276
0.76,-2.35692,-2.35692,-1.59792,-1.59792,2.79649,-0.536694
0.77,-2.12914,-2.12914,-1.66785,-1.66785,2.68488,-0.32618
0.78,-1.89579,-1.89579,-1.73387,-1.73387,2.56656,-0.114492
0.79,-1.65761,-1.65761,-1.79565,-1.79565,2.44182,0.0976073
0.8,-1.41536,-1.41536,-1.85286,-1.85286,2.31098,0.309356
0.81,-1.16982,-1.16982,-1.90519,-1.90519,2.17436,0.519991
0.82,-0.921753,-0.921753,-1.95237,-1.95237,2.03231,0.728754
0.83,-0.671951,-0.671951,-1.99409,-1.99409,1.88518,0.934895
0.84,-0.421197,-0.421197,-2.03011,-2.03011,1.73333,1.13767
0.85,-0.170274,-0.170274,-2.06016,-2.06016,1.57716,1.33635
0.86,0.0800349,0.0800349,-2.08403,-2.08403,1.41704,1.53023
0.87,0.328955,0.328955,-2.1015,-2.1015,1.25338,1.71859
0.88,0.575716,0.575716,-2.11238,-2.11238,1.08659,1.90077
0.89,0.819561,0.819561,-2.1165,-2.1165,0.917077,2.07611
0.9,1.05974,1.05974,-2.11372,-2.11372,0.745276,2.24398
0.91,1.29553,1.29553,-2.10391,-2.10391,0.571612,2.40377
0.92,1.52621,1.52621,-2.08698,-2.08698,0.396519,2.55491
0.93,1.75109,1.75109,-2.06284,-2.06284,0.220435,2.69686
0.94,1.9695,1.9695,-2.03145,-2.03145,0.0438005,2.8291
0.95,2.18079,2.18079,-1.99278,-1.99278,-0.132944,2.95116
0.96,2.38433,2.38433,-1.94683,-1.94683,-0.309356,3.06259
0.97,2.57953,2.57953,-1.89364,-1.89364,-0.484994,3.16301
0.98,2.76582,2.76582,-1.83326,-1.83326,-0.659421,3.25204
0.99,2.94267,2.94267,-1.76577,-1.76577,-0.832199,3.32937
1,3.10958,3.10958,-1.69127,-1.69127,-1.0029,3.39471
1.01,3.26608,3.26608,-1.60991,-1.60991,-1.17109,3.44784
1.02,3.41173,3.41173,-1.52184,-1.52184,-1.33635,3.48856
1.03,3.54614,3.54614,-1.42726,-1.42726,-1.49828,3.51673
1.04,3.66896,3.66896,-1.32638,-1.32638,-1.65646,3.53224
1.05,3.77986,3.77986,-1.21943,-1.21943,-1.8105,3.53503
1.06,3.87856,3.87856,-1.10669,-1.10669,-1.96001,3.52511
1.07,3.96483,3.96483,-0.988445,-0.988445,-2.10462,3.5025
1.08,4.03847,4.03847,-0.865004,-0.865004,-2.24398,3.46728
1.09,4.09931,4.09931,-0.736705,-0.736705,-2.37772,3.41958
1.1,4.14726,4.14726,-0.603907,-0.603907,-2.50553,3.35958
1.11,4.18222,4.18222,-0.466987,-0.466987,-2.62707,3.28749
1.12,4.20417,4.20417,-0.326345,-0.326345,-2.74204,3.20356
1.13,4.21313,4.21313,-0.182396,-0.182396,-2.85016,3.10811
1.14,4.20914,4.20914,-0.035575,-0.035575,-2.95116,3.00147
1.15,4.19229,4.19229,0.113668,0.113668,-3.04477,2.88402
1.16,4.16273,4.16273,0.26487,0.26487,-3.13078,2.7562
1.17,4.12061,4.12061,0.417552,0.417552,-3.20897,2.61846
1.18,4.06617,4.06617,0.571226,0.571226,-3.27913,2.4713
1.19,3.99963,3.99963,0.725393,0.725393,-3.3411,2.31524
1.2,3.9213,3.9213,0.879547,0.879547,-3.39471,2.15085
1.21,3.8315,3.8315,1.03318,1.03318,-3.43985,1.97871
1.22,3.73058,3.73058,1.18576,1.18576,-3.47638,1.79946
1.23,3.61894,3.61894,1.33678,1.33678,-3.50422,1.61373
1.24,3.497,3.497,1.48571,1.48571,-3.52331,1.4222
1.25,3.36521,3.36521,1.63204,1.63204,-3.53359,1.22554
1.26,3.22406,3.22406,1.77523,1.77523,-3.53503,1.02448
1.27,3.07405,3.07405,1.91479,1.91479,-3.52765,0.819722
1.28,2.91573,2.91573,2.0502,2.0502,-3.51144,0.612019
1.29,2.74963,2.74963,2.18096,2.18096,-3.48646,0.402114
1.3,2.57636,2.57636,2.30658,2.30658,-3.45276,0.190761
1.31,2.39649,2.39649,2.42658,2.42658,-3.41043,-0.021278
1.32,2.21066,2.21066,2.54051,2.54051,-3.35958,-0.233241
1.33,2.01947,2.01947,2.6479,2.6479,-3.30033,-0.444364
1.34,1.82359,1.82359,2.74833,2.74833,-3.23283,-0.653888
1.35,1.62366,1.62366,2.84138,2.84138,-3.15725,-0.861059
1.36,1.42033,1.42033,2.92665,2.92665,-3.07378,-1.06513
1.37,1.21429,1.21429,3.00379,3.00379,-2.98263,-1.26537
1.38,1.00619,1.00619,3.07243,3.07243,-2.88402,-1.46105
1.39,0.796717,0.796717,3.13226,3.13226,-2.77821,-1.65148
1.4,0.586534,0.586534,3.18298,3.18298,-2.66545,-1.83596
1.41,0.376313,0.376313,3.22431,3.22431,-2.54602,-2.01384
1.42,0.166716,0.166716,3.25602,3.25602,-2.42024,-2.18447
1.43,-0.0415986,-0.0415986,3.27789,3.27789,-2.2884,-2.34723
1.44,-0.247985,-0.247985,3.28974,3.28974,-2.15085,-2.50155
1.45,-0.451806,-0.451806,3.29143,3.29143,-2.00792,-2.64687
1.46,-0.652441,-0.652441,3.28283,3.28283,-1.85996,-2.78266
1.47,-0.849281,-0.849281,3.26386,3.26386,-1.70737,-2.90843
1.48,-1.04174,-1.04174,3.23447,3.23447,-1.5505,-3.02374
1.49,-1.22924,-1.22924,3.19465,3.19465,-1.38976,-3.12816
1.5,-1.41124,-1.41124,3.14441,3.14441,-1.22554,-3.22133
1.51,-1.5872,-1.5872,3.08381,3.08381,-1.05826,-3.30291
1.52,-1.75663,-1.75663,3.01293,3.01293,-0.888338,-3.37259
1.53,-1.91905,-1.91905,2.9319,2.9319,-0.716193,-3.43014
1.54,-2.07401,-2.07401,2.84088,2.84088,-0.542258,-3.47535
1.55,-2.22108,-2.22108,2.74005,2.74005,-0.366968,-3.50805
1.56,-2.35987,-2.35987,2.62965,2.62965,-0.190761,-3.52812
1.57,-2.49002,-2.49002,2.50993,2.50993,-0.0140772,-3.53549
1.58,-2.61119,-2.61119,2.38118,2.38118,0.162642,-3.53014
1.59,-2.7231,-2.7231,2.24375,2.24375,0.338955,-3.51209
1.6,-2.82547,-2.82547,2.09797,2.09797,0.51442,-3.4814
1.61,-2.91807,-2.91807,1.94424,1.94424,0.6886,-3.43817
1.62,-3.0007,-3.0007,1.78298,1.78298,0.861059,-3.38258
1.63,-3.07321,-3.07321,1.61464,1.61464,1.03136,-3.31481
1.64,-3.13545,-3.13545,1.43968,1.43968,1.19909,-3.23511
1.65,-3.18735,-3.18735,1.25861,1.25861,1.36382,-3.14377
1.66,-3.22883,-3.22883,1.07195,1.07195,1.52515,-3.04111
1.67,-3.25988,-3.25988,0.880241,0.880241,1.68266,-2.92751
1.68,-3.2805,-3.2805,0.68406,0.68406,1.83596,-2.80337
1.69,-3.29075,-3.29075,0.48399,0.48399,1.98468,-2.66914
1.7,-3.29069,-3.29069,0.280634,0.280634,2.12843,-2.52531
1.71,-3.28045,-3.28045,0.0746145,0.0746145,2.26687,-2.37239
1.72,-3.26016,-3.26016,-0.133436,-0.133436,2.39964,-2.21093
1.73,-3.23001,-3.23001,-0.342872,-0.342872,2.52641,-2.04151
1.74,-3.19019,-3.19019,-0.553038,-0.553038,2.64687,-1.86475
1.75,-3.14096,-3.14096,-0.763272,-0.763272,2.76071,-1.68128
1.76,-3.08256,-3.08256,-0.972905,-0.972905,2.86765,-1.49175
1.77,-3.0153,-3.0153,-1.18127,-1.18127,2.96742,-1.29686
1.78,-2.93949,-2.93949,-1.38768,-1.38768,3.05978,-1.0973
1.79,-2.85549,-2.85549,-1.59148,-1.59148,3.14448,-0.893787
1.8,-2.76365,-2.76365,-1.792,-1.792,3.22133,-0.68706
1.81,-2.66437,-2.66437,-1.98857,-1.98857,3.29013,-0.47786
1.82,-2.55806,-2.55806,-2.18055,-2.18055,3.3507,-0.266941
1.83,-2.44515,-2.44515,-2.36728,-2.36728,3.4029,-0.0550612
1.84,-2.32608,-2.32608,-2.54814,-2.54814,3.44659,0.157017
1.85,-2.20132,-2.20132,-2.7225,-2.7225,3.48167,0.36853
1.86,-2.07135,-2.07135,-2.88978,-2.88978,3.50805,0.578717
1.87,-1.93665,-1.93665,-3.04938,-3.04938,3.52565,0.786821
1.88,-1.79772,-1.79772,-3.20075,-3.20075,3.53445,0.992093
1.89,-1.65506,-1.65506,-3.34335,-3.34335,3.53441,1.19379
1.9,-1.5092,-1.5092,-3.47666,-3.47666,3.52554,1.3912
1.91,-1.36065,-1.36065,-3.6002,-3.6002,3.50785,1.5836
1.92,-1.20993,-1.20993,-3.71351,-3.71351,3.4814,1.7703
1.93,-1.05756,-1.05756,-3.81616,-3.81616,3.44624,1.95063
1.94,-0.904064,-0.904064,-3.90776,-3.90776,3.40247,2.12393
1.95,-0.749959,-0.749959,-3.98794,-3.98794,3.3502,2.2896
1.96,-0.595759,-0.595759,-4.05637,-4.05637,3.28955,2.44702
1.97,-0.441973,-0.441973,-4.11276,-4.11276,3.22068,2.59564
1.98,-0.2891,-0.2891,-4.15686,-4.15686,3.14377,2.73492
1.99,-0.137631,-0.137631,-4.18843,-4.18843,3.05899,2.86435
2,0.0119561,0.0119561,-4.20731,-4.20731,2.96657,2.98347
2.01,0.159193,0.159193,-4.21336,-4.21336,2.86673,3.09186
2.02,0.303629,0.303629,-4.20647,-4.20647,2.75973,3.18912
2.03,0.444827,0.444827,-4.18659,-4.18659,2.64582,3.2749
2.04,0.582366,0.582366,-4.15369,-4.15369,2.52531,3.3489
2.05,0.715847,0.715847,-4.10782,-4.10782,2.39848,3.41084
2.06,0.844887,0.844887,-4.04902,-4.04902,2.26566,3.46051
2.07,0.969124,0.969124,-3.97741,-3.97741,2.12718,3.49773
2.08,1.08822,1.08822,-3.89314,-3.89314,1.98338,3.52235
2.09,1.20186,1.20186,-3.7964,-3.7964,1.83462,3.5343
2.1,1.30974,1.30974,-3.68743,-3.68743,1.68128,3.53353
2.11,1.41161,1.41161,-3.56649,-3.56649,1.52373,3.52005
2.12,1.50721,1.50721,-3.4339,-3.4339,1.36238,3.49389
2.13,1.59633,1.59633,-3.29001,-3.29001,1.19762,3.45516
2.14,1.67877,1.67877,-3.13521,-3.13521,1.02986,3.404
2.15,1.75437,1.75437,-2.96993,-2.96993,0.859536,3.34058
2.16,1.82298,1.82298,-2.79463,-2.79463,0.68706,3.26515
2.17,1.8845,1.8845,-2.60981,-2.60981,0.512867,3.17796
2.18,1.93885,1.93885,-2.41599,-2.41599,0.337392,3.07933
2.19,1.98595,1.98595,-2.21374,-2.21374,0.161074,2.96963
2.2,2.02577,2.02577,-2.00365,-2.00365,-0.0156472,2.84923
2.21,2.05832,2.05832,-1.78633,-1.78633,-0.192329,2.71858
2.22,2.08362,2.08362,-1.56244,-1.56244,-0.36853,2.57815
2.23,2.10169,2.10169,-1.33263,-1.33263,-0.54381,2.42844
2.24,2.11263,2.11263,-1.09761,-1.09761,-0.717731,2.26998
2.25,2.11653,2.11653,-0.858078,-0.858078,-0.889857,2.10336
2.26,2.11349,2.11349,-0.614767,-0.614767,-1.05976,1.92917
2.27,2.10368,2.10368,-0.368419,-0.368419,-1.22701,1.74804
2.28,2.08725,2.08725,-0.119792,-0.119792,-1.3912,1.56061
2.29,2.06438,2.06438,0.130348,0.130348,-1.55191,1.36757
2.3,2.0353,2.0353,0.381225,0.381225,-1.70874,1.16961
2.31,2.00022,2.00022,0.632058,0.632058,-1.8613,0.967435
2.32,1.95938,1.95938,0.882064,0.882064,-2.00921,0.76178
2.33,1.91306,1.91306,1.13046,1.13046,-2.15209,0.553384
2.34,1.86153,1.86153,1.37646,1.37646,-2.2896,0.342997
2.35,1.80507,1.80507,1.61928,1.61928,-2.42138,0.131375
2.36,1.744,1.744,1.85816,1.85816,-2.54711,-0.08072
2.37,1.67864,1.67864,2.09233,2.09233,-2.66648,-0.292524
2.38,1.60931,1.60931,2.32105,2.32105,-2.77918,-0.503276
2.39,1.53634,1.53634,2.54357,2.54357,-2.88493,-0.712216
2.4,1.46009,1.46009,2.75918,2.75918,-2.98347,-0.918593
2.41,1.38091,1.38091,2.96718,2.96718,-3.07456,-1.12166
2.42,1.29914,1.29914,3.16689,3.16689,-3.15796,-1.3207
2.43,1.21515,1.21515,3.35766,3.35766,-3.23347,-1.51498
2.44,1.12931,1.12931,3.53886,3.53886,-3.30089,-1.70381
2.45,1.04197,1.04197,3.70989,3.70989,-3.36007,-1.88651
2.46,0.953485,0.953485,3.87018,3.87018,-3.41084,-2.06241
2.47,0.864224,0.864224,4.01919,4.01919,-3.4531,-2.2309
2.48,0.774537,0.774537,4.15642,4.15642,-3.48672,-2.39135
2.49,0.684774,0.684774,4.28141,4.28141,-3.51162,-2.54321
2.5,0.595276,0.595276,4.39372,4.39372,-3.52775,-2.6859
2.51,0.506378,0.506378,4.49295,4.49295,-3.53506,-2.81893
2.52,0.418406,0.418406,4.57877,4.57877,-3.53353,-2.94182
2.53,0.331675,0.331675,4.65085,4.65085,-3.52318,-3.05412
2.54,0.24649,0.24649,4.70893,4.70893,-3.50401,-3.15542
2.55,0.163142,0.163142,4.7528,4.7528,-3.47609,-3.24538
2.56,0.0819085,0.0819085,4.78225,4.78225,-3.43948,-3.32365
2.57,0.00305453,0.00305453,4.79718,4.79718,-3.39428,-3.38996
2.58,-0.0731717,-0.0731717,4.79747,4.79747,-3.34058,-3.44407
2.59,-0.146537,-0.146537,4.7831,4.7831,-3.27854,-3.48578
2.6,-0.216827,-0.216827,4.75406,4.75406,-3.20831,-3.51495
2.61,-0.283842,-0.283842,4.71041,4.71041,-3.13005,-3.53147
2.62,-0.347402,-0.347402,4.65224,4.65224,-3.04398,-3.53528
2.63,-0.407346,-0.407346,4.57969,4.57969,-2.95029,-3.52636
2.64,-0.46353,-0.46353,4.49295,4.49295,-2.84923,-3.50476
2.65,-0.51583,-0.51583,4.39226,4.39226,-2.74105,-3.47054
2.66,-0.564143,-0.564143,4.27789,4.27789,-2.62601,-3.42383
2.67,-0.608385,-0.608385,4.15017,4.15017,-2.50442,-3.3648
2.68,-0.64849,-0.64849,4.00945,4.00945,-2.37656,-3.29366
2.69,-0.684413,-0.684413,3.85616,3.85616,-2.24276,-3.21067
2.7,-0.71613,-0.71613,3.69073,3.69073,-2.10336,-3.11612
2.71,-0.743634,-0.743634,3.51366,3.51366,-1.9587,-3.01036
2.72,-0.766939,-0.766939,3.32546,3.32546,-1.80915,-2.89376
2.73,-0.786077,-0.786077,3.1267,3.1267,-1.65507,-2.76675
2.74,-0.8011,-0.8011,2.91797,2.91797,-1.49686,-2.62978
2.75,-0.812076,-0.812076,2.69991,2.69991,-1.3349,-2.48335
2.76,-0.819092,-0.819092,2.47317,2.47317,-1.16961,-2.32798
2.77,-0.82225,-0.82225,2.23843,2.23843,-1.00139,-2.16423
2.78,-0.821671,-0.821671,1.99642,1.99642,-0.830673,-1.99269
2.79,-0.817489,-0.817489,1.74787,1.74787,-0.657878,-1.81398
2.8,-0.809853,-0.809853,1.49354,1.49354,-0.483439,-1.62874
2.81,-0.798927,-0.798927,1.23421,1.23421,-0.307792,-1.43765
2.82,-0.784887,-0.784887,0.970679,0.970679,-0.131375,-1.24137
2.83,-0.767919,-0.767919,0.703756,0.703756,0.0453705,-1.04063
2.84,-0.748223,-0.748223,0.434265,0.434265,0.222002,-0.836145
2.85,-0.726007,-0.726007,0.163038,0.163038,0.398079,-0.62865
2.86,-0.701488,-0.701488,-0.109085,-0.109085,0.573161,-0.418892
2.87,-0.674889,-0.674889,-0.38126,-0.38126,0.74681,-0.207627
2.88,-0.646442,-0.646442,-0.652644,-0.652644,0.918593,0.00438549
2.89,-0.616383,-0.616383,-0.922394,-0.922394,1.08808,0.216382
2.9,-0.584952,-0.584952,-1.18967,-1.18967,1.25485,0.4276
2.91,-0.55239,-0.55239,-1.45364,-1.45364,1.41848,0.637279
2.92,-0.518944,-0.518944,-1.71348,-1.71348,1.57856,0.844665
2.93,-0.484857,-0.484857,-1.96838,-1.96838,1.7347,1.04901
2.94,-0.450374,-0.450374,-2.21755,-2.21755,1.88651,1.24958
2.95,-0.415736,-0.415736,-2.4602,-2.4602,2.03359,1.44565
2.96,-0.381184,-0.381184,-2.69558,-2.69558,2.1756,1.63652
2.97,-0.34695,-0.34695,-2.92295,-2.92295,2.31217,1.82151
2.98,-0.313266,-0.313266,-3.14159,-3.14159,2.44296,1.99993
2.99,-0.280353,-0.280353,-3.35083,-3.35083,2.56764,2.17116
3,-0.248428,-0.248428,-3.55001,-3.55001,2.6859,2.33457
3.01,-0.217697,-0.217697,-3.7385,-3.7385,2.79745,2.48958
3.02,-0.188357,-0.188357,-3.91571,-3.91571,2.90201,2.63564
3.03,-0.160595,-0.160595,-4.08108,-4.08108,2.99932,2.7722
3.04,-0.134587,-0.134587,-4.2341,-4.2341,3.08913,2.89879
3.05,-0.110496,-0.110496,-4.37428,-4.37428,3.17121,3.01495
3.06,-0.0884725,-0.0884725,-4.50118,-4.50118,3.24538,3.12026
3.07,-0.068654,-0.068654,-4.61441,-4.61441,3.31142,3.21433
3.08,-0.0511627,-0.0511627,-4.7136,-4.7136,3.3692,3.29684
3.09,-0.0361066,-0.0361066,-4.79845,-4.79845,3.41855,3.36749
3.1,-0.0235782,-0.0235782,-4.86869,-4.86869,3.45936,3.42601
3.11,-0.0136543,-0.0136543,-4.92409,-4.92409,3.49152,3.47221
3.12,-0.00639565,-0.00639565,-4.96449,-4.96449,3.51495,3.5059
3.13,-0.0018466,-0.0018466,-4.98976,-4.98976,3.5296,3.52698
3.14,-3.48771e-05,-3.48771e-05,-4.99981,-4.99981,3.53542,3.53537
3.15,-0.000971549,-0.000971549,-4.99461,-4.99461,3.53241,3.53104
3.16,-0.0046509,-0.0046509,-4.97419,-4.97419,3.52057,3.51399
3.17,-0.0110505,-0.0110505,-4.9386,-4.9386,3.49993,3.4843
3.18,-0.0201312,-0.0201312,-4.88796,-4.88796,3.47054,3.44207
3.19,-0.0318376,-0.0318376,-4.82242,-4.82242,3.43248,3.38745
3.2,-0.0460978,-0.0460978,-4.7422,-4.7422,3.38584,3.32065
3.21,-0.0628244,-0.0628244,-4.64754,-4.64754,3.33073,3.24189
3.22,-0.0819143,-0.0819143,-4.53875,-4.53875,3.2673,3.15146
3.23,-0.103249,-0.103249,-4.41616,-4.41616,3.19571,3.04969
3.24,-0.126697,-0.126697,-4.28017,-4.28017,3.11612,2.93695
3.25,-0.152112,-0.152112,-4.13119,-4.13119,3.02875,2.81363
3.26,-0.179334,-0.179334,-3.9697,-3.9697,2.93381,2.68019
3.27,-0.208191,-0.208191,-3.7962,-3.7962,2.83153,2.5371
3.28,-0.2385,-0.2385,-3.61124,-3.61124,2.72218,2.38489
3.29,-0.270067,-0.270067,-3.4154,-3.4154,2.60602,2.22409
3.3,-0.302688,-0.302688,-3.2093,-3.2093,2.48335,2.05528
3.31,-0.33615,-0.33615,-2.99357,-2.99357,2.35447,1.87908
3.32,-0.370233,-0.370233,-2.76891,-2.76891,2.21971,1.69612
3.33,-0.40471,-0.40471,-2.536,-2.536,2.0794,1.50705
3.34,-0.439346,-0.439346,-2.29558,-2.29558,1.93389,1.31256
3.35,-0.473905,-0.473905,-2.04841,-2.04841,1.78355,1.11334
3.36,-0.508144,-0.508144,-1.79525,-1.79525,1.62874,0.91012
3.37,-0.541821,-0.541821,-1.53689,-1.53689,1.46987,0.703623
3.38,-0.574691,-0.574691,-1.27415,-1.27415,1.30733,0.494593
3.39,-0.606509,-0.606509,-1.00784,-1.00784,1.14152,0.283782
3.4,-0.637031,-0.637031,-0.738785,-0.738785,0.972849,0.0719511
3.41,-0.666017,-0.666017,-0.467831,-0.467831,0.801752,-0.140139
3.42,-0.69323,-0.69323,-0.195815,-0.195815,0.62865,-0.351725
3.43,-0.718436,-0.718436,0.0764159,0.0764159,0.453977,-0.562045
3.44,-0.74141,-0.74141,0.348019,0.348019,0.278169,-0.770343
3.45,-0.761932,-0.761932,0.618154,0.618154,0.101667,-0.975868
3.46,-0.77979,-0.77979,0.885984,0.885984,-0.0750905,-1.17788
3.47,-0.794784,-0.794784,1.15069,1.15069,-0.25166,-1.37565
3.48,-0.806722,-0.806722,1.41144,1.41144,-0.4276,-1.56848
3.49,-0.815424,-0.815424,1.66745,1.66745,-0.602472,-1.75566
3.5,-0.820723,-0.820723,1.91792,1.91792,-0.775837,-1.93652
3.51,-0.822465,-0.822465,2.1621,2.1621,-0.947264,-2.11041
3.52,-0.820511,-0.820511,2.39923,2.39923,-1.11632,-2.2767
3.53,-0.814736,-0.814736,2.62859,2.62859,-1.28259,-2.4348
3.54,-0.805032,-0.805032,2.8495,2.8495,-1.44565,-2.58414
3.55,-0.791306,-0.791306,3.06127,3.06127,-1.6051,-2.72418
3.56,-0.773485,-0.773485,3.26327,3.26327,-1.76054,-2.85441
3.57,-0.751512,-0.751512,3.45489,3.45489,-1.91158,-2.97438
3.58,-0.725347,-0.725347,3.63557,3.63557,-2.05784,-3.08363
3.59,-0.694973,-0.694973,3.80476,3.80476,-2.19895,-3.18179
3.6,-0.660388,-0.660388,3.96197,3.96197,-2.33457,-3.2685
3.61,-0.621611,-0.621611,4.10674,4.10674,-2.46436,-3.34345
3.62,-0.578681,-0.578681,4.23864,4.23864,-2.58798,-3.40636
3.63,-0.531657,-0.531657,4.3573,4.3573,-2.70514,-3.45701
3.64,-0.480616,-0.480616,4.46238,4.46238,-2.81553,-3.49522
3.65,-0.425656,-0.425656,4.55359,4.55359,-2.91889,-3.52086
3.66,-0.366896,-0.366896,4.63068,4.63068,-3.01495,-3.53382
3.67,-0.304471,-0.304471,4.69345,4.69345,-3.10348,-3.53406
3.68,-0.238538,-0.238538,4.74174,4.74174,-3.18424,-3.52159
3.69,-0.169271,-0.169271,4.77544,4.77544,-3.25705,-3.49644
3.7,-0.096862,-0.096862,4.79449,4.79449,-3.32172,-3.45871
3.71,-0.0215225,-0.0215225,4.79886,4.79886,-3.37809,-3.40853
3.72,0.0565207,0.0565207,4.78859,4.78859,-3.42601,-3.34608
3.73,0.137024,0.137024,4.76375,4.76375,-3.46537,-3.27159
3.74,0.219728,0.219728,4.72446,4.72446,-3.49607,-3.18533
3.75,0.304359,0.304359,4.67088,4.67088,-3.51803,-3.0876
3.76,0.39063,0.39063,4.60323,4.60323,-3.53119,-2.97876
3.77,0.478241,0.478241,4.52176,4.52176,-3.53553,-2.8592
3.78,0.566878,0.566878,4.42676,4.42676,-3.53104,-2.72935
3.79,0.656221,0.656221,4.31858,4.31858,-3.51771,-2.58968
3.8,0.745937,0.745937,4.19759,4.19759,-3.4956,-2.44068
3.81,0.835686,0.835686,4.06421,4.06421,-3.46475,-2.28291
3.82,0.92512,0.92512,3.91889,3.91889,-3.42523,-2.11692
3.83,1.01389,1.01389,3.76214,3.76214,-3.37716,-1.94331
3.84,1.10163,1.10163,3.59447,3.59447,-3.32065,-1.7627
3.85,1.18799,1.18799,3.41644,3.41644,-3.25583,-1.57575
3.86,1.27261,1.27261,3.22866,3.22866,-3.18288,-1.38313
3.87,1.35512,1.35512,3.03172,3.03172,-3.10197,-1.18554
3.88,1.43517,1.43517,2.82629,2.82629,-3.01331,-0.983671
3.89,1.51239,1.51239,2.61303,2.61303,-2.91712,-0.778267
3.9,1.58644,1.58644,2.39263,2.39263,-2.81363,-0.570062
3.91,1.65697,1.65697,2.16581,2.16581,-2.70311,-0.359806
3.92,1.72363,1.72363,1.9333,1.9333,-2.58584,-0.148254
3.93,1.78611,1.78611,1.69583,1.69583,-2.4621,0.0638309
3.94,1.84406,1.84406,1.45418,1.45418,-2.33221,0.275686
3.95,1.8972,1.8972,1.20911,1.20911,-2.19649,0.486549
3.96,1.94521,1.94521,0.961397,0.961397,-2.05528,0.695662
3.97,1.98782,1.98782,0.71182,0.71182,-1.90894,0.90227
3.98,2.02476,2.02476,0.461165,0.461165,-1.75782,1.10563
3.99,2.05578,2.05578,0.210217,0.210217,-1.60231,1.30501
4,2.08065,2.08065,-0.0402424,-0.0402424,-1.44279,1.4997
4.01,2.09915,2.09915,-0.289435,-0.289435,-1.27966,1.68899
4.02,2.1111,2.1111,-0.536591,-0.536591,-1.11334,1.8722
4.03,2.11631,2.11631,-0.780951,-0.780951,-0.944238,2.04867
4.04,2.11463,2.11463,-1.02177,-1.02177,-0.772774,2.21777
4.05,2.10595,2.10595,-1.2583,-1.2583,-0.599377,2.37889
4.06,2.09015,2.09015,-1.48984,-1.48984,-0.424483,2.53144
4.07,2.06717,2.06717,-1.71569,-1.71569,-0.248528,2.67489
4.08,2.03693,2.03693,-1.93518,-1.93518,-0.0719511,2.80871
4.09,1.99942,1.99942,-2.14764,-2.14764,0.104805,2.93242
4.1,1.95464,1.95464,-2.35245,-2.35245,0.2813,3.04557
4.11,1.9026,1.9026,-2.54902,-2.54902,0.457091,3.14777
4.12,1.84335,1.84335,-2.73677,-2.73677,0.63174,3.23864
4.13,1.77699,1.77699,-2.91516,-2.91516,0.80481,3.31785
4.14,1.7036,1.7036,-3.08368,-3.08368,0.975868,3.38512
4.15,1.62332,1.62332,-3.24187,-3.24187,1.14449,3.44021
4.16,1.53631,1.53631,-3.38928,-3.38928,1.31025,3.48292
4.17,1.44275,1.44275,-3.52551,-3.52551,1.47273,3.51309
4.18,1.34286,1.34286,-3.65019,-3.65019,1.63153,3.53062
4.19,1.23686,1.23686,-3.76301,-3.76301,1.78626,3.53544
4.2,1.12502,1.12502,-3.86367,-3.86367,1.93652,3.52754
4.21,1.00763,1.00763,-3.95193,-3.95193,2.08193,3.50694
4.22,0.884998,0.884998,-4.02759,-4.02759,2.22215,3.47373
4.23,0.75745,0.75745,-4.09049,-4.09049,2.35681,3.42801
4.24,0.625343,0.625343,-4.14049,-4.14049,2.48558,3.36995
4.25,0.489054,0.489054,-4.17752,-4.17752,2.60814,3.29977
4.26,0.348977,0.348977,-4.20155,-4.20155,2.72418,3.21771
4.27,0.205526,0.205526,-4.21257,-4.21257,2.83341,3.12407
4.28,0.0591325,0.0591325,-4.21064,-4.21064,2.93556,3.01918
4.29,-0.0897557,-0.0897557,-4.19583,-4.19583,3.03037,2.90343
4.3,-0.240677,-0.240677,-4.16828,-4.16828,3.1176,2.77724
4.31,-0.393156,-0.393156,-4.12815,-4.12815,3.19705,2.64104
4.32,-0.546705,-0.546705,-4.07565,-4.07565,3.2685,2.49534
4.33,-0.700827,-0.700827,-4.01103,-4.01103,3.33178,2.34067
4.34,-0.855018,-0.855018,-3.93456,-3.93456,3.38674,2.17756
4.35,-1.00876,-1.00876,-3.84656,-3.84656,3.43323,2.00662
4.36,-1.16155,-1.16155,-3.74738,-3.74738,3.47114,1.82846
4.37,-1.31285,-1.31285,-3.63742,-3.63742,3.50037,1.64372
4.38,-1.46215,-1.46215,-3.51709,-3.51709,3.52086,1.45306
4.39,-1.60893,-1.60893,-3.38684,-3.38684,3.53254,1.25718
4.4,-1.75266,-1.75266,-3.24715,-3.24715,3.5354,1.05676
4.41,-1.89283,-1.89283,-3.09852,-3.09852,3.52941,0.852549
4.42,-2.02893,-2.02893,-2.94148,-2.94148,3.51461,0.645266
4.43,-2.16047,-2.16047,-2.77658,-2.77658,3.49102,0.435661
4.44,-2.28694,-2.28694,-2.60441,-2.60441,3.45871,0.224488
4.45,-2.40787,-2.40787,-2.42556,-2.42556,3.41775,0.0125071
4.46,-2.52279,-2.52279,-2.24063,-2.24063,3.36824,-0.199519
4.47,-2.63125,-2.63125,-2.05025,-2.05025,3.31032,-0.410827
4.48,-2.73282,-2.73282,-1.85507,-1.85507,3.24413,-0.620656
4.49,-2.82707,-2.82707,-1.65574,-1.65574,3.16982,-0.828252
4.5,-2.91361,-2.91361,-1.45291,-1.45291,3.0876,-1.03287
4.51,-2.99206,-2.99206,-1.24726,-1.24726,2.99765,-1.23376
4.52,-3.06208,-3.06208,-1.03944,-1.03944,2.90022,-1.43022
4.53,-3.12334,-3.12334,-0.830144,-0.830144,2.79553,-1.62153
4.54,-3.17552,-3.17552,-0.620029,-0.620029,2.68386,-1.80701
4.55,-3.21837,-3.21837,-0.409769,-0.409769,2.56548,-1.98598
4.56,-3.25162,-3.25162,-0.200029,-0.200029,2.44068,-2.1578
4.57,-3.27507,-3.27507,0.0085338,0.0085338,2.30979,-2.32186
4.58,-3.28853,-3.28853,0.21527,0.21527,2.17312,-2.47756
4.59,-3.29184,-3.29184,0.419542,0.419542,2.03102,-2.62435
4.6,-3.28489,-3.28489,0.620725,0.620725,1.88385,-2.76169
4.61,-3.26758,-3.26758,0.81821,0.81821,1.73197,-2.88909
4.62,-3.23985,-3.23985,1.0114,1.0114,1.57575,-3.00609
4.63,-3.20169,-3.20169,1.19973,1.19973,1.4156,-3.11228
4.64,-3.15311,-3.15311,1.38264,1.38264,1.25191,-3.20726
4.65,-3.09415,-3.09415,1.5596,1.5596,1.08509,-3.2907
4.66,-3.02491,-3.02491,1.73011,1.73011,0.91556,-3.3623
4.67,-2.94548,-2.94548,1.89367,1.89367,0.743741,-3.4218
4.68,-2.85604,-2.85604,2.04985,2.04985,0.570062,-3.46898
4.69,-2.75676,-2.75676,2.1982,2.1982,0.394959,-3.50368
4.7,-2.64786,-2.64786,2.33833,2.33833,0.218868,-3.52577
4.71,-2.5296,-2.5296,2.46988,2.46988,0.0422306,-3.53517
4.72,-2.40228,-2.40228,2.59251,2.59251,-0.134513,-3.53185
4.73,-2.2662,-2.2662,2.70591,2.70591,-0.31092,-3.51581
4.74,-2.12173,-2.12173,2.80981,2.80981,-0.486549,-3.48713
4.75,-1.96924,-1.96924,2.90398,2.90398,-0.660963,-3.44589
4.76,-1.80915,-1.80915,2.98822,2.98822,-0.833725,-3.39225
4.77,-1.6419,-1.6419,3.06234,3.06234,-1.0044,-3.32641
4.78,-1.46797,-1.46797,3.12623,3.12623,-1.17257,-3.24859
4.79,-1.28783,-1.28783,3.17978,3.17978,-1.33781,-3.15908
4.8,-1.10203,-1.10203,3.22292,3.22292,-1.4997,-3.0582
4.81,-0.911088,-0.911088,3.25563,3.25563,-1.65784,-2.94632
4.82,-0.715581,-0.715581,3.27791,3.27791,-1.81184,-2.82383
4.83,-0.51609,-0.51609,3.28981,3.28981,-1.96132,-2.69118
4.84,-0.313216,-0.313216,3.29139,3.29139,-2.10589,-2.54884
4.85,-0.107579,-0.107579,3.28276,3.28276,-2.24519,-2.39733
4.86,0.100191,0.100191,3.26406,3.26406,-2.37889,-2.23719
4.87,0.30945,0.30945,3.23546,3.23546,-2.50663,-2.069
4.88,0.519544,0.519544,3.19717,3.19717,-2.62812,-1.89337
4.89,0.729812,0.729812,3.14942,3.14942,-2.74303,-1.71092
4.9,0.939585,0.939585,3.09246,3.09246,-2.85109,-1.52231
4.91,1.14819,1.14819,3.02659,3.02659,-2.95202,-1.32823
4.92,1.35496,1.35496,2.95213,2.95213,-3.04557,-1.12936
4.93,1.55923,1.55923,2.8694,2.8694,-3.13151,-0.926433
4.94,1.76031,1.76031,2.77879,2.77879,-3.20963,-0.720169
4.95,1.95756,1.95756,2.68066,2.68066,-3.27972,-0.511313
4.96,2.15031,2.15031,2.57544,2.57544,-3.34161,-0.300617
4.97,2.33792,2.33792,2.46355,2.46355,-3.39515,-0.0888394
4.98,2.51975,2.51975,2.34544,2.34544,-3.44021,0.123258
4.99,2.69519,2.69519,2.22155,2.22155,-3.47666,0.334912
5,2.86364,2.86364,2.09238,2.09238,-3.50443,0.545361
5.01,3.0245,3.0245,1.9584,1.9584,-3.52344,0.753847
5.02,3.17721,3.17721,1.82011,1.82011,-3.53364,0.95962
5.03,3.32124,3.32124,1.67801,1.67801,-3.53501,1.16194
5.04,3.45607,3.45607,1.53263,1.53263,-3.52754,1.36008
5.05,3.5812,3.5812,1.38447,1.38447,-3.51126,1.55332
5.06,3.69617,3.69617,1.23406,1.23406,-3.48619,1.74097
5.07,3.80054,3.80054,1.08192,1.08192,-3.45242,1.92236
5.08,3.89393,3.89393,0.928564,0.928564,-3.41002,2.09683
5.09,3.97595,3.97595,0.774522,0.774522,-3.35909,2.26375
5.1,4.04627,4.04627,0.620303,0.620303,-3.29977,2.42253
5.11,4.1046,4.1046,0.466417,0.466417,-3.2322,2.57258
5.12,4.15067,4.15067,0.313366,0.313366,-3.15655,2.71338
5.13,4.18425,4.18425,0.161641,0.161641,-3.07301,2.84441
5.14,4.20516,4.20516,0.0117225,0.0117225,-2.98179,2.96521
5.15,4.21326,4.21326,-0.13592,-0.13592,-2.88312,3.07533
5.16,4.20844,4.20844,-0.280831,-0.280831,-2.77724,3.17439
5.17,4.19063,4.19063,-0.422573,-0.422573,-2.66442,3.26202
5.18,4.1598,4.1598,-0.560723,-0.560723,-2.54493,3.33792
5.19,4.11599,4.11599,-0.694876,-0.694876,-2.41909,3.4018
5.2,4.05924,4.05924,-0.824647,-0.824647,-2.28721,3.45343
5.21,3.98967,3.98967,-0.949673,-0.949673,-2.1496,3.49264
5.22,3.9074,3.9074,-1.06961,-1.06961,-2.00662,3.51928
5.23,3.81264,3.81264,-1.18414,-1.18414,-1.85863,3.53325
5.24,3.70559,3.70559,-1.29296,-1.29296,-1.70599,3.53451
5.25,3.58654,3.58654,-1.3958,-1.3958,-1.54909,3.52305
5.26,3.45578,3.45578,-1.49241,-1.49241,-1.38831,3.4989
5.27,3.31367,3.31367,-1.58258,-1.58258,-1.22407,3.46217
5.28,3.16058,3.16058,-1.66609,-1.66609,-1.05676,3.41297
5.29,2.99694,2.99694,-1.74279,-1.74279,-0.886818,3.3515
5.3,2.8232,2.8232,-1.81253,-1.81253,-0.714656,3.27796
5.31,2.63986,2.63986,-1.87519,-1.87519,-0.540707,3.19262
5.32,2.44744,2.44744,-1.93067,-1.93067,-0.365407,3.09579
5.33,2.24649,2.24649,-1.97893,-1.97893,-0.189193,2.98782
5.34,2.03761,2.03761,-2.01992,-2.01992,-0.0125071,2.8691
5.35,1.8214,1.8214,-2.05363,-2.05363,0.16421,2.74006
5.36,1.59851,1.59851,-2.08007,-2.08007,0.340518,2.60115
5.37,1.3696,1.3696,-2.0993,-2.0993,0.515974,2.45288
5.38,1.13536,1.13536,-2.11137,-2.11137,0.69014,2.29578
5.39,0.896499,0.896499,-2.11637,-2.11637,0.862581,2.13042
5.4,0.65374,0.65374,-2.11443,-2.11443,1.03287,1.9574
5.41,0.407826,0.407826,-2.10569,-2.10569,1.20057,1.77732
5.42,0.159511,0.159511,-2.0903,-2.0903,1.36527,1.59086
5.43,-0.0904394,-0.0904394,-2.06845,-2.06845,1.52656,1.39866
5.44,-0.341251,-0.341251,-2.04034,-2.04034,1.68404,1.20144
5.45,-0.592144,-0.592144,-2.0062,-2.0062,1.8373,0.999886
5.46,-0.842335,-0.842335,-1.96626,-1.96626,1.98598,0.794737
5.47,-1.09104,-1.09104,-1.92079,-1.92079,2.12969,0.586727
5.48,-1.33747,-1.33747,-1.87007,-1.87007,2.26807,0.376606
5.49,-1.58085,-1.58085,-1.81438,-1.81438,2.40079,0.16513
5.5,-1.82041,-1.82041,-1.75403,-1.75403,2.52751,-0.0469404
5.51,-2.05538,-2.05538,-1.68932,-1.68932,2.64791,-0.258842
5.52,-2.28501,-2.28501,-1.6206,-1.6206,2.76169,-0.469812
5.53,-2.50857,-2.50857,-1.54819,-1.54819,2.86856,-0.679091
5.54,-2.72533,-2.72533,-1.47244,-1.47244,2.96827,-0.885927
5.55,-2.93459,-2.93459,-1.3937,-1.3937,3.06056,-1.08957
5.56,-3.13567,-3.13567,-1.31232,-1.31232,3.1452,-1.2893
5.57,-3.3279,-3.3279,-1.22866,-1.22866,3.22198,-1.48438
5.58,-3.51067,-3.51067,-1.14309,-1.14309,3.2907,-1.67413
5.59,-3.68335,-3.68335,-1.05596,-1.05596,3.3512,-1.85785
5.6,-3.84539,-3.84539,-0.967638,-0.967638,3.40333,-2.03488
5.61,-3.99623,-3.99623,-0.878478,-0.878478,3.44694,-2.20459
5.62,-4.13538,-4.13538,-0.788836,-0.788836,3.48194,-2.36636
5.63,-4.26234,-4.26234,-0.699061,-0.699061,3.50824,-2.51962
5.64,-4.37669,-4.37669,-0.609498,-0.609498,3.52577,-2.66381
5.65,-4.47804,-4.47804,-0.520483,-0.520483,3.53449,-2.79841
5.66,-4.56601,-4.56601,-0.432342,-0.432342,3.53437,-2.92295
5.67,-4.6403,-4.6403,-0.345393,-0.345393,3.52542,-3.03696
5.68,-4.70063,-4.70063,-0.259942,-0.259942,3.50765,-3.14004
5.69,-4.74677,-4.74677,-0.176282,-0.176282,3.48112,-3.23182
5.7,-4.77853,-4.77853,-0.0946935,-0.0946935,3.44589,-3.31197
5.71,-4.79578,-4.79578,-0.0154436,-0.0154436,3.40205,-3.38021
5.72,-4.79841,-4.79841,0.0612172,0.0612172,3.3497,-3.43627
5.73,-4.78637,-4.78637,0.135053,0.135053,3.28898,-3.47997
5.74,-4.75967,-4.75967,0.205847,0.205847,3.22004,-3.51115
5.75,-4.71834,-4.71834,0.273396,0.273396,3.14305,-3.52969
5.76,-4.66247,-4.66247,0.337518,0.337518,3.0582,-3.53552
5.77,-4.5922,-4.5922,0.398047,0.398047,2.96571,-3.52864
5.78,-4.5077,-4.5077,0.454839,0.454839,2.86581,-3.50905
5.79,-4.40922,-4.40922,0.507765,0.507765,2.75874,-3.47683
5.8,-4.29701,-4.29701,0.556719,0.556719,2.64478,-3.4321
5.81,-4.17139,-4.17139,0.601614,0.601614,2.52421,-3.37502
5.82,-4.03272,-4.03272,0.642381,0.642381,2.39733,-3.30579
5.83,-3.8814,-3.8814,0.678973,0.678973,2.26446,-3.22467
5.84,-3.71787,-3.71787,0.71136,0.71136,2.12593,-3.13194
5.85,-3.54262,-3.54262,0.739535,0.739535,1.98208,-3.02794
5.86,-3.35615,-3.35615,0.763507,0.763507,1.83328,-2.91304
5.87,-3.15904,-3.15904,0.783306,0.783306,1.6799,-2.78766
5.88,-2.95186,-2.95186,0.798981,0.798981,1.52231,-2.65224
5.89,-2.73524,-2.73524,0.810596,0.810596,1.36093,-2.50728
5.9,-2.50983,-2.50983,0.818236,0.818236,1.19614,-2.3533
5.91,-2.27632,-2.27632,0.822001,0.822001,1.02836,-2.19085
5.92,-2.03542,-2.03542,0.822008,0.822008,0.858013,-2.02051
5.93,-1.78786,-1.78786,0.81839,0.81839,0.68552,-1.8429
5.94,-1.5344,-1.5344,0.811294,0.811294,0.511313,-1.65866
5.95,-1.27581,-1.27581,0.800881,0.800881,0.335829,-1.46845
5.96,-1.0129,-1.0129,0.787324,0.787324,0.159505,-1.27295
5.97,-0.746461,-0.746461,0.770809,0.770809,-0.0172172,-1.07287
5.98,-0.477323,-0.477323,0.751534,0.751534,-0.193897,-0.868933
5.99,-0.206317,-0.206317,0.729705,0.729705,-0.370091,-0.661868
6,0.0657194,0.0657194,0.705538,0.705538,-0.545361,-0.45242
6.01,0.337943,0.337943,0.679255,0.679255,-0.719268,-0.241344
6.02,0.60951,0.60951,0.651087,0.651087,-0.891377,-0.0293995
6.03,0.879576,0.879576,0.621269,0.621269,-1.06126,0.182651
6.04,1.1473,1.1473,0.59004,0.59004,-1.22849,0.394044
6.05,1.41185,1.41185,0.557642,0.557642,-1.39264,0.604019
6.06,1.67241,1.67241,0.52432,0.52432,-1.55332,0.81182
6.07,1.92815,1.92815,0.490319,0.490319,-1.71011,1.0167
6.08,2.17828,2.17828,0.455882,0.455882,-1.86263,1.21792
6.09,2.42202,2.42202,0.421253,0.421253,-2.0105,1.41476
6.1,2.65861,2.65861,0.386671,0.386671,-2.15334,1.6065
6.11,2.8873,2.8873,0.352372,0.352372,-2.29079,1.79247
6.12,3.10738,3.10738,0.318585,0.318585,-2.42253,1.97198
6.13,3.31817,3.31817,0.285535,0.285535,-2.5482,2.1444
6.14,3.51899,3.51899,0.253438,0.253438,-2.66751,2.30909
6.15,3.70922,3.70922,0.222503,0.222503,-2.78015,2.46548
6.16,3.88826,3.88826,0.192928,0.192928,-2.88584,2.613
6.17,4.05556,4.05556,0.164903,0.164903,-2.98432,2.75111
6.18,4.21058,4.21058,0.138605,0.138605,-3.07533,2.87932
6.19,4.35283,4.35283,0.114198,0.114198,-3.15867,2.99717
6.2,4.48188,4.48188,0.0918358,0.0918358,-3.2341,3.10423
6.21,4.59731,4.59731,0.0716576,0.0716576,-3.30146,3.20012
6.22,4.69876,4.69876,0.053788,0.053788,-3.36056,3.28449
6.23,4.78591,4.78591,0.0383375,0.0383375,-3.41126,3.35704
6.24,4.85849,4.85849,0.0254009,0.0254009,-3.45343,3.41751
6.25,4.91627,4.91627,0.0150578,0.0150578,-3.48698,3.46568
6.26,4.95907,4.95907,0.00737125,0.00737125,-3.5118,3.50138
6.27,4.98675,4.98675,0.00238836,0.00238836,-3.52785,3.52448
6.28,4.99923,4.99923,0.000139503,0.000139503,-3.53509,3.53489
6.29,4.99646,4.99646,0.0006384,0.0006384,-3.53348,3.53258
6.3,4.97846,4.97846,0.00388201,0.00388201,-3.52305,3.51756
6.31,4.94528,4.94528,0.00985054,0.00985054,-3.5038,3.48987
6.32,4.89702,4.89702,0.0185075,0.0185075,-3.47581,3.44963
6.33,4.83385,4.83385,0.0298001,0.0298001,-3.43912,3.39697
6.34,4.75595,4.75595,0.0436591,0.0436591,-3.39384,3.33209
6.35,4.66357,4.66357,0.0599994,0.0599994,-3.34007,3.25522
6.36,4.55701,4.55701,0.0787204,0.0787204,-3.27796,3.16663
6.37,4.43659,4.43659,0.0997064,0.0997064,-3.20765,3.06664
6.38,4.30271,4.30271,0.122827,0.122827,-3.12932,2.95562
6.39,4.15576,4.15576,0.147939,0.147939,-3.04318,2.83396
6.4,3.99623,3.99623,0.174884,0.174884,-2.94942,2.7021
6.41,3.82461,3.82461,0.203493,0.203493,-2.8483,2.56052
6.42,3.64144,3.64144,0.233583,0.233583,-2.74006,2.40972
6.43,3.4473,3.4473,0.264964,0.264964,-2.62496,2.25025
6.44,3.24278,3.24278,0.297431,0.297431,-2.50331,2.08268
6.45,3.02855,3.02855,0.330774,0.330774,-2.3754,1.90761
6.46,2.80526,2.80526,0.364773,0.364773,-2.24155,1.72568
6.47,2.57362,2.57362,0.399202,0.399202,-2.1021,1.53754
6.48,2.33435,2.33435,0.433829,0.433829,-1.9574,1.34387
6.49,2.0882,2.0882,0.468416,0.468416,-1.8078,1.14536
6.5,1.83594,1.83594,0.502722,0.502722,-1.65368,0.942725
6.51,1.57836,1.57836,0.536505,0.536505,-1.49543,0.7367
6.52,1.31626,1.31626,0.56952,0.56952,-1.33345,0.528023
6.53,1.05046,1.05046,0.601522,0.601522,-1.16813,0.317445
6.54,0.781785,0.781785,0.632267,0.632267,-0.999886,0.105726
6.55,0.511077,0.511077,0.661514,0.661514,-0.829147,-0.106375
6.56,0.239174,0.239174,0.689024,0.689024,-0.656336,-0.318092
6.57,-0.0330791,-0.0330791,0.714566,0.714566,-0.481884,-0.528665
6.58,-0.304839,-0.304839,0.73791,0.73791,-0.306227,-0.737335
6.59,-0.575263,-0.575263,0.758836,0.758836,-0.129806,-0.943351
6.6,-0.843517,-0.843517,0.777133,0.777133,0.0469404,-1.14597
6.61,-1.10877,-1.10877,0.792596,0.792596,0.223569,-1.34447
6.62,-1.37021,-1.37021,0.805033,0.805033,0.399639,-1.53813
6.63,-1.62703,-1.62703,0.814262,0.814262,0.57471,-1.72625
6.64,-1.87843,-1.87843,0.820114,0.820114,0.748345,-1.90816
6.65,-2.12366,-2.12366,0.822432,0.822432,0.920109,-2.0832
6.66,-2.36196,-2.36196,0.821075,0.821075,1.08957,-2.25075
6.67,-2.59261,-2.59261,0.815916,0.815916,1.25631,-2.41019
6.68,-2.81491,-2.81491,0.806844,0.806844,1.41992,-2.56097
6.69,-3.02818,-3.02818,0.793765,0.793765,1.57997,-2.70252
6.7,-3.23177,-3.23177,0.7766,0.7766,1.73607,-2.83435
6.71,-3.42509,-3.42509,0.755291,0.755291,1.88783,-2.95598
6.72,-3.60755,-3.60755,0.729796,0.729796,2.03488,-3.06697
6.73,-3.7786,-3.7786,0.700093,0.700093,2.17684,-3.16692
6.74,-3.93775,-3.93775,0.666177,0.666177,2.31335,-3.25547
6.75,-4.08453,-4.08453,0.628066,0.628066,2.44409,-3.33231
6.76,-4.21851,-4.21851,0.585794,0.585794,2.56872,-3.39715
6.77,-4.3393,-4.3393,0.539417,0.539417,2.68692,-3.44977
6.78,-4.44656,-4.44656,0.48901,0.48901,2.79841,-3.48998
6.79,-4.54,-4.54,0.434667,0.434667,2.90291,-3.51762
6.8,-4.61935,-4.61935,0.376504,0.376504,3.00015,-3.53261
6.81,-4.68442,-4.68442,0.314652,0.314652,3.08989,-3.53488
6.82,-4.73502,-4.73502,0.249267,0.249267,3.17191,-3.52442
6.83,-4.77105,-4.77105,0.180518,0.180518,3.246,-3.50129
6.84,-4.79244,-4.79244,0.108596,0.108596,3.31197,-3.46555
6.85,-4.79915,-4.79915,0.0337085,0.0337085,3.36967,-3.41734
6.86,-4.7912,-4.7912,-0.0439199,-0.0439199,3.41895,-3.35684
6.87,-4.76868,-4.76868,-0.124048,-0.124048,3.45968,-3.28425
6.88,-4.73168,-4.73168,-0.20642,-0.20642,3.49176,-3.19984
6.89,-4.68036,-4.68036,-0.290763,-0.290763,3.51512,-3.10392
6.9,-4.61494,-4.61494,-0.376793,-0.376793,3.52969,-2.99682
6.91,-4.53565,-4.53565,-0.46421,-0.46421,3.53543,-2.87894
6.92,-4.44278,-4.44278,-0.552706,-0.552706,3.53234,-2.7507
6.93,-4.33668,-4.33668,-0.641958,-0.641958,3.52043,-2.61256
6.94,-4.2177,-4.2177,-0.731637,-0.731637,3.49971,-2.46502
6.95,-4.08626,-4.08626,-0.821404,-0.821404,3.47024,-2.3086
6.96,-3.94281,-3.94281,-0.910912,-0.910912,3.4321,-2.14388
6.97,-3.78785,-3.78785,-0.99981,-0.99981,3.38539,-1.97144
6.98,-3.62188,-3.62188,-1.08774,-1.08774,3.33021,-1.79191
6.99,-3.44547,-3.44547,-1.17435,-1.17435,3.2667,-1.60592
7,-3.25919,-3.25919,-1.25927,-1.25927,3.19503,-1.41416
7.01,-3.06367,-3.06367,-1.34214,-1.34214,3.11538,-1.21731
7.02,-2.85955,-2.85955,-1.4226,-1.4226,3.02794,-1.01608
7.03,-2.64749,-2.64749,-1.5003,-1.5003,2.93293,-0.811188
7.04,-2.42818,-2.42818,-1.57488,-1.57488,2.83059,-0.603379
7.05,-2.20234,-2.20234,-1.64599,-1.64599,2.72117,-0.393399
7.06,-1.97068,-1.97068,-1.71329,-1.71329,2.60496,-0.182002
7.07,-1.73395,-1.73395,-1.77645,-1.77645,2.48223,0.0300488
7.08,-1.49292,-1.49292,-1.83515,-1.83515,2.3533,0.241992
7.09,-1.24834,-1.24834,-1.88907,-1.88907,2.21849,0.453064
7.1,-1.00099,-1.00099,-1.93792,-1.93792,2.07813,0.662506
7.11,-0.751662,-0.751662,-1.98141,-1.98141,1.93257,0.869563
7.12,-0.501126,-0.501126,-2.01927,-2.01927,1.78219,1.07349
7.13,-0.250172,-0.250172,-2.05125,-2.05125,1.62735,1.27356
7.14,0.000417655,0.000417655,-2.07711,-2.07711,1.46845,1.46904
7.15,0.249864,0.249864,-2.09664,-2.09664,1.30587,1.65923
7.16,0.497395,0.497395,-2.10964,-2.10964,1.14003,1.84345
7.17,0.742251,0.742251,-2.11593,-2.11593,0.97134,2.02104
7.18,0.98368,0.98368,-2.11536,-2.11536,0.800222,2.19136
7.19,1.22095,1.22095,-2.10781,-2.10781,0.627105,2.35378
7.2,1.45333,1.45333,-2.09315,-2.09315,0.45242,2.50774
7.21,1.68013,1.68013,-2.07131,-2.07131,0.276604,2.65267
7.22,1.90067,1.90067,-2.04223,-2.04223,0.100097,2.78806
7.23,2.1143,2.1143,-2.00588,-2.00588,-0.0766602,2.91341
7.24,2.32037,2.32037,-1.96226,-1.96226,-0.253226,3.02827
7.25,2.51829,2.51829,-1.91137,-1.91137,-0.429159,3.13224
7.26,2.70748,2.70748,-1.85327,-1.85327,-0.604019,3.22494
7.27,2.8874,2.8874,-1.78803,-1.78803,-0.777369,3.30603
7.28,3.05752,3.05752,-1.71575,-1.71575,-0.948776,3.37522
7.29,3.21739,3.21739,-1.63656,-1.63656,-1.11781,3.43226
7.3,3.36654,3.36654,-1.55061,-1.55061,-1.28405,3.47695
7.31,3.50457,3.50457,-1.45808,-1.45808,-1.44709,3.50913
7.32,3.63112,3.63112,-1.35918,-1.35918,-1.6065,3.52868
7.33,3.74585,3.74585,-1.25414,-1.25414,-1.7619,3.53552
7.34,3.84846,3.84846,-1.14322,-1.14322,-1.9129,3.52965
7.35,3.93872,3.93872,-1.02669,-1.02669,-2.05911,3.51107
7.36,4.01639,4.01639,-0.904867,-0.904867,-2.20018,3.47986
7.37,4.08133,4.08133,-0.778078,-0.778078,-2.33575,3.43612
7.38,4.13339,4.13339,-0.646673,-0.646673,-2.46548,3.38002
7.39,4.17249,4.17249,-0.511024,-0.511024,-2.58905,3.31175
7.4,4.19859,4.19859,-0.371523,-0.371523,-2.70615,3.23156
7.41,4.21169,4.21169,-0.228581,-0.228581,-2.81648,3.13974
7.42,4.21181,4.21181,-0.0826267,-0.0826267,-2.91977,3.03663
7.43,4.19905,4.19905,0.0658948,0.0658948,-3.01577,2.92258
7.44,4.17352,4.17352,0.216524,0.216524,-3.10423,2.79802
7.45,4.13538,4.13538,0.368787,0.368787,-3.18493,2.66338
7.46,4.08483,4.08483,0.522198,0.522198,-3.25766,2.51916
7.47,4.02212,4.02212,0.676263,0.676263,-3.32226,2.36588
7.48,3.94752,3.94752,0.830477,0.830477,-3.37855,2.20408
7.49,3.86133,3.86133,0.984329,0.984329,-3.4264,2.03435
7.5,3.76391,3.76391,1.1373,1.1373,-3.46568,1.85729
7.51,3.65564,3.65564,1.28888,1.28888,-3.4963,1.67356
7.52,3.53693,3.53693,1.43853,1.43853,-3.51818,1.4838
7.53,3.40823,3.40823,1.58574,1.58574,-3.53127,1.28869
7.54,3.27001,3.27001,1.72999,1.72999,-3.53553,1.08896
7.55,3.12276,3.12276,1.87076,1.87076,-3.53096,0.885298
7.56,2.96703,2.96703,2.00755,2.00755,-3.51756,0.678454
7.57,2.80335,2.80335,2.13984,2.13984,-3.49536,0.469169
7.58,2.6323,2.6323,2.26715,2.26715,-3.46443,0.258194
7.59,2.45446,2.45446,2.389,2.389,-3.42484,0.0462911
7.6,2.27046,2.27046,2.50491,2.50491,-3.3767,-0.165779
7.61,2.08091,2.08091,2.61443,2.61443,-3.32011,-0.377252
7.62,1.88646,1.88646,2.71712,2.71712,-3.25522,-0.587368
7.63,1.68774,1.68774,2.81256,2.81256,-3.18219,-0.795369
7.64,1.48542,1.48542,2.90036,2.90036,-3.10122,-1.00051
7.65,1.28017,1.28017,2.98013,2.98013,-3.01249,-1.20205
7.66,1.07266,1.07266,3.05151,3.05151,-2.91623,-1.39926
7.67,0.86355,0.86355,3.11418,3.11418,-2.81268,-1.59144
7.68,0.65352,0.65352,3.16783,3.16783,-2.7021,-1.77789
7.69,0.443238,0.443238,3.21218,3.21218,-2.58477,-1.95794
7.7,0.233371,0.233371,3.24698,3.24698,-2.46098,-2.13094
7.71,0.0245774,0.0245774,3.272,3.272,-2.33103,-2.29628
7.72,-0.182493,-0.182493,3.28706,3.28706,-2.19526,-2.45335
7.73,-0.387199,-0.387199,3.292,3.292,-2.05401,-2.60159
7.74,-0.588916,-0.588916,3.28669,3.28669,-1.90761,-2.74047
7.75,-0.787029,-0.787029,3.27103,3.27103,-1.75645,-2.86948
7.76,-0.980945,-0.980945,3.24497,3.24497,-1.60091,-2.98817
7.77,-1.17009,-1.17009,3.20847,3.20847,-1.44135,-3.09611
7.78,-1.3539,-1.3539,3.16154,3.16154,-1.2782,-3.1929
7.79,-1.53184,-1.53184,3.10424,3.10424,-1.11185,-3.2782
7.8,-1.7034,-1.7034,3.03662,3.03662,-0.942725,-3.3517
7.81,-1.86811,-1.86811,2.95881,2.95881,-0.771241,-3.41314
7.82,-2.02549,-2.02549,2.87095,2.87095,-0.59783,-3.4623
7.83,-2.17511,-2.17511,2.77322,2.77322,-0.422924,-3.499
7.84,-2.31658,-2.31658,2.66584,2.66584,-0.246961,-3.5231
7.85,-2.44952,-2.44952,2.54905,2.54905,-0.0703814,-3.53453
7.86,-2.57359,-2.57359,2.42315,2.42315,0.106375,-3.53323
7.87,-2.68848,-2.68848,2.28845,2.28845,0.282865,-3.51922
7.88,-2.79391,-2.79391,2.14529,2.14529,0.458648,-3.49254
7.89,-2.88965,-2.88965,1.99405,1.99405,0.633285,-3.45329
7.9,-2.97548,-2.97548,1.83514,1.83514,0.806338,-3.40162
7.91,-3.05122,-3.05122,1.669,1.669,0.977377,-3.3377
7.92,-3.11675,-3.11675,1.4961,1.4961,1.14597,-3.26177
7.93,-3.17195,-3.17195,1.31692,1.31692,1.3117,-3.17411
7.94,-3.21675,-3.21675,1.13198,1.13198,1.47416,-3.07501
7.95,-3.25112,-3.25112,0.941818,0.941818,1.63292,-2.96486
7.96,-3.27506,-3.27506,0.747,0.747,1.78761,-2.84403
7.97,-3.28861,-3.28861,0.548104,0.548104,1.93783,-2.71296
7.98,-3.29182,-3.29182,0.345728,0.345728,2.0832,-2.57214
7.99,-3.28481,-3.28481,0.140489,0.140489,2.22337,-2.42205
8,-3.26771,-3.26771,-0.0669843,-0.0669843,2.35798,-2.26325
8.01,-3.24067,-3.24067,-0.27605,-0.27605,2.4867,-2.09631
8.02,-3.20391,-3.20391,-0.486055,-0.486055,2.6092,-1.92182
8.03,-3.15765,-3.15765,-0.696339,-0.696339,2.72518,-1.74041
8.04,-3.10214,-3.10214,-0.906236,-0.906236,2.83435,-1.55274
8.05,-3.03767,-3.03767,-1.11508,-1.11508,2.93643,-1.35948
8.06,-2.96455,-2.96455,-1.32218,-1.32218,3.03118,-1.16133
8.07,-2.88311,-2.88311,-1.52689,-1.52689,3.11834,-0.958995
8.08,-2.79373,-2.79373,-1.72853,-1.72853,3.19772,-0.753213
8.09,-2.69678,-2.69678,-1.92643,-1.92643,3.2691,-0.54472
8.1,-2.59266,-2.59266,-2.11994,-2.11994,3.33231,-0.334266
8.11,-2.4818,-2.4818,-2.30841,-2.30841,3.38719,-0.122609
8.12,-2.36465,-2.36465,-2.4912,-2.4912,3.43361,0.0894885
8.13,-2.24165,-2.24165,-2.6677,-2.6677,3.47144,0.301264
8.14,-2.11329,-2.11329,-2.8373,-2.8373,3.50059,0.511956
8.15,-1.98004,-1.98004,-2.99941,-2.99941,3.521,0.720805
8.16,-1.8424,-1.8424,-3.15346,-3.15346,3.53261,0.92706
8.17,-1.70088,-1.70088,-3.29891,-3.29891,3.53538,1.12998
8.18,-1.55598,-1.55598,-3.43523,-3.43523,3.52932,1.32883
8.19,-1.40823,-1.40823,-3.56194,-3.56194,3.51444,1.5229
8.2,-1.25814,-1.25814,-3.67855,-3.67855,3.49077,1.71149
8.21,-1.10624,-1.10624,-3.78465,-3.78465,3.45838,1.89392
8.22,-0.953048,-0.953048,-3.87981,-3.87981,3.41734,2.06953
8.23,-0.799081,-0.799081,-3.96366,-3.96366,3.36777,2.2377
8.24,-0.644856,-0.644856,-4.03587,-4.03587,3.30977,2.39781
8.25,-0.490883,-0.490883,-4.09612,-4.09612,3.2435,2.54929
8.26,-0.337666,-0.337666,-4.14416,-4.14416,3.16913,2.6916
8.27,-0.185696,-0.185696,-4.17974,-4.17974,3.08683,2.82422
8.28,-0.0354589,-0.0354589,-4.20269,-4.20269,2.99682,2.94668
8.29,0.112577,0.112577,-4.21283,-4.21283,2.89932,3.05853
8.3,0.257953,0.257953,-4.21007,-4.21007,2.79457,3.15937
8.31,0.400228,0.400228,-4.19433,-4.19433,2.68284,3.24885
8.32,0.538978,0.538978,-4.16558,-4.16558,2.5644,3.32663
8.33,0.673793,0.673793,-4.12384,-4.12384,2.43955,3.39244
8.34,0.804288,0.804288,-4.06914,-4.06914,2.3086,3.44604
8.35,0.930093,0.930093,-4.0016,-4.0016,2.17188,3.48723
8.36,1.05086,1.05086,-3.92135,-3.92135,2.02974,3.51588
8.37,1.16627,1.16627,-3.82856,-3.82856,1.88252,3.53188
8.38,1.27602,1.27602,-3.72345,-3.72345,1.7306,3.53516
8.39,1.37983,1.37983,-3.60629,-3.60629,1.57435,3.52572
8.4,1.47745,1.47745,-3.47738,-3.47738,1.41416,3.50359
8.41,1.56866,1.56866,-3.33705,-3.33705,1.25044,3.46886
8.42,1.65324,1.65324,-3.18568,-3.18568,1.0836,3.42164
8.43,1.73104,1.73104,-3.02369,-3.02369,0.914044,3.3621
8.44,1.80189,1.80189,-2.85153,-2.85153,0.742206,3.29047
8.45,1.86568,1.86568,-2.66968,-2.66968,0.568513,3.20699
8.46,1.92232,1.92232,-2.47867,-2.47867,0.393399,3.11197
8.47,1.97173,1.97173,-2.27904,-2.27904,0.217301,3.00575
8.48,2.01388,2.01388,-2.07138,-2.07138,0.0406607,2.88871
8.49,2.04875,2.04875,-1.8563,-1.8563,-0.136082,2.76128
8.5,2.07634,2.07634,-1.63443,-1.63443,-0.312484,2.62391
8.51,2.09671,2.09671,-1.40643,-1.40643,-0.488105,2.4771
8.52,2.10992,2.10992,-1.17299,-1.17299,-0.662506,2.32137
8.53,2.11604,2.11604,-0.934821,-0.934821,-0.835251,2.15729
8.54,2.1152,2.1152,-0.692634,-0.692634,-1.00591,1.98544
8.55,2.10753,2.10753,-0.447172,-0.447172,-1.17405,1.80645
8.56,2.09319,2.09319,-0.199189,-0.199189,-1.33926,1.62095
8.57,2.07235,2.07235,0.0505532,0.0505532,-1.50112,1.42963
8.58,2.04523,2.04523,0.30128,0.30128,-1.65923,1.23316
8.59,2.01203,2.01203,0.552212,0.552212,-1.81319,1.03225
8.6,1.973,1.973,0.802567,0.802567,-1.96262,0.827621
8.61,1.9284,1.9284,1.05156,1.05156,-2.10715,0.620017
8.62,1.87849,1.87849,1.29841,1.29841,-2.2464,0.410182
8.63,1.82357,1.82357,1.54232,1.54232,-2.38005,0.198871
8.64,1.76394,1.76394,1.78254,1.78254,-2.50774,-0.0131565
8.65,1.69991,1.69991,2.0183,2.0183,-2.62917,-0.225136
8.66,1.6318,1.6318,2.24883,2.24883,-2.74402,-0.436305
8.67,1.55996,1.55996,2.4734,2.4734,-2.85202,-0.645905
8.68,1.48472,1.48472,2.69129,2.69129,-2.95288,-0.853179
8.69,1.40643,1.40643,2.90179,2.90179,-3.04637,-1.05738
8.7,1.32544,1.32544,3.10422,3.10422,-3.13224,-1.25778
8.71,1.24213,1.24213,3.2979,3.2979,-3.21029,-1.45365
8.72,1.15683,1.15683,3.48222,3.48222,-3.2803,-1.64429
8.73,1.06993,1.06993,3.65655,3.65655,-3.34212,-1.82902
8.74,0.981771,0.981771,3.82032,3.82032,-3.39559,-2.00716
8.75,0.892719,0.892719,3.97298,3.97298,-3.44057,-2.17807
8.76,0.80313,0.80313,4.11402,4.11402,-3.47695,-2.34115
8.77,0.713354,0.713354,4.24295,4.24295,-3.50464,-2.4958
8.78,0.623734,0.623734,4.35934,4.35934,-3.52357,-2.64147
8.79,0.53461,0.53461,4.46278,4.46278,-3.53369,-2.77764
8.8,0.446308,0.446308,4.55291,4.55291,-3.53498,-2.90381
8.81,0.359148,0.359148,4.6294,4.6294,-3.52743,-3.01952
8.82,0.273439,0.273439,4.69197,4.69197,-3.51107,-3.12437
8.83,0.189474,0.189474,4.74038,4.74038,-3.48593,-3.21798
8.84,0.107538,0.107538,4.77444,4.77444,-3.45208,-3.3
8.85,0.0278983,0.0278983,4.79401,4.79401,-3.4096,-3.37015
8.86,-0.049191,-0.049191,4.79897,4.79897,-3.3586,-3.42817
8.87,-0.123492,-0.123492,4.78927,4.78927,-3.2992,-3.47385
8.88,-0.194784,-0.194784,4.7649,4.7649,-3.23156,-3.50703
8.89,-0.262863,-0.262863,4.72589,4.72589,-3.15584,-3.52758
8.9,-0.327542,-0.327542,4.67233,4.67233,-3.07223,-3.53545
8.91,-0.388654,-0.388654,4.60435,4.60435,-2.98094,-3.53058
8.92,-0.446049,-0.446049,4.5221,4.5221,-2.88221,-3.51302
8.93,-0.499599,-0.499599,4.42583,4.42583,-2.77626,-3.4828
8.94,-0.549192,-0.549192,4.31578,4.31578,-2.66338,-3.44006
8.95,-0.594739,-0.594739,4.19228,4.19228,-2.54384,-3.38493
8.96,-0.636167,-0.636167,4.05566,4.05566,-2.41795,-3.31762
8.97,-0.673426,-0.673426,3.90633,3.90633,-2.28601,-3.23838
8.98,-0.706484,-0.706484,3.74472,3.74472,-2.14835,-3.14747
8.99,-0.73533,-0.73533,3.57129,3.57129,-2.00533,-3.04524
9,-0.75997,-0.75997,3.38658,3.38658,-1.85729,-2.93205
9.01,-0.780431,-0.780431,3.19112,3.19112,-1.70462,-2.80831
9.02,-0.796758,-0.796758,2.9855,2.9855,-1.54768,-2.67446
9.03,-0.809014,-0.809014,2.77034,2.77034,-1.38687,-2.53099
9.04,-0.817281,-0.817281,2.54629,2.54629,-1.2226,-2.3784
9.05,-0.821656,-0.821656,2.31403,2.31403,-1.05527,-2.21726
9.06,-0.822253,-0.822253,2.07425,2.07425,-0.885298,-2.04814
9.07,-0.819203,-0.819203,1.8277,1.8277,-0.713118,-1.87165
9.08,-0.812651,-0.812651,1.57513,1.57513,-0.539155,-1.68842
9.09,-0.802754,-0.802754,1.31731,1.31731,-0.363845,-1.49911
9.1,-0.789686,-0.789686,1.05503,1.05503,-0.187626,-1.30441
9.11,-0.77363,-0.77363,0.789097,0.789097,-0.0109371,-1.10501
9.12,-0.754781,-0.754781,0.520334,0.520334,0.165779,-0.901642
9.13,-0.733344,-0.733344,0.24957,0.24957,0.34208,-0.695025
9.14,-0.709534,-0.709534,-0.022359,-0.022359,0.517527,-0.485906
9.15,-0.683573,-0.683573,-0.29461,-0.29461,0.69168,-0.275039
9.16,-0.65569,-0.65569,-0.566337,-0.566337,0.864104,-0.0631817
9.17,-0.626118,-0.626118,-0.836699,-0.836699,1.03437,0.148903
9.18,-0.595098,-0.595098,-1.10485,-1.10485,1.20205,0.360452
9.19,-0.56287,-0.56287,-1.36997,-1.36997,1.36672,0.570703
9.2,-0.529679,-0.529679,-1.63121,-1.63121,1.52798,0.778901
9.21,-0.495769,-0.495769,-1.88777,-1.88777,1.68542,0.984295
9.22,-0.461386,-0.461386,-2.13885,-2.13885,1.83865,1.18615
9.23,-0.426772,-0.426772,-2.38366,-2.38366,1.98728,1.38373
9.24,-0.392166,-0.392166,-2.62144,-2.62144,2.13094,1.57633
9.25,-0.357806,-0.357806,-2.85144,-2.85144,2.26928,1.76326
9.26,-0.323922,-0.323922,-3.07294,-3.07294,2.40194,1.94385
9.27,-0.29074,-0.29074,-3.28525,-3.28525,2.5286,2.11744
9.28,-0.258477,-0.258477,-3.4877,-3.4877,2.64895,2.2834
9.29,-0.227344,-0.227344,-3.67966,-3.67966,2.76267,2.44115
9.3,-0.19754,-0.19754,-3.86052,-3.86052,2.86948,2.59012
9.31,-0.169256,-0.169256,-4.02972,-4.02972,2.96913,2.72976
9.32,-0.14267,-0.14267,-4.18673,-4.18673,3.06135,2.85958
9.33,-0.117952,-0.117952,-4.33105,-4.33105,3.14592,2.97911
9.34,-0.0952546,-0.0952546,-4.46223,-4.46223,3.22262,3.08791
9.35,-0.0747198,-0.0747198,-4.57985,-4.57985,3.29128,3.18561
9.36,-0.0564747,-0.0564747,-4.68355,-4.68355,3.3517,3.27184
9.37,-0.0406322,-0.0406322,-4.773,-4.773,3.40375,3.34629
9.38,-0.0272895,-0.0272895,-4.84792,-4.84792,3.44729,3.4087
9.39,-0.0165287,-0.0165287,-4.90807,-4.90807,3.48222,3.45884
9.4,-0.00841546,-0.00841546,-4.95326,-4.95326,3.50844,3.49653
9.41,-0.0029995,-0.0029995,-4.98336,-4.98336,3.52589,3.52164
9.42,-0.000313861,-0.000313861,-4.99826,-4.99826,3.53453,3.53408
9.43,-0.000374906,-0.000374906,-4.99792,-4.99792,3.53433,3.5338
9.44,-0.00318227,-0.00318227,-4.98234,-4.98234,3.5253,3.5208
9.45,-0.00871882,-0.00871882,-4.95157,-4.95157,3.50746,3.49513
9.46,-0.0169508,-0.0169508,-4.90571,-4.90571,3.48085,3.45688
9.47,-0.0278278,-0.0278278,-4.8449,-4.8449,3.44554,3.40619
9.48,-0.0412833,-0.0412833,-4.76933,-4.76933,3.40162,3.34324
9.49,-0.0572348,-0.0572348,-4.67924,-4.67924,3.3492,3.26825
9.5,-0.075584,-0.075584,-4.57492,-4.57492,3.2884,3.18151
9.51,-0.0962176,-0.0962176,-4.45668,-4.45668,3.21939,3.08332
9.52,-0.119008,-0.119008,-4.32491,-4.32491,3.14233,2.97403
9.53,-0.143813,-0.143813,-4.18002,-4.18002,3.05741,2.85403
9.54,-0.170477,-0.170477,-4.02246,-4.02246,2.96486,2.72377
9.55,-0.198832,-0.198832,-3.85273,-3.85273,2.86489,2.5837
9.56,-0.2287,-0.2287,-3.67136,-3.67136,2.75776,2.43433
9.57,-0.259888,-0.259888,-3.47893,-3.47893,2.64374,2.2762
9.58,-0.292196,-0.292196,-3.27602,-3.27602,2.52311,2.10988
9.59,-0.325414,-0.325414,-3.06329,-3.06329,2.39618,1.93597
9.6,-0.359323,-0.359323,-2.8414,-2.8414,2.26325,1.75509
9.61,-0.393699,-0.393699,-2.61104,-2.61104,2.12467,1.5679
9.62,-0.42831,-0.42831,-2.37293,-2.37293,1.98078,1.37506
9.63,-0.46292,-0.46292,-2.12783,-2.12783,1.83194,1.17727
9.64,-0.497287,-0.497287,-1.87649,-1.87649,1.67851,0.975244
9.65,-0.53117,-0.53117,-1.6197,-1.6197,1.5209,0.769709
9.66,-0.564323,-0.564323,-1.35827,-1.35827,1.35948,0.561404
9.67,-0.596503,-0.596503,-1.093,-1.093,1.19466,0.351079
9.68,-0.627464,-0.627464,-0.824733,-0.824733,1.02686,0.13949
9.69,-0.656966,-0.656966,-0.554293,-0.554293,0.85649,-0.0726003
9.7,-0.684769,-0.684769,-0.282524,-0.282524,0.683979,-0.28443
9.71,-0.710639,-0.710639,-0.0102702,-0.0102702,0.50976,-0.495236
9.72,-0.734348,-0.734348,0.261625,0.261625,0.334266,-0.704259
9.73,-0.755674,-0.755674,0.532318,0.532318,0.157937,-0.910748
9.74,-0.774403,-0.774403,0.800973,0.800973,-0.0187873,-1.11396
9.75,-0.790331,-0.790331,1.06676,1.06676,-0.195464,-1.31316
9.76,-0.803262,-0.803262,1.32886,1.32886,-0.371653,-1.50764
9.77,-0.813014,-0.813014,1.58646,1.58646,-0.546912,-1.69669
9.78,-0.819414,-0.819414,1.83879,1.83879,-0.720805,-1.87963
9.79,-0.822305,-0.822305,2.08505,2.08505,-0.892896,-2.05581
9.8,-0.821543,-0.821543,2.32451,2.32451,-1.06276,-2.22459
9.81,-0.816997,-0.816997,2.55642,2.55642,-1.22996,-2.38537
9.82,-0.808555,-0.808555,2.78009,2.78009,-1.39409,-2.53756
9.83,-0.79612,-0.79612,2.99484,2.99484,-1.55473,-2.68061
9.84,-0.77961,-0.77961,3.20002,3.20002,-1.71149,-2.81402
9.85,-0.758964,-0.758964,3.39501,3.39501,-1.86397,-2.93731
9.86,-0.734138,-0.734138,3.57924,3.57924,-2.01179,-3.05002
9.87,-0.705105,-0.705105,3.75215,3.75215,-2.15458,-3.15175
9.88,-0.67186,-0.67186,3.91322,3.91322,-2.29199,-3.24214
9.89,-0.634415,-0.634415,4.062,4.062,-2.42367,-3.32087
9.9,-0.592803,-0.592803,4.19804,4.19804,-2.54929,-3.38764
9.91,-0.547075,-0.547075,4.32096,4.32096,-2.66854,-3.44222
9.92,-0.497304,-0.497304,4.4304,4.4304,-2.78112,-3.48441
9.93,-0.443581,-0.443581,4.52606,4.52606,-2.88675,-3.51406
9.94,-0.386018,-0.386018,4.60767,4.60767,-2.98516,-3.53107
9.95,-0.324744,-0.324744,4.67502,4.67502,-3.07611,-3.53537
9.96,-0.25991,-0.25991,4.72794,4.72794,-3.15937,-3.52694
9.97,-0.191685,-0.191685,4.76629,4.76629,-3.23474,-3.50582
9.98,-0.120255,-0.120255,4.79001,4.79001,-3.30202,-3.47208
9.99,-0.0458251,-0.0458251,4.79906,4.79906,-3.36104,-3.42585
10,0.0313826,0.0313826,4.79345,4.79345,-3.41167,-3.36729
10.01,0.11113,0.11113,4.77324,4.77324,-3.45377,-3.29661
10.02,0.193162,0.193162,4.73853,4.73853,-3.48723,-3.21406
10.03,0.27721,0.27721,4.68949,4.68949,-3.51198,-3.11995
10.04,0.36299,0.36299,4.62629,4.62629,-3.52796,-3.01461
10.05,0.450207,0.450207,4.54919,4.54919,-3.53511,-2.89842
10.06,0.538552,0.538552,4.45847,4.45847,-3.53343,-2.7718
10.07,0.627706,0.627706,4.35445,4.35445,-3.52291,-2.6352
10.08,0.71734,0.71734,4.23749,4.23749,-3.50359,-2.48912
10.09,0.807115,0.807115,4.10801,4.10801,-3.47552,-2.33408
10.1,0.896688,0.896688,3.96644,3.96644,-3.43875,-2.17065
10.11,0.985707,0.985707,3.81328,3.81328,-3.3934,-1.9994
10.12,1.07382,1.07382,3.64903,3.64903,-3.33956,-1.82095
10.13,1.16066,1.16066,3.47424,3.47424,-3.27737,-1.63595
10.14,1.24587,1.24587,3.2895,3.2895,-3.20699,-1.44506
10.15,1.32909,1.32909,3.09541,3.09541,-3.12859,-1.24897
10.16,1.40996,1.40996,2.89261,2.89261,-3.04238,-1.04839
10.17,1.48812,1.48812,2.68177,2.68177,-2.94856,-0.844034
10.18,1.56322,1.56322,2.46357,2.46357,-2.84737,-0.636641
10.19,1.63491,1.63491,2.23871,2.23871,-2.73906,-0.426956
10.2,1.70284,1.70284,2.00793,2.00793,-2.62391,-0.215734
10.21,1.76668,1.76668,1.77196,1.77196,-2.5022,-0.00373616
10.22,1.82611,1.82611,1.53157,1.53157,-2.37424,0.208275
10.23,1.88081,1.88081,1.2875,1.2875,-2.24034,0.419537
10.24,1.93049,1.93049,1.04054,1.04054,-2.10084,0.629289
10.25,1.97485,1.97485,0.791473,0.791473,-1.95609,0.836776
10.26,2.01363,2.01363,0.541076,0.541076,-1.80645,1.04125
10.27,2.04656,2.04656,0.290136,0.290136,-1.65229,1.24198
10.28,2.07341,2.07341,0.0394361,0.0394361,-1.49401,1.43824
10.29,2.09396,2.09396,-0.210244,-0.210244,-1.33199,1.62932
10.3,2.10801,2.10801,-0.458132,-0.458132,-1.16664,1.81454
10.31,2.11539,2.11539,-0.703464,-0.703464,-0.99838,1.99323
10.32,2.11592,2.11592,-0.945488,-0.945488,-0.827621,2.16474
10.33,2.10948,2.10948,-1.18347,-1.18347,-0.654793,2.32847
10.34,2.09596,2.09596,-1.41668,-1.41668,-0.480328,2.48381
10.35,2.07527,2.07527,-1.64441,-1.64441,-0.304663,2.63022
10.36,2.04735,2.04735,-1.866,-1.866,-0.128237,2.76715
10.37,2.01216,2.01216,-2.08076,-2.08076,0.0485103,2.89414
10.38,1.96969,1.96969,-2.28808,-2.28808,0.225136,3.0107
10.39,1.91996,1.91996,-2.48734,-2.48734,0.401199,3.11643
10.4,1.863,1.863,-2.67796,-2.67796,0.576259,3.21094
10.41,1.79889,1.79889,-2.85938,-2.85938,0.749879,3.2939
10.42,1.72773,1.72773,-3.0311,-3.0311,0.921625,3.365
10.43,1.64963,1.64963,-3.19263,-3.19263,1.09107,3.424
10.44,1.56475,1.56475,-3.34352,-3.34352,1.25778,3.47067
10.45,1.47325,1.47325,-3.48335,-3.48335,1.42135,3.50485
10.46,1.37535,1.37535,-3.61175,-3.61175,1.58137,3.52641
10.47,1.27127,1.27127,-3.72838,-3.72838,1.73744,3.53529
10.48,1.16126,1.16126,-3.83294,-3.83294,1.88916,3.53144
10.49,1.04561,1.04561,-3.92518,-3.92518,2.03616,3.51488
10.5,0.924611,0.924611,-4.00487,-4.00487,2.17807,3.48567
10.51,0.79859,0.79859,-4.07185,-4.07185,2.31454,3.44392
10.52,0.667895,0.667895,-4.12597,-4.12597,2.44522,3.38977
10.53,0.532896,0.532896,-4.16714,-4.16714,2.5698,3.32342
10.54,0.393982,0.393982,-4.19531,-4.19531,2.68794,3.24512
10.55,0.25156,0.25156,-4.21047,-4.21047,2.79937,3.15513
10.56,0.106056,0.106056,-4.21266,-4.21266,2.90381,3.05379
10.57,-0.0420873,-0.0420873,-4.20194,-4.20194,3.00098,2.94146
10.58,-0.192412,-0.192412,-4.17843,-4.17843,3.09065,2.81854
10.59,-0.344447,-0.344447,-4.14229,-4.14229,3.1726,2.68548
10.6,-0.497708,-0.497708,-4.09371,-4.09371,3.24662,2.54275
10.61,-0.651703,-0.651703,-4.03291,-4.03291,3.31252,2.39088
10.62,-0.805927,-0.805927,-3.96018,-3.96018,3.37015,2.23039
10.63,-0.959871,-0.959871,-3.87582,-3.87582,3.41935,2.06189
10.64,-1.11302,-1.11302,-3.78016,-3.78016,3.46,1.88596
10.65,-1.26485,-1.26485,-3.67359,-3.67359,3.49201,1.70324
10.66,-1.41484,-1.41484,-3.55652,-3.55652,3.51529,1.51439
10.67,-1.56248,-1.56248,-3.42938,-3.42938,3.52978,1.3201
10.68,-1.70724,-1.70724,-3.29264,-3.29264,3.53545,1.12105
10.69,-1.8486,-1.8486,-3.1468,-3.1468,3.53228,0.917966
10.7,-1.98605,-1.98605,-2.99238,-2.99238,3.52028,0.71158
10.71,-2.11909,-2.11909,-2.82992,-2.82992,3.49948,0.502633
10.72,-2.24723,-2.24723,-2.66001,-2.66001,3.46994,0.291877
10.73,-2.36998,-2.36998,-2.48322,-2.48322,3.43173,0.0800709
10.74,-2.48686,-2.48686,-2.30015,-2.30015,3.38493,-0.132024
10.75,-2.59743,-2.59743,-2.11145,-2.11145,3.32968,-0.343643
10.76,-2.70124,-2.70124,-1.91773,-1.91773,3.2661,-0.554026
10.77,-2.79786,-2.79786,-1.71965,-1.71965,3.19436,-0.762414
10.78,-2.8869,-2.8869,-1.51786,-1.51786,3.11464,-0.968059
10.79,-2.96797,-2.96797,-1.31303,-1.31303,3.02713,-1.17022
10.8,-3.04072,-3.04072,-1.10583,-1.10583,2.93205,-1.36817
10.81,-3.1048,-3.1048,-0.896933,-0.896933,2.82965,-1.56119
10.82,-3.1599,-3.1599,-0.687004,-0.687004,2.72017,-1.7486
10.83,-3.20575,-3.20575,-0.476718,-0.476718,2.6039,-1.92972
10.84,-3.24208,-3.24208,-0.266741,-0.266741,2.48111,-2.10388
10.85,-3.26868,-3.26868,-0.0577323,-0.0577323,2.35213,-2.27048
10.86,-3.28534,-3.28534,0.149655,0.149655,2.21726,-2.42891
10.87,-3.2919,-3.2919,0.354781,0.354781,2.07686,-2.57859
10.88,-3.28823,-3.28823,0.557015,0.557015,1.93126,-2.719
10.89,-3.27422,-3.27422,0.755743,0.755743,1.78083,-2.84961
10.9,-3.24982,-3.24982,0.950366,0.950366,1.62596,-2.96998
10.91,-3.21498,-3.21498,1.14031,1.14031,1.46702,-3.07965
10.92,-3.16971,-3.16971,1.325,1.325,1.30441,-3.17824
10.93,-3.11406,-3.11406,1.50391,1.50391,1.13854,-3.2654
10.94,-3.04807,-3.04807,1.67653,1.67653,0.96983,-3.3408
10.95,-2.97188,-2.97188,1.84235,1.84235,0.798693,-3.40418
10.96,-2.8856,-2.8856,2.00093,2.00093,0.62556,-3.4553
10.97,-2.78943,-2.78943,2.15182,2.15182,0.450863,-3.49399
10.98,-2.68357,-2.68357,2.29461,2.29461,0.275039,-3.52011
10.99,-2.56827,-2.56827,2.42893,2.42893,0.0985277,-3.53356
11,-2.4438,-2.4438,2.55444,2.55444,-0.0782299,-3.53429
11.01,-2.31048,-2.31048,2.67081,2.67081,-0.254792,-3.5223
11.02,-2.16864,-2.16864,2.77776,2.77776,-0.430717,-3.49763
11.03,-2.01866,-2.01866,2.87506,2.87506,-0.605566,-3.46038
11.04,-1.86094,-1.86094,2.96248,2.96248,-0.778901,-3.41067
11.05,-1.69593,-1.69593,3.03984,3.03984,-0.950289,-3.34869
11.06,-1.52407,-1.52407,3.107,3.107,-1.1193,-3.27466
11.07,-1.34585,-1.34585,3.16385,3.16385,-1.28552,-3.18884
11.08,-1.1618,-1.1618,3.21031,3.21031,-1.44852,-3.09155
11.09,-0.972431,-0.972431,3.24635,3.24635,-1.6079,-2.98313
11.1,-0.778316,-0.778316,3.27195,3.27195,-1.76326,-2.86397
11.11,-0.58003,-0.58003,3.28714,3.28714,-1.91422,-2.7345
11.12,-0.378168,-0.378168,3.292,3.292,-2.06039,-2.5952
11.13,-0.173343,-0.173343,3.28661,3.28661,-2.20141,-2.44655
11.14,0.0338176,0.0338176,3.2711,3.2711,-2.33693,-2.2891
11.15,0.242673,0.242673,3.24564,3.24564,-2.46661,-2.12342
11.16,0.452573,0.452573,3.21041,3.21041,-2.59012,-1.95008
11.17,0.662857,0.662857,3.16564,3.16564,-2.70716,-1.76974
11.18,0.87286,0.87286,3.11159,3.11159,-2.81743,-1.58302
11.19,1.08191,1.08191,3.04852,3.04852,-2.92066,-1.3906
11.2,1.28934,1.28934,2.97676,2.97676,-3.01659,-1.19318
11.21,1.49448,1.49448,2.89663,2.89663,-3.10498,-0.99147
11.22,1.69665,1.69665,2.80848,2.80848,-3.18561,-0.786188
11.23,1.89519,1.89519,2.71271,2.71271,-3.25827,-0.578076
11.24,2.08944,2.08944,2.60971,2.60971,-3.3228,-0.367884
11.25,2.27875,2.27875,2.49989,2.49989,-3.37901,-0.156368
11.26,2.4625,2.4625,2.38371,2.38371,-3.42678,0.0557105
11.27,2.64004,2.64004,2.26161,2.26161,-3.46599,0.267589
11.28,2.81078,2.81078,2.13407,2.13407,-3.49653,0.478504
11.29,2.97412,2.97412,2.00157,2.00157,-3.51834,0.687697
11.3,3.12949,3.12949,1.86459,1.86459,-3.53135,0.894415
11.31,3.27634,3.27634,1.72366,1.72366,-3.53553,1.09791
11.32,3.41415,3.41415,1.57926,1.57926,-3.53088,1.29746
11.33,3.54242,3.54242,1.43193,1.43193,-3.5174,1.49234
11.34,3.66067,3.66067,1.28218,1.28218,-3.49513,1.68185
11.35,3.76847,3.76847,1.13053,1.13053,-3.46412,1.8653
11.36,3.8654,3.8654,0.977511,0.977511,-3.42445,2.04204
11.37,3.95108,3.95108,0.823633,0.823633,-3.37623,2.21144
11.38,4.02516,4.02516,0.669415,0.669415,-3.31957,2.37287
11.39,4.08734,4.08734,0.515368,0.515368,-3.25461,2.52576
11.4,4.13734,4.13734,0.361997,0.361997,-3.18151,2.66957
11.41,4.17492,4.17492,0.209796,0.209796,-3.10046,2.80377
11.42,4.19989,4.19989,0.0592511,0.0592511,-3.01166,2.92787
11.43,4.21208,4.21208,-0.089166,-0.089166,-2.91534,3.04144
11.44,4.21138,4.21138,-0.234996,-0.234996,-2.81173,3.14406
11.45,4.19771,4.19771,-0.377794,-0.377794,-2.70109,3.23537
11.46,4.17103,4.17103,-0.517133,-0.517133,-2.5837,3.31503
11.47,4.13135,4.13135,-0.652601,-0.652601,-2.45985,3.38277
11.48,4.07872,4.07872,-0.783809,-0.783809,-2.32985,3.43833
11.49,4.01321,4.01321,-0.910385,-0.910385,-2.19403,3.48151
11.5,3.93497,3.93497,-1.03198,-1.03198,-2.05273,3.51217
11.51,3.84417,3.84417,-1.14826,-1.14826,-1.90629,3.53018
11.52,3.74101,3.74101,-1.25893,-1.25893,-1.75509,3.53549
11.53,3.62575,3.62575,-1.36371,-1.36371,-1.59951,3.52808
11.54,3.49868,3.49868,-1.46233,-1.46233,-1.43992,3.50797
11.55,3.36015,3.36015,-1.55457,-1.55457,-1.27674,3.47523
11.56,3.21051,3.21051,-1.64022,-1.64022,-1.11036,3.42999
11.57,3.05018,3.05018,-1.71911,-1.71911,-0.941212,3.3724
11.58,2.87961,2.87961,-1.79108,-1.79108,-0.769709,3.30267
11.59,2.69927,2.69927,-1.856,-1.856,-0.596282,3.22106
11.6,2.50968,2.50968,-1.91378,-1.91378,-0.421365,3.12786
11.61,2.31139,2.31139,-1.96435,-1.96435,-0.245395,3.0234
11.62,2.10497,2.10497,-2.00765,-2.00765,-0.0688116,2.90806
11.63,1.89102,1.89102,-2.04368,-2.04368,0.107944,2.78225
11.64,1.67019,1.67019,-2.07243,-2.07243,0.28443,2.64644
11.65,1.44312,1.44312,-2.09395,-2.09395,0.460205,2.50109
11.66,1.21051,1.21051,-2.10829,-2.10829,0.634829,2.34675
11.67,0.973041,0.973041,-2.11554,-2.11554,0.807867,2.18396
11.68,0.731444,0.731444,-2.1158,-2.1158,0.978886,2.0133
11.69,0.486454,0.486454,-2.1092,-2.1092,1.14746,1.83541
11.7,0.238821,0.238821,-2.09591,-2.09591,1.31316,1.65091
11.71,-0.0106919,-0.0106919,-2.0761,-2.0761,1.47558,1.46046
11.72,-0.261314,-0.261314,-2.04996,-2.04996,1.63432,1.26476
11.73,-0.512266,-0.512266,-2.01771,-2.01771,1.78896,1.06451
11.74,-0.762765,-0.762765,-1.9796,-1.9796,1.93914,0.860429
11.75,-1.01203,-1.01203,-1.93586,-1.93586,2.08447,0.65325
11.76,-1.25927,-1.25927,-1.88678,-1.88678,2.22459,0.44372
11.77,-1.5037,-1.5037,-1.83264,-1.83264,2.35915,0.232593
11.78,-1.74456,-1.74456,-1.77374,-1.77374,2.48781,0.0206287
11.79,-1.98108,-1.98108,-1.71039,-1.71039,2.61026,-0.19141
11.8,-2.21249,-2.21249,-1.64291,-1.64291,2.72618,-0.402759
11.81,-2.43807,-2.43807,-1.57164,-1.57164,2.83529,-0.612659
11.82,-2.65707,-2.65707,-1.49691,-1.49691,2.93731,-0.820354
11.83,-2.86879,-2.86879,-1.41908,-1.41908,3.03198,-1.0251
11.84,-3.07254,-3.07254,-1.33851,-1.33851,3.11908,-1.22615
11.85,-3.26767,-3.26767,-1.25554,-1.25554,3.19839,-1.42279
11.86,-3.45352,-3.45352,-1.17054,-1.17054,3.2697,-1.61431
11.87,-3.62948,-3.62948,-1.08386,-1.08386,3.33283,-1.80002
11.88,-3.79497,-3.79497,-0.99588,-0.99588,3.38764,-1.97925
11.89,-3.94943,-3.94943,-0.906947,-0.906947,3.43398,-2.15136
11.9,-4.09235,-4.09235,-0.81742,-0.81742,3.47174,-2.31573
11.91,-4.22325,-4.22325,-0.72765,-0.72765,3.50081,-2.47176
11.92,-4.34166,-4.34166,-0.637983,-0.637983,3.52114,-2.6189
11.93,-4.44719,-4.44719,-0.548757,-0.548757,3.53267,-2.75661
11.94,-4.53946,-4.53946,-0.460303,-0.460303,3.53537,-2.8844
11.95,-4.61814,-4.61814,-0.372941,-0.372941,3.52923,-3.00181
11.96,-4.68294,-4.68294,-0.28698,-0.28698,3.51427,-3.10842
11.97,-4.73363,-4.73363,-0.202718,-0.202718,3.49052,-3.20384
11.98,-4.76999,-4.76999,-0.12044,-0.12044,3.45805,-3.28772
11.99,-4.79187,-4.79187,-0.0404178,-0.0404178,3.41694,-3.35978
12,-4.79916,-4.79916,0.037094,0.037094,3.36729,-3.41975
12.01,-4.7918,-4.7918,0.111854,0.111854,3.30922,-3.46741
12.02,-4.76976,-4.76976,0.18364,0.18364,3.24288,-3.50258
12.03,-4.73308,-4.73308,0.252243,0.252243,3.16843,-3.52516
12.04,-4.68183,-4.68183,0.317475,0.317475,3.08607,-3.53504
12.05,-4.61613,-4.61613,0.379166,0.379166,2.99599,-3.53221
12.06,-4.53615,-4.53615,0.437163,0.437163,2.89842,-3.51666
12.07,-4.44209,-4.44209,0.491333,0.491333,2.79361,-3.48846
12.08,-4.33422,-4.33422,0.541563,0.541563,2.68181,-3.4477
12.09,-4.21284,-4.21284,0.587759,0.587759,2.56332,-3.39453
12.1,-4.07828,-4.07828,0.629847,0.629847,2.43841,-3.32915
12.11,-3.93095,-3.93095,0.667773,0.667773,2.30741,-3.25179
12.12,-3.77126,-3.77126,0.701501,0.701501,2.17065,-3.16272
12.13,-3.59968,-3.59968,0.731017,0.731017,2.02845,-3.06227
12.14,-3.41673,-3.41673,0.756326,0.756326,1.88119,-2.9508
12.15,-3.22295,-3.22295,0.77745,0.77745,1.72923,-2.82871
12.16,-3.01891,-3.01891,0.794432,0.794432,1.57294,-2.69644
12.17,-2.80522,-2.80522,0.807332,0.807332,1.41272,-2.55446
12.18,-2.58254,-2.58254,0.816228,0.816228,1.24897,-2.40329
12.19,-2.35154,-2.35154,0.821215,0.821215,1.0821,-2.24348
12.2,-2.11291,-2.11291,0.822406,0.822406,0.912527,-2.07558
12.21,-1.86739,-1.86739,0.819928,0.819928,0.740671,-1.90022
12.22,-1.61573,-1.61573,0.813923,0.813923,0.566963,-1.71802
12.23,-1.35869,-1.35869,0.804547,0.804547,0.391838,-1.52964
12.24,-1.09707,-1.09707,0.791972,0.791972,0.215734,-1.33575
12.25,-0.831662,-0.831662,0.776379,0.776379,0.0390907,-1.13706
12.26,-0.563294,-0.563294,0.757961,0.757961,-0.13765,-0.934269
12.27,-0.292793,-0.292793,0.736923,0.736923,-0.314047,-0.728119
12.28,-0.0209931,-0.0209931,0.713476,0.713476,-0.48966,-0.519348
12.29,0.251263,0.251263,0.687843,0.687843,-0.664048,-0.308709
12.3,0.52313,0.52313,0.66025,0.66025,-0.836776,-0.0969582
12.31,0.793766,0.793766,0.630931,0.630931,-1.00741,0.115141
12.32,1.06233,1.06233,0.600125,0.600125,-1.17553,0.326826
12.33,1.32798,1.32798,0.568074,0.568074,-1.34071,0.537335
12.34,1.5899,1.5899,0.53502,0.53502,-1.50254,0.74591
12.35,1.84726,1.84726,0.501208,0.501208,-1.66062,0.951801
12.36,2.09926,2.09926,0.466884,0.466884,-1.81454,1.15427
12.37,2.34512,2.34512,0.43229,0.43229,-1.96393,1.35258
12.38,2.58407,2.58407,0.397667,0.397667,-2.10841,1.54602
12.39,2.81536,2.81536,0.363252,0.363252,-2.24762,1.7339
12.4,3.03826,3.03826,0.329277,0.329277,-2.38121,1.91554
12.41,3.25208,3.25208,0.295969,0.295969,-2.50885,2.09028
12.42,3.45614,3.45614,0.263545,0.263545,-2.63022,2.25751
12.43,3.64981,3.64981,0.232218,0.232218,-2.74501,2.4166
12.44,3.83248,3.83248,0.202189,0.202189,-2.85294,2.567
12.45,4.00358,4.00358,0.173651,0.173651,-2.95375,2.70817
12.46,4.16256,4.16256,0.146784,0.146784,-3.04717,2.83958
12.47,4.30893,4.30893,0.121757,0.121757,-3.13297,2.96078
12.48,4.44223,4.44223,0.0987282,0.0987282,-3.21094,3.07132
12.49,4.56204,4.56204,0.0778401,0.0778401,-3.28089,3.17081
12.5,4.66798,4.66798,0.0592224,0.0592224,-3.34264,3.25888
12.51,4.75972,4.75972,0.0429903,0.0429903,-3.39603,3.33523
12.52,4.83697,4.83697,0.0292436,0.0292436,-3.44093,3.39957
12.53,4.89948,4.89948,0.0180667,0.0180667,-3.47723,3.45168
12.54,4.94707,4.94707,0.00952811,0.00952811,-3.50485,3.49137
12.55,4.97958,4.97958,0.00367994,0.00367994,-3.5237,3.51849
12.56,4.99691,4.99691,0.000557925,0.000557925,-3.53374,3.53295
12.57,4.999,4.999,0.000181109,0.000181109,-3.53495,3.5347
12.58,4.98584,4.98584,0.00255179,0.00255179,-3.52733,3.52372
12.59,4.95749,4.95749,0.00765551,0.00765551,-3.51089,3.50006
12.6,4.91402,4.91402,0.0154611,0.0154611,-3.48567,3.46381
12.61,4.85558,4.85558,0.0259209,0.0259209,-3.45174,3.41508
12.62,4.78235,4.78235,0.0389709,0.0389709,-3.40919,3.35407
12.63,4.69455,4.69455,0.054531,0.054531,-3.35811,3.28099
12.64,4.59247,4.59247,0.0725055,0.0725055,-3.29864,3.1961
12.65,4.47643,4.47643,0.0927835,0.0927835,-3.23092,3.09971
12.66,4.34679,4.34679,0.115239,0.115239,-3.15513,2.99216
12.67,4.20396,4.20396,0.139733,0.139733,-3.07145,2.87384
12.68,4.04839,4.04839,0.166112,0.166112,-2.9801,2.74518
12.69,3.88056,3.88056,0.19421,0.19421,-2.8813,2.60664
12.7,3.70101,3.70101,0.223849,0.223849,-2.77529,2.45872
12.71,3.51029,3.51029,0.25484,0.25484,-2.66235,2.30195
12.72,3.30901,3.30901,0.286984,0.286984,-2.54275,2.1369
12.73,3.0978,3.0978,0.320071,0.320071,-2.4168,1.96415
12.74,2.87732,2.87732,0.353886,0.353886,-2.28481,1.78434
12.75,2.64826,2.64826,0.388203,0.388203,-2.14711,1.5981
12.76,2.41134,2.41134,0.422792,0.422792,-2.00404,1.40612
12.77,2.1673,2.1673,0.457417,0.457417,-1.85596,1.20907
12.78,1.9169,1.9169,0.49184,0.49184,-1.70324,1.00767
12.79,1.66093,1.66093,0.525816,0.525816,-1.54626,0.802648
12.8,1.40018,1.40018,0.559102,0.559102,-1.38542,0.594735
12.81,1.13547,1.13547,0.591453,0.591453,-1.22112,0.384681
12.82,0.867627,0.867627,0.622625,0.622625,-1.05377,0.173243
12.83,0.597476,0.597476,0.652375,0.652375,-0.883778,-0.0388193
12.84,0.325862,0.325862,0.680464,0.680464,-0.71158,-0.250741
12.85,0.0536286,0.0536286,0.706658,0.706658,-0.537604,-0.461761
12.86,-0.21838,-0.21838,0.730726,0.730726,-0.362283,-0.671119
12.87,-0.489321,-0.489321,0.752446,0.752446,-0.186058,-0.878062
12.88,-0.758356,-0.758356,0.771603,0.771603,-0.00936703,-1.08184
12.89,-1.02465,-1.02465,0.78799,0.78799,0.167347,-1.28173
12.9,-1.2874,-1.2874,0.801411,0.801411,0.343643,-1.47701
12.91,-1.54577,-1.54577,0.811681,0.811681,0.51908,-1.66697
12.92,-1.79899,-1.79899,0.818626,0.818626,0.693219,-1.85093
12.93,-2.04627,-2.04627,0.822086,0.822086,0.865626,-2.02823
12.94,-2.28685,-2.28685,0.821914,0.821914,1.03587,-2.19823
12.95,-2.52002,-2.52002,0.817979,0.817979,1.20352,-2.36032
12.96,-2.74505,-2.74505,0.810165,0.810165,1.36817,-2.51392
12.97,-2.96126,-2.96126,0.798371,0.798371,1.5294,-2.65846
12.98,-3.16801,-3.16801,0.782515,0.782515,1.6868,-2.79344
12.99,-3.36467,-3.36467,0.762531,0.762531,1.83999,-2.91837
13,-3.55064,-3.55064,0.738373,0.738373,1.98857,-3.03279
13.01,-3.72539,-3.72539,0.710011,0.710011,2.13219,-3.1363
13.02,-3.88838,-3.88838,0.677437,0.677437,2.27048,-3.22852
13.03,-4.03915,-4.03915,0.640659,0.640659,2.40309,-3.30912
13.04,-4.17725,-4.17725,0.599708,0.599708,2.5297,-3.37782
13.05,-4.30228,-4.30228,0.554631,0.554631,2.64999,-3.43435
13.06,-4.41388,-4.41388,0.505498,0.505498,2.76365,-3.47853
13.07,-4.51176,-4.51176,0.452398,0.452398,2.8704,-3.51019
13.08,-4.59562,-4.59562,0.395437,0.395437,2.96998,-3.52921
13.09,-4.66525,-4.66525,0.334745,0.334745,3.06213,-3.53553
13.1,-4.72048,-4.72048,0.270468,0.270468,3.14663,-3.52913
13.11,-4.76116,-4.76116,0.20277,0.20277,3.22327,-3.51003
13.12,-4.78722,-4.78722,0.131838,0.131838,3.29185,-3.4783
13.13,-4.7986,-4.7986,0.0578711,0.0578711,3.3522,-3.43404
13.14,-4.79532,-4.79532,-0.0189097,-0.0189097,3.40418,-3.37743
13.15,-4.77743,-4.77743,-0.098269,-0.098269,3.44764,-3.30867
13.16,-4.74502,-4.74502,-0.179955,-0.179955,3.48249,-3.22799
13.17,-4.69825,-4.69825,-0.2637,-0.2637,3.50863,-3.1357
13.18,-4.6373,-4.6373,-0.349225,-0.349225,3.526,-3.03212
13.19,-4.56239,-4.56239,-0.436233,-0.436233,3.53456,-2.91764
13.2,-4.47382,-4.47382,-0.52442,-0.52442,3.53429,-2.79265
13.21,-4.37189,-4.37189,-0.613466,-0.613466,3.52518,-2.65761
13.22,-4.25697,-4.25697,-0.703046,-0.703046,3.50726,-2.513
13.23,-4.12945,-4.12945,-0.792822,-0.792822,3.48057,-2.35935
13.24,-3.98978,-3.98978,-0.88245,-0.88245,3.44519,-2.19721
13.25,-3.83843,-3.83843,-0.971581,-0.971581,3.40119,-2.02717
13.26,-3.67591,-3.67591,-1.05986,-1.05986,3.34869,-1.84982
13.27,-3.50276,-3.50276,-1.14693,-1.14693,3.28782,-1.66582
13.28,-3.31956,-3.31956,-1.23242,-1.23242,3.21874,-1.47583
13.29,-3.12692,-3.12692,-1.31599,-1.31599,3.14161,-1.28052
13.3,-2.92546,-2.92546,-1.39725,-1.39725,3.05662,-1.08061
13.31,-2.71586,-2.71586,-1.47587,-1.47587,2.964,-0.876804
13.32,-2.49878,-2.49878,-1.55148,-1.55148,2.86397,-0.669844
13.33,-2.27494,-2.27494,-1.62373,-1.62373,2.75678,-0.460474
13.34,-2.04505,-2.04505,-1.69228,-1.69228,2.6427,-0.249446
13.35,-1.80986,-1.80986,-1.7568,-1.7568,2.52201,-0.0375207
13.36,-1.57012,-1.57012,-1.81695,-1.81695,2.39502,0.17454
13.37,-1.32658,-1.32658,-1.87243,-1.87243,2.26205,0.385972
13.38,-1.08004,-1.08004,-1.92293,-1.92293,2.12342,0.596015
13.39,-0.83125,-0.83125,-1.96815,-1.96815,1.97948,0.803913
13.4,-0.581012,-0.581012,-2.00784,-2.00784,1.83059,1.00892
13.41,-0.330106,-0.330106,-2.04172,-2.04172,1.67713,1.21029
13.42,-0.0793157,-0.0793157,-2.06955,-2.06955,1.51948,1.40731
13.43,0.170579,0.170579,-2.09112,-2.09112,1.35803,1.59926
13.44,0.418803,0.418803,-2.10622,-2.10622,1.19318,1.78546
13.45,0.664593,0.664593,-2.11467,-2.11467,1.02536,1.96523
13.46,0.907194,0.907194,-2.1163,-2.1163,0.854966,2.13793
13.47,1.14587,1.14587,-2.11098,-2.11098,0.682439,2.30294
13.48,1.37988,1.37988,-2.09859,-2.09859,0.508206,2.45965
13.49,1.60854,1.60854,-2.07905,-2.07905,0.332703,2.60752
13.5,1.83115,1.83115,-2.05228,-2.05228,0.156368,2.746
13.51,2.04704,2.04704,-2.01825,-2.01825,-0.0203573,2.8746
13.52,2.25559,2.25559,-1.97694,-1.97694,-0.197032,2.99285
13.53,2.45617,2.45617,-1.92836,-1.92836,-0.373214,3.10033
13.54,2.6482,2.6482,-1.87255,-1.87255,-0.548464,3.19666
13.55,2.83113,2.83113,-1.80958,-1.80958,-0.722342,3.28147
13.56,3.00443,3.00443,-1.73953,-1.73953,-0.894415,3.35448
13.57,3.16761,3.16761,-1.66253,-1.66253,-1.06425,3.41542
13.58,3.32022,3.32022,-1.57871,-1.57871,-1.23143,3.46407
13.59,3.46183,3.46183,-1.48826,-1.48826,-1.39553,3.50024
13.6,3.59208,3.59208,-1.39136,-1.39136,-1.55614,3.52382
13.61,3.7106,3.7106,-1.28825,-1.28825,-1.71286,3.53472
13.62,3.81711,3.81711,-1.17917,-1.17917,-1.8653,3.5329
13.63,3.91132,3.91132,-1.0644,-1.0644,-2.01308,3.51836
13.64,3.99303,3.99303,-0.944227,-0.944227,-2.15583,3.49117
13.65,4.06204,4.06204,-0.818983,-0.818983,-2.29319,3.4514
13.66,4.11821,4.11821,-0.689009,-0.689009,-2.42481,3.39922
13.67,4.16145,4.16145,-0.55467,-0.55467,-2.55038,3.3348
13.68,4.19169,4.19169,-0.416352,-0.416352,-2.66957,3.25838
13.69,4.20893,4.20893,-0.27446,-0.27446,-2.78209,3.17023
13.7,4.21317,4.21317,-0.129418,-0.129418,-2.88765,3.07068
13.71,4.20451,4.20451,0.0183352,0.0183352,-2.986,2.96007
13.72,4.18303,4.18303,0.168344,0.168344,-3.07688,2.83881
13.73,4.14888,4.14888,0.320138,0.320138,-3.16008,2.70733
13.74,4.10227,4.10227,0.473237,0.473237,-3.23537,2.56611
13.75,4.0434,4.0434,0.627148,0.627148,-3.30258,2.41566
13.76,3.97255,3.97255,0.78137,0.78137,-3.36153,2.25651
13.77,3.89002,3.89002,0.935393,0.935393,-3.41208,2.08924
13.78,3.79614,3.79614,1.0887,1.0887,-3.4541,1.91445
13.79,3.69128,3.69128,1.24078,1.24078,-3.48749,1.73277
13.8,3.57585,3.57585,1.3911,1.3911,-3.51217,1.54485
13.81,3.45028,3.45028,1.53915,1.53915,-3.52806,1.35138
13.82,3.31504,3.31504,1.6844,1.6844,-3.53513,1.15304
13.83,3.17061,3.17061,1.82633,1.82633,-3.53337,0.95055
13.84,3.01752,3.01752,1.96444,1.96444,-3.52278,0.744641
13.85,2.85631,2.85631,2.09822,2.09822,-3.50338,0.536052
13.86,2.68755,2.68755,2.22717,2.22717,-3.47523,0.325533
13.87,2.51181,2.51181,2.35081,2.35081,-3.43839,0.113843
13.88,2.3297,2.3297,2.46866,2.46866,-3.39295,-0.0982564
13.89,2.14185,2.14185,2.58026,2.58026,-3.33904,-0.310002
13.9,1.94889,1.94889,2.68518,2.68518,-3.27678,-0.520633
13.91,1.75146,1.75146,2.78297,2.78297,-3.20633,-0.72939
13.92,1.55022,1.55022,2.87325,2.87325,-3.12786,-0.935521
13.93,1.34583,1.34583,2.95561,2.95561,-3.04158,-1.13829
13.94,1.13896,1.13896,3.0297,3.0297,-2.94769,-1.33695
13.95,0.930289,0.930289,3.09518,3.09518,-2.84644,-1.53081
13.96,0.72048,0.72048,3.15174,3.15174,-2.73807,-1.71916
13.97,0.510206,0.510206,3.19908,3.19908,-2.62286,-1.90132
13.98,0.300135,0.300135,3.23694,3.23694,-2.50109,-2.07664
13.99,0.0909284,0.0909284,3.2651,3.2651,-2.37307,-2.24448
14,-0.116761,-0.116761,3.28336,3.28336,-2.23912,-2.40425
14.01,-0.322289,-0.322289,3.29154,3.29154,-2.09957,-2.55536
14.02,-0.525025,-0.525025,3.2895,3.2895,-1.95478,-2.69728
14.03,-0.724352,-0.724352,3.27715,3.27715,-1.8051,-2.82949
14.04,-0.919668,-0.919668,3.2544,3.2544,-1.65091,-2.95151
14.05,-1.11039,-1.11039,3.22123,3.22123,-1.49259,-3.06292
14.06,-1.29596,-1.29596,3.17762,3.17762,-1.33054,-3.1633
14.07,-1.47583,-1.47583,3.12361,3.12361,-1.16516,-3.2523
14.08,-1.64948,-1.64948,3.05927,3.05927,-0.996873,-3.32959
14.09,-1.81642,-1.81642,2.98469,2.98469,-0.826094,-3.3949
14.1,-1.97618,-1.97618,2.90001,2.90001,-0.65325,-3.44799
14.11,-2.12832,-2.12832,2.8054,2.8054,-0.478773,-3.48867
14.12,-2.27243,-2.27243,2.70107,2.70107,-0.303099,-3.5168
14.13,-2.40812,-2.40812,2.58726,2.58726,-0.126668,-3.53227
14.14,-2.53505,-2.53505,2.46423,2.46423,0.0500802,-3.53502
14.15,-2.6529,-2.6529,2.33229,2.33229,0.226703,-3.52506
14.16,-2.76137,-2.76137,2.19178,2.19178,0.402759,-3.50241
14.17,-2.86022,-2.86022,2.04307,2.04307,0.577808,-3.46715
14.18,-2.94922,-2.94922,1.88656,1.88656,0.751414,-3.41942
14.19,-3.0282,-3.0282,1.72268,1.72268,0.923141,-3.35938
14.2,-3.09699,-3.09699,1.55188,1.55188,1.09256,-3.28725
14.21,-3.15549,-3.15549,1.37464,1.37464,1.25925,-3.20329
14.22,-3.20361,-3.20361,1.19148,1.19148,1.42279,-3.1078
14.23,-3.24131,-3.24131,1.00292,1.00292,1.58278,-3.00112
14.24,-3.26857,-3.26857,0.809527,0.809527,1.7388,-2.88365
14.25,-3.28542,-3.28542,0.611865,0.611865,1.89049,-2.7558
14.26,-3.29191,-3.29191,0.410532,0.410532,2.03745,-2.61802
14.27,-3.28815,-3.28815,0.206137,0.206137,2.17931,-2.47083
14.28,-3.27424,-3.27424,-0.000694013,-0.000694013,2.31573,-2.31475
14.29,-3.25035,-3.25035,-0.209323,-0.209323,2.44636,-2.15033
14.3,-3.21666,-3.21666,-0.4191,-0.4191,2.57087,-1.97818
14.31,-3.1734,-3.1734,-0.629367,-0.629367,2.68896,-1.7989
14.32,-3.12081,-3.12081,-0.83946,-0.83946,2.80033,-1.61316
14.33,-3.05916,-3.05916,-1.04871,-1.04871,2.9047,-1.4216
14.34,-2.98876,-2.98876,-1.25644,-1.25644,3.00181,-1.22493
14.35,-2.90993,-2.90993,-1.46199,-1.46199,3.09142,-1.02385
14.36,-2.82304,-2.82304,-1.66467,-1.66467,3.17329,-0.819091
14.37,-2.72846,-2.72846,-1.86384,-1.86384,3.24724,-0.61138
14.38,-2.62658,-2.62658,-2.05881,-2.05881,3.31307,-0.401469
14.39,-2.51782,-2.51782,-2.24896,-2.24896,3.37062,-0.190113
14.4,-2.40262,-2.40262,-2.43363,-2.43363,3.41975,0.0219273
14.41,-2.28143,-2.28143,-2.6122,-2.6122,3.46032,0.233889
14.42,-2.15473,-2.15473,-2.78406,-2.78406,3.49225,0.445008
14.43,-2.02298,-2.02298,-2.94862,-2.94862,3.51545,0.654526
14.44,-1.88669,-1.88669,-3.1053,-3.1053,3.52987,0.861688
14.45,-1.74635,-1.74635,-3.25354,-3.25354,3.53546,1.06575
14.46,-1.60247,-1.60247,-3.39283,-3.39283,3.53221,1.26598
14.47,-1.45557,-1.45557,-3.52265,-3.52265,3.52013,1.46164
14.48,-1.30617,-1.30617,-3.64253,-3.64253,3.49926,1.65205
14.49,-1.15479,-1.15479,-3.75202,-3.75202,3.46964,1.83652
14.5,-1.00195,-1.00195,-3.8507,-3.8507,3.43135,2.01437
14.51,-0.848176,-0.848176,-3.9382,-3.9382,3.38448,2.18498
14.52,-0.693978,-0.693978,-4.01415,-4.01415,3.32915,2.34772
14.53,-0.53987,-0.53987,-4.07824,-4.07824,3.2655,2.50201
14.54,-0.386358,-0.386358,-4.1302,-4.1302,3.19369,2.6473
14.55,-0.233938,-0.233938,-4.16977,-4.16977,3.11389,2.78306
14.56,-0.0830973,-0.0830973,-4.19676,-4.19676,3.02632,2.9088
14.57,0.0656898,0.0656898,-4.211,-4.211,2.93118,3.02407
14.58,0.211962,0.211962,-4.21236,-4.21236,2.82871,3.12847
14.59,0.355272,0.355272,-4.20076,-4.20076,2.71917,3.2216
14.6,0.495189,0.495189,-4.17615,-4.17615,2.60283,3.30314
14.61,0.631301,0.631301,-4.13854,-4.13854,2.47999,3.37279
14.62,0.763213,0.763213,-4.08797,-4.08797,2.35095,3.4303
14.63,0.890551,0.890551,-4.0245,-4.0245,2.21604,3.47547
14.64,1.01296,1.01296,-3.94828,-3.94828,2.07558,3.50813
14.65,1.13011,1.13011,-3.85946,-3.85946,1.92994,3.52816
14.66,1.24169,1.24169,-3.75825,-3.75825,1.77948,3.5355
14.67,1.34742,1.34742,-3.6449,-3.6449,1.62456,3.53011
14.68,1.44704,1.44704,-3.5197,-3.5197,1.46559,3.51202
14.69,1.54031,1.54031,-3.38296,-3.38296,1.30295,3.48128
14.7,1.62703,1.62703,-3.23507,-3.23507,1.13706,3.43802
14.71,1.707,1.707,-3.07642,-3.07642,0.96832,3.38239
14.72,1.78008,1.78008,-2.90744,-2.90744,0.797163,3.31458
14.73,1.84614,1.84614,-2.72863,-2.72863,0.624014,3.23485
14.74,1.90506,1.90506,-2.54047,-2.54047,0.449305,3.14347
14.75,1.95678,1.95678,-2.34353,-2.34353,0.273474,3.04078
14.76,2.00124,2.00124,-2.13836,-2.13836,0.0969582,2.92714
14.77,2.03843,2.03843,-1.92558,-1.92558,-0.0797996,2.80297
14.78,2.06834,2.06834,-1.7058,-1.7058,-0.256358,2.66872
14.79,2.09101,2.09101,-1.47968,-1.47968,-0.432275,2.52486
14.8,2.10649,2.10649,-1.2479,-1.2479,-0.607112,2.37191
14.81,2.11485,2.11485,-1.01116,-1.01116,-0.780432,2.21042
14.82,2.11622,2.11622,-0.770169,-0.770169,-0.951801,2.04098
14.83,2.11071,2.11071,-0.525669,-0.525669,-1.12079,1.8642
14.84,2.09847,2.09847,-0.278406,-0.278406,-1.28698,1.68071
14.85,2.07968,2.07968,-0.0291412,-0.0291412,-1.44995,1.49116
14.86,2.05454,2.05454,0.221356,0.221356,-1.6093,1.29625
14.87,2.02325,2.02325,0.472308,0.472308,-1.76462,1.09668
14.88,1.98605,1.98605,0.722932,0.722932,-1.91554,0.893159
14.89,1.94319,1.94319,0.972443,0.972443,-2.06167,0.686423
14.9,1.89494,1.89494,1.22006,1.22006,-2.20264,0.477217
14.91,1.84159,1.84159,1.46499,1.46499,-2.33811,0.266294
14.92,1.78342,1.78342,1.70647,1.70647,-2.46773,0.0544119
14.93,1.72076,1.72076,1.94373,1.94373,-2.59119,-0.157666
14.94,1.65392,1.65392,2.17601,2.17601,-2.70817,-0.369176
14.95,1.58323,1.58323,2.40256,2.40256,-2.81838,-0.579357
14.96,1.50903,1.50903,2.62266,2.62266,-2.92154,-0.787454
14.97,1.43167,1.43167,2.83559,2.83559,-3.01741,-0.992716
14.98,1.35151,1.35151,3.04065,3.04065,-3.10573,-1.19441
14.99,1.2689,1.2689,3.2372,3.2372,-3.18629,-1.3918
15,1.18419,1.18419,3.42456,3.42456,-3.25888,-1.58418
15.01,1.09776,1.09776,3.60214,3.60214,-3.32333,-1.77086
15.02,1.00997,1.00997,3.76933,3.76933,-3.37948,-1.95117
15.03,0.92116,0.92116,3.92559,3.92559,-3.42717,-2.12445
15.04,0.831704,0.831704,4.07039,4.07039,-3.4663,-2.29009
15.05,0.74195,0.74195,4.20323,4.20323,-3.49677,-2.44749
15.06,0.652243,0.652243,4.32366,4.32366,-3.51849,-2.59608
15.07,0.562925,0.562925,4.43126,4.43126,-3.53142,-2.73533
15.08,0.474326,0.474326,4.52567,4.52567,-3.53553,-2.86473
15.09,0.386769,0.386769,4.60653,4.60653,-3.5308,-2.98382
15.1,0.300564,0.300564,4.67356,4.67356,-3.51724,-3.09218
15.11,0.216012,0.216012,4.72651,4.72651,-3.49489,-3.1894
15.12,0.1334,0.1334,4.76516,4.76516,-3.46381,-3.27515
15.13,0.0530009,0.0530009,4.78936,4.78936,-3.42406,-3.34911
15.14,-0.0249273,-0.0249273,4.79898,4.79898,-3.37576,-3.41102
15.15,-0.100141,-0.100141,4.79395,4.79395,-3.31903,-3.46065
15.16,-0.172415,-0.172415,4.77425,4.77425,-3.25399,-3.49782
15.17,-0.241538,-0.241538,4.7399,4.7399,-3.18082,-3.52241
15.18,-0.307319,-0.307319,4.69097,4.69097,-3.09971,-3.53432
15.19,-0.369584,-0.369584,4.62756,4.62756,-3.01084,-3.53351
15.2,-0.428179,-0.428179,4.54984,4.54984,-2.91445,-3.51999
15.21,-0.482966,-0.482966,4.458,4.458,-2.81078,-3.49379
15.22,-0.533831,-0.533831,4.35231,4.35231,-2.70008,-3.45503
15.23,-0.580675,-0.580675,4.23306,4.23306,-2.58263,-3.40382
15.24,-0.623421,-0.623421,4.10058,4.10058,-2.45872,-3.34037
15.25,-0.662013,-0.662013,3.95525,3.95525,-2.32867,-3.2649
15.26,-0.696411,-0.696411,3.7975,3.7975,-2.1928,-3.17767
15.27,-0.726599,-0.726599,3.62779,3.62779,-2.05145,-3.07901
15.28,-0.752576,-0.752576,3.44661,3.44661,-1.90497,-2.96927
15.29,-0.774364,-0.774364,3.25451,3.25451,-1.75373,-2.84885
15.3,-0.792002,-0.792002,3.05206,3.05206,-1.5981,-2.71817
15.31,-0.805547,-0.805547,2.83987,2.83987,-1.43849,-2.5777
15.32,-0.815075,-0.815075,2.61858,2.61858,-1.27527,-2.42796
15.33,-0.820678,-0.820678,2.38886,2.38886,-1.10887,-2.26949
15.34,-0.822466,-0.822466,2.1514,2.1514,-0.939698,-2.10284
15.35,-0.820562,-0.820562,1.90693,1.90693,-0.768177,-1.92863
15.36,-0.815109,-0.815109,1.65619,1.65619,-0.594735,-1.74747
15.37,-0.806259,-0.806259,1.39996,1.39996,-0.419807,-1.56003
15.38,-0.794182,-0.794182,1.13901,1.13901,-0.243829,-1.36697
15.39,-0.779057,-0.779057,0.874151,0.874151,-0.0672418,-1.16899
15.4,-0.761075,-0.761075,0.6062,0.6062,0.109513,-0.96681
15.41,-0.74044,-0.74044,0.335983,0.335983,0.285995,-0.761146
15.42,-0.717363,-0.717363,0.0643338,0.0643338,0.461761,-0.552743
15.43,-0.692062,-0.692062,-0.207906,-0.207906,0.636374,-0.34235
15.44,-0.664766,-0.664766,-0.479892,-0.479892,0.809395,-0.130726
15.45,-0.635707,-0.635707,-0.75078,-0.75078,0.980394,0.0813692
15.46,-0.605121,-0.605121,-1.01973,-1.01973,1.14894,0.293171
15.47,-0.573252,-0.573252,-1.2859,-1.2859,1.31462,0.503919
15.48,-0.540341,-0.540341,-1.54847,-1.54847,1.47701,0.712852
15.49,-0.506634,-0.506634,-1.80661,-1.80661,1.63571,0.91922
15.5,-0.472375,-0.472375,-2.05952,-2.05952,1.79032,1.12228
15.51,-0.437808,-0.437808,-2.30641,-2.30641,1.94045,1.3213
15.52,-0.403174,-0.403174,-2.54651,-2.54651,2.08574,1.51557
15.53,-0.36871,-0.36871,-2.77906,-2.77906,2.22581,1.70438
15.54,-0.33465,-0.33465,-3.00335,-3.00335,2.36032,1.88705
15.55,-0.30122,-0.30122,-3.21866,-3.21866,2.48893,2.06294
15.56,-0.268641,-0.268641,-3.42432,-3.42432,2.61132,2.2314
15.57,-0.237126,-0.237126,-3.61969,-3.61969,2.72718,2.39183
15.58,-0.206877,-0.206877,-3.80415,-3.80415,2.83622,2.54366
15.59,-0.178089,-0.178089,-3.97713,-3.97713,2.93818,2.68632
15.6,-0.150944,-0.150944,-4.13807,-4.13807,3.03279,2.81933
15.61,-0.125613,-0.125613,-4.28648,-4.28648,3.11982,2.94218
15.62,-0.102256,-0.102256,-4.42189,-4.42189,3.19906,3.05444
15.63,-0.081018,-0.081018,-4.54388,-4.54388,3.27029,3.15572
15.64,-0.0620307,-0.0620307,-4.65205,-4.65205,3.33336,3.24563
15.65,-0.0454115,-0.0454115,-4.74607,-4.74607,3.38809,3.32387
15.66,-0.0312629,-0.0312629,-4.82565,-4.82565,3.43435,3.39014
15.67,-0.0196718,-0.0196718,-4.89052,-4.89052,3.47203,3.44421
15.68,-0.010709,-0.010709,-4.9405,-4.9405,3.50103,3.48589
15.69,-0.00442956,-0.00442956,-4.97542,-4.97542,3.52128,3.51502
15.7,-0.000871657,-0.000871657,-4.99517,-4.99517,3.53273,3.5315
15.71,-5.70376e-05,-5.70376e-05,-4.99968,-4.99968,3.53535,3.53527
15.72,-0.00199067,-0.00199067,-4.98896,-4.98896,3.52913,3.52632
15.73,-0.00666077,-0.00666077,-4.96302,-4.96302,3.51409,3.50467
15.74,-0.0140388,-0.0140388,-4.92195,-4.92195,3.49027,3.47042
15.75,-0.0240798,-0.0240798,-4.86588,-4.86588,3.45773,3.42367
15.76,-0.0367222,-0.0367222,-4.79499,-4.79499,3.41654,3.3646
15.77,-0.0518885,-0.0518885,-4.7095,-4.7095,3.36681,3.29343
15.78,-0.0694855,-0.0694855,-4.60968,-4.60968,3.30867,3.2104
15.79,-0.0894047,-0.0894047,-4.49583,-4.49583,3.24225,3.11582
15.8,-0.111523,-0.111523,-4.36833,-4.36833,3.16774,3.01002
15.81,-0.135702,-0.135702,-4.22757,-4.22757,3.0853,2.89339
15.82,-0.161792,-0.161792,-4.074,-4.074,2.99515,2.76635
15.83,-0.189627,-0.189627,-3.90809,-3.90809,2.89752,2.62935
15.84,-0.219033,-0.219033,-3.73036,-3.73036,2.79265,2.48289
15.85,-0.249822,-0.249822,-3.54139,-3.54139,2.68079,2.32749
15.86,-0.281796,-0.281796,-3.34175,-3.34175,2.56223,2.16372
15.87,-0.314747,-0.314747,-3.13208,-3.13208,2.43727,1.99216
15.88,-0.348461,-0.348461,-2.91303,-2.91303,2.30622,1.81342
15.89,-0.382713,-0.382713,-2.68529,-2.68529,2.16941,1.62817
15.9,-0.417274,-0.417274,-2.44957,-2.44957,2.02717,1.43705
15.91,-0.45191,-0.45191,-2.20662,-2.20662,1.87986,1.24076
15.92,-0.486381,-0.486381,-1.95718,-1.95718,1.72786,1.04001
15.93,-0.520445,-0.520445,-1.70204,-1.70204,1.57153,0.835514
15.94,-0.553857,-0.553857,-1.442,-1.442,1.41128,0.628011
15.95,-0.586373,-0.586373,-1.17786,-1.17786,1.2475,0.418248
15.96,-0.617749,-0.617749,-0.910461,-0.910461,1.08061,0.206979
15.97,-0.647742,-0.647742,-0.640621,-0.640621,0.91101,-0.00503483
15.98,-0.676111,-0.676111,-0.369184,-0.369184,0.739135,-0.21703
15.99,-0.702622,-0.702622,-0.0969928,-0.0969928,0.565413,-0.428245
16,-0.727044,-0.727044,0.175108,0.175108,0.390278,-0.637918
16.01,-0.749153,-0.749153,0.446275,0.446275,0.214167,-0.845295
16.02,-0.768732,-0.768732,0.71567,0.71567,0.0375207,-1.04963
16.03,-0.785574,-0.785574,0.98246,0.98246,-0.139219,-1.25019
16.04,-0.79948,-0.79948,1.24582,1.24582,-0.315611,-1.44625
16.05,-0.810264,-0.810264,1.50495,1.50495,-0.491214,-1.6371
16.06,-0.817749,-0.817749,1.75904,1.75904,-0.66559,-1.82206
16.07,-0.821774,-0.821774,2.00731,2.00731,-0.838302,-2.00047
16.08,-0.82219,-0.82219,2.24902,2.24902,-1.00892,-2.17167
16.09,-0.818863,-0.818863,2.48341,2.48341,-1.17701,-2.33506
16.1,-0.811674,-0.811674,2.70978,2.70978,-1.34217,-2.49005
16.11,-0.80052,-0.80052,2.92744,2.92744,-1.50396,-2.63607
16.12,-0.785315,-0.785315,3.13574,3.13574,-1.662,-2.77261
16.13,-0.765993,-0.765993,3.33404,3.33404,-1.81589,-2.89916
16.14,-0.742502,-0.742502,3.52176,3.52176,-1.96523,-3.01529
16.15,-0.714811,-0.714811,3.69833,3.69833,-2.10967,-3.12056
16.16,-0.682907,-0.682907,3.86323,3.86323,-2.24883,-3.2146
16.17,-0.646797,-0.646797,4.01597,4.01597,-2.38237,-3.29708
16.18,-0.606507,-0.606507,4.15612,4.15612,-2.50995,-3.36768
16.19,-0.562084,-0.562084,4.28325,4.28325,-2.63126,-3.42617
16.2,-0.513592,-0.513592,4.39702,4.39702,-2.746,-3.47233
16.21,-0.461116,-0.461116,4.4971,4.4971,-2.85387,-3.50599
16.22,-0.404763,-0.404763,4.58321,4.58321,-2.95461,-3.52703
16.23,-0.344655,-0.344655,4.65513,4.65513,-3.04796,-3.53538
16.24,-0.280938,-0.280938,4.71266,4.71266,-3.1337,-3.531
16.25,-0.213774,-0.213774,4.75566,4.75566,-3.2116,-3.51392
16.26,-0.143343,-0.143343,4.78405,4.78405,-3.28147,-3.48419
16.27,-0.0698457,-0.0698457,4.79777,4.79777,-3.34315,-3.44192
16.28,0.00650229,0.00650229,4.79682,4.79682,-3.39646,-3.38727
16.29,0.0854673,0.0854673,4.78125,4.78125,-3.44129,-3.32042
16.3,0.1668,0.1668,4.75115,4.75115,-3.47752,-3.24163
16.31,0.250236,0.250236,4.70666,4.70666,-3.50505,-3.15116
16.32,0.335496,0.335496,4.64794,4.64794,-3.52382,-3.04936
16.33,0.422289,0.422289,4.57525,4.57525,-3.53379,-2.93658
16.34,0.510309,0.510309,4.48883,4.48883,-3.53492,-2.81324
16.35,0.59924,0.59924,4.389,4.389,-3.52722,-2.67977
16.36,0.688757,0.688757,4.27612,4.27612,-3.5107,-2.53665
16.37,0.778524,0.778524,4.15059,4.15059,-3.48541,-2.38441
16.38,0.8682,0.8682,4.01282,4.01282,-3.4514,-2.22358
16.39,0.957433,0.957433,3.8633,3.8633,-3.40877,-2.05475
16.4,1.04587,1.04587,3.70252,3.70252,-3.35762,-1.87853
16.41,1.13316,1.13316,3.53102,3.53102,-3.29807,-1.69555
16.42,1.21893,1.21893,3.34939,3.34939,-3.23028,-1.50646
16.43,1.30282,1.30282,3.15821,3.15821,-3.15442,-1.31196
16.44,1.38448,1.38448,2.95811,2.95811,-3.07068,-1.11273
16.45,1.46354,1.46354,2.74976,2.74976,-2.97925,-0.909493
16.46,1.53965,1.53965,2.53383,2.53383,-2.88039,-0.702986
16.47,1.61246,1.61246,2.31101,2.31101,-2.77432,-0.49395
16.48,1.68163,1.68163,2.08204,2.08204,-2.66132,-0.283135
16.49,1.74681,1.74681,1.84765,1.84765,-2.54166,-0.0713019
16.5,1.80768,1.80768,1.60857,1.60857,-2.41566,0.140788
16.51,1.86392,1.86392,1.36559,1.36559,-2.28361,0.352371
16.52,1.91523,1.91523,1.11947,1.11947,-2.14586,0.562686
16.53,1.96132,1.96132,0.87099,0.87099,-2.00274,0.770977
16.54,2.0019,2.0019,0.620931,0.620931,-1.85462,0.976492
16.55,2.03672,2.03672,0.370079,0.370079,-1.70186,1.17849
16.56,2.06553,2.06553,0.119218,0.119218,-1.54485,1.37625
16.57,2.08811,2.08811,-0.130871,-0.130871,-1.38398,1.56906
16.58,2.10426,2.10426,-0.379413,-0.379413,-1.21965,1.75622
16.59,2.11377,2.11377,-0.625642,-0.625642,-1.05227,1.93706
16.6,2.1165,2.1165,-0.8688,-0.8688,-0.882258,2.11093
16.61,2.1123,2.1123,-1.10815,-1.10815,-0.710042,2.2772
16.62,2.10104,2.10104,-1.34295,-1.34295,-0.536052,2.43527
16.63,2.08265,2.08265,-1.57251,-1.57251,-0.360722,2.58458
16.64,2.05703,2.05703,-1.79612,-1.79612,-0.18449,2.72459
16.65,2.02416,2.02416,-2.01313,-2.01313,-0.00779698,2.8548
16.66,1.98401,1.98401,-2.22289,-2.22289,0.168915,2.97473
16.67,1.93659,1.93659,-2.42478,-2.42478,0.345206,3.08395
16.68,1.88192,1.88192,-2.61821,-2.61821,0.520633,3.18208
16.69,1.82009,1.82009,-2.80262,-2.80262,0.694759,3.26875
16.7,1.75116,1.75116,-2.97749,-2.97749,0.867148,3.34366
16.71,1.67525,1.67525,-3.14231,-3.14231,1.03737,3.40653
16.72,1.59251,1.59251,-3.29664,-3.29664,1.205,3.45715
16.73,1.5031,1.5031,-3.44003,-3.44003,1.36962,3.49532
16.74,1.40722,1.40722,-3.57211,-3.57211,1.53081,3.52092
16.75,1.30508,1.30508,-3.69252,-3.69252,1.68818,3.53384
16.76,1.19693,1.19693,-3.80096,-3.80096,1.84133,3.53404
16.77,1.08305,1.08305,-3.89715,-3.89715,1.98987,3.52153
16.78,0.963714,0.963714,-3.98086,-3.98086,2.13344,3.49634
16.79,0.839256,0.839256,-4.0519,-4.0519,2.27168,3.45857
16.8,0.710011,0.710011,-4.11013,-4.11013,2.40425,3.40835
16.81,0.576342,0.576342,-4.15543,-4.15543,2.5308,3.34587
16.82,0.438631,0.438631,-4.18775,-4.18775,2.65103,3.27134
16.83,0.297281,0.297281,-4.20705,-4.20705,2.76463,3.18504
16.84,0.152711,0.152711,-4.21336,-4.21336,2.87132,3.08728
16.85,0.00535971,0.00535971,-4.20675,-4.20675,2.97083,2.97841
16.86,-0.144321,-0.144321,-4.1873,-4.1873,3.06292,2.85882
16.87,-0.295863,-0.295863,-4.15516,-4.15516,3.14735,2.72894
16.88,-0.448787,-0.448787,-4.11052,-4.11052,3.22392,2.58924
16.89,-0.602602,-0.602602,-4.05359,-4.05359,3.29242,2.44021
16.9,-0.756808,-0.756808,-3.98463,-3.98463,3.3527,2.28241
16.91,-0.910897,-0.910897,-3.90393,-3.90393,3.4046,2.1164
16.92,-1.06435,-1.06435,-3.81184,-3.81184,3.44799,1.94276
16.93,-1.21666,-1.21666,-3.7087,-3.7087,3.48276,1.76214
16.94,-1.3673,-1.3673,-3.59493,-3.59493,3.50882,1.57517
16.95,-1.51574,-1.51574,-3.47094,-3.47094,3.52612,1.38254
16.96,-1.66147,-1.66147,-3.33721,-3.33721,3.5346,1.18492
16.97,-1.80397,-1.80397,-3.19421,-3.19421,3.53425,0.983048
16.98,-1.94272,-1.94272,-3.04246,-3.04246,3.52506,0.777634
16.99,-2.07722,-2.07722,-2.88251,-2.88251,3.50706,0.569421
17,-2.20698,-2.20698,-2.71491,-2.71491,3.4803,0.35916
17.01,-2.33149,-2.33149,-2.54024,-2.54024,3.44483,0.147605
17.02,-2.4503,-2.4503,-2.35911,-2.35911,3.40076,-0.0644802
17.03,-2.56292,-2.56292,-2.17213,-2.17213,3.34819,-0.276334
17.04,-2.66893,-2.66893,-1.97994,-1.97994,3.28725,-0.487193
17.05,-2.76789,-2.76789,-1.78318,-1.78318,3.21809,-0.696298
17.06,-2.85939,-2.85939,-1.5825,-1.5825,3.14089,-0.902898
17.07,-2.94304,-2.94304,-1.37857,-1.37857,3.05583,-1.10625
17.08,-3.01847,-3.01847,-1.17205,-1.17205,2.96314,-1.30562
17.09,-3.08534,-3.08534,-0.963617,-0.963617,2.86305,-1.50029
17.1,-3.14334,-3.14334,-0.753944,-0.753944,2.7558,-1.68956
17.11,-3.19216,-3.19216,-0.543699,-0.543699,2.64165,-1.87275
17.12,-3.23156,-3.23156,-0.333551,-0.333551,2.52091,-2.0492
17.13,-3.26128,-3.26128,-0.124163,-0.124163,2.39387,-2.21827
17.14,-3.28112,-3.28112,0.0838112,0.0838112,2.26084,-2.37937
17.15,-3.29091,-3.29091,0.289726,0.289726,2.12216,-2.53189
17.16,-3.29051,-3.29051,0.492948,0.492948,1.97818,-2.67531
17.17,-3.27981,-3.27981,0.692859,0.692859,1.82925,-2.8091
17.18,-3.25872,-3.25872,0.888854,0.888854,1.67575,-2.93278
17.19,-3.22721,-3.22721,1.08035,1.08035,1.51806,-3.0459
17.2,-3.18526,-3.18526,1.26677,1.26677,1.35658,-3.14806
17.21,-3.13291,-3.13291,1.44758,1.44758,1.19171,-3.2389
17.22,-3.07021,-3.07021,1.62226,1.62226,1.02385,-3.31807
17.23,-2.99725,-2.99725,1.7903,1.7903,0.853443,-3.38531
17.24,-2.91417,-2.91417,1.95123,1.95123,0.680898,-3.44036
17.25,-2.82113,-2.82113,2.10461,2.10461,0.506652,-3.48303
17.26,-2.71833,-2.71833,2.25003,2.25003,0.33114,-3.51316
17.27,-2.60601,-2.60601,2.38709,2.38709,0.1548,-3.53065
17.28,-2.48443,-2.48443,2.51544,2.51544,-0.0219273,-3.53544
17.29,-2.35389,-2.35389,2.63475,2.63475,-0.1986,-3.5275
17.3,-2.21472,-2.21472,2.74473,2.74473,-0.374775,-3.50686
17.31,-2.06729,-2.06729,2.84513,2.84513,-0.550015,-3.47361
17.32,-1.912,-1.912,2.93571,2.93571,-0.723879,-3.42785
17.33,-1.74926,-1.74926,3.0163,3.0163,-0.895934,-3.36976
17.34,-1.57952,-1.57952,3.08672,3.08672,-1.06575,-3.29953
17.35,-1.40328,-1.40328,3.14687,3.14687,-1.2329,-3.21744
17.36,-1.22103,-1.22103,3.19664,3.19664,-1.39697,-3.12376
17.37,-1.03329,-1.03329,3.236,3.236,-1.55755,-3.01885
17.38,-0.840629,-0.840629,3.26492,3.26492,-1.71424,-2.90306
17.39,-0.643607,-0.643607,3.28343,3.28343,-1.86664,-2.77683
17.4,-0.442818,-0.442818,3.29157,3.29157,-2.01437,-2.64061
17.41,-0.238869,-0.238869,3.28943,3.28943,-2.15707,-2.49488
17.42,-0.032384,-0.032384,3.27713,3.27713,-2.29438,-2.34018
17.43,0.176002,0.176002,3.25482,3.25482,-2.42595,-2.17705
17.44,0.38564,0.38564,3.22268,3.22268,-2.55146,-2.00609
17.45,0.595874,0.595874,3.18092,3.18092,-2.6706,-1.82791
17.46,0.806039,0.806039,3.1298,3.1298,-2.78306,-1.64314
17.47,1.01547,1.01547,3.06957,3.06957,-2.88856,-1.45247
17.48,1.22349,1.22349,3.00054,3.00054,-2.98684,-1.25657
17.49,1.42942,1.42942,2.92304,2.92304,-3.07766,-1.05614
17.5,1.63261,1.63261,2.83741,2.83741,-3.16078,-0.851919
17.51,1.83238,1.83238,2.74402,2.74402,-3.236,-0.644628
17.52,2.02807,2.02807,2.64327,2.64327,-3.30314,-0.435017
17.53,2.21903,2.21903,2.53558,2.53558,-3.36202,-0.22384
17.54,2.40461,2.40461,2.42138,2.42138,-3.41249,-0.0118578
17.55,2.5842,2.5842,2.30112,2.30112,-3.45444,0.200167
17.56,2.75717,2.75717,2.17526,2.17526,-3.48775,0.411472
17.57,2.92293,2.92293,2.04428,2.04428,-3.51235,0.621295
17.58,3.0809,3.0809,1.90868,1.90868,-3.52816,0.828883
17.59,3.23052,3.23052,1.76895,1.76895,-3.53516,1.03349
17.6,3.37127,3.37127,1.6256,1.6256,-3.53332,1.23437
17.61,3.50263,3.50263,1.47915,1.47915,-3.52265,1.43082
17.62,3.62412,3.62412,1.33011,1.33011,-3.50317,1.62211
17.63,3.73529,3.73529,1.17901,1.17901,-3.47494,1.80756
17.64,3.83573,3.83573,1.02637,1.02637,-3.43802,1.98651
17.65,3.92503,3.92503,0.872709,0.872709,-3.39251,2.15832
17.66,4.00284,4.00284,0.718543,0.718543,-3.33852,2.32235
17.67,4.06884,4.06884,0.564387,0.564387,-3.27619,2.47802
17.68,4.12275,4.12275,0.410747,0.410747,-3.20567,2.62478
17.69,4.16431,4.16431,0.25812,0.25812,-3.12713,2.76209
17.7,4.19331,4.19331,0.106996,0.106996,-3.04078,2.88946
17.71,4.20959,4.20959,-0.0421498,-0.0421498,-2.94683,3.00643
17.72,4.21301,4.21301,-0.188853,-0.188853,-2.84551,3.11259
17.73,4.20348,4.20348,-0.332664,-0.332664,-2.73708,3.20753
17.74,4.18094,4.18094,-0.47315,-0.47315,-2.62181,3.29094
17.75,4.1454,4.1454,-0.609895,-0.609895,-2.49998,3.3625
17.76,4.09689,4.09689,-0.742501,-0.742501,-2.37191,3.42196
17.77,4.03547,4.03547,-0.870591,-0.870591,-2.23791,3.46911
17.78,3.96127,3.96127,-0.993808,-0.993808,-2.09831,3.50377
17.79,3.87444,3.87444,-1.11182,-1.11182,-1.95347,3.52582
17.8,3.77519,3.77519,-1.22431,-1.22431,-1.80375,3.53518
17.81,3.66376,3.66376,-1.33099,-1.33099,-1.64952,3.53182
17.82,3.54042,3.54042,-1.4316,-1.4316,-1.49116,3.51575
17.83,3.4055,3.4055,-1.52589,-1.52589,-1.32908,3.48702
17.84,3.25936,3.25936,-1.61367,-1.61367,-1.16368,3.44575
17.85,3.10239,3.10239,-1.69473,-1.69473,-0.995367,3.39207
17.86,2.93503,2.93503,-1.76891,-1.76891,-0.824567,3.32619
17.87,2.75774,2.75774,-1.83609,-1.83609,-0.651707,3.24833
17.88,2.57104,2.57104,-1.89616,-1.89616,-0.477217,3.15879
17.89,2.37546,2.37546,-1.94903,-1.94903,-0.301535,3.05788
17.9,2.17156,2.17156,-1.99465,-1.99465,-0.125099,2.94596
17.91,1.95995,1.95995,-2.03299,-2.03299,0.0516501,2.82344
17.92,1.74124,1.74124,-2.06406,-2.06406,0.22827,2.69076
17.93,1.51609,1.51609,-2.08788,-2.08788,0.404319,2.54839
17.94,1.28516,1.28516,-2.1045,-2.1045,0.579357,2.39685
17.95,1.04916,1.04916,-2.11399,-2.11399,0.752948,2.23669
17.96,0.808804,0.808804,-2.11647,-2.11647,0.924656,2.06848
17.97,0.564814,0.564814,-2.11204,-2.11204,1.09405,1.89282
17.98,0.317941,0.317941,-2.10086,-2.10086,1.26072,1.71035
17.99,0.068943,0.068943,-2.08311,-2.08311,1.42423,1.52173
18,-0.18141,-0.18141,-2.05896,-2.05896,1.58418,1.32763
18.01,-0.432342,-0.432342,-2.02863,-2.02863,1.74017,1.12875
18.02,-0.68307,-0.68307,-1.99236,-1.99236,1.89181,0.925807
18.03,-0.932811,-0.932811,-1.95039,-1.95039,2.03873,0.719534
18.04,-1.18078,-1.18078,-1.90298,-1.90298,2.18055,0.510671
18.05,-1.42619,-1.42619,-1.85042,-1.85042,2.31691,0.29997
18.06,-1.66828,-1.66828,-1.793,-1.793,2.44749,0.0881902
18.07,-1.90626,-1.90626,-1.73103,-1.73103,2.57195,-0.123907
18.08,-2.13938,-2.13938,-1.66483,-1.66483,2.68998,-0.335559
18.09,-2.36689,-2.36689,-1.59473,-1.59473,2.80129,-0.546003
18.1,-2.58807,-2.58807,-1.52107,-1.52107,2.9056,-0.754482
18.11,-2.80218,-2.80218,-1.44419,-1.44419,3.00264,-0.960245
18.12,-3.00855,-3.00855,-1.36445,-1.36445,3.09218,-1.16255
18.13,-3.20649,-3.20649,-1.2822,-1.2822,3.17399,-1.36068
18.14,-3.39536,-3.39536,-1.19781,-1.19781,3.24786,-1.5539
18.15,-3.57454,-3.57454,-1.11163,-1.11163,3.31362,-1.74154
18.16,-3.74342,-3.74342,-1.02403,-1.02403,3.3711,-1.9229
18.17,-3.90146,-3.90146,-0.935357,-0.935357,3.42015,-2.09735
18.18,-4.04811,-4.04811,-0.84598,-0.84598,3.46065,-2.26425
18.19,-4.18289,-4.18289,-0.75625,-0.75625,3.4925,-2.423
18.2,-4.30532,-4.30532,-0.666513,-0.666513,3.51562,-2.57303
18.21,-4.415,-4.415,-0.57711,-0.57711,3.52995,-2.7138
18.22,-4.51153,-4.51153,-0.488375,-0.488375,3.53547,-2.8448
18.23,-4.59457,-4.59457,-0.400631,-0.400631,3.53214,-2.96556
18.24,-4.66382,-4.66382,-0.31419,-0.31419,3.51999,-3.07565
18.25,-4.71903,-4.71903,-0.229356,-0.229356,3.49904,-3.17468
18.26,-4.75997,-4.75997,-0.146416,-0.146416,3.46934,-3.26227
18.27,-4.78648,-4.78648,-0.0656468,-0.0656468,3.43097,-3.33813
18.28,-4.79842,-4.79842,0.0126916,0.0126916,3.38402,-3.40197
18.29,-4.79573,-4.79573,0.0883536,0.0883536,3.32862,-3.45357
18.3,-4.77837,-4.77837,0.16111,0.16111,3.2649,-3.49274
18.31,-4.74635,-4.74635,0.230748,0.230748,3.19301,-3.51934
18.32,-4.69973,-4.69973,0.297073,0.297073,3.11315,-3.53328
18.33,-4.63862,-4.63862,0.359909,0.359909,3.0255,-3.53449
18.34,-4.56316,-4.56316,0.419098,0.419098,2.9303,-3.52299
18.35,-4.47356,-4.47356,0.4745,0.4745,2.82777,-3.49881
18.36,-4.37006,-4.37006,0.525997,0.525997,2.71817,-3.46204
18.37,-4.25295,-4.25295,0.573487,0.573487,2.60177,-3.4128
18.38,-4.12255,-4.12255,0.61689,0.61689,2.47887,-3.35129
18.39,-3.97924,-3.97924,0.656146,0.656146,2.34978,-3.27771
18.4,-3.82344,-3.82344,0.691214,0.691214,2.21482,-3.19234
18.41,-3.6556,-3.6556,0.722073,0.722073,2.07431,-3.09548
18.42,-3.47621,-3.47621,0.74872,0.74872,1.92863,-2.98748
18.43,-3.28581,-3.28581,0.771173,0.771173,1.77812,-2.86872
18.44,-3.08498,-3.08498,0.789469,0.789469,1.62317,-2.73965
18.45,-2.8743,-2.8743,0.803661,0.803661,1.46416,-2.60071
18.46,-2.65441,-2.65441,0.813823,0.813823,1.30149,-2.45241
18.47,-2.42598,-2.42598,0.820044,0.820044,1.13557,-2.29529
18.48,-2.18971,-2.18971,0.822431,0.822431,0.96681,-2.1299
18.49,-1.9463,-1.9463,0.821107,0.821107,0.795634,-1.95685
18.5,-1.69651,-1.69651,0.816209,0.816209,0.622469,-1.77676
18.51,-1.4411,-1.4411,0.807889,0.807889,0.447748,-1.59028
18.52,-1.18085,-1.18085,0.796314,0.796314,0.271908,-1.39807
18.53,-0.916562,-0.916562,0.781662,0.781662,0.0953887,-1.20083
18.54,-0.649049,-0.649049,0.764122,0.764122,-0.0813692,-0.999263
18.55,-0.379137,-0.379137,0.743896,0.743896,-0.257924,-0.794104
18.56,-0.107659,-0.107659,0.721193,0.721193,-0.433834,-0.586087
18.57,0.164543,0.164543,0.696231,0.696231,-0.608659,-0.375961
18.58,0.436626,0.436626,0.669238,0.669238,-0.781963,-0.164482
18.59,0.707745,0.707745,0.640443,0.640443,-0.953313,0.0475897
18.6,0.977059,0.977059,0.610085,0.610085,-1.12228,0.25949
18.61,1.24373,1.24373,0.578403,0.578403,-1.28844,0.470456
18.62,1.50692,1.50692,0.545642,0.545642,-1.45138,0.679729
18.63,1.76582,1.76582,0.512045,0.512045,-1.6107,0.886555
18.64,2.01962,2.01962,0.477858,0.477858,-1.76598,1.09019
18.65,2.26752,2.26752,0.443324,0.443324,-1.91686,1.2899
18.66,2.50875,2.50875,0.408684,0.408684,-2.06294,1.48497
18.67,2.74256,2.74256,0.374178,0.374178,-2.20387,1.6747
18.68,2.96821,2.96821,0.340038,0.340038,-2.33928,1.8584
18.69,3.185,3.185,0.306493,0.306493,-2.46886,2.03541
18.7,3.39224,3.39224,0.273764,0.273764,-2.59226,2.20509
18.71,3.58929,3.58929,0.242065,0.242065,-2.70918,2.36684
18.72,3.77553,3.77553,0.211602,0.211602,-2.81933,2.52008
18.73,3.95037,3.95037,0.182568,0.182568,-2.92243,2.66424
18.74,4.11327,4.11327,0.15515,0.15515,-3.01823,2.79881
18.75,4.26371,4.26371,0.129519,0.129519,-3.10648,2.92331
18.76,4.40122,4.40122,0.105838,0.105838,-3.18697,3.03729
18.77,4.52536,4.52536,0.084253,0.084253,-3.25949,3.14034
18.78,4.63576,4.63576,0.064899,0.064899,-3.32387,3.23209
18.79,4.73206,4.73206,0.0478954,0.0478954,-3.37994,3.3122
18.8,4.81395,4.81395,0.0333472,0.0333472,-3.42756,3.3804
18.81,4.88118,4.88118,0.0213435,0.0213435,-3.46661,3.43643
18.82,4.93354,4.93354,0.0119581,0.0119581,-3.497,3.48009
18.83,4.97087,4.97087,0.00524825,0.00524825,-3.51865,3.51122
18.84,4.99304,4.99304,0.00125501,0.00125501,-3.5315,3.52972
18.85,4.99998,4.99998,2.71158e-06,2.71158e-06,-3.53553,3.53552
18.86,4.99169,4.99169,0.001499,0.001499,-3.53071,3.52859
18.87,4.96817,4.96817,0.00573475,0.00573475,-3.51708,3.50897
18.88,4.9295,4.9295,0.0126841,0.0126841,-3.49465,3.47671
18.89,4.87581,4.87581,0.0223047,0.0223047,-3.46349,3.43195
18.9,4.80727,4.80727,0.0345375,0.0345375,-3.42367,3.37483
18.91,4.72408,4.72408,0.0493077,0.0493077,-3.3753,3.30556
18.92,4.62652,4.62652,0.0665245,0.0665245,-3.31848,3.2244
18.93,4.51489,4.51489,0.0860817,0.0860817,-3.25338,3.13164
18.94,4.38954,4.38954,0.107858,0.107858,-3.18014,3.0276
18.95,4.25086,4.25086,0.131719,0.131719,-3.09895,2.91267
18.96,4.09929,4.09929,0.157515,0.157515,-3.01002,2.78726
18.97,3.93532,3.93532,0.185084,0.185084,-2.91356,2.65181
18.98,3.75944,3.75944,0.214252,0.214252,-2.80982,2.50682
18.99,3.57222,3.57222,0.244834,0.244834,-2.69906,2.35281
19,3.37424,3.37424,0.276632,0.276632,-2.58155,2.19034
19.01,3.16612,3.16612,0.309442,0.309442,-2.45759,2.01998
19.02,2.94852,2.94852,0.343049,0.343049,-2.32749,1.84234
19.03,2.72211,2.72211,0.377231,0.377231,-2.19157,1.65808
19.04,2.48762,2.48762,0.411759,0.411759,-2.05017,1.46785
19.05,2.24576,2.24576,0.446399,0.446399,-1.90365,1.27234
19.06,1.99731,1.99731,0.480912,0.480912,-1.75237,1.07225
19.07,1.74302,1.74302,0.515057,0.515057,-1.5967,0.868304
19.08,1.48371,1.48371,0.548589,0.548589,-1.43705,0.66123
19.09,1.22017,1.22017,0.581265,0.581265,-1.27381,0.451776
19.1,0.953234,0.953234,0.612838,0.612838,-1.10738,0.240696
19.11,0.683726,0.683726,0.643067,0.643067,-0.938185,0.0287501
19.12,0.412487,0.412487,0.671711,0.671711,-0.766644,-0.183299
19.13,0.140359,0.140359,0.698534,0.698534,-0.593187,-0.394689
19.14,-0.131813,-0.131813,0.723304,0.723304,-0.418248,-0.604659
19.15,-0.403185,-0.403185,0.745796,0.745796,-0.242263,-0.812452
19.16,-0.672917,-0.672917,0.765792,0.765792,-0.0656721,-1.01732
19.17,-0.940177,-0.940177,0.783083,0.783083,0.111083,-1.21853
19.18,-1.20414,-1.20414,0.79747,0.79747,0.28756,-1.41535
19.19,-1.46399,-1.46399,0.808763,0.808763,0.463318,-1.60708
19.2,-1.71894,-1.71894,0.816785,0.816785,0.637918,-1.79303
19.21,-1.96819,-1.96819,0.821371,0.821371,0.810924,-1.97252
19.22,-2.21099,-2.21099,0.822371,0.822371,0.981903,-2.14491
19.23,-2.4466,-2.4466,0.819649,0.819649,1.15043,-2.30959
19.24,-2.67429,-2.67429,0.813082,0.813082,1.31608,-2.46595
19.25,-2.89339,-2.89339,0.802565,0.802565,1.47844,-2.61343
19.26,-3.10322,-3.10322,0.788011,0.788011,1.6371,-2.75152
19.27,-3.30316,-3.30316,0.769348,0.769348,1.79167,-2.8797
19.28,-3.4926,-3.4926,0.746524,0.746524,1.94177,-2.99751
19.29,-3.67098,-3.67098,0.719503,0.719503,2.08701,-3.10454
19.3,-3.83777,-3.83777,0.68827,0.68827,2.22703,-3.20039
19.31,-3.99248,-3.99248,0.652829,0.652829,2.36149,-3.28473
19.32,-4.13466,-4.13466,0.613202,0.613202,2.49005,-3.35724
19.33,-4.26389,-4.26389,0.569433,0.569433,2.61238,-3.41768
19.34,-4.37981,-4.37981,0.521584,0.521584,2.72818,-3.46581
19.35,-4.48209,-4.48209,0.469736,0.469736,2.83716,-3.50147
19.36,-4.57044,-4.57044,0.413993,0.413993,2.93905,-3.52453
19.37,-4.64463,-4.64463,0.354474,0.354474,3.0336,-3.5349
19.38,-4.70446,-4.70446,0.291321,0.291321,3.12056,-3.53255
19.39,-4.74979,-4.74979,0.224694,0.224694,3.19972,-3.51749
19.4,-4.78051,-4.78051,0.154771,0.154771,3.27089,-3.48977
19.41,-4.79657,-4.79657,0.0817479,0.0817479,3.33388,-3.44949
19.42,-4.79795,-4.79795,0.00583874,0.00583874,3.38854,-3.39679
19.43,-4.78471,-4.78471,-0.0727258,-0.0727258,3.43473,-3.33188
19.44,-4.75691,-4.75691,-0.153699,-0.153699,3.47233,-3.25496
19.45,-4.7147,-4.7147,-0.236818,-0.236818,3.50125,-3.16634
19.46,-4.65824,-4.65824,-0.321807,-0.321807,3.52142,-3.06632
19.47,-4.58775,-4.58775,-0.408376,-0.408376,3.53279,-2.95526
19.48,-4.5035,-4.5035,-0.496221,-0.496221,3.53533,-2.83357
19.49,-4.40578,-4.40578,-0.585029,-0.585029,3.52904,-2.70168
19.5,-4.29496,-4.29496,-0.674474,-0.674474,3.51392,-2.56007
19.51,-4.17141,-4.17141,-0.764225,-0.764225,3.49002,-2.40924
19.52,-4.03556,-4.03556,-0.853938,-0.853938,3.4574,-2.24975
19.53,-3.88788,-3.88788,-0.943266,-0.943266,3.41613,-2.08215
19.54,-3.72885,-3.72885,-1.03185,-1.03185,3.36633,-1.90707
19.55,-3.55903,-3.55903,-1.11935,-1.11935,3.30811,-1.72512
19.56,-3.37897,-3.37897,-1.20538,-1.20538,3.24163,-1.53696
19.57,-3.18927,-3.18927,-1.2896,-1.2896,3.16704,-1.34327
19.58,-2.99055,-2.99055,-1.37164,-1.37164,3.08453,-1.14474
19.59,-2.78347,-2.78347,-1.45114,-1.45114,2.99432,-0.942099
19.6,-2.5687,-2.5687,-1.52774,-1.52774,2.89662,-0.736064
19.61,-2.34693,-2.34693,-1.6011,-1.6011,2.79168,-0.527381
19.62,-2.11889,-2.11889,-1.67087,-1.67087,2.67977,-0.316799
19.63,-1.88531,-1.88531,-1.73671,-1.73671,2.56115,-0.105077
19.64,-1.64693,-1.64693,-1.79829,-1.79829,2.43614,0.107024
19.65,-1.40452,-1.40452,-1.85529,-1.85529,2.30503,0.318739
19.66,-1.15885,-1.15885,-1.9074,-1.9074,2.16817,0.529307
19.67,-0.910691,-0.910691,-1.95434,-1.95434,2.02588,0.73797
19.68,-0.66083,-0.66083,-1.99581,-1.99581,1.87853,0.943977
19.69,-0.410052,-0.410052,-2.03157,-2.03157,1.72649,1.14659
19.7,-0.15914,-0.15914,-2.06136,-2.06136,1.57013,1.34507
19.71,0.0911241,0.0911241,-2.08494,-2.08494,1.40984,1.53871
19.72,0.339964,0.339964,-2.10212,-2.10212,1.24604,1.72682
19.73,0.586612,0.586612,-2.11271,-2.11271,1.07911,1.90871
19.74,0.83031,0.83031,-2.11653,-2.11653,0.909493,2.08373
19.75,1.07031,1.07031,-2.11344,-2.11344,0.7376,2.25125
19.76,1.30589,1.30589,-2.10331,-2.10331,0.563863,2.41067
19.77,1.53633,1.53633,-2.08606,-2.08606,0.388717,2.56141
19.78,1.76094,1.76094,-2.0616,-2.0616,0.2126,2.70294
19.79,1.97904,1.97904,-2.02988,-2.02988,0.0359508,2.83474
19.8,2.18999,2.18999,-1.99089,-1.99089,-0.140788,2.95633
19.81,2.39318,2.39318,-1.94462,-1.94462,-0.317175,3.06729
19.82,2.58799,2.58799,-1.89111,-1.89111,-0.492769,3.16721
19.83,2.77388,2.77388,-1.83041,-1.83041,-0.667132,3.25572
19.84,2.9503,2.9503,-1.7626,-1.7626,-0.839827,3.33253
19.85,3.11676,3.11676,-1.6878,-1.6878,-1.01042,3.39733
19.86,3.27278,3.27278,-1.60614,-1.60614,-1.17849,3.44992
19.87,3.41794,3.41794,-1.51778,-1.51778,-1.34362,3.49008
19.88,3.55185,3.55185,-1.42291,-1.42291,-1.50538,3.51769
19.89,3.67414,3.67414,-1.32176,-1.32176,-1.66339,3.53263
19.9,3.7845,3.7845,-1.21455,-1.21455,-1.81723,3.53486
19.91,3.88266,3.88266,-1.10156,-1.10156,-1.96654,3.52437
19.92,3.96837,3.96837,-0.983071,-0.983071,-2.11093,3.5012
19.93,4.04144,4.04144,-0.859407,-0.859407,-2.25004,3.46542
19.94,4.10172,4.10172,-0.730901,-0.730901,-2.38353,3.41718
19.95,4.14908,4.14908,-0.597911,-0.597911,-2.51106,3.35663
19.96,4.18347,4.18347,-0.460818,-0.460818,-2.63231,3.28401
19.97,4.20485,4.20485,-0.320019,-0.320019,-2.74699,3.19956
19.98,4.21323,4.21323,-0.175934,-0.175934,-2.8548,3.10361
19.99,4.20866,4.20866,-0.0289955,-0.0289955,-2.95547,2.99648
20,4.19125,4.19125,0.120345,0.120345,-3.04876,2.87856
20.01,4.16112,4.16112,0.271622,0.271622,-3.13442,2.75029
20.02,4.11846,4.11846,0.424359,0.424359,-3.21226,2.61212
20.03,4.06347,4.06347,0.578065,0.578065,-3.28206,2.46455
20.04,3.9964,3.9964,0.732243,0.732243,-3.34366,2.30811
20.05,3.91756,3.91756,0.886385,0.886385,-3.3969,2.14336
20.06,3.82725,3.82725,1.03998,1.03998,-3.44165,1.9709
20.07,3.72585,3.72585,1.1925,1.1925,-3.4778,1.79135
20.08,3.61374,3.61374,1.34344,1.34344,-3.50526,1.60535
20.09,3.49135,3.49135,1.49227,1.49227,-3.52395,1.41357
20.1,3.35914,3.35914,1.63846,1.63846,-3.53384,1.2167
20.11,3.21758,3.21758,1.78151,1.78151,-3.53489,1.01546
20.12,3.06719,3.06719,1.9209,1.9209,-3.52711,0.810556
20.13,2.90851,2.90851,2.05611,2.05611,-3.51052,0.602739
20.14,2.74209,2.74209,2.18665,2.18665,-3.48514,0.392753
20.15,2.56851,2.56851,2.31203,2.31203,-3.45106,0.181354
20.16,2.38836,2.38836,2.43178,2.43178,-3.40835,-0.0306981
20.17,2.20227,2.20227,2.54542,2.54542,-3.35713,-0.24264
20.18,2.01087,2.01087,2.65251,2.65251,-3.29751,-0.453708
20.19,1.81479,1.81479,2.75262,2.75262,-3.22965,-0.663143
20.2,1.61469,1.61469,2.84533,2.84533,-3.15371,-0.870192
20.21,1.41124,1.41124,2.93026,2.93026,-3.0699,-1.07411
20.22,1.20509,1.20509,3.00702,3.00702,-2.97841,-1.27416
20.23,0.996914,0.996914,3.07528,3.07528,-2.87948,-1.46963
20.24,0.787393,0.787393,3.13471,3.13471,-2.77335,-1.6598
20.25,0.577194,0.577194,3.18501,3.18501,-2.66028,-1.84401
20.26,0.366987,0.366987,3.22592,3.22592,-2.54057,-2.02157
20.27,0.157433,0.157433,3.2572,3.2572,-2.41451,-2.19186
20.28,-0.0508094,-0.0508094,3.27863,3.27863,-2.28241,-2.35427
20.29,-0.257095,-0.257095,3.29003,3.29003,-2.14461,-2.5082
20.3,-0.460788,-0.460788,3.29126,3.29126,-2.00145,-2.6531
20.31,-0.661267,-0.661267,3.28221,3.28221,-1.85328,-2.78846
20.32,-0.857925,-0.857925,3.26278,3.26278,-1.70049,-2.91378
20.33,-1.05017,-1.05017,3.23293,3.23293,-1.54344,-3.02861
20.34,-1.23744,-1.23744,3.19264,3.19264,-1.38253,-3.13254
20.35,-1.41918,-1.41918,3.14194,3.14194,-1.21817,-3.2252
20.36,-1.59487,-1.59487,3.08088,3.08088,-1.05077,-3.30626
20.37,-1.764,-1.764,3.00955,3.00955,-0.880737,-3.37541
20.38,-1.9261,-1.9261,2.92807,2.92807,-0.708504,-3.43241
20.39,-2.08071,-2.08071,2.83661,2.83661,-0.5345,-3.47707
20.4,-2.22742,-2.22742,2.73535,2.73535,-0.35916,-3.50921
20.41,-2.36583,-2.36583,2.62452,2.62452,-0.182922,-3.52872
20.42,-2.49559,-2.49559,2.5044,2.5044,-0.00622693,-3.53553
20.43,-2.61636,-2.61636,2.37526,2.37526,0.170484,-3.52961
20.44,-2.72785,-2.72785,2.23745,2.23745,0.346768,-3.511
20.45,-2.82979,-2.82979,2.09131,2.09131,0.522186,-3.47974
20.46,-2.92195,-2.92195,1.93724,1.93724,0.696298,-3.43597
20.47,-3.00414,-3.00414,1.77565,1.77565,0.86867,-3.37983
20.48,-3.07619,-3.07619,1.60701,1.60701,1.03887,-3.31152
20.49,-3.13798,-3.13798,1.43176,1.43176,1.20648,-3.2313
20.5,-3.18941,-3.18941,1.25043,1.25043,1.37106,-3.13944
20.51,-3.23043,-3.23043,1.06354,1.06354,1.53223,-3.03629
20.52,-3.26102,-3.26102,0.87162,0.87162,1.68956,-2.92221
20.53,-3.28118,-3.28118,0.675253,0.675253,1.84267,-2.79762
20.54,-3.29096,-3.29096,0.475024,0.475024,1.99117,-2.66296
20.55,-3.29045,-3.29045,0.271537,0.271537,2.1347,-2.51871
20.56,-3.27976,-3.27976,0.0654138,0.0654138,2.27289,-2.3654
20.57,-3.25903,-3.25903,-0.142712,-0.142712,2.4054,-2.20357
20.58,-3.22844,-3.22844,-0.352195,-0.352195,2.53189,-2.03382
20.59,-3.18821,-3.18821,-0.562378,-0.562378,2.65206,-1.85674
20.6,-3.13856,-3.13856,-0.772599,-0.772599,2.7656,-1.67298
20.61,-3.07976,-3.07976,-0.98219,-0.98219,2.87223,-1.48321
20.62,-3.01211,-3.01211,-1.19048,-1.19048,2.97168,-1.28809
20.63,-2.93593,-2.93593,-1.39679,-1.39679,3.0637,-1.08834
20.64,-2.85157,-2.85157,-1.60046,-1.60046,3.14806,-0.884669
20.65,-2.7594,-2.7594,-1.80082,-1.80082,3.22456,-0.677817
20.66,-2.6598,-2.6598,-1.9972,-1.9972,3.29299,-0.468525
20.67,-2.55318,-2.55318,-2.18896,-2.18896,3.3532,-0.257547
20.68,-2.43999,-2.43999,-2.37544,-2.37544,3.40502,-0.0456418
20.69,-2.32066,-2.32066,-2.55602,-2.55602,3.44833,0.166427
20.7,-2.19566,-2.19566,-2.73009,-2.73009,3.48303,0.377898
20.71,-2.06546,-2.06546,-2.89703,-2.89703,3.50901,0.588008
20.72,-1.93056,-1.93056,-3.05628,-3.05628,3.52623,0.796002
20.73,-1.79146,-1.79146,-3.20727,-3.20727,3.53463,1.00113
20.74,-1.64865,-1.64865,-3.34947,-3.34947,3.5342,1.20266
20.75,-1.50266,-1.50266,-3.48235,-3.48235,3.52494,1.39986
20.76,-1.354,-1.354,-3.60545,-3.60545,3.50686,1.59202
20.77,-1.20319,-1.20319,-3.7183,-3.7183,3.48002,1.77845
20.78,-1.05076,-1.05076,-3.82047,-3.82047,3.44448,1.95848
20.79,-0.897229,-0.897229,-3.91157,-3.91157,3.40033,2.13146
20.8,-0.743109,-0.743109,-3.99123,-3.99123,3.34768,2.29677
20.81,-0.588917,-0.588917,-4.05913,-4.05913,3.28667,2.45381
20.82,-0.435161,-0.435161,-4.11498,-4.11498,3.21744,2.60203
20.83,-0.28234,-0.28234,-4.15853,-4.15853,3.14017,2.74088
20.84,-0.130944,-0.130944,-4.18954,-4.18954,3.05504,2.86986
20.85,0.0185478,0.0185478,-4.20786,-4.20786,2.96229,2.98852
20.86,0.16567,0.16567,-4.21333,-4.21333,2.86213,3.09642
20.87,0.309971,0.309971,-4.20586,-4.20586,2.75481,3.19318
20.88,0.451015,0.451015,-4.1854,-4.1854,2.64061,3.27844
20.89,0.588383,0.588383,-4.15193,-4.15193,2.51981,3.35191
20.9,0.721674,0.721674,-4.10548,-4.10548,2.39271,3.41331
20.91,0.850508,0.850508,-4.04611,-4.04611,2.25963,3.46243
20.92,0.974525,0.974525,-3.97394,-3.97394,2.1209,3.49909
20.93,1.09338,1.09338,-3.88911,-3.88911,1.97688,3.52315
20.94,1.20677,1.20677,-3.79182,-3.79182,1.82791,3.53454
20.95,1.3144,1.3144,-3.68231,-3.68231,1.67437,3.53321
20.96,1.41599,1.41599,-3.56085,-3.56085,1.51664,3.51915
20.97,1.51131,1.51131,-3.42775,-3.42775,1.35513,3.49244
20.98,1.60013,1.60013,-3.28337,-3.28337,1.19023,3.45315
20.99,1.68227,1.68227,-3.12809,-3.12809,1.02235,3.40144
21,1.75756,1.75756,-2.96236,-2.96236,0.851919,3.33749
21.01,1.82587,1.82587,-2.78662,-2.78662,0.679358,3.26152
21.02,1.88707,1.88707,-2.60139,-2.60139,0.505098,3.17382
21.03,1.94109,1.94109,-2.40718,-2.40718,0.329577,3.07469
21.04,1.98787,1.98787,-2.20457,-2.20457,0.153231,2.9645
21.05,2.02737,2.02737,-1.99414,-1.99414,-0.0234974,2.84364
21.06,2.0596,2.0596,-1.77652,-1.77652,-0.200167,2.71255
21.07,2.08457,2.08457,-1.55235,-1.55235,-0.376337,2.57169
21.08,2.10233,2.10233,-1.3223,-1.3223,-0.551565,2.42158
21.09,2.11295,2.11295,-1.08706,-1.08706,-0.725416,2.26275
21.1,2.11654,2.11654,-0.847347,-0.847347,-0.897453,2.09578
21.11,2.1132,2.1132,-0.603886,-0.603886,-1.06725,1.92127
21.12,2.10309,2.10309,-0.357421,-0.357421,-1.23437,1.73984
21.13,2.08637,2.08637,-0.10871,-0.10871,-1.39841,1.55215
21.14,2.06322,2.06322,0.141479,0.141479,-1.55896,1.35888
21.15,2.03387,2.03387,0.39237,0.39237,-1.71561,1.16071
21.16,1.99852,1.99852,0.643184,0.643184,-1.86797,0.95837
21.17,1.95744,1.95744,0.893135,0.893135,-2.01566,0.752578
21.18,1.91088,1.91088,1.14144,1.14144,-2.15832,0.544078
21.19,1.85912,1.85912,1.38731,1.38731,-2.29557,0.33362
21.2,1.80246,1.80246,1.62998,1.62998,-2.4271,0.12196
21.21,1.74119,1.74119,1.86866,1.86866,-2.55255,-0.0901376
21.22,1.67564,1.67564,2.10261,2.10261,-2.67163,-0.301911
21.23,1.60614,1.60614,2.33106,2.33106,-2.78402,-0.512598
21.24,1.53302,1.53302,2.55329,2.55329,-2.88946,-0.721441
21.25,1.45663,1.45663,2.76858,2.76858,-2.98768,-0.927687
21.26,1.37733,1.37733,2.97623,2.97623,-3.07843,-1.13059
21.27,1.29546,1.29546,3.17556,3.17556,-3.16148,-1.32943
21.28,1.21138,1.21138,3.36591,3.36591,-3.23663,-1.52349
21.29,1.12546,1.12546,3.54667,3.54667,-3.3037,-1.71206
21.3,1.03806,1.03806,3.71724,3.71724,-3.3625,-1.89447
21.31,0.949535,0.949535,3.87704,3.87704,-3.4129,-2.07006
21.32,0.860248,0.860248,4.02554,4.02554,-3.45477,-2.2382
21.33,0.77055,0.77055,4.16224,4.16224,-3.48801,-2.39829
21.34,0.680791,0.680791,4.28667,4.28667,-3.51252,-2.54974
21.35,0.591313,0.591313,4.3984,4.3984,-3.52826,-2.69202
21.36,0.502449,0.502449,4.49705,4.49705,-3.53518,-2.82461
21.37,0.414526,0.414526,4.58226,4.58226,-3.53326,-2.94703
21.38,0.327858,0.327858,4.65373,4.65373,-3.52251,-3.05885
21.39,0.242748,0.242748,4.71119,4.71119,-3.50296,-3.15966
21.4,0.159487,0.159487,4.75441,4.75441,-3.47465,-3.2491
21.41,0.0783544,0.0783544,4.78323,4.78323,-3.43766,-3.32685
21.42,-0.000388039,-0.000388039,4.7975,4.7975,-3.39207,-3.39262
21.43,-0.076492,-0.076492,4.79714,4.79714,-3.33801,-3.44618
21.44,-0.149726,-0.149726,4.78212,4.78212,-3.2756,-3.48734
21.45,-0.219874,-0.219874,4.75243,4.75243,-3.205,-3.51595
21.46,-0.286739,-0.286739,4.70813,4.70813,-3.1264,-3.53191
21.47,-0.350142,-0.350142,4.64932,4.64932,-3.03998,-3.53515
21.48,-0.409922,-0.409922,4.57613,4.57613,-2.94596,-3.52567
21.49,-0.465935,-0.465935,4.48877,4.48877,-2.84458,-3.50351
21.5,-0.518061,-0.518061,4.38747,4.38747,-2.73608,-3.46873
21.51,-0.566195,-0.566195,4.2725,4.2725,-2.62075,-3.42147
21.52,-0.610254,-0.610254,4.14419,4.14419,-2.49887,-3.3619
21.53,-0.650174,-0.650174,4.00291,4.00291,-2.37074,-3.29023
21.54,-0.685911,-0.685911,3.84907,3.84907,-2.23669,-3.20671
21.55,-0.71744,-0.71744,3.68311,3.68311,-2.09705,-3.11166
21.56,-0.744758,-0.744758,3.50553,3.50553,-1.95216,-3.00541
21.57,-0.767877,-0.767877,3.31685,3.31685,-1.8024,-2.88834
21.58,-0.786831,-0.786831,3.11764,3.11764,-1.64813,-2.76088
21.59,-0.801673,-0.801673,2.90848,2.90848,-1.48974,-2.62348
21.6,-0.812471,-0.812471,2.69002,2.69002,-1.32763,-2.47663
21.61,-0.819313,-0.819313,2.46291,2.46291,-1.1622,-2.32088
21.62,-0.822303,-0.822303,2.22783,2.22783,-0.99386,-2.15677
21.63,-0.821561,-0.821561,1.98552,1.98552,-0.82304,-1.9849
21.64,-0.817222,-0.817222,1.73669,1.73669,-0.650163,-1.80589
21.65,-0.809437,-0.809437,1.48212,1.48212,-0.475661,-1.62038
21.66,-0.798369,-0.798369,1.22259,1.22259,-0.29997,-1.42903
21.67,-0.784194,-0.784194,0.958891,0.958891,-0.12353,-1.23255
21.68,-0.767101,-0.767101,0.691837,0.691837,0.05322,-1.03162
21.69,-0.747289,-0.747289,0.422251,0.422251,0.229836,-0.826989
21.7,-0.724966,-0.724966,0.150967,0.150967,0.405879,-0.619378
21.71,-0.700349,-0.700349,-0.121176,-0.121176,0.580906,-0.409537
21.72,-0.673663,-0.673663,-0.393335,-0.393335,0.754482,-0.198222
21.73,-0.64514,-0.64514,-0.664664,-0.664664,0.926171,0.0138058
21.74,-0.615015,-0.615015,-0.934322,-0.934322,1.09555,0.225784
21.75,-0.583528,-0.583528,-1.20147,-1.20147,1.26218,0.43695
21.76,-0.550922,-0.550922,-1.46527,-1.46527,1.42566,0.646543
21.77,-0.517442,-0.517442,-1.72491,-1.72491,1.58558,0.853809
21.78,-0.483332,-0.483332,-1.97957,-1.97957,1.74154,1.058
21.79,-0.448837,-0.448837,-2.22847,-2.22847,1.89314,1.25839
21.8,-0.414198,-0.414198,-2.47081,-2.47081,2.04001,1.45425
21.81,-0.379655,-0.379655,-2.70585,-2.70585,2.18178,1.64487
21.82,-0.345441,-0.345441,-2.93285,-2.93285,2.3181,1.82957
21.83,-0.311786,-0.311786,-3.15109,-3.15109,2.44862,2.00769
21.84,-0.278913,-0.278913,-3.3599,-3.3599,2.57303,2.17859
21.85,-0.247036,-0.247036,-3.55861,-3.55861,2.691,2.34164
21.86,-0.216363,-0.216363,-3.74661,-3.74661,2.80225,2.49626
21.87,-0.187089,-0.187089,-3.92331,-3.92331,2.90649,2.64191
21.88,-0.159401,-0.159401,-4.08814,-4.08814,3.00347,2.77804
21.89,-0.133475,-0.133475,-4.2406,-4.2406,3.09294,2.90418
21.9,-0.109473,-0.109473,-4.3802,-4.3802,3.17468,3.01986
21.91,-0.0875447,-0.0875447,-4.5065,-4.5065,3.24848,3.12468
21.92,-0.067827,-0.067827,-4.61911,-4.61911,3.31417,3.21825
21.93,-0.0504417,-0.0504417,-4.71768,-4.71768,3.37157,3.30023
21.94,-0.035496,-0.035496,-4.80188,-4.80188,3.42054,3.37034
21.95,-0.0230817,-0.0230817,-4.87147,-4.87147,3.46097,3.42833
21.96,-0.013275,-0.013275,-4.92621,-4.92621,3.49274,3.47397
21.97,-0.00613588,-0.00613588,-4.96594,-4.96594,3.51579,3.50711
21.98,-0.00170792,-0.00170792,-4.99053,-4.99053,3.53004,3.52763
21.99,-1.81392e-05,-1.81392e-05,-4.9999,-4.9999,3.53548,3.53545
22,-0.00107685,-0.00107685,-4.99403,-4.99403,3.53207,3.53055
22.01,-0.0048776,-0.0048776,-4.97293,-4.97293,3.51984,3.51294
22.02,-0.0113972,-0.0113972,-4.93667,-4.93667,3.49881,3.48269
22.03,-0.0205958,-0.0205958,-4.88536,-4.88536,3.46904,3.43991
22.04,-0.0324172,-0.0324172,-4.81917,-4.81917,3.43059,3.38474
22.05,-0.046789,-0.046789,-4.7383,-4.7383,3.38357,3.3174
22.06,-0.0636228,-0.0636228,-4.64301,-4.64301,3.32809,3.23812
22.07,-0.082815,-0.082815,-4.5336,-4.5336,3.2643,3.14718
22.08,-0.104247,-0.104247,-4.4104,-4.4104,3.19234,3.04491
22.09,-0.127785,-0.127785,-4.27382,-4.27382,3.11241,2.93169
22.1,-0.153284,-0.153284,-4.12428,-4.12428,3.02469,2.80792
22.11,-0.180582,-0.180582,-3.96224,-3.96224,2.92942,2.67404
22.12,-0.209507,-0.209507,-3.78822,-3.78822,2.82682,2.53053
22.13,-0.239877,-0.239877,-3.60277,-3.60277,2.71716,2.37792
22.14,-0.271495,-0.271495,-3.40646,-3.40646,2.60071,2.21676
22.15,-0.304158,-0.304158,-3.19992,-3.19992,2.47775,2.04761
22.16,-0.337653,-0.337653,-2.98378,-2.98378,2.34861,1.8711
22.17,-0.371758,-0.371758,-2.75873,-2.75873,2.21359,1.68785
22.18,-0.406246,-0.406246,-2.52548,-2.52548,2.07304,1.49852
22.19,-0.440884,-0.440884,-2.28475,-2.28475,1.92731,1.30381
22.2,-0.475434,-0.475434,-2.03729,-2.03729,1.77676,1.1044
22.21,-0.509653,-0.509653,-1.78388,-1.78388,1.62177,0.901014
22.22,-0.5433,-0.5433,-1.52531,-1.52531,1.46273,0.694388
22.23,-0.576128,-0.576128,-1.26239,-1.26239,1.30003,0.485263
22.24,-0.607893,-0.607893,-0.995942,-0.995942,1.13408,0.274392
22.25,-0.638353,-0.638353,-0.726787,-0.726787,0.9653,0.0625325
22.26,-0.667265,-0.667265,-0.455767,-0.455767,0.794104,-0.149552
22.27,-0.694394,-0.694394,-0.183725,-0.183725,0.620923,-0.361098
22.28,-0.719506,-0.719506,0.0884967,0.0884967,0.446191,-0.571344
22.29,-0.742375,-0.742375,0.360053,0.360053,0.270343,-0.779534
22.3,-0.762783,-0.762783,0.630102,0.630102,0.0938192,-0.984919
22.31,-0.780519,-0.780519,0.897812,0.897812,-0.0829388,-1.18676
22.32,-0.795381,-0.795381,1.16235,1.16235,-0.25949,-1.38433
22.33,-0.807178,-0.807178,1.42292,1.42292,-0.435392,-1.57691
22.34,-0.815733,-0.815733,1.67869,1.67869,-0.610206,-1.76383
22.35,-0.820877,-0.820877,1.92891,1.92891,-0.783494,-1.94439
22.36,-0.822458,-0.822458,2.17278,2.17278,-0.954825,-2.11796
22.37,-0.820337,-0.820337,2.40959,2.40959,-1.12377,-2.2839
22.38,-0.814389,-0.814389,2.63859,2.63859,-1.2899,-2.44162
22.39,-0.804508,-0.804508,2.8591,2.8591,-1.45281,-2.59056
22.4,-0.790602,-0.790602,3.07045,3.07045,-1.61209,-2.73017
22.41,-0.772598,-0.772598,3.272,3.272,-1.76734,-2.85996
22.42,-0.750439,-0.750439,3.46315,3.46315,-1.91818,-2.97946
22.43,-0.724088,-0.724088,3.64333,3.64333,-2.06422,-3.08823
22.44,-0.693526,-0.693526,3.812,3.812,-2.20509,-3.18589
22.45,-0.658754,-0.658754,3.96867,3.96867,-2.34046,-3.27208
22.46,-0.619792,-0.619792,4.11287,4.11287,-2.46998,-3.3465
22.47,-0.576679,-0.576679,4.24419,4.24419,-2.59332,-3.40887
22.48,-0.529475,-0.529475,4.36225,4.36225,-2.71018,-3.45897
22.49,-0.478258,-0.478258,4.46672,4.46672,-2.82027,-3.49663
22.5,-0.423127,-0.423127,4.55731,4.55731,-2.92331,-3.5217
22.51,-0.3642,-0.3642,4.63377,4.63377,-3.01904,-3.5341
22.52,-0.301616,-0.301616,4.6959,4.6959,-3.10723,-3.53378
22.53,-0.235531,-0.235531,4.74355,4.74355,-3.18765,-3.52074
22.54,-0.16612,-0.16612,4.7766,4.7766,-3.2601,-3.49503
22.55,-0.0935769,-0.0935769,4.79499,4.79499,-3.3244,-3.45674
22.56,-0.0181124,-0.0181124,4.79871,4.79871,-3.3804,-3.40601
22.57,0.0600454,0.0600454,4.7878,4.7878,-3.42794,-3.34302
22.58,0.140652,0.140652,4.76231,4.76231,-3.46692,-3.26801
22.59,0.223448,0.223448,4.72238,4.72238,-3.49723,-3.18123
22.6,0.308158,0.308158,4.66818,4.66818,-3.5188,-3.083
22.61,0.394495,0.394495,4.5999,4.5999,-3.53157,-2.97367
22.62,0.482157,0.482157,4.51782,4.51782,-3.53552,-2.85365
22.63,0.570833,0.570833,4.42223,4.42223,-3.53063,-2.72335
22.64,0.6602,0.6602,4.31347,4.31347,-3.51692,-2.58325
22.65,0.749924,0.749924,4.19192,4.19192,-3.49441,-2.43386
22.66,0.839666,0.839666,4.058,4.058,-3.46317,-2.27571
22.67,0.929079,0.929079,3.91217,3.91217,-3.42328,-2.10936
22.68,1.01781,1.01781,3.75492,3.75492,-3.37483,-1.93543
22.69,1.1055,1.1055,3.58678,3.58678,-3.31794,-1.75453
22.7,1.19179,1.19179,3.40831,3.40831,-3.25276,-1.56731
22.71,1.27632,1.27632,3.2201,3.2201,-3.17945,-1.37446
22.72,1.35873,1.35873,3.02278,3.02278,-3.0982,-1.17666
22.73,1.43866,1.43866,2.81698,2.81698,-3.00919,-0.97462
22.74,1.51575,1.51575,2.60339,2.60339,-2.91267,-0.769075
22.75,1.58965,1.58965,2.38269,2.38269,-2.80887,-0.560763
22.76,1.66001,1.66001,2.1556,2.1556,-2.69805,-0.350433
22.77,1.7265,1.7265,1.92285,1.92285,-2.58048,-0.138842
22.78,1.78878,1.78878,1.68519,1.68519,-2.45646,0.0732495
22.79,1.84653,1.84653,1.44337,1.44337,-2.32631,0.285077
22.8,1.89944,1.89944,1.19816,1.19816,-2.19034,0.495878
22.81,1.94722,1.94722,0.950348,0.950348,-2.04889,0.704895
22.82,1.98959,1.98959,0.700706,0.700706,-1.90232,0.911375
22.83,2.02627,2.02627,0.450021,0.450021,-1.751,1.11458
22.84,2.05702,2.05702,0.199078,0.199078,-1.5953,1.31376
22.85,2.08161,2.08161,-0.0513411,-0.0513411,-1.43562,1.50822
22.86,2.09982,2.09982,-0.30046,-0.30046,-1.27234,1.69726
22.87,2.11147,2.11147,-0.547508,-0.547508,-1.10589,1.88018
22.88,2.11638,2.11638,-0.791725,-0.791725,-0.936671,2.05634
22.89,2.1144,2.1144,-1.03237,-1.03237,-0.765111,2.2251
22.9,2.1054,2.1054,-1.2687,-1.2687,-0.591639,2.38585
22.91,2.08929,2.08929,-1.5,-1.5,-0.416688,2.53801
22.92,2.06598,2.06598,-1.72558,-1.72558,-0.240696,2.68104
22.93,2.03542,2.03542,-1.94477,-1.94477,-0.0641023,2.81442
22.94,1.99759,1.99759,-2.1569,-2.1569,0.112652,2.93767
22.95,1.95248,1.95248,-2.36136,-2.36136,0.289124,3.05035
22.96,1.90012,1.90012,-2.55755,-2.55755,0.464874,3.15205
22.97,1.84056,1.84056,-2.74489,-2.74489,0.639462,3.2424
22.98,1.77388,1.77388,-2.92286,-2.92286,0.812452,3.32109
22.99,1.70018,1.70018,-3.09093,-3.09093,0.983411,3.38783
23,1.6196,1.6196,-3.24865,-3.24865,1.15191,3.44237
23.01,1.53229,1.53229,-3.39557,-3.39557,1.31753,3.48452
23.02,1.43845,1.43845,-3.53129,-3.53129,1.47986,3.51414
23.03,1.33828,1.33828,-3.65545,-3.65545,1.63849,3.5311
23.04,1.23202,1.23202,-3.76774,-3.76774,1.79303,3.53536
23.05,1.11993,1.11993,-3.86785,-3.86785,1.94308,3.52689
23.06,1.0023,1.0023,-3.95556,-3.95556,2.08827,3.50574
23.07,0.879435,0.879435,-4.03066,-4.03066,2.22825,3.47196
23.08,0.751677,0.751677,-4.09298,-4.09298,2.36266,3.42569
23.09,0.619377,0.619377,-4.14241,-4.14241,2.49116,3.36709
23.1,0.482911,0.482911,-4.17886,-4.17886,2.61343,3.29637
23.11,0.342675,0.342675,-4.20231,-4.20231,2.72918,3.21379
23.12,0.199084,0.199084,-4.21276,-4.21276,2.8381,3.11965
23.13,0.0525703,0.0525703,-4.21025,-4.21025,2.93993,3.01427
23.14,-0.0964181,-0.0964181,-4.19488,-4.19488,3.0344,2.89805
23.15,-0.247419,-0.247419,-4.16677,-4.16677,3.1213,2.7714
23.16,-0.399955,-0.399955,-4.12608,-4.12608,3.20039,2.63477
23.17,-0.55354,-0.55354,-4.07304,-4.07304,3.27149,2.48866
23.18,-0.707677,-0.707677,-4.00788,-4.00788,3.3344,2.3336
23.19,-0.861859,-0.861859,-3.93089,-3.93089,3.38899,2.17013
23.2,-1.01557,-1.01557,-3.84239,-3.84239,3.4351,1.99886
23.21,-1.1683,-1.1683,-3.74273,-3.74273,3.47262,1.82039
23.22,-1.31953,-1.31953,-3.6323,-3.6323,3.50147,1.63537
23.23,-1.46873,-1.46873,-3.51151,-3.51151,3.52156,1.44447
23.24,-1.61538,-1.61538,-3.38083,-3.38083,3.53286,1.24837
23.25,-1.75896,-1.75896,-3.24073,-3.24073,3.53532,1.04777
23.26,-1.89896,-1.89896,-3.09172,-3.09172,3.52894,0.843404
23.27,-2.03487,-2.03487,-2.93432,-2.93432,3.51375,0.636002
23.28,-2.16619,-2.16619,-2.76909,-2.76909,3.48977,0.426311
23.29,-2.29243,-2.29243,-2.59661,-2.59661,3.45707,0.215086
23.3,-2.4131,-2.4131,-2.41747,-2.41747,3.41573,0.00308683
23.31,-2.52775,-2.52775,-2.23228,-2.23228,3.36585,-0.208923
23.32,-2.63591,-2.63591,-2.04168,-2.04168,3.30756,-0.420182
23.33,-2.73716,-2.73716,-1.84631,-1.84631,3.241,-0.629928
23.34,-2.83108,-2.83108,-1.6468,-1.6468,3.16634,-0.837407
23.35,-2.91727,-2.91727,-1.44384,-1.44384,3.08377,-1.04187
23.36,-2.99536,-2.99536,-1.23807,-1.23807,2.99348,-1.24259
23.37,-3.06499,-3.06499,-1.03018,-1.03018,2.89572,-1.43883
23.38,-3.12585,-3.12585,-0.820825,-0.820825,2.79072,-1.6299
23.39,-3.17762,-3.17762,-0.61069,-0.61069,2.67874,-1.8151
23.4,-3.22005,-3.22005,-0.400439,-0.400439,2.56007,-1.99376
23.41,-3.25287,-3.25287,-0.190737,-0.190737,2.435,-2.16526
23.42,-3.27588,-3.27588,0.017758,0.017758,2.30384,-2.32896
23.43,-3.28889,-3.28889,0.224398,0.224398,2.16693,-2.48427
23.44,-3.29175,-3.29175,0.428546,0.428546,2.02459,-2.63065
23.45,-3.28434,-3.28434,0.629578,0.629578,1.8772,-2.76756
23.46,-3.26657,-3.26657,0.826884,0.826884,1.72512,-2.89451
23.47,-3.23838,-3.23838,1.01987,1.01987,1.56872,-3.01104
23.48,-3.19976,-3.19976,1.20797,1.20797,1.4084,-3.11674
23.49,-3.15071,-3.15071,1.39063,1.39063,1.24457,-3.21121
23.5,-3.0913,-3.0913,1.56732,1.56732,1.07762,-3.29414
23.51,-3.02159,-3.02159,1.73752,1.73752,0.907976,-3.3652
23.52,-2.94172,-2.94172,1.90077,1.90077,0.736064,-3.42416
23.53,-2.85183,-2.85183,2.0566,2.0566,0.562313,-3.47079
23.54,-2.75212,-2.75212,2.2046,2.2046,0.387157,-3.50493
23.55,-2.6428,-2.6428,2.34436,2.34436,0.211033,-3.52646
23.56,-2.52414,-2.52414,2.47552,2.47552,0.0343808,-3.53529
23.57,-2.39642,-2.39642,2.59774,2.59774,-0.142357,-3.53141
23.58,-2.25996,-2.25996,2.71073,2.71073,-0.318739,-3.51481
23.59,-2.11512,-2.11512,2.8142,2.8142,-0.494324,-3.48556
23.6,-1.96229,-1.96229,2.90794,2.90794,-0.668673,-3.44377
23.61,-1.80187,-1.80187,2.99173,2.99173,-0.841352,-3.38959
23.62,-1.63432,-1.63432,3.0654,3.0654,-1.01193,-3.3232
23.63,-1.4601,-1.4601,3.12883,3.12883,-1.17997,-3.24486
23.64,-1.2797,-1.2797,3.18192,3.18192,-1.34507,-3.15484
23.65,-1.09365,-1.09365,3.2246,3.2246,-1.5068,-3.05346
23.66,-0.902498,-0.902498,3.25684,3.25684,-1.66477,-2.9411
23.67,-0.706802,-0.706802,3.27866,3.27866,-1.81858,-2.81815
23.68,-0.507148,-0.507148,3.2901,3.2901,-1.96784,-2.68506
23.69,-0.304139,-0.304139,3.29122,3.29122,-2.11219,-2.5423
23.7,-0.0983928,-0.0983928,3.28214,3.28214,-2.25125,-2.3904
23.71,0.109457,0.109457,3.263,3.263,-2.38469,-2.22989
23.72,0.318767,0.318767,3.23397,3.23397,-2.51216,-2.06136
23.73,0.528883,0.528883,3.19525,3.19525,-2.63336,-1.88541
23.74,0.739143,0.739143,3.14708,3.14708,-2.74798,-1.70267
23.75,0.948879,0.948879,3.08972,3.08972,-2.85572,-1.51381
23.76,1.15742,1.15742,3.02347,3.02347,-2.95633,-1.31949
23.77,1.36409,1.36409,2.94862,2.94862,-3.04955,-1.12043
23.78,1.56823,1.56823,2.86554,2.86554,-3.13515,-0.917339
23.79,1.76916,1.76916,2.77458,2.77458,-3.21291,-0.710944
23.8,1.96622,1.96622,2.67614,2.67614,-3.28264,-0.50199
23.81,2.15875,2.15875,2.57061,2.57061,-3.34417,-0.29123
23.82,2.34612,2.34612,2.45844,2.45844,-3.39733,-0.0794217
23.83,2.52768,2.52768,2.34006,2.34006,-3.44201,0.132672
23.84,2.70283,2.70283,2.21593,2.21593,-3.47808,0.344289
23.85,2.87094,2.87094,2.08653,2.08653,-3.50546,0.554667
23.86,3.03146,3.03146,1.95234,1.95234,-3.52408,0.763048
23.87,3.1838,3.1838,1.81387,1.81387,-3.53389,0.968684
23.88,3.32743,3.32743,1.67162,1.67162,-3.53486,1.17083
23.89,3.46183,3.46183,1.5261,1.5261,-3.527,1.36877
23.9,3.58652,3.58652,1.37783,1.37783,-3.51033,1.56178
23.91,3.70103,3.70103,1.22733,1.22733,-3.48488,1.74917
23.92,3.80493,3.80493,1.07513,1.07513,-3.45072,1.93026
23.93,3.89781,3.89781,0.921735,0.921735,-3.40794,2.10441
23.94,3.97932,3.97932,0.767673,0.767673,-3.35663,2.27098
23.95,4.04912,4.04912,0.613459,0.613459,-3.29694,2.42938
23.96,4.10691,4.10691,0.459599,0.459599,-3.22901,2.57904
23.97,4.15242,4.15242,0.306596,0.306596,-3.153,2.71941
23.98,4.18545,4.18545,0.154941,0.154941,-3.06912,2.85
23.99,4.2058,4.2058,0.00511435,0.00511435,-2.97756,2.97033
24,4.21332,4.21332,-0.142416,-0.142416,-2.87856,3.07997
24.01,4.20792,4.20792,-0.287196,-0.287196,-2.77237,3.17853
24.02,4.18953,4.18953,-0.428787,-0.428787,-2.65925,3.26565
24.03,4.15813,4.15813,-0.566768,-0.566768,-2.53948,3.34101
24.04,4.11374,4.11374,-0.700734,-0.700734,-2.41336,3.40435
24.05,4.05643,4.05643,-0.830303,-0.830303,-2.28121,3.45544
24.06,3.98628,3.98628,-0.95511,-0.95511,-2.14336,3.49409
24.07,3.90346,3.90346,-1.07481,-1.07481,-2.00015,3.52017
24.08,3.80814,3.80814,-1.18909,-1.18909,-1.85195,3.53358
24.09,3.70056,3.70056,-1.29765,-1.29765,-1.69911,3.53427
24.1,3.58098,3.58098,-1.40022,-1.40022,-1.54203,3.52224
24.11,3.44971,3.44971,-1.49656,-1.49656,-1.38109,3.49754
24.12,3.3071,3.3071,-1.58643,-1.58643,-1.2167,3.46025
24.13,3.15354,3.15354,-1.66964,-1.66964,-1.04927,3.4105
24.14,2.98944,2.98944,-1.74604,-1.74604,-0.879216,3.34848
24.15,2.81526,2.81526,-1.81546,-1.81546,-0.706966,3.27441
24.16,2.6315,2.6315,-1.8778,-1.8778,-0.532948,3.18856
24.17,2.43869,2.43869,-1.93297,-1.93297,-0.357598,3.09123
24.18,2.23738,2.23738,-1.98091,-1.98091,-0.181354,2.98278
24.19,2.02816,2.02816,-2.02157,-2.02157,-0.00465688,2.86359
24.2,1.81164,1.81164,-2.05495,-2.05495,0.172052,2.73409
24.21,1.58846,1.58846,-2.08108,-2.08108,0.348331,2.59476
24.22,1.3593,1.3593,-2.09998,-2.09998,0.523739,2.44609
24.23,1.12485,1.12485,-2.11174,-2.11174,0.697837,2.28861
24.24,0.885796,0.885796,-2.11643,-2.11643,0.870192,2.1229
24.25,0.642881,0.642881,-2.11419,-2.11419,1.04037,1.94954
24.26,0.396844,0.396844,-2.10515,-2.10515,1.20795,1.76917
24.27,0.14844,0.14844,-2.08946,-2.08946,1.37251,1.58244
24.28,-0.101565,-0.101565,-2.06733,-2.06733,1.53364,1.39001
24.29,-0.352397,-0.352397,-2.03895,-2.03895,1.69094,1.19257
24.3,-0.603275,-0.603275,-2.00454,-2.00454,1.84401,0.990846
24.31,-0.853416,-0.853416,-1.96436,-1.96436,1.99247,0.785555
24.32,-1.10203,-1.10203,-1.91865,-1.91865,2.13595,0.577436
24.33,-1.34835,-1.34835,-1.8677,-1.8677,2.27409,0.367238
24.34,-1.59158,-1.59158,-1.8118,-1.8118,2.40655,0.15572
24.35,-1.83095,-1.83095,-1.75124,-1.75124,2.53299,-0.0563597
24.36,-2.0657,-2.0657,-1.68635,-1.68635,2.6531,-0.268236
24.37,-2.29508,-2.29508,-1.61746,-1.61746,2.76658,-0.479147
24.38,-2.51835,-2.51835,-1.5449,-1.5449,2.87315,-0.688334
24.39,-2.73479,-2.73479,-1.46901,-1.46901,2.97253,-0.895043
24.4,-2.9437,-2.9437,-1.39014,-1.39014,3.06448,-1.09853
24.41,-3.14439,-3.14439,-1.30865,-1.30865,3.14878,-1.29807
24.42,-3.33622,-3.33622,-1.2249,-1.2249,3.2252,-1.49293
24.43,-3.51855,-3.51855,-1.13925,-1.13925,3.29357,-1.68242
24.44,-3.69078,-3.69078,-1.05206,-1.05206,3.3537,-1.86585
24.45,-3.85233,-3.85233,-0.963694,-0.963694,3.40544,-2.04257
24.46,-4.00267,-4.00267,-0.874505,-0.874505,3.44868,-2.21194
24.47,-4.14128,-4.14128,-0.784849,-0.784849,3.4833,-2.37335
24.48,-4.26769,-4.26769,-0.695077,-0.695077,3.50921,-2.52622
24.49,-4.38147,-4.38147,-0.605531,-0.605531,3.52634,-2.66999
24.5,-4.48223,-4.48223,-0.516548,-0.516548,3.53467,-2.80416
24.51,-4.5696,-4.5696,-0.428453,-0.428453,3.53416,-2.92823
24.52,-4.64328,-4.64328,-0.341564,-0.341564,3.52482,-3.04177
24.53,-4.70298,-4.70298,-0.256186,-0.256186,3.50666,-3.14436
24.54,-4.74849,-4.74849,-0.172612,-0.172612,3.47974,-3.23563
24.55,-4.77961,-4.77961,-0.0911227,-0.0911227,3.44413,-3.31526
24.56,-4.7962,-4.7962,-0.0119825,-0.0119825,3.3999,-3.38296
24.57,-4.79818,-4.79818,0.0645577,0.0645577,3.34718,-3.43848
24.58,-4.7855,-4.7855,0.138263,0.138263,3.28609,-3.48162
24.59,-4.75814,-4.75814,0.208917,0.208917,3.21679,-3.51224
24.6,-4.71616,-4.71616,0.276317,0.276317,3.13944,-3.53022
24.61,-4.65965,-4.65965,0.340283,0.340283,3.05425,-3.53549
24.62,-4.58874,-4.58874,0.400649,0.400649,2.96143,-3.52803
24.63,-4.50363,-4.50363,0.457272,0.457272,2.8612,-3.50788
24.64,-4.40452,-4.40452,0.510024,0.510024,2.75383,-3.47511
24.65,-4.29171,-4.29171,0.5588,0.5588,2.63957,-3.42983
24.66,-4.1655,-4.1655,0.603512,0.603512,2.51871,-3.3722
24.67,-4.02626,-4.02626,0.644095,0.644095,2.39155,-3.30244
24.68,-3.87439,-3.87439,0.6805,0.6805,2.25842,-3.2208
24.69,-3.71034,-3.71034,0.712701,0.712701,2.11965,-3.12756
24.7,-3.53457,-3.53457,0.740689,0.740689,1.97557,-3.02307
24.71,-3.34762,-3.34762,0.764475,0.764475,1.82656,-2.90769
24.72,-3.15005,-3.15005,0.78409,0.78409,1.67298,-2.78185
24.73,-2.94243,-2.94243,0.799582,0.799582,1.51522,-2.646
24.74,-2.72541,-2.72541,0.811019,0.811019,1.35368,-2.50063
24.75,-2.49963,-2.49963,0.818484,0.818484,1.18875,-2.34626
24.76,-2.26578,-2.26578,0.82208,0.82208,1.02085,-2.18344
24.77,-2.02456,-2.02456,0.821924,0.821924,0.850395,-2.01277
24.78,-1.77673,-1.77673,0.818148,0.818148,0.677817,-1.83485
24.79,-1.52302,-1.52302,0.810901,0.810901,0.503544,-1.65033
24.8,-1.26423,-1.26423,0.800344,0.800344,0.328013,-1.45987
24.81,-1.00114,-1.00114,0.786652,0.786652,0.151663,-1.26416
24.82,-0.73456,-0.73456,0.770011,0.770011,-0.0250674,-1.06389
24.83,-0.465322,-0.465322,0.750618,0.750618,-0.201735,-0.859799
24.84,-0.194252,-0.194252,0.72868,0.72868,-0.377898,-0.652612
24.85,0.0778105,0.0778105,0.704414,0.704414,-0.553116,-0.443075
24.86,0.350023,0.350023,0.678043,0.678043,-0.726952,-0.231945
24.87,0.621541,0.621541,0.649796,0.649796,-0.898971,-0.0199794
24.88,0.891521,0.891521,0.61991,0.61991,-1.06874,0.192058
24.89,1.15912,1.15912,0.588624,0.588624,-1.23584,0.403404
24.9,1.42351,1.42351,0.55618,0.55618,-1.39986,0.613298
24.91,1.68387,1.68387,0.522823,0.522823,-1.56037,0.820986
24.92,1.93938,1.93938,0.488797,0.488797,-1.71698,1.02572
24.93,2.18925,2.18925,0.454347,0.454347,-1.8693,1.22676
24.94,2.43269,2.43269,0.419715,0.419715,-2.01695,1.42338
24.95,2.66894,2.66894,0.38514,0.38514,-2.15956,1.61489
24.96,2.89726,2.89726,0.350859,0.350859,-2.29677,1.80058
24.97,3.11695,3.11695,0.3171,0.3171,-2.42824,1.97979
24.98,3.3273,3.3273,0.284087,0.284087,-2.55364,2.15188
24.99,3.52767,3.52767,0.252038,0.252038,-2.67265,2.31622
25,3.71741,3.71741,0.221159,0.221159,-2.78499,2.47222
25.01,3.89595,3.89595,0.19165,0.19165,-2.89037,2.61933
25.02,4.06271,4.06271,0.163697,0.163697,-2.98852,2.75702
25.03,4.21717,4.21717,0.137479,0.137479,-3.0792,2.88477
25.04,4.35884,4.35884,0.11316,0.11316,-3.16219,3.00215
25.05,4.48729,4.48729,0.0908925,0.0908925,-3.23727,3.10873
25.06,4.60211,4.60211,0.0708142,0.0708142,-3.30426,3.20411
25.07,4.70293,4.70293,0.0530498,0.0530498,-3.36299,3.28796
25.08,4.78944,4.78944,0.037709,0.037709,-3.41331,3.35998
25.09,4.86137,4.86137,0.0248861,0.0248861,-3.45511,3.41991
25.1,4.91849,4.91849,0.0146596,0.0146596,-3.48826,3.46753
25.11,4.96062,4.96062,0.00709232,0.00709232,-3.5127,3.50267
25.12,4.98763,4.98763,0.00223032,0.00223032,-3.52836,3.52521
25.13,4.99943,4.99943,0.000103318,0.000103318,-3.5352,3.53506
25.14,4.99598,4.99598,0.00072429,0.00072429,-3.53321,3.53218
25.15,4.97731,4.97731,0.00408945,0.00408945,-3.52238,3.51659
25.16,4.94345,4.94345,0.0101783,0.0101783,-3.50275,3.48835
25.17,4.89453,4.89453,0.0189536,0.0189536,-3.47436,3.44756
25.18,4.8307,4.8307,0.0303617,0.0303617,-3.43729,3.39435
25.19,4.75215,4.75215,0.0443328,0.0443328,-3.39163,3.32893
25.2,4.65914,4.65914,0.060781,0.060781,-3.33749,3.25153
25.21,4.55195,4.55195,0.0796052,0.0796052,-3.27501,3.16243
25.22,4.43093,4.43093,0.100689,0.100689,-3.20434,3.06194
25.23,4.29645,4.29645,0.123901,0.123901,-3.12566,2.95044
25.24,4.14894,4.14894,0.149098,0.149098,-3.03917,2.82832
25.25,3.98886,3.98886,0.176121,0.176121,-2.94509,2.69602
25.26,3.81672,3.81672,0.204799,0.204799,-2.84364,2.55401
25.27,3.63305,3.63305,0.234951,0.234951,-2.73509,2.40282
25.28,3.43843,3.43843,0.266384,0.266384,-2.6197,2.24297
25.29,3.23347,3.23347,0.298894,0.298894,-2.49776,2.07506
25.3,3.01882,3.01882,0.332271,0.332271,-2.36958,1.89968
25.31,2.79514,2.79514,0.366294,0.366294,-2.23547,1.71746
25.32,2.56315,2.56315,0.400737,0.400737,-2.09578,1.52905
25.33,2.32356,2.32356,0.435367,0.435367,-1.95085,1.33515
25.34,2.07712,2.07712,0.469947,0.469947,-1.80105,1.13644
25.35,1.82461,1.82461,0.504235,0.504235,-1.64674,0.933643
25.36,1.56681,1.56681,0.537989,0.537989,-1.48832,0.727483
25.37,1.30453,1.30453,0.570964,0.570964,-1.32617,0.518706
25.38,1.03858,1.03858,0.602915,0.602915,-1.16071,0.308062
25.39,0.769801,0.769801,0.633599,0.633599,-0.992354,0.0963091
25.4,0.499022,0.499022,0.662774,0.662774,-0.821513,-0.11579
25.41,0.227085,0.227085,0.690202,0.690202,-0.64862,-0.327473
25.42,-0.045164,-0.045164,0.715651,0.715651,-0.474106,-0.537977
25.43,-0.316882,-0.316882,0.738892,0.738892,-0.298406,-0.746545
25.44,-0.587228,-0.587228,0.759706,0.759706,-0.12196,-0.952426
25.45,-0.855366,-0.855366,0.777881,0.777881,0.0547898,-1.15488
25.46,-1.12047,-1.12047,0.793214,0.793214,0.231403,-1.35318
25.47,-1.38172,-1.38172,0.805512,0.805512,0.407438,-1.5466
25.48,-1.63831,-1.63831,0.814595,0.814595,0.582455,-1.73447
25.49,-1.88946,-1.88946,0.820293,0.820293,0.756016,-1.91608
25.5,-2.1344,-2.1344,0.822451,0.822451,0.927687,-2.09081
25.51,-2.37238,-2.37238,0.820928,0.820928,1.09704,-2.25801
25.52,-2.60267,-2.60267,0.815597,0.815597,1.26365,-2.41708
25.53,-2.82458,-2.82458,0.806349,0.806349,1.4271,-2.56745
25.54,-3.03743,-3.03743,0.79309,0.79309,1.58699,-2.70858
25.55,-3.24058,-3.24058,0.775742,0.775742,1.7429,-2.83997
25.56,-3.43343,-3.43343,0.754248,0.754248,1.89447,-2.96113
25.57,-3.61539,-3.61539,0.728566,0.728566,2.04129,-3.07164
25.58,-3.78593,-3.78593,0.698676,0.698676,2.18302,-3.17109
25.59,-3.94454,-3.94454,0.664574,0.664574,2.31929,-3.25913
25.6,-4.09076,-4.09076,0.626277,0.626277,2.44976,-3.33545
25.61,-4.22415,-4.22415,0.583821,0.583821,2.5741,-3.39975
25.62,-4.34435,-4.34435,0.537264,0.537264,2.69202,-3.45182
25.63,-4.45101,-4.45101,0.486679,0.486679,2.8032,-3.49147
25.64,-4.54383,-4.54383,0.432165,0.432165,2.90738,-3.51856
25.65,-4.62255,-4.62255,0.373834,0.373834,3.0043,-3.53298
25.66,-4.68697,-4.68697,0.311823,0.311823,3.0937,-3.53468
25.67,-4.73693,-4.73693,0.246284,0.246284,3.17537,-3.52367
25.68,-4.77231,-4.77231,0.17739,0.17739,3.2491,-3.49997
25.69,-4.79304,-4.79304,0.105332,0.105332,3.31471,-3.46368
25.7,-4.7991,-4.7991,0.0303177,0.0303177,3.37204,-3.41492
25.71,-4.79051,-4.79051,-0.0474271,-0.0474271,3.42094,-3.35387
25.72,-4.76734,-4.76734,-0.127661,-0.127661,3.46129,-3.28075
25.73,-4.7297,-4.7297,-0.210126,-0.210126,3.49299,-3.19582
25.74,-4.67776,-4.67776,-0.29455,-0.29455,3.51595,-3.09939
25.75,-4.61171,-4.61171,-0.380648,-0.380648,3.53013,-2.99181
25.76,-4.53181,-4.53181,-0.46812,-0.46812,3.53548,-2.87346
25.77,-4.43835,-4.43835,-0.556656,-0.556656,3.532,-2.74477
25.78,-4.33166,-4.33166,-0.645934,-0.645934,3.51969,-2.6062
25.79,-4.21212,-4.21212,-0.735624,-0.735624,3.49858,-2.45825
25.8,-4.08014,-4.08014,-0.825387,-0.825387,3.46873,-2.30146
25.81,-3.93617,-3.93617,-0.914875,-0.914875,3.43021,-2.13638
25.82,-3.78071,-3.78071,-1.00374,-1.00374,3.38311,-1.96361
25.83,-3.61426,-3.61426,-1.09162,-1.09162,3.32756,-1.78378
25.84,-3.4374,-3.4374,-1.17816,-1.17816,3.26369,-1.59753
25.85,-3.2507,-3.2507,-1.26299,-1.26299,3.19167,-1.40552
25.86,-3.05479,-3.05479,-1.34577,-1.34577,3.11166,-1.20846
25.87,-2.8503,-2.8503,-1.42611,-1.42611,3.02388,-1.00705
25.88,-2.6379,-2.6379,-1.50368,-1.50368,2.92854,-0.802016
25.89,-2.41829,-2.41829,-1.57811,-1.57811,2.82588,-0.594095
25.9,-2.19217,-2.19217,-1.64906,-1.64906,2.71616,-0.384035
25.91,-1.96027,-1.96027,-1.71618,-1.71618,2.59964,-0.172594
25.92,-1.72334,-1.72334,-1.77915,-1.77915,2.47663,0.0394686
25.93,-1.48213,-1.48213,-1.83765,-1.83765,2.34743,0.251389
25.94,-1.23741,-1.23741,-1.89135,-1.89135,2.21237,0.462405
25.95,-0.989959,-0.989959,-1.93997,-1.93997,2.07177,0.671757
25.96,-0.740556,-0.740556,-1.98321,-1.98321,1.92599,0.878691
25.97,-0.489984,-0.489984,-2.02082,-2.02082,1.7754,1.08246
25.98,-0.23903,-0.23903,-2.05253,-2.05253,1.62038,1.28234
25.99,0.011525,0.011525,-2.07812,-2.07812,1.4613,1.4776
26,0.260902,0.260902,-2.09736,-2.09736,1.29857,1.66754
26.01,0.508331,0.508331,-2.11006,-2.11006,1.1326,1.85148
26.02,0.75305,0.75305,-2.11605,-2.11605,0.963789,2.02876
26.03,0.99431,0.99431,-2.11518,-2.11518,0.792574,2.19874
26.04,1.23137,1.23137,-2.10731,-2.10731,0.619378,2.3608
26.05,1.46353,1.46353,-2.09233,-2.09233,0.444633,2.51437
26.06,1.69007,1.69007,-2.07017,-2.07017,0.268777,2.65889
26.07,1.91031,1.91031,-2.04077,-2.04077,0.0922497,2.79384
26.08,2.12361,2.12361,-2.0041,-2.0041,-0.0845084,2.91874
26.09,2.32934,2.32934,-1.96015,-1.96015,-0.261055,3.03313
26.1,2.52688,2.52688,-1.90894,-1.90894,-0.43695,3.1366
26.11,2.71567,2.71567,-1.85052,-1.85052,-0.611752,3.22879
26.12,2.89516,2.89516,-1.78497,-1.78497,-0.785025,3.30935
26.13,3.06484,3.06484,-1.71238,-1.71238,-0.956336,3.37801
26.14,3.22424,3.22424,-1.63289,-1.63289,-1.12526,3.43451
26.15,3.37291,3.37291,-1.54664,-1.54664,-1.29137,3.47864
26.16,3.51044,3.51044,-1.45382,-1.45382,-1.45425,3.51026
26.17,3.63647,3.63647,-1.35465,-1.35465,-1.61349,3.52925
26.18,3.75066,3.75066,-1.24934,-1.24934,-1.7687,3.53553
26.19,3.85273,3.85273,-1.13816,-1.13816,-1.9195,3.52909
26.2,3.94243,3.94243,-1.02139,-1.02139,-2.06549,3.50995
26.21,4.01955,4.01955,-0.89934,-0.89934,-2.20632,3.47818
26.22,4.08391,4.08391,-0.772338,-0.772338,-2.34164,3.43389
26.23,4.1354,4.1354,-0.640736,-0.640736,-2.4711,3.37724
26.24,4.17393,4.17393,-0.504908,-0.504908,-2.59439,3.30844
26.25,4.19945,4.19945,-0.365245,-0.365245,-2.71119,3.22773
26.26,4.21197,4.21197,-0.22216,-0.22216,-2.82122,3.1354
26.27,4.21152,4.21152,-0.0760823,-0.0760823,-2.92419,3.03179
26.28,4.19818,4.19818,0.0725426,0.0725426,-3.01986,2.91727
26.29,4.17209,4.17209,0.223254,0.223254,-3.10798,2.79225
26.3,4.1334,4.1334,0.375578,0.375578,-3.18833,2.65718
26.31,4.08231,4.08231,0.52903,0.52903,-3.26071,2.51255
26.32,4.01906,4.01906,0.683112,0.683112,-3.32494,2.35887
26.33,3.94393,3.94393,0.837321,0.837321,-3.38086,2.19671
26.34,3.85724,3.85724,0.991144,0.991144,-3.42833,2.02664
26.35,3.75933,3.75933,1.14407,1.14407,-3.46723,1.84927
26.36,3.65059,3.65059,1.29557,1.29557,-3.49746,1.66525
26.37,3.53143,3.53143,1.44512,1.44512,-3.51895,1.47524
26.38,3.40229,3.40229,1.59221,1.59221,-3.53165,1.27992
26.39,3.26366,3.26366,1.73632,1.73632,-3.53552,1.07999
26.4,3.11602,3.11602,1.87693,1.87693,-3.53055,0.876175
26.41,2.95992,2.95992,2.01352,2.01352,-3.51676,0.669206
26.42,2.7959,2.7959,2.14561,2.14561,-3.49417,0.45983
26.43,2.62454,2.62454,2.27268,2.27268,-3.46286,0.248798
26.44,2.44642,2.44642,2.39427,2.39427,-3.42289,0.0368714
26.45,2.26216,2.26216,2.50991,2.50991,-3.37436,-0.175188
26.46,2.07238,2.07238,2.61914,2.61914,-3.3174,-0.386617
26.47,1.87772,1.87772,2.72151,2.72151,-3.25215,-0.596655
26.48,1.67883,1.67883,2.81663,2.81663,-3.17877,-0.804545
26.49,1.47637,1.47637,2.90407,2.90407,-3.09744,-1.00954
26.5,1.271,1.271,2.98348,2.98348,-3.00837,-1.2109
26.51,1.0634,1.0634,3.05448,3.05448,-2.91178,-1.40791
26.52,0.854237,0.854237,3.11676,3.11676,-2.80792,-1.59984
26.53,0.644182,0.644182,3.17,3.17,-2.69703,-1.78602
26.54,0.433905,0.433905,3.21393,3.21393,-2.57941,-1.96577
26.55,0.224071,0.224071,3.2483,3.2483,-2.45533,-2.13845
26.56,0.0153405,0.0153405,3.27288,3.27288,-2.32512,-2.30343
26.57,-0.191638,-0.191638,3.2875,3.2875,-2.1891,-2.46012
26.58,-0.396225,-0.396225,3.29198,3.29198,-2.04761,-2.60796
26.59,-0.597794,-0.597794,3.28621,3.28621,-1.901,-2.74641
26.6,-0.795734,-0.795734,3.2701,3.2701,-1.74964,-2.87498
26.61,-0.98945,-0.98945,3.24357,3.24357,-1.5939,-2.9932
26.62,-1.17837,-1.17837,3.20661,3.20661,-1.43418,-3.10064
26.63,-1.36193,-1.36193,3.15922,3.15922,-1.27088,-3.19693
26.64,-1.5396,-1.5396,3.10145,3.10145,-1.1044,-3.28172
26.65,-1.71087,-1.71087,3.03338,3.03338,-0.935157,-3.35469
26.66,-1.87525,-1.87525,2.95512,2.95512,-0.763578,-3.41559
26.67,-2.0323,-2.0323,2.86681,2.86681,-0.590091,-3.4642
26.68,-2.18157,-2.18157,2.76865,2.76865,-0.415129,-3.50034
26.69,-2.32267,-2.32267,2.66085,2.66085,-0.23913,-3.52388
26.7,-2.45522,-2.45522,2.54365,2.54365,-0.0625325,-3.53474
26.71,-2.57889,-2.57889,2.41735,2.41735,0.114221,-3.53288
26.72,-2.69336,-2.69336,2.28227,2.28227,0.290689,-3.5183
26.73,-2.79837,-2.79837,2.13874,2.13874,0.466431,-3.49106
26.74,-2.89367,-2.89367,1.98715,1.98715,0.641006,-3.45126
26.75,-2.97905,-2.97905,1.82791,1.82791,0.81398,-3.39904
26.76,-3.05435,-3.05435,1.66146,1.66146,0.984919,-3.33458
26.77,-3.11942,-3.11942,1.48827,1.48827,1.1534,-3.25813
26.78,-3.17416,-3.17416,1.30882,1.30882,1.31899,-3.16994
26.79,-3.2185,-3.2185,1.12364,1.12364,1.48129,-3.07035
26.8,-3.25241,-3.25241,0.933262,0.933262,1.63988,-2.95971
26.81,-3.27588,-3.27588,0.73825,0.73825,1.79438,-2.83842
26.82,-3.28897,-3.28897,0.539186,0.539186,1.94439,-2.70691
26.83,-3.29173,-3.29173,0.33667,0.33667,2.08954,-2.56566
26.84,-3.28426,-3.28426,0.131318,0.131318,2.22947,-2.41518
26.85,-3.26671,-3.26671,-0.0762395,-0.0762395,2.36383,-2.25601
26.86,-3.23925,-3.23925,-0.285361,-0.285361,2.49227,-2.08871
26.87,-3.20206,-3.20206,-0.495392,-0.495392,2.61449,-1.9139
26.88,-3.15538,-3.15538,-0.705674,-0.705674,2.73017,-1.7322
26.89,-3.09946,-3.09946,-0.915538,-0.915538,2.83903,-1.54427
26.9,-3.0346,-3.0346,-1.12431,-1.12431,2.9408,-1.35078
26.91,-2.96111,-2.96111,-1.33133,-1.33133,3.03521,-1.15242
26.92,-2.87931,-2.87931,-1.53591,-1.53591,3.12204,-0.949925
26.93,-2.78958,-2.78958,-1.7374,-1.7374,3.20106,-0.744006
26.94,-2.6923,-2.6923,-1.93512,-1.93512,3.27208,-0.53541
26.95,-2.58788,-2.58788,-2.12842,-2.12842,3.33492,-0.324887
26.96,-2.47673,-2.47673,-2.31665,-2.31665,3.38943,-0.113194
26.97,-2.35931,-2.35931,-2.49918,-2.49918,3.43547,0.0989055
26.98,-2.23606,-2.23606,-2.67539,-2.67539,3.47292,0.310649
26.99,-2.10747,-2.10747,-2.84466,-2.84466,3.50169,0.521275
27,-1.97401,-1.97401,-3.00643,-3.00643,3.5217,0.730025
27.01,-1.83619,-1.83619,-3.16011,-3.16011,3.53292,0.936147
27.02,-1.69451,-1.69451,-3.30516,-3.30516,3.5353,1.1389
27.03,-1.54948,-1.54948,-3.44107,-3.44107,3.52885,1.33756
27.04,-1.40161,-1.40161,-3.56733,-3.56733,3.51357,1.5314
27.05,-1.25143,-1.25143,-3.68349,-3.68349,3.48952,1.71973
27.06,-1.09946,-1.09946,-3.78911,-3.78911,3.45674,1.90187
27.07,-0.946223,-0.946223,-3.88377,-3.88377,3.41532,2.07716
27.08,-0.792233,-0.792233,-3.96712,-3.96712,3.36537,2.24498
27.09,-0.638009,-0.638009,-4.0388,-4.0388,3.307,2.40472
27.1,-0.484059,-0.484059,-4.09852,-4.09852,3.24037,2.55581
27.11,-0.330887,-0.330887,-4.14601,-4.14601,3.16564,2.6977
27.12,-0.178984,-0.178984,-4.18103,-4.18103,3.083,2.82988
27.13,-0.0288348,-0.0288348,-4.20341,-4.20341,2.99265,2.95187
27.14,0.119092,0.119092,-4.21299,-4.21299,2.89482,3.06324
27.15,0.26434,0.26434,-4.20965,-4.20965,2.78976,3.16359
27.16,0.406468,0.406468,-4.19333,-4.19333,2.67772,3.25255
27.17,0.545051,0.545051,-4.16401,-4.16401,2.55899,3.32981
27.18,0.679683,0.679683,-4.12168,-4.12168,2.43386,3.39508
27.19,0.809977,0.809977,-4.06642,-4.06642,2.30265,3.44813
27.2,0.935565,0.935565,-3.99831,-3.99831,2.16569,3.48877
27.21,1.0561,1.0561,-3.91749,-3.91749,2.02331,3.51686
27.22,1.17127,1.17127,-3.82415,-3.82415,1.87587,3.53229
27.23,1.28076,1.28076,-3.7185,-3.7185,1.72375,3.53501
27.24,1.3843,1.3843,-3.60082,-3.60082,1.56731,3.52501
27.25,1.48164,1.48164,-3.47139,-3.47139,1.40696,3.50232
27.26,1.57255,1.57255,-3.33056,-3.33056,1.2431,3.46702
27.27,1.65684,1.65684,-3.17871,-3.17871,1.07612,3.41925
27.28,1.73433,1.73433,-3.01626,-3.01626,0.906458,3.35917
27.29,1.80488,1.80488,-2.84366,-2.84366,0.734529,3.28701
27.3,1.86835,1.86835,-2.66139,-2.66139,0.560763,3.20301
27.31,1.92467,1.92467,-2.46998,-2.46998,0.385596,3.10749
27.32,1.97376,1.97376,-2.26999,-2.26999,0.209465,3.00078
27.33,2.01558,2.01558,-2.06198,-2.06198,0.0328108,2.88327
27.34,2.05012,2.05012,-1.84658,-1.84658,-0.143926,2.75539
27.35,2.0774,2.0774,-1.62443,-1.62443,-0.320302,2.61759
27.36,2.09745,2.09745,-1.39617,-1.39617,-0.495878,2.47037
27.37,2.11034,2.11034,-1.16251,-1.16251,-0.670215,2.31426
27.38,2.11615,2.11615,-0.924146,-0.924146,-0.842877,2.14982
27.39,2.11501,2.11501,-0.681797,-0.681797,-1.01343,1.97764
27.4,2.10703,2.10703,-0.436208,-0.436208,-1.18145,1.79834
27.41,2.0924,2.0924,-0.18813,-0.18813,-1.34652,1.61258
27.42,2.07128,2.07128,0.0616723,0.0616723,-1.50822,1.42101
27.43,2.04388,2.04388,0.312425,0.312425,-1.66616,1.22432
27.44,2.01042,2.01042,0.563348,0.563348,-1.81993,1.02323
27.45,1.97113,1.97113,0.813659,0.813659,-1.96915,0.818459
27.46,1.92629,1.92629,1.06257,1.06257,-2.11344,0.61074
27.47,1.87616,1.87616,1.3093,1.3093,-2.25246,0.400824
27.48,1.82102,1.82102,1.55308,1.55308,-2.38585,0.189464
27.49,1.76118,1.76118,1.79311,1.79311,-2.51327,-0.0225767
27.5,1.69697,1.69697,2.02865,2.02865,-2.63441,-0.234536
27.51,1.62869,1.62869,2.25893,2.25893,-2.74896,-0.445652
27.52,1.55668,1.55668,2.48323,2.48323,-2.85665,-0.655164
27.53,1.4813,1.4813,2.7008,2.7008,-2.95719,-0.862318
27.54,1.40288,1.40288,2.91096,2.91096,-3.05035,-1.06637
27.55,1.32179,1.32179,3.11301,3.11301,-3.13588,-1.26658
27.56,1.23838,1.23838,3.30629,3.30629,-3.21357,-1.46224
27.57,1.15301,1.15301,3.49017,3.49017,-3.28322,-1.65263
27.58,1.06604,1.06604,3.66405,3.66405,-3.34468,-1.83707
27.59,0.977832,0.977832,3.82734,3.82734,-3.39777,-2.01491
27.6,0.88875,0.88875,3.97949,3.97949,-3.44237,-2.18549
27.61,0.799145,0.799145,4.12,4.12,-3.47836,-2.3482
27.62,0.709368,0.709368,4.24839,4.24839,-3.50567,-2.50247
27.63,0.619764,0.619764,4.36421,4.36421,-3.5242,-2.64773
27.64,0.530669,0.530669,4.46707,4.46707,-3.53393,-2.78346
27.65,0.442411,0.442411,4.5566,4.5566,-3.53483,-2.90917
27.66,0.355309,0.355309,4.63247,4.63247,-3.52689,-3.02441
27.67,0.269671,0.269671,4.69442,4.69442,-3.51014,-3.12877
27.68,0.18579,0.18579,4.7422,4.7422,-3.48461,-3.22187
27.69,0.103951,0.103951,4.77562,4.77562,-3.45038,-3.30337
27.7,0.024419,0.024419,4.79454,4.79454,-3.40752,-3.37298
27.71,-0.0525514,-0.0525514,4.79885,4.79885,-3.35614,-3.43046
27.72,-0.126723,-0.126723,4.7885,4.7885,-3.29637,-3.47559
27.73,-0.197877,-0.197877,4.76348,4.76348,-3.22837,-3.50821
27.74,-0.265808,-0.265808,4.72382,4.72382,-3.15229,-3.5282
27.75,-0.330332,-0.330332,4.66962,4.66962,-3.06834,-3.5355
27.76,-0.391282,-0.391282,4.60099,4.60099,-2.97672,-3.53007
27.77,-0.44851,-0.44851,4.51813,4.51813,-2.87765,-3.51194
27.78,-0.501886,-0.501886,4.42123,4.42123,-2.7714,-3.48117
27.79,-0.551302,-0.551302,4.31058,4.31058,-2.65821,-3.43787
27.8,-0.596666,-0.596666,4.18649,4.18649,-2.53839,-3.3822
27.81,-0.63791,-0.63791,4.0493,4.0493,-2.41221,-3.31436
27.82,-0.674983,-0.674983,3.89941,3.89941,-2.28001,-3.23458
27.83,-0.707855,-0.707855,3.73726,3.73726,-2.14211,-3.14317
27.84,-0.736513,-0.736513,3.56333,3.56333,-1.99886,-3.04045
27.85,-0.760967,-0.760967,3.37812,3.37812,-1.85061,-2.92678
27.86,-0.781243,-0.781243,3.1822,3.1822,-1.69773,-2.80258
27.87,-0.797388,-0.797388,2.97615,2.97615,-1.54061,-2.66829
27.88,-0.809465,-0.809465,2.76058,2.76058,-1.37964,-2.5244
27.89,-0.817557,-0.817557,2.53615,2.53615,-1.21523,-2.37143
27.9,-0.821762,-0.821762,2.30353,2.30353,-1.04777,-2.20992
27.91,-0.822194,-0.822194,2.06344,2.06344,-0.877696,-2.04045
27.92,-0.818986,-0.818986,1.81661,1.81661,-0.705427,-1.86365
27.93,-0.812281,-0.812281,1.56379,1.56379,-0.531396,-1.68013
27.94,-0.80224,-0.80224,1.30575,1.30575,-0.356036,-1.49057
27.95,-0.789035,-0.789035,1.04329,1.04329,-0.179786,-1.29565
27.96,-0.77285,-0.77285,0.777216,0.777216,-0.00308682,-1.09606
27.97,-0.753882,-0.753882,0.508346,0.508346,0.17362,-0.89253
27.98,-0.732336,-0.732336,0.237512,0.237512,0.349893,-0.685786
27.99,-0.708425,-0.708425,-0.0344485,-0.0344485,0.525291,-0.476574
28,-0.682374,-0.682374,-0.306694,-0.306694,0.699377,-0.265646
28.01,-0.654411,-0.654411,-0.578379,-0.578379,0.871714,-0.0537627
28.02,-0.62477,-0.62477,-0.84866,-0.84866,1.04187,0.158314
28.03,-0.59369,-0.59369,-1.1167,-1.1167,1.20943,0.369822
28.04,-0.561415,-0.561415,-1.38166,-1.38166,1.37396,0.579998
28.05,-0.528186,-0.528186,-1.64271,-1.64271,1.53506,0.788087
28.06,-0.494251,-0.494251,-1.89904,-1.89904,1.69232,0.993339
28.07,-0.459852,-0.459852,-2.14986,-2.14986,1.84535,1.19502
28.08,-0.425233,-0.425233,-2.39438,-2.39438,1.99376,1.39239
28.09,-0.390633,-0.390633,-2.63182,-2.63182,2.1372,1.58476
28.1,-0.356289,-0.356289,-2.86146,-2.86146,2.27529,1.77142
28.11,-0.322432,-0.322432,-3.08257,-3.08257,2.4077,1.95171
28.12,-0.289286,-0.289286,-3.29445,-3.29445,2.53409,2.12497
28.13,-0.257069,-0.257069,-3.49645,-3.49645,2.65414,2.29059
28.14,-0.225991,-0.225991,-3.68793,-3.68793,2.76756,2.44796
28.15,-0.19625,-0.19625,-3.86829,-3.86829,2.87406,2.59652
28.16,-0.168038,-0.168038,-4.03696,-4.03696,2.97338,2.73574
28.17,-0.141532,-0.141532,-4.19341,-4.19341,3.06527,2.86511
28.18,-0.1169,-0.1169,-4.33715,-4.33715,3.14949,2.98417
28.19,-0.0942958,-0.0942958,-4.46774,-4.46774,3.22585,3.09249
28.2,-0.0738601,-0.0738601,-4.58475,-4.58475,3.29414,3.18968
28.21,-0.0557195,-0.0557195,-4.68783,-4.68783,3.35419,3.27539
28.22,-0.039986,-0.039986,-4.77664,-4.77664,3.40587,3.34932
28.23,-0.0267563,-0.0267563,-4.8509,-4.8509,3.44903,3.41119
28.24,-0.0161118,-0.0161118,-4.91039,-4.91039,3.48356,3.46078
28.25,-0.00811741,-0.00811741,-4.95492,-4.95492,3.5094,3.49792
28.26,-0.00282213,-0.00282213,-4.98434,-4.98434,3.52646,3.52247
28.27,-0.000258235,-0.000258235,-4.99857,-4.99857,3.5347,3.53434
28.28,-0.00044137,-0.00044137,-4.99755,-4.99755,3.53412,3.53349
28.29,-0.00337042,-0.00337042,-4.9813,-4.9813,3.52469,3.51993
28.3,-0.00902751,-0.00902751,-4.94986,-4.94986,3.50646,3.49369
28.31,-0.0173781,-0.0173781,-4.90333,-4.90333,3.47946,3.45489
28.32,-0.0283712,-0.0283712,-4.84186,-4.84186,3.44377,3.40365
28.33,-0.0419394,-0.0419394,-4.76564,-4.76564,3.39947,3.34016
28.34,-0.0579995,-0.0579995,-4.67491,-4.67491,3.34667,3.26465
28.35,-0.0764527,-0.0764527,-4.56996,-4.56996,3.28551,3.17739
28.36,-0.0971849,-0.0971849,-4.45112,-4.45112,3.21614,3.07869
28.37,-0.120068,-0.120068,-4.31876,-4.31876,3.13872,2.96892
28.38,-0.144958,-0.144958,-4.17329,-4.17329,3.05346,2.84846
28.39,-0.171701,-0.171701,-4.01518,-4.01518,2.96057,2.71775
28.4,-0.200128,-0.200128,-3.84492,-3.84492,2.86028,2.57726
28.41,-0.230058,-0.230058,-3.66305,-3.66305,2.75284,2.42749
28.42,-0.2613,-0.2613,-3.47013,-3.47013,2.63852,2.26899
28.43,-0.293653,-0.293653,-3.26678,-3.26678,2.51761,2.10232
28.44,-0.326906,-0.326906,-3.05363,-3.05363,2.3904,1.92808
28.45,-0.360842,-0.360842,-2.83134,-2.83134,2.25722,1.74691
28.46,-0.395233,-0.395233,-2.60062,-2.60062,2.11839,1.55945
28.47,-0.429849,-0.429849,-2.36219,-2.36219,1.97427,1.36637
28.48,-0.464453,-0.464453,-2.11679,-2.11679,1.82522,1.16838
28.49,-0.498804,-0.498804,-1.8652,-1.8652,1.6716,0.966185
28.5,-0.532659,-0.532659,-1.60819,-1.60819,1.51381,0.760512
28.51,-0.565775,-0.565775,-1.34656,-1.34656,1.35223,0.552102
28.52,-0.597905,-0.597905,-1.08115,-1.08115,1.18727,0.341704
28.53,-0.628807,-0.628807,-0.812764,-0.812764,1.01934,0.130077
28.54,-0.658238,-0.658238,-0.542247,-0.542247,0.848871,-0.0820184
28.55,-0.68596,-0.68596,-0.270438,-0.270438,0.676276,-0.293818
28.56,-0.711739,-0.711739,0.00181789,0.00181789,0.50199,-0.504561
28.57,-0.735347,-0.735347,0.273677,0.273677,0.32645,-0.713488
28.58,-0.756563,-0.756563,0.544298,0.544298,0.150094,-0.919847
28.59,-0.775172,-0.775172,0.812843,0.812843,-0.0266374,-1.1229
28.6,-0.79097,-0.79097,1.07848,1.07848,-0.203302,-1.3219
28.61,-0.803764,-0.803764,1.3404,1.3404,-0.379459,-1.51615
28.62,-0.81337,-0.81337,1.59779,1.59779,-0.554667,-1.70495
28.63,-0.819618,-0.819618,1.84986,1.84986,-0.728489,-1.8876
28.64,-0.82235,-0.82235,2.09583,2.09583,-0.90049,-2.06347
28.65,-0.821422,-0.821422,2.33497,2.33497,-1.07024,-2.23191
28.66,-0.816706,-0.816706,2.56653,2.56653,-1.23731,-2.39231
28.67,-0.808088,-0.808088,2.78982,2.78982,-1.4013,-2.54411
28.68,-0.795473,-0.795473,3.00416,3.00416,-1.56178,-2.68675
28.69,-0.778781,-0.778781,3.2089,3.2089,-1.71835,-2.81972
28.7,-0.757951,-0.757951,3.40343,3.40343,-1.87063,-2.94254
28.71,-0.732938,-0.732938,3.58716,3.58716,-2.01824,-3.05477
28.72,-0.703718,-0.703718,3.75955,3.75955,-2.1608,-3.15601
28.73,-0.670286,-0.670286,3.9201,3.9201,-2.29796,-3.24589
28.74,-0.632656,-0.632656,4.06832,4.06832,-2.42938,-3.32409
28.75,-0.590859,-0.590859,4.20378,4.20378,-2.55472,-3.39032
28.76,-0.54495,-0.54495,4.32611,4.32611,-2.67368,-3.44436
28.77,-0.495002,-0.495002,4.43494,4.43494,-2.78596,-3.486
28.78,-0.441106,-0.441106,4.52998,4.52998,-2.89127,-3.51509
28.79,-0.383374,-0.383374,4.61096,4.61096,-2.98936,-3.53153
28.8,-0.321939,-0.321939,4.67768,4.67768,-3.07997,-3.53526
28.81,-0.256951,-0.256951,4.72995,4.72995,-3.16289,-3.52627
28.82,-0.188579,-0.188579,4.76766,4.76766,-3.2379,-3.50459
28.83,-0.117012,-0.117012,4.79073,4.79073,-3.30481,-3.47029
28.84,-0.0424537,-0.0424537,4.79912,4.79912,-3.36347,-3.42351
28.85,0.034872,0.034872,4.79286,4.79286,-3.41372,-3.36441
28.86,0.114726,0.114726,4.772,4.772,-3.45544,-3.29319
28.87,0.196853,0.196853,4.73666,4.73666,-3.48852,-3.21013
28.88,0.280985,0.280985,4.68698,4.68698,-3.51288,-3.11551
28.89,0.366835,0.366835,4.62316,4.62316,-3.52846,-3.00968
28.9,0.454109,0.454109,4.54545,4.54545,-3.53522,-2.89302
28.91,0.542497,0.542497,4.45413,4.45413,-3.53315,-2.76594
28.92,0.631679,0.631679,4.34952,4.34952,-3.52224,-2.62891
28.93,0.721326,0.721326,4.232,4.232,-3.50253,-2.48242
28.94,0.8111,0.8111,4.10198,4.10198,-3.47407,-2.327
28.95,0.900656,0.900656,3.95989,3.95989,-3.43692,-2.1632
28.96,0.989642,0.989642,3.80622,3.80622,-3.39118,-1.99162
28.97,1.0777,1.0777,3.64148,3.64148,-3.33697,-1.81287
28.98,1.16448,1.16448,3.46624,3.46624,-3.27441,-1.62759
28.99,1.24961,1.24961,3.28107,3.28107,-3.20368,-1.43646
29,1.33274,1.33274,3.08658,3.08658,-3.12493,-1.24016
29.01,1.41349,1.41349,2.88341,2.88341,-3.03837,-1.03939
29.02,1.49153,1.49153,2.67223,2.67223,-2.94422,-0.834883
29.03,1.56648,1.56648,2.45372,2.45372,-2.84271,-0.627372
29.04,1.63801,1.63801,2.22859,2.22859,-2.73409,-0.417603
29.05,1.70576,1.70576,1.99756,1.99756,-2.61864,-0.206331
29.06,1.76942,1.76942,1.76138,1.76138,-2.49665,0.00568416
29.07,1.82864,1.82864,1.5208,1.5208,-2.36841,0.217678
29.08,1.88313,1.88313,1.27659,1.27659,-2.23426,0.428889
29.09,1.93258,1.93258,1.02952,1.02952,-2.09452,0.638557
29.1,1.9767,1.9767,0.780375,0.780375,-1.94954,0.845926
29.11,2.01522,2.01522,0.529938,0.529938,-1.7997,1.05025
29.12,2.04788,2.04788,0.278992,0.278992,-1.64535,1.2508
29.13,2.07446,2.07446,0.0283209,0.0283209,-1.48689,1.44684
29.14,2.09473,2.09473,-0.221296,-0.221296,-1.32472,1.63768
29.15,2.10849,2.10849,-0.469086,-0.469086,-1.15923,1.82262
29.16,2.11556,2.11556,-0.714287,-0.714287,-0.990846,2.001
29.17,2.11578,2.11578,-0.956147,-0.956147,-0.819986,2.17218
29.18,2.10903,2.10903,-1.19393,-1.19393,-0.647077,2.33555
29.19,2.0952,2.0952,-1.42691,-1.42691,-0.47255,2.49051
29.2,2.07419,2.07419,-1.65439,-1.65439,-0.296841,2.6365
29.21,2.04594,2.04594,-1.87568,-1.87568,-0.120391,2.77301
29.22,2.01043,2.01043,-2.09013,-2.09013,0.0563597,2.89954
29.23,1.96764,1.96764,-2.29711,-2.29711,0.23297,3.01563
29.24,1.91758,1.91758,-2.49599,-2.49599,0.408998,3.12087
29.25,1.86031,1.86031,-2.68621,-2.68621,0.584003,3.21487
29.26,1.79588,1.79588,-2.86722,-2.86722,0.757549,3.29731
29.27,1.72441,1.72441,-3.0385,-3.0385,0.929202,3.36788
29.28,1.646,1.646,-3.19956,-3.19956,1.09853,3.42633
29.29,1.56082,1.56082,-3.34996,-3.34996,1.26512,3.47245
29.3,1.46904,1.46904,-3.4893,-3.4893,1.42854,3.50607
29.31,1.37086,1.37086,-3.61718,-3.61718,1.58839,3.52707
29.32,1.26651,1.26651,-3.73328,-3.73328,1.74427,3.53538
29.33,1.15625,1.15625,-3.8373,-3.8373,1.89579,3.53097
29.34,1.04035,1.04035,-3.92899,-3.92899,2.04257,3.51385
29.35,0.919118,0.919118,-4.00812,-4.00812,2.18425,3.48408
29.36,0.792882,0.792882,-4.07452,-4.07452,2.32047,3.44178
29.37,0.661989,0.661989,-4.12807,-4.12807,2.45089,3.38708
29.38,0.526808,0.526808,-4.16866,-4.16866,2.57518,3.3202
29.39,0.387729,0.387729,-4.19626,-4.19626,2.69304,3.24137
29.4,0.24516,0.24516,-4.21084,-4.21084,2.80416,3.15087
29.41,0.0995297,0.0995297,-4.21245,-4.21245,2.90828,3.04903
29.42,-0.04872,-0.04872,-4.20116,-4.20116,3.00512,2.93622
29.43,-0.199131,-0.199131,-4.17709,-4.17709,3.09446,2.81284
29.44,-0.35123,-0.35123,-4.14039,-4.14039,3.17606,2.67934
29.45,-0.504535,-0.504535,-4.09126,-4.09126,3.24972,2.5362
29.46,-0.65855,-0.65855,-4.02993,-4.02993,3.31526,2.38393
29.47,-0.812773,-0.812773,-3.95668,-3.95668,3.37251,2.22308
29.48,-0.966693,-0.966693,-3.87181,-3.87181,3.42134,2.05423
29.49,-1.11979,-1.11979,-3.77566,-3.77566,3.46161,1.87798
29.5,-1.27155,-1.27155,-3.66862,-3.66862,3.49323,1.69498
29.51,-1.42145,-1.42145,-3.55108,-3.55108,3.51612,1.50588
29.52,-1.56897,-1.56897,-3.42351,-3.42351,3.53022,1.31135
29.53,-1.71359,-1.71359,-3.28635,-3.28635,3.53549,1.11211
29.54,-1.85479,-1.85479,-3.14012,-3.14012,3.53193,0.908866
29.55,-1.99206,-1.99206,-2.98533,-2.98533,3.51954,0.70235
29.56,-2.12489,-2.12489,-2.82253,-2.82253,3.49836,0.493307
29.57,-2.2528,-2.2528,-2.6523,-2.6523,3.46843,0.282488
29.58,-2.3753,-2.3753,-2.47521,-2.47521,3.42983,0.0706527
29.59,-2.49191,-2.49191,-2.29189,-2.29189,3.38266,-0.141437
29.6,-2.60219,-2.60219,-2.10294,-2.10294,3.32703,-0.353017
29.61,-2.70568,-2.70568,-1.90902,-1.90902,3.26309,-0.563328
29.62,-2.80198,-2.80198,-1.71076,-1.71076,3.19099,-0.77161
29.63,-2.89067,-2.89067,-1.50882,-1.50882,3.11092,-0.977116
29.64,-2.97138,-2.97138,-1.30388,-1.30388,3.02307,-1.17911
29.65,-3.04375,-3.04375,-1.09659,-1.09659,2.92766,-1.37685
29.66,-3.10744,-3.10744,-0.887627,-0.887627,2.82494,-1.56964
29.67,-3.16213,-3.16213,-0.677669,-0.677669,2.71515,-1.75678
29.68,-3.20756,-3.20756,-0.467382,-0.467382,2.59858,-1.9376
29.69,-3.24347,-3.24347,-0.257434,-0.257434,2.47551,-2.11145
29.7,-3.26963,-3.26963,-0.0484835,-0.0484835,2.34626,-2.27769
29.71,-3.28584,-3.28584,0.158817,0.158817,2.21114,-2.43574
29.72,-3.29195,-3.29195,0.363827,0.363827,2.0705,-2.58503
29.73,-3.28782,-3.28782,0.565919,0.565919,1.92468,-2.72501
29.74,-3.27336,-3.27336,0.764477,0.764477,1.77405,-2.85518
29.75,-3.24849,-3.24849,0.958905,0.958905,1.61898,-2.97508
29.76,-3.21319,-3.21319,1.14862,1.14862,1.45987,-3.08427
29.77,-3.16746,-3.16746,1.33307,1.33307,1.29711,-3.18236
29.78,-3.11134,-3.11134,1.51172,1.51172,1.13111,-3.269
29.79,-3.04491,-3.04491,1.68404,1.68404,0.962279,-3.34387
29.8,-2.96826,-2.96826,1.84955,1.84955,0.791044,-3.40671
29.81,-2.88154,-2.88154,2.0078,2.0078,0.617832,-3.45728
29.82,-2.78494,-2.78494,2.15833,2.15833,0.443075,-3.49542
29.83,-2.67865,-2.67865,2.30076,2.30076,0.267212,-3.52098
29.84,-2.56294,-2.56294,2.4347,2.4347,0.0906802,-3.53386
29.85,-2.43807,-2.43807,2.5598,2.5598,-0.086078,-3.53402
29.86,-2.30436,-2.30436,2.67576,2.67576,-0.262621,-3.52147
29.87,-2.16215,-2.16215,2.78229,2.78229,-0.438508,-3.49625
29.88,-2.01182,-2.01182,2.87915,2.87915,-0.613298,-3.45844
29.89,-1.85377,-1.85377,2.96613,2.96613,-0.786556,-3.40818
29.9,-1.68844,-1.68844,3.04304,3.04304,-0.957848,-3.34566
29.91,-1.51629,-1.51629,3.10974,3.10974,-1.12675,-3.2711
29.92,-1.3378,-1.3378,3.16613,3.16613,-1.29283,-3.18476
29.93,-1.1535,-1.1535,3.21213,3.21213,-1.45568,-3.08697
29.94,-0.963907,-0.963907,3.2477,3.2477,-1.61489,-2.97806
29.95,-0.769595,-0.769595,3.27284,3.27284,-1.77006,-2.85844
29.96,-0.571137,-0.571137,3.28758,3.28758,-1.92081,-2.72852
29.97,-0.36913,-0.36913,3.29198,3.29198,-2.06676,-2.58879
29.98,-0.164188,-0.164188,3.28613,3.28613,-2.20755,-2.43974
29.99,0.0430613,0.0430613,3.27018,3.27018,-2.34281,-2.28192
30,0.251977,0.251977,3.24428,3.24428,-2.47222,-2.11588
30.01,0.461908,0.461908,3.20862,3.20862,-2.59546,-1.94222
30.02,0.672194,0.672194,3.16344,3.16344,-2.7122,-1.76157
30.03,0.882169,0.882169,3.10897,3.10897,-2.82216,-1.57459
30.04,1.09116,1.09116,3.04552,3.04552,-2.92508,-1.38194
30.05,1.29851,1.29851,2.97338,2.97338,-3.02068,-1.18431
30.06,1.50352,1.50352,2.89288,2.89288,-3.10873,-0.982424
30.07,1.70554,1.70554,2.80439,2.80439,-3.189,-0.777
30.08,1.90391,1.90391,2.70829,2.70829,-3.26131,-0.568781
30.09,2.09795,2.09795,2.60497,2.60497,-3.32547,-0.358514
30.1,2.28704,2.28704,2.49486,2.49486,-3.38132,-0.146957
30.11,2.47052,2.47052,2.37841,2.37841,-3.42871,0.0651294
30.12,2.64777,2.64777,2.25606,2.25606,-3.46753,0.276981
30.13,2.81819,2.81819,2.12829,2.12829,-3.49769,0.487836
30.14,2.98119,2.98119,1.99557,1.99557,-3.5191,0.696935
30.15,3.13619,3.13619,1.85841,1.85841,-3.53172,0.903526
30.16,3.28266,3.28266,1.71731,1.71731,-3.53551,1.10686
30.17,3.42005,3.42005,1.57278,1.57278,-3.53047,1.30622
30.18,3.54789,3.54789,1.42533,1.42533,-3.51659,1.50088
30.19,3.66569,3.66569,1.27548,1.27548,-3.49393,1.69013
30.2,3.77301,3.77301,1.12376,1.12376,-3.46254,1.8733
30.21,3.86944,3.86944,0.970692,0.970692,-3.42249,2.04973
30.22,3.95462,3.95462,0.816788,0.816788,-3.37389,2.21878
30.23,4.02818,4.02818,0.662566,0.662566,-3.31686,2.37985
30.24,4.08982,4.08982,0.508539,0.508539,-3.25153,2.53235
30.25,4.13927,4.13927,0.35521,0.35521,-3.17808,2.67574
30.26,4.1763,4.1763,0.203072,0.203072,-3.09668,2.80949
30.27,4.2007,4.2007,0.0526116,0.0526116,-3.00755,2.93314
30.28,4.21232,4.21232,-0.0957003,-0.0957003,-2.91089,3.04623
30.29,4.21105,4.21105,-0.241405,-0.241405,-2.80696,3.14836
30.3,4.1968,4.1968,-0.384058,-0.384058,-2.69602,3.23916
30.31,4.16955,4.16955,-0.523234,-0.523234,-2.57833,3.3183
30.32,4.12929,4.12929,-0.658521,-0.658521,-2.4542,3.38549
30.33,4.07608,4.07608,-0.789531,-0.789531,-2.32394,3.44051
30.34,4.01001,4.01001,-0.915893,-0.915893,-2.18787,3.48314
30.35,3.93121,3.93121,-1.03726,-1.03726,-2.04633,3.51323
30.36,3.83985,3.83985,-1.1533,-1.1533,-1.89968,3.53069
30.37,3.73614,3.73614,-1.26371,-1.26371,-1.74827,3.53543
30.38,3.62035,3.62035,-1.36822,-1.36822,-1.5925,3.52745
30.39,3.49277,3.49277,-1.46656,-1.46656,-1.43275,3.50678
30.4,3.35374,3.35374,-1.55851,-1.55851,-1.26941,3.47348
30.41,3.20361,3.20361,-1.64387,-1.64387,-1.10291,3.42769
30.42,3.04282,3.04282,-1.72245,-1.72245,-0.933643,3.36956
30.43,2.87181,2.87181,-1.79411,-1.79411,-0.762045,3.2993
30.44,2.69104,2.69104,-1.85872,-1.85872,-0.588543,3.21717
30.45,2.50106,2.50106,-1.91618,-1.91618,-0.41357,3.12346
30.46,2.30239,2.30239,-1.96642,-1.96642,-0.237563,3.01851
30.47,2.09562,2.09562,-2.00941,-2.00941,-0.0609627,2.90269
30.48,1.88136,1.88136,-2.04511,-2.04511,0.11579,2.77643
30.49,1.66023,1.66023,-2.07354,-2.07354,0.292254,2.64018
30.5,1.43291,1.43291,-2.09474,-2.09474,0.467987,2.49442
30.51,1.20006,1.20006,-2.10876,-2.10876,0.64255,2.33969
30.52,0.962395,0.962395,-2.1157,-2.1157,0.815508,2.17654
30.53,0.720631,0.720631,-2.11565,-2.11565,0.986427,2.00555
30.54,0.475508,0.475508,-2.10875,-2.10875,1.15488,1.82735
30.55,0.227775,0.227775,-2.09517,-2.09517,1.32045,1.64257
30.56,-0.0218037,-0.0218037,-2.07507,-2.07507,1.48271,1.45188
30.57,-0.272457,-0.272457,-2.04865,-2.04865,1.64127,1.25596
30.58,-0.523406,-0.523406,-2.01614,-2.01614,1.79573,1.05552
30.59,-0.773866,-0.773866,-1.97777,-1.97777,1.9457,0.851289
30.6,-1.02305,-1.02305,-1.93379,-1.93379,2.09081,0.643989
30.61,-1.27019,-1.27019,-1.88448,-1.88448,2.23069,0.434372
30.62,-1.51448,-1.51448,-1.83012,-1.83012,2.36499,0.223192
30.63,-1.75517,-1.75517,-1.77102,-1.77102,2.49339,0.0112085
30.64,-1.99147,-1.99147,-1.70747,-1.70747,2.61555,-0.200815
30.65,-2.22264,-2.22264,-1.63982,-1.63982,2.73117,-0.412117
30.66,-2.44794,-2.44794,-1.56839,-1.56839,2.83997,-0.621935
30.67,-2.66663,-2.66663,-1.49352,-1.49352,2.94167,-0.829514
30.68,-2.87801,-2.87801,-1.41556,-1.41556,3.03602,-1.03411
30.69,-3.0814,-3.0814,-1.33487,-1.33487,3.12277,-1.23498
30.7,-3.27612,-3.27612,-1.2518,-1.2518,3.20173,-1.43141
30.71,-3.46154,-3.46154,-1.16672,-1.16672,3.27268,-1.62269
30.72,-3.63705,-3.63705,-1.07998,-1.07998,3.33545,-1.80812
30.73,-3.80206,-3.80206,-0.991948,-0.991948,3.38988,-1.98705
30.74,-3.95603,-3.95603,-0.902982,-0.902982,3.43584,-2.15883
30.75,-4.09843,-4.09843,-0.813436,-0.813436,3.47321,-2.32284
30.76,-4.22877,-4.22877,-0.723664,-0.723664,3.5019,-2.47849
30.77,-4.34663,-4.34663,-0.634009,-0.634009,3.52184,-2.62522
30.78,-4.45157,-4.45157,-0.544811,-0.544811,3.53298,-2.7625
30.79,-4.54324,-4.54324,-0.456398,-0.456398,3.53528,-2.88984
30.8,-4.62131,-4.62131,-0.369091,-0.369091,3.52875,-3.00678
30.81,-4.6855,-4.6855,-0.2832,-0.2832,3.5134,-3.11289
30.82,-4.73555,-4.73555,-0.19902,-0.19902,3.48926,-3.20781
30.83,-4.77127,-4.77127,-0.116837,-0.116837,3.45641,-3.29118
30.84,-4.7925,-4.7925,-0.0369205,-0.0369205,3.41492,-3.3627
30.85,-4.79914,-4.79914,0.0404741,0.0404741,3.36489,-3.42213
30.86,-4.79113,-4.79113,0.115107,0.115107,3.30645,-3.46923
30.87,-4.76844,-4.76844,0.186755,0.186755,3.23974,-3.50386
30.88,-4.73112,-4.73112,0.255213,0.255213,3.16494,-3.52587
30.89,-4.67922,-4.67922,0.320291,0.320291,3.08223,-3.53519
30.9,-4.61288,-4.61288,0.381821,0.381821,2.99181,-3.53179
30.91,-4.53227,-4.53227,0.43965,0.43965,2.89392,-3.51568
30.92,-4.43759,-4.43759,0.493648,0.493648,2.78879,-3.48691
30.93,-4.32911,-4.32911,0.5437,0.5437,2.67669,-3.4456
30.94,-4.20714,-4.20714,0.589716,0.589716,2.5579,-3.39189
30.95,-4.07201,-4.07201,0.63162,0.63162,2.43272,-3.32597
30.96,-3.92411,-3.92411,0.66936,0.66936,2.30146,-3.24808
30.97,-3.76389,-3.76389,0.702901,0.702901,2.16444,-3.1585
30.98,-3.5918,-3.5918,0.732231,0.732231,2.02202,-3.05755
30.99,-3.40835,-3.40835,0.757353,0.757353,1.87454,-2.9456
31,-3.2141,-3.2141,0.778292,0.778292,1.72238,-2.82305
31.01,-3.00962,-3.00962,0.795091,0.795091,1.56591,-2.69033
31.02,-2.79552,-2.79552,0.807811,0.807811,1.40552,-2.54794
31.03,-2.57246,-2.57246,0.816531,0.816531,1.24163,-2.39638
31.04,-2.3411,-2.3411,0.821348,0.821348,1.07463,-2.23619
31.05,-2.10215,-2.10215,0.822373,0.822373,0.904941,-2.06795
31.06,-1.85634,-1.85634,0.819735,0.819735,0.732993,-1.89227
31.07,-1.60442,-1.60442,0.813576,0.813576,0.559213,-1.70978
31.08,-1.34716,-1.34716,0.804056,0.804056,0.384035,-1.52114
31.09,-1.08535,-1.08535,0.791342,0.791342,0.207898,-1.32703
31.1,-0.819801,-0.819801,0.77562,0.77562,0.0312408,-1.12813
31.11,-0.551321,-0.551321,0.757081,0.757081,-0.145494,-0.92518
31.12,-0.280744,-0.280744,0.735931,0.735931,-0.321866,-0.718898
31.13,-0.00890631,-0.00890631,0.712383,0.712383,-0.497433,-0.510028
31.14,0.26335,0.26335,0.686657,0.686657,-0.671757,-0.299323
31.15,0.535181,0.535181,0.658983,0.658983,-0.844401,-0.0875411
31.16,0.805742,0.805742,0.629593,0.629593,-1.01494,0.124556
31.17,1.07419,1.07419,0.598727,0.598727,-1.18293,0.336205
31.18,1.3397,1.3397,0.566625,0.566625,-1.34797,0.546644
31.19,1.60143,1.60143,0.533532,0.533532,-1.50964,0.755116
31.2,1.85857,1.85857,0.499693,0.499693,-1.66754,0.96087
31.21,2.11032,2.11032,0.465352,0.465352,-1.82127,1.16317
31.22,2.35589,2.35589,0.430751,0.430751,-1.97045,1.36128
31.23,2.59451,2.59451,0.396133,0.396133,-2.1147,1.55449
31.24,2.82544,2.82544,0.361733,0.361733,-2.25367,1.7421
31.25,3.04795,3.04795,0.327783,0.327783,-2.387,1.92345
31.26,3.26135,3.26135,0.294509,0.294509,-2.51437,2.09787
31.27,3.46497,3.46497,0.262129,0.262129,-2.63546,2.26475
31.28,3.65816,3.65816,0.230856,0.230856,-2.74995,2.42347
31.29,3.84033,3.84033,0.200889,0.200889,-2.85757,2.57347
31.3,4.0109,4.0109,0.172421,0.172421,-2.95805,2.71421
31.31,4.16933,4.16933,0.145632,0.145632,-3.05114,2.84519
31.32,4.31513,4.31513,0.120691,0.120691,-3.1366,2.96592
31.33,4.44784,4.44784,0.0977542,0.0977542,-3.21422,3.07598
31.34,4.56704,4.56704,0.0769642,0.0769642,-3.28381,3.17496
31.35,4.67236,4.67236,0.0584502,0.0584502,-3.34519,3.26252
31.36,4.76346,4.76346,0.0423264,0.0423264,-3.3982,3.33834
31.37,4.84006,4.84006,0.0286922,0.0286922,-3.44273,3.40215
31.38,4.90192,4.90192,0.0176311,0.0176311,-3.47864,3.45371
31.39,4.94884,4.94884,0.009211,0.009211,-3.50587,3.49284
31.4,4.98067,4.98067,0.00348325,0.00348325,-3.52433,3.5194
31.41,4.99732,4.99732,0.000482867,0.000482867,-3.53398,3.5333
31.42,4.99873,4.99873,0.000228136,0.000228136,-3.5348,3.53448
31.43,4.98491,4.98491,0.00272062,0.00272062,-3.52678,3.52294
31.44,4.95588,4.95588,0.00794511,0.00794511,-3.50995,3.49872
31.45,4.91174,4.91174,0.0158697,0.0158697,-3.48435,3.46191
31.46,4.85264,4.85264,0.026446,0.026446,-3.45003,3.41263
31.47,4.77875,4.77875,0.0396093,0.0396093,-3.4071,3.35108
31.48,4.69032,4.69032,0.0552788,0.0552788,-3.35565,3.27747
31.49,4.58761,4.58761,0.073358,0.073358,-3.29581,3.19206
31.5,4.47096,4.47096,0.0937355,0.0937355,-3.22773,3.09517
31.51,4.34072,4.34072,0.116285,0.116285,-3.15158,2.98713
31.52,4.19732,4.19732,0.140866,0.140866,-3.06756,2.86834
31.53,4.04119,4.04119,0.167325,0.167325,-2.97587,2.73924
31.54,3.87283,3.87283,0.195495,0.195495,-2.87674,2.60027
31.55,3.69277,3.69277,0.225198,0.225198,-2.77042,2.45194
31.56,3.50157,3.50157,0.256245,0.256245,-2.65718,2.29479
31.57,3.29984,3.29984,0.288435,0.288435,-2.53729,2.12939
31.58,3.0882,3.0882,0.321559,0.321559,-2.41107,1.95631
31.59,2.86733,2.86733,0.355401,0.355401,-2.27881,1.7762
31.6,2.6379,2.6379,0.389735,0.389735,-2.14086,1.5897
31.61,2.40065,2.40065,0.424331,0.424331,-1.99756,1.39747
31.62,2.15631,2.15631,0.458952,0.458952,-1.84927,1.20021
31.63,1.90565,1.90565,0.49336,0.49336,-1.69636,0.99864
31.64,1.64945,1.64945,0.527311,0.527311,-1.5392,0.793471
31.65,1.38851,1.38851,0.56056,0.56056,-1.3782,0.585447
31.66,1.12364,1.12364,0.592864,0.592864,-1.21375,0.375315
31.67,0.855672,0.855672,0.623978,0.623978,-1.04627,0.163833
31.68,0.585439,0.585439,0.653659,0.653659,-0.876175,-0.0482389
31.69,0.31378,0.31378,0.681669,0.681669,-0.703889,-0.260137
31.7,0.0415383,0.0415383,0.707773,0.707773,-0.529843,-0.471099
31.71,-0.230441,-0.230441,0.731742,0.731742,-0.354474,-0.680366
31.72,-0.501315,-0.501315,0.753353,0.753353,-0.178218,-0.887184
31.73,-0.770246,-0.770246,0.772391,0.772391,-0.00151677,-1.09081
31.74,-1.0364,-1.0364,0.78865,0.78865,0.175188,-1.29051
31.75,-1.29897,-1.29897,0.801935,0.801935,0.351455,-1.48556
31.76,-1.55713,-1.55713,0.812061,0.812061,0.526844,-1.67527
31.77,-1.8101,-1.8101,0.818855,0.818855,0.700916,-1.85895
31.78,-2.0571,-2.0571,0.822156,0.822156,0.873235,-2.03594
31.79,-2.29737,-2.29737,0.82182,0.82182,1.04337,-2.2056
31.8,-2.53019,-2.53019,0.817715,0.817715,1.2109,-2.36733
31.81,-2.75484,-2.75484,0.809726,0.809726,1.3754,-2.52053
31.82,-2.97065,-2.97065,0.797754,0.797754,1.53647,-2.66466
31.83,-3.17696,-3.17696,0.781716,0.781716,1.69369,-2.79921
31.84,-3.37315,-3.37315,0.761547,0.761547,1.84669,-2.92368
31.85,-3.55864,-3.55864,0.737203,0.737203,1.99506,-3.03762
31.86,-3.73288,-3.73288,0.708654,0.708654,2.13845,-3.14064
31.87,-3.89534,-3.89534,0.675893,0.675893,2.27649,-3.23235
31.88,-4.04555,-4.04555,0.638929,0.638929,2.40885,-3.31243
31.89,-4.18308,-4.18308,0.597793,0.597793,2.53518,-3.38059
31.9,-4.30752,-4.30752,0.552535,0.552535,2.65518,-3.43658
31.91,-4.41852,-4.41852,0.503224,0.503224,2.76854,-3.4802
31.92,-4.51578,-4.51578,0.449949,0.449949,2.87498,-3.5113
31.93,-4.59902,-4.59902,0.39282,0.39282,2.97423,-3.52976
31.94,-4.66801,-4.66801,0.331966,0.331966,3.06605,-3.53552
31.95,-4.7226,-4.7226,0.267533,0.267533,3.15021,-3.52855
31.96,-4.76263,-4.76263,0.199688,0.199688,3.22649,-3.50889
31.97,-4.78803,-4.78803,0.128616,0.128616,3.29471,-3.4766
31.98,-4.79877,-4.79877,0.0545194,0.0545194,3.35469,-3.43179
31.99,-4.79484,-4.79484,-0.022381,-0.022381,3.40629,-3.37464
32,-4.7763,-4.7763,-0.101849,-0.101849,3.44937,-3.30533
32.01,-4.74325,-4.74325,-0.183632,-0.183632,3.48383,-3.22414
32.02,-4.69584,-4.69584,-0.267463,-0.267463,3.50959,-3.13134
32.03,-4.63426,-4.63426,-0.353059,-0.353059,3.52657,-3.02727
32.04,-4.55875,-4.55875,-0.440127,-0.440127,3.53474,-2.9123
32.05,-4.46957,-4.46957,-0.528358,-0.528358,3.53407,-2.78686
32.06,-4.36706,-4.36706,-0.617436,-0.617436,3.52457,-2.65138
32.07,-4.25157,-4.25157,-0.707031,-0.707031,3.50626,-2.50637
32.08,-4.1235,-4.1235,-0.796808,-0.796808,3.47919,-2.35233
32.09,-3.9833,-3.9833,-0.886421,-0.886421,3.44342,-2.18983
32.1,-3.83144,-3.83144,-0.975522,-0.975522,3.39904,-2.01944
32.11,-3.66844,-3.66844,-1.06375,-1.06375,3.34617,-1.84179
32.12,-3.49483,-3.49483,-1.15076,-1.15076,3.28493,-1.65751
32.13,-3.3112,-3.3112,-1.23618,-1.23618,3.21548,-1.46726
32.14,-3.11815,-3.11815,-1.31965,-1.31965,3.138,-1.27174
32.15,-2.91632,-2.91632,-1.4008,-1.4008,3.05267,-1.07163
32.16,-2.70637,-2.70637,-1.4793,-1.4793,2.95971,-0.867675
32.17,-2.48898,-2.48898,-1.55476,-1.55476,2.85936,-0.660592
32.18,-2.26485,-2.26485,-1.62686,-1.62686,2.75186,-0.451132
32.19,-2.03472,-2.03472,-1.69524,-1.69524,2.63748,-0.240048
32.2,-1.79931,-1.79931,-1.75957,-1.75957,2.5165,-0.0281008
32.21,-1.55938,-1.55938,-1.81952,-1.81952,2.38924,0.183948
32.22,-1.31569,-1.31569,-1.87478,-1.87478,2.25601,0.395334
32.23,-1.06903,-1.06903,-1.92505,-1.92505,2.11713,0.605298
32.24,-0.820162,-0.820162,-1.97004,-1.97004,1.97297,0.813084
32.25,-0.569878,-0.569878,-2.00947,-2.00947,1.82387,1.01794
32.26,-0.318961,-0.318961,-2.04308,-2.04308,1.67022,1.21914
32.27,-0.0681936,-0.0681936,-2.07064,-2.07064,1.51239,1.41595
32.28,0.181643,0.181643,-2.09193,-2.09193,1.35078,1.60766
32.29,0.429776,0.429776,-2.10674,-2.10674,1.18579,1.79359
32.3,0.67544,0.67544,-2.11488,-2.11488,1.01784,1.97306
32.31,0.917882,0.917882,-2.11621,-2.11621,0.847347,2.14543
32.32,1.15636,1.15636,-2.11058,-2.11058,0.674735,2.31008
32.33,1.39016,1.39016,-2.09788,-2.09788,0.500436,2.46641
32.34,1.61856,1.61856,-2.07802,-2.07802,0.324887,2.61387
32.35,1.84088,1.84088,-2.05093,-2.05093,0.148525,2.75192
32.36,2.05646,2.05646,-2.01657,-2.01657,-0.0282074,2.88007
32.37,2.26467,2.26467,-1.97494,-1.97494,-0.20487,2.99785
32.38,2.46488,2.46488,-1.92604,-1.92604,-0.38102,3.10485
32.39,2.65652,2.65652,-1.86991,-1.86991,-0.556217,3.20067
32.4,2.83903,2.83903,-1.80662,-1.80662,-0.730025,3.28497
32.41,3.01189,3.01189,-1.73626,-1.73626,-0.902008,3.35745
32.42,3.17461,3.17461,-1.65895,-1.65895,-1.07174,3.41784
32.43,3.32674,3.32674,-1.57483,-1.57483,-1.23879,3.46594
32.44,3.46786,3.46786,-1.48409,-1.48409,-1.40274,3.50156
32.45,3.59759,3.59759,-1.38691,-1.38691,-1.56319,3.52458
32.46,3.71559,3.71559,-1.28353,-1.28353,-1.71973,3.53491
32.47,3.82155,3.82155,-1.17419,-1.17419,-1.87197,3.53253
32.48,3.91522,3.91522,-1.05917,-1.05917,-2.01953,3.51743
32.49,3.99636,3.99636,-0.93877,-0.93877,-2.16204,3.48967
32.5,4.0648,4.0648,-0.813309,-0.813309,-2.29916,3.44935
32.51,4.12041,4.12041,-0.683133,-0.683133,-2.43052,3.39661
32.52,4.16307,4.16307,-0.548609,-0.548609,-2.55581,3.33166
32.53,4.19273,4.19273,-0.410123,-0.410123,-2.67471,3.25471
32.54,4.20939,4.20939,-0.268083,-0.268083,-2.78692,3.16605
32.55,4.21306,4.21306,-0.122911,-0.122911,-2.89217,3.066
32.56,4.20382,4.20382,0.0249523,0.0249523,-2.9902,2.95491
32.57,4.18178,4.18178,0.17505,0.17505,-3.08074,2.83318
32.58,4.14708,4.14708,0.326913,0.326913,-3.16359,2.70126
32.59,4.09991,4.09991,0.480058,0.480058,-3.23853,2.55962
32.6,4.04051,4.04051,0.633994,0.633994,-3.30537,2.40877
32.61,3.96913,3.96913,0.788218,0.788218,-3.36395,2.24925
32.62,3.88609,3.88609,0.94222,0.94222,-3.41413,2.08163
32.63,3.79171,3.79171,1.09549,1.09549,-3.45577,1.90652
32.64,3.68638,3.68638,1.24749,1.24749,-3.48877,1.72455
32.65,3.57049,3.57049,1.39773,1.39773,-3.51306,1.53637
32.66,3.44448,3.44448,1.54566,1.54566,-3.52856,1.34267
32.67,3.30882,3.30882,1.69077,1.69077,-3.53524,1.14413
32.68,3.16399,3.16399,1.83255,1.83255,-3.53309,0.941473
32.69,3.01053,3.01053,1.97048,1.97048,-3.52211,0.735429
32.7,2.84897,2.84897,2.10405,2.10405,-3.50232,0.526738
32.71,2.67988,2.67988,2.23278,2.23278,-3.47378,0.316152
32.72,2.50385,2.50385,2.35617,2.35617,-3.43655,0.104427
32.73,2.32148,2.32148,2.47375,2.47375,-3.39074,-0.107673
32.74,2.13339,2.13339,2.58507,2.58507,-3.33645,-0.319385
32.75,1.94021,1.94021,2.68967,2.68967,-3.27382,-0.529949
32.76,1.7426,1.7426,2.78714,2.78714,-3.20301,-0.738605
32.77,1.5412,1.5412,2.87707,2.87707,-3.12419,-0.944602
32.78,1.33669,1.33669,2.95908,2.95908,-3.03757,-1.1472
32.79,1.12973,1.12973,3.0328,3.0328,-2.94335,-1.34567
32.8,0.920991,0.920991,3.09789,3.09789,-2.84178,-1.5393
32.81,0.711147,0.711147,3.15404,3.15404,-2.7331,-1.72738
32.82,0.500868,0.500868,3.20096,3.20096,-2.61759,-1.90925
32.83,0.290821,0.290821,3.2384,3.2384,-2.49554,-2.08425
32.84,0.0816683,0.0816683,3.26612,3.26612,-2.36725,-2.25175
32.85,-0.125938,-0.125938,3.28393,3.28393,-2.23304,-2.41114
32.86,-0.331356,-0.331356,3.29166,3.29166,-2.09325,-2.56186
32.87,-0.533953,-0.533953,3.28917,3.28917,-1.94823,-2.70336
32.88,-0.733115,-0.733115,3.27636,3.27636,-1.79834,-2.83512
32.89,-0.928239,-0.928239,3.25315,3.25315,-1.64396,-2.95669
32.9,-1.11875,-1.11875,3.21951,3.21951,-1.48547,-3.06761
32.91,-1.30407,-1.30407,3.17544,3.17544,-1.32326,-3.16749
32.92,-1.48367,-1.48367,3.12097,3.12097,-1.15775,-3.25598
32.93,-1.65704,-1.65704,3.05617,3.05617,-0.989339,-3.33274
32.94,-1.82367,-1.82367,2.98114,2.98114,-0.818459,-3.39751
32.95,-1.9831,-1.9831,2.89602,2.89602,-0.645533,-3.45006
32.96,-2.13489,-2.13489,2.80098,2.80098,-0.470994,-3.49019
32.97,-2.27863,-2.27863,2.69622,2.69622,-0.295277,-3.51775
32.98,-2.41395,-2.41395,2.58199,2.58199,-0.118822,-3.53266
32.99,-2.54048,-2.54048,2.45855,2.45855,0.0579296,-3.53485
33,-2.65791,-2.65791,2.32623,2.32623,0.234536,-3.52432
33.01,-2.76597,-2.76597,2.18535,2.18535,0.410557,-3.50111
33.02,-2.86438,-2.86438,2.03629,2.03629,0.585552,-3.4653
33.03,-2.95294,-2.95294,1.87944,1.87944,0.759083,-3.41701
33.04,-3.03147,-3.03147,1.71524,1.71524,0.930716,-3.35643
33.05,-3.09981,-3.09981,1.54414,1.54414,1.10002,-3.28377
33.06,-3.15785,-3.15785,1.36663,1.36663,1.26658,-3.19929
33.07,-3.2055,-3.2055,1.18322,1.18322,1.42997,-3.10329
33.08,-3.24274,-3.24274,0.994433,0.994433,1.58979,-2.99613
33.09,-3.26954,-3.26954,0.800835,0.800835,1.74564,-2.87819
33.1,-3.28593,-3.28593,0.602998,0.602998,1.89712,-2.74988
33.11,-3.29196,-3.29196,0.401515,0.401515,2.04386,-2.61168
33.12,-3.28774,-3.28774,0.196999,0.196999,2.18549,-2.46409
33.13,-3.27339,-3.27339,-0.00992537,-0.00992537,2.32165,-2.30762
33.14,-3.24906,-3.24906,-0.218619,-0.218619,2.45202,-2.14285
33.15,-3.21494,-3.21494,-0.428432,-0.428432,2.57626,-1.97036
33.16,-3.17126,-3.17126,-0.638706,-0.638706,2.69405,-1.79079
33.17,-3.11826,-3.11826,-0.848776,-0.848776,2.80512,-1.60477
33.18,-3.05621,-3.05621,-1.05797,-1.05797,2.90917,-1.41297
33.19,-2.98543,-2.98543,-1.26562,-1.26562,3.00595,-1.21609
33.2,-2.90624,-2.90624,-1.47105,-1.47105,3.09522,-1.01483
33.21,-2.819,-2.819,-1.6736,-1.6736,3.17675,-0.809924
33.22,-2.72408,-2.72408,-1.87259,-1.87259,3.25034,-0.602099
33.23,-2.62189,-2.62189,-2.06737,-2.06737,3.3158,-0.392108
33.24,-2.51284,-2.51284,-2.25728,-2.25728,3.37298,-0.180705
33.25,-2.39736,-2.39736,-2.4417,-2.4417,3.42173,0.0313474
33.26,-2.27592,-2.27592,-2.61998,-2.61998,3.46193,0.243287
33.27,-2.14898,-2.14898,-2.79153,-2.79153,3.49347,0.454352
33.28,-2.01702,-2.01702,-2.95575,-2.95575,3.51628,0.663781
33.29,-1.88054,-1.88054,-3.11206,-3.11206,3.5303,0.870822
33.3,-1.74003,-1.74003,-3.25992,-3.25992,3.5355,1.07473
33.31,-1.59601,-1.59601,-3.3988,-3.3988,3.53186,1.27477
33.32,-1.44899,-1.44899,-3.52819,-3.52819,3.51939,1.47022
33.33,-1.29949,-1.29949,-3.64762,-3.64762,3.49813,1.66038
33.34,-1.14803,-1.14803,-3.75663,-3.75663,3.46812,1.84456
33.35,-0.99514,-0.99514,-3.85483,-3.85483,3.42945,2.02211
33.36,-0.841334,-0.841334,-3.94182,-3.94182,3.3822,2.19237
33.37,-0.687129,-0.687129,-4.01725,-4.01725,3.3265,2.35475
33.38,-0.533037,-0.533037,-4.08081,-4.08081,3.26248,2.50866
33.39,-0.379562,-0.379562,-4.13222,-4.13222,3.19031,2.65353
33.4,-0.227203,-0.227203,-4.17124,-4.17124,3.11017,2.78886
33.41,-0.076443,-0.076443,-4.19767,-4.19767,3.02225,2.91414
33.42,0.0722422,0.0722422,-4.21133,-4.21133,2.92678,3.02894
33.43,0.218392,0.218392,-4.21212,-4.21212,2.82399,3.13284
33.44,0.36156,0.36156,-4.19994,-4.19994,2.71415,3.22547
33.45,0.501318,0.501318,-4.17476,-4.17476,2.59752,3.30649
33.46,0.637251,0.637251,-4.13657,-4.13657,2.47439,3.3756
33.47,0.768968,0.768968,-4.08542,-4.08542,2.34509,3.43257
33.48,0.896094,0.896094,-4.02139,-4.02139,2.20992,3.47718
33.49,1.01828,1.01828,-3.9446,-3.9446,2.06922,3.50929
33.5,1.13519,1.13519,-3.85523,-3.85523,1.92336,3.52876
33.51,1.24652,1.24652,-3.75348,-3.75348,1.77269,3.53553
33.52,1.35198,1.35198,-3.63959,-3.63959,1.61759,3.52957
33.53,1.45132,1.45132,-3.51387,-3.51387,1.45844,3.51092
33.54,1.54431,1.54431,-3.37663,-3.37663,1.29565,3.47963
33.55,1.63072,1.63072,-3.22825,-3.22825,1.12962,3.43581
33.56,1.7104,1.7104,-3.06913,-3.06913,0.960768,3.37963
33.57,1.78317,1.78317,-2.89971,-2.89971,0.789513,3.31129
33.58,1.84891,1.84891,-2.72047,-2.72047,0.616286,3.23103
33.59,1.90751,1.90751,-2.53191,-2.53191,0.441518,3.13915
33.6,1.95891,1.95891,-2.33459,-2.33459,0.265646,3.03596
33.61,2.00305,2.00305,-2.12907,-2.12907,0.0891107,2.92185
33.62,2.03991,2.03991,-1.91596,-1.91596,-0.0876476,2.79722
33.63,2.0695,2.0695,-1.69588,-1.69588,-0.264187,2.66253
33.64,2.09185,2.09185,-1.4695,-1.4695,-0.440066,2.51825
33.65,2.10701,2.10701,-1.23749,-1.23749,-0.614845,2.36491
33.66,2.11506,2.11506,-1.00054,-1.00054,-0.788087,2.20306
33.67,2.11612,2.11612,-0.75938,-0.75938,-0.959359,2.03328
33.68,2.11031,2.11031,-0.514742,-0.514742,-1.12823,1.85619
33.69,2.09777,2.09777,-0.267374,-0.267374,-1.29429,1.67241
33.7,2.0787,2.0787,-0.0180375,-0.0180375,-1.45711,1.48262
33.71,2.05328,2.05328,0.232497,0.232497,-1.61628,1.28749
33.72,2.02172,2.02172,0.48345,0.48345,-1.77142,1.08772
33.73,1.98426,1.98426,0.734042,0.734042,-1.92213,0.884041
33.74,1.94116,1.94116,0.983485,0.983485,-2.06804,0.67718
33.75,1.89268,1.89268,1.231,1.231,-2.20877,0.467881
33.76,1.83911,1.83911,1.4758,1.4758,-2.34399,0.256899
33.77,1.78074,1.78074,1.71711,1.71711,-2.47335,0.0449926
33.78,1.71788,1.71788,1.95416,1.95416,-2.59652,-0.167076
33.79,1.65086,1.65086,2.1862,2.1862,-2.71321,-0.378543
33.8,1.58,1.58,2.41248,2.41248,-2.82311,-0.588648
33.81,1.50566,1.50566,2.63227,2.63227,-2.92596,-0.796635
33.82,1.42817,1.42817,2.84486,2.84486,-3.02149,-1.00175
33.83,1.34789,1.34789,3.04957,3.04957,-3.10947,-1.20327
33.84,1.26518,1.26518,3.24571,3.24571,-3.18968,-1.40045
33.85,1.18039,1.18039,3.43266,3.43266,-3.26192,-1.5926
33.86,1.09389,1.09389,3.60979,3.60979,-3.326,-1.77901
33.87,1.00604,1.00604,3.77651,3.77651,-3.38177,-1.95902
33.88,0.917199,0.917199,3.93227,3.93227,-3.42909,-2.13198
33.89,0.827722,0.827722,4.07654,4.07654,-3.46784,-2.29726
33.9,0.737962,0.737962,4.20884,4.20884,-3.49792,-2.45428
33.91,0.648266,0.648266,4.32871,4.32871,-3.51925,-2.60247
33.92,0.558973,0.558973,4.43574,4.43574,-3.53179,-2.74129
33.93,0.470413,0.470413,4.52955,4.52955,-3.53551,-2.87024
33.94,0.382909,0.382909,4.6098,4.6098,-3.53038,-2.98887
33.95,0.296772,0.296772,4.67621,4.67621,-3.51643,-3.09673
33.96,0.212301,0.212301,4.72853,4.72853,-3.49369,-3.19346
33.97,0.129781,0.129781,4.76654,4.76654,-3.46222,-3.27869
33.98,0.049486,0.049486,4.79009,4.79009,-3.4221,-3.35212
33.99,-0.0283267,-0.0283267,4.79907,4.79907,-3.37342,-3.41348
34,-0.103415,-0.103415,4.79339,4.79339,-3.31631,-3.46256
34.01,-0.175553,-0.175553,4.77304,4.77304,-3.25091,-3.49918
34.02,-0.244531,-0.244531,4.73804,4.73804,-3.17739,-3.52321
34.03,-0.31016,-0.31016,4.68846,4.68846,-3.09592,-3.53456
34.04,-0.372265,-0.372265,4.62441,4.62441,-3.00672,-3.53318
34.05,-0.430693,-0.430693,4.54605,4.54605,-2.91,-3.51909
34.06,-0.485309,-0.485309,4.4536,4.4536,-2.80601,-3.49234
34.07,-0.535997,-0.535997,4.3473,4.3473,-2.695,-3.45301
34.08,-0.582661,-0.582661,4.22745,4.22745,-2.57726,-3.40126
34.09,-0.625224,-0.625224,4.09439,4.09439,-2.45307,-3.33727
34.1,-0.663629,-0.663629,3.94851,3.94851,-2.32276,-3.26127
34.11,-0.697841,-0.697841,3.79021,3.79021,-2.18664,-3.17353
34.12,-0.727841,-0.727841,3.61998,3.61998,-2.04505,-3.07437
34.13,-0.753632,-0.753632,3.43831,3.43831,-1.89835,-2.96415
34.14,-0.775235,-0.775235,3.24574,3.24574,-1.74691,-2.84326
34.15,-0.79269,-0.79269,3.04284,3.04284,-1.5911,-2.71213
34.16,-0.806055,-0.806055,2.83024,2.83024,-1.43131,-2.57125
34.17,-0.815407,-0.815407,2.60856,2.60856,-1.26795,-2.42111
34.18,-0.820838,-0.820838,2.37847,2.37847,-1.10141,-2.26225
34.19,-0.822458,-0.822458,2.14069,2.14069,-0.932128,-2.09526
34.2,-0.820394,-0.820394,1.89592,1.89592,-0.760512,-1.92072
34.21,-0.814787,-0.814787,1.64492,1.64492,-0.586995,-1.73928
34.22,-0.80579,-0.80579,1.38846,1.38846,-0.412011,-1.55157
34.23,-0.793574,-0.793574,1.12732,1.12732,-0.235997,-1.35828
34.24,-0.778317,-0.778317,0.862312,0.862312,-0.0593928,-1.1601
34.25,-0.760214,-0.760214,0.594243,0.594243,0.11736,-0.957745
34.26,-0.739466,-0.739466,0.323944,0.323944,0.293819,-0.751944
34.27,-0.716285,-0.716285,0.0522505,0.0522505,0.469543,-0.543436
34.28,-0.690891,-0.690891,-0.219996,-0.219996,0.644094,-0.332973
34.29,-0.663511,-0.663511,-0.491951,-0.491951,0.817035,-0.121312
34.3,-0.634379,-0.634379,-0.762771,-0.762771,0.987934,0.0907867
34.31,-0.603732,-0.603732,-1.03161,-1.03161,1.15636,0.302558
34.32,-0.571811,-0.571811,-1.29764,-1.29764,1.3219,0.513241
34.33,-0.538859,-0.538859,-1.56003,-1.56003,1.48414,0.722076
34.34,-0.505122,-0.505122,-1.81796,-1.81796,1.64266,0.928313
34.35,-0.470845,-0.470845,-2.07062,-2.07062,1.79708,1.13121
34.36,-0.436269,-0.436269,-2.31722,-2.31722,1.94701,1.33003
34.37,-0.401638,-0.401638,-2.557,-2.557,2.09207,1.52407
34.38,-0.367187,-0.367187,-2.7892,-2.7892,2.23191,1.71262
34.39,-0.33315,-0.33315,-3.01311,-3.01311,2.36616,1.89501
34.4,-0.299754,-0.299754,-3.228,-3.228,2.4945,2.07058
34.41,-0.267218,-0.267218,-3.43322,-3.43322,2.6166,2.2387
34.42,-0.235754,-0.235754,-3.62812,-3.62812,2.73217,2.39876
34.43,-0.205566,-0.205566,-3.81208,-3.81208,2.8409,2.55019
34.44,-0.176847,-0.176847,-3.98453,-3.98453,2.94254,2.69244
34.45,-0.149779,-0.149779,-4.14493,-4.14493,3.03682,2.825
34.46,-0.124533,-0.124533,-4.29278,-4.29278,3.12351,2.94739
34.47,-0.101267,-0.101267,-4.4276,-4.4276,3.20239,3.05918
34.48,-0.0801261,-0.0801261,-4.54898,-4.54898,3.27327,3.15995
34.49,-0.0612416,-0.0612416,-4.65653,-4.65653,3.33597,3.24936
34.5,-0.0447301,-0.0447301,-4.74991,-4.74991,3.39032,3.32707
34.51,-0.0306934,-0.0306934,-4.82884,-4.82884,3.43621,3.3928
34.52,-0.0192175,-0.0192175,-4.89306,-4.89306,3.4735,3.44633
34.53,-0.0103729,-0.0103729,-4.94237,-4.94237,3.50212,3.48745
34.54,-0.0042136,-0.0042136,-4.97662,-4.97662,3.52198,3.51602
34.55,-0.000777177,-0.000777177,-4.99569,-4.99569,3.53304,3.53194
34.56,-8.46206e-05,-8.46206e-05,-4.99953,-4.99953,3.53526,3.53514
34.57,-0.00214015,-0.00214015,-4.98813,-4.98813,3.52865,3.52563
34.58,-0.00693123,-0.00693123,-4.96152,-4.96152,3.51322,3.50342
34.59,-0.0144286,-0.0144286,-4.91978,-4.91978,3.48901,3.46861
34.6,-0.0245865,-0.0245865,-4.86305,-4.86305,3.45608,3.42131
34.61,-0.0373428,-0.0373428,-4.7915,-4.7915,3.41451,3.3617
34.62,-0.0526191,-0.0526191,-4.70537,-4.70537,3.36441,3.28999
34.63,-0.0703217,-0.0703217,-4.60491,-4.60491,3.30589,3.20644
34.64,-0.0903412,-0.0903412,-4.49046,-4.49046,3.23911,3.11135
34.65,-0.112554,-0.112554,-4.36236,-4.36236,3.16424,3.00507
34.66,-0.136821,-0.136821,-4.22102,-4.22102,3.08146,2.88797
34.67,-0.162992,-0.162992,-4.06689,-4.06689,2.99098,2.76047
34.68,-0.190901,-0.190901,-3.90044,-3.90044,2.89302,2.62304
34.69,-0.220373,-0.220373,-3.72221,-3.72221,2.78783,2.47617
34.7,-0.251218,-0.251218,-3.53275,-3.53275,2.67567,2.32039
34.71,-0.28324,-0.28324,-3.33265,-3.33265,2.55682,2.15626
34.72,-0.31623,-0.31623,-3.12255,-3.12255,2.43158,1.98437
34.73,-0.349972,-0.349972,-2.9031,-2.9031,2.30027,1.80533
34.74,-0.384243,-0.384243,-2.67499,-2.67499,2.1632,1.6198
34.75,-0.418813,-0.418813,-2.43893,-2.43893,2.02073,1.42844
34.76,-0.453446,-0.453446,-2.19567,-2.19567,1.87321,1.23194
34.77,-0.487904,-0.487904,-1.94596,-1.94596,1.721,1.031
34.78,-0.521944,-0.521944,-1.69059,-1.69059,1.5645,0.826358
34.79,-0.555322,-0.555322,-1.43035,-1.43035,1.40408,0.618738
34.8,-0.587793,-0.587793,-1.16605,-1.16605,1.24016,0.408892
34.81,-0.619112,-0.619112,-0.898524,-0.898524,1.07313,0.197574
34.82,-0.649038,-0.649038,-0.628595,-0.628595,0.903423,-0.0144551
34.83,-0.67733,-0.67733,-0.357106,-0.357106,0.731457,-0.226432
34.84,-0.703753,-0.703753,-0.0849012,-0.0849012,0.557663,-0.437594
34.85,-0.728077,-0.728077,0.187176,0.187176,0.382475,-0.647181
34.86,-0.750078,-0.750078,0.458282,0.458282,0.206331,-0.854439
34.87,-0.76954,-0.76954,0.727579,0.727579,0.0296708,-1.05862
34.88,-0.786255,-0.786255,0.994234,0.994234,-0.147063,-1.259
34.89,-0.800026,-0.800026,1.25742,1.25742,-0.323429,-1.45484
34.9,-0.810667,-0.810667,1.51634,1.51634,-0.498987,-1.64544
34.91,-0.818003,-0.818003,1.77019,1.77019,-0.673298,-1.83013
34.92,-0.82187,-0.82187,2.01819,2.01819,-0.845926,-2.00823
34.93,-0.822123,-0.822123,2.25959,2.25959,-1.01644,-2.1791
34.94,-0.818626,-0.818626,2.49364,2.49364,-1.18441,-2.34212
34.95,-0.811263,-0.811263,2.71964,2.71964,-1.34942,-2.49672
34.96,-0.799931,-0.799931,2.9369,2.9369,-1.51106,-2.64234
34.97,-0.784545,-0.784545,3.14476,3.14476,-1.66893,-2.77844
34.98,-0.765038,-0.765038,3.34261,3.34261,-1.82262,-2.90455
34.99,-0.741361,-0.741361,3.52984,3.52984,-1.97175,-3.0202
35,-0.713483,-0.713483,3.7059,3.7059,-2.11596,-3.12498
35.01,-0.681392,-0.681392,3.87027,3.87027,-2.25488,-3.21851
35.02,-0.645096,-0.645096,4.02247,4.02247,-2.38816,-3.30047
35.03,-0.604622,-0.604622,4.16204,4.16204,-2.51548,-3.37054
35.04,-0.560016,-0.560016,4.28859,4.28859,-2.6365,-3.42848
35.05,-0.511345,-0.511345,4.40176,4.40176,-2.75094,-3.47409
35.06,-0.458695,-0.458695,4.50122,4.50122,-2.8585,-3.50719
35.07,-0.402172,-0.402172,4.58671,4.58671,-2.95891,-3.52767
35.08,-0.341901,-0.341901,4.65799,4.65799,-3.05193,-3.53545
35.09,-0.278027,-0.278027,4.71487,4.71487,-3.13732,-3.53051
35.1,-0.210714,-0.210714,4.75723,4.75723,-3.21487,-3.51287
35.11,-0.140143,-0.140143,4.78497,4.78497,-3.28439,-3.48258
35.12,-0.066514,-0.066514,4.79804,4.79804,-3.34569,-3.43976
35.13,0.00995522,0.00995522,4.79644,4.79644,-3.39864,-3.38456
35.14,0.0890308,0.0890308,4.78022,4.78022,-3.44308,-3.31717
35.15,0.170463,0.170463,4.74948,4.74948,-3.47893,-3.23785
35.16,0.253986,0.253986,4.70435,4.70435,-3.50607,-3.14688
35.17,0.33932,0.33932,4.64501,4.64501,-3.52445,-3.04458
35.18,0.426174,0.426174,4.5717,4.5717,-3.53403,-2.93133
35.19,0.514241,0.514241,4.48468,4.48468,-3.53477,-2.80752
35.2,0.603205,0.603205,4.38426,4.38426,-3.52667,-2.67361
35.21,0.692741,0.692741,4.27082,4.27082,-3.50976,-2.53008
35.22,0.782511,0.782511,4.14472,4.14472,-3.48408,-2.37744
35.23,0.872174,0.872174,4.00643,4.00643,-3.44969,-2.21625
35.24,0.96138,0.96138,3.85639,3.85639,-3.40668,-2.04708
35.25,1.04977,1.04977,3.69512,3.69512,-3.35515,-1.87054
35.26,1.137,1.137,3.52317,3.52317,-3.29524,-1.68728
35.27,1.22269,1.22269,3.34109,3.34109,-3.22709,-1.49793
35.28,1.3065,1.3065,3.14951,3.14951,-3.15087,-1.3032
35.29,1.38805,1.38805,2.94903,2.94903,-3.06678,-1.10378
35.3,1.46699,1.46699,2.74033,2.74033,-2.97502,-0.900386
35.31,1.54296,1.54296,2.52407,2.52407,-2.87583,-0.693752
35.32,1.61562,1.61562,2.30097,2.30097,-2.76945,-0.48462
35.33,1.68461,1.68461,2.07174,2.07174,-2.65614,-0.273744
35.34,1.74961,1.74961,1.83712,1.83712,-2.5362,-0.0618832
35.35,1.81028,1.81028,1.59786,1.59786,-2.40992,0.1502
35.36,1.86631,1.86631,1.35472,1.35472,-2.27761,0.361744
35.37,1.91739,1.91739,1.10848,1.10848,-2.13961,0.571985
35.38,1.96324,1.96324,0.859913,0.859913,-1.99627,0.780167
35.39,2.00357,2.00357,0.609802,0.609802,-1.84793,0.985542
35.4,2.03813,2.03813,0.358933,0.358933,-1.69498,1.18737
35.41,2.06667,2.06667,0.10809,0.10809,-1.53779,1.38493
35.42,2.08897,2.08897,-0.141947,-0.141947,-1.37675,1.5775
35.43,2.10482,2.10482,-0.390402,-0.390402,-1.21228,1.76439
35.44,2.11404,2.11404,-0.63651,-0.63651,-1.04477,1.94493
35.45,2.11646,2.11646,-0.879515,-0.879515,-0.874653,2.11848
35.46,2.11195,2.11195,-1.11868,-1.11868,-0.70235,2.2844
35.47,2.10038,2.10038,-1.35326,-1.35326,-0.528291,2.44209
35.48,2.08166,2.08166,-1.58257,-1.58257,-0.352911,2.591
35.49,2.05573,2.05573,-1.80591,-1.80591,-0.17665,2.73059
35.5,2.02253,2.02253,-2.02261,-2.02261,5.32849e-05,2.86034
35.51,1.98206,1.98206,-2.23203,-2.23203,0.176756,2.97981
35.52,1.93431,1.93431,-2.43355,-2.43355,0.353017,3.08855
35.53,1.87933,1.87933,-2.6266,-2.6266,0.528396,3.18617
35.54,1.81717,1.81717,-2.81059,-2.81059,0.702454,3.27233
35.55,1.74793,1.74793,-2.98503,-2.98503,0.874757,3.34671
35.56,1.67172,1.67172,-3.14939,-3.14939,1.04487,3.40904
35.57,1.58868,1.58868,-3.30324,-3.30324,1.21238,3.45911
35.58,1.49898,1.49898,-3.44614,-3.44614,1.37685,3.49673
35.59,1.40281,1.40281,-3.57771,-3.57771,1.53788,3.52176
35.6,1.3004,1.3004,-3.6976,-3.6976,1.69507,3.53412
35.61,1.19199,1.19199,-3.80549,-3.80549,1.84802,3.53376
35.62,1.07786,1.07786,-3.90113,-3.90113,1.99636,3.52068
35.63,0.958293,0.958293,-3.98429,-3.98429,2.1397,3.49493
35.64,0.833615,0.833615,-4.05476,-4.05476,2.27769,3.4566
35.65,0.704166,0.704166,-4.11241,-4.11241,2.41,3.40584
35.66,0.570309,0.570309,-4.15714,-4.15714,2.53627,3.34281
35.67,0.432428,0.432428,-4.18888,-4.18888,2.65621,3.26776
35.68,0.290926,0.290926,-4.20761,-4.20761,2.76951,3.18094
35.69,0.146223,0.146223,-4.21334,-4.21334,2.87589,3.08268
35.7,-0.00124125,-0.00124125,-4.20615,-4.20615,2.97508,2.97332
35.71,-0.151014,-0.151014,-4.18614,-4.18614,3.06683,2.85326
35.72,-0.302628,-0.302628,-4.15344,-4.15344,3.15092,2.72294
35.73,-0.455602,-0.455602,-4.10825,-4.10825,3.22713,2.58281
35.74,-0.609445,-0.609445,-4.05078,-4.05078,3.29528,2.43339
35.75,-0.763657,-0.763657,-3.98129,-3.98129,3.35518,2.27521
35.76,-0.917729,-0.917729,-3.90008,-3.90008,3.40671,2.10884
35.77,-1.07115,-1.07115,-3.80749,-3.80749,3.44971,1.93489
35.78,-1.22339,-1.22339,-3.70387,-3.70387,3.4841,1.75396
35.79,-1.37394,-1.37394,-3.58963,-3.58963,3.50978,1.56673
35.8,-1.52227,-1.52227,-3.46521,-3.46521,3.52668,1.37386
35.81,-1.66787,-1.66787,-3.33105,-3.33105,3.53477,1.17604
35.82,-1.81021,-1.81021,-3.18765,-3.18765,3.53402,0.973995
35.83,-1.94879,-1.94879,-3.03553,-3.03553,3.52445,0.768441
35.84,-2.08309,-2.08309,-2.87522,-2.87522,3.50606,0.560122
35.85,-2.21262,-2.21262,-2.70729,-2.70729,3.47891,0.349787
35.86,-2.33689,-2.33689,-2.53233,-2.53233,3.44306,0.138193
35.87,-2.45543,-2.45543,-2.35092,-2.35092,3.39861,-0.0738987
35.88,-2.56778,-2.56778,-2.1637,-2.1637,3.34566,-0.285724
35.89,-2.67348,-2.67348,-1.97129,-1.97129,3.28435,-0.496521
35.9,-2.77211,-2.77211,-1.77434,-1.77434,3.21483,-0.705532
35.91,-2.86327,-2.86327,-1.57351,-1.57351,3.13728,-0.912003
35.92,-2.94656,-2.94656,-1.36944,-1.36944,3.05188,-1.11519
35.93,-3.02162,-3.02162,-1.16283,-1.16283,2.95885,-1.31437
35.94,-3.08811,-3.08811,-0.954328,-0.954328,2.85844,-1.50881
35.95,-3.1457,-3.1457,-0.744614,-0.744614,2.75087,-1.69783
35.96,-3.19412,-3.19412,-0.53436,-0.53436,2.63643,-1.88073
35.97,-3.23308,-3.23308,-0.324232,-0.324232,2.5154,-2.05687
35.98,-3.26237,-3.26237,-0.114892,-0.114892,2.38808,-2.2256
35.99,-3.28177,-3.28177,0.0930039,0.0930039,2.2548,-2.38633
36,-3.29111,-3.29111,0.298813,0.298813,2.11588,-2.53846
36.01,-3.29026,-3.29026,0.501901,0.501901,1.97167,-2.68146
36.02,-3.27909,-3.27909,0.70165,0.70165,1.82253,-2.81481
36.03,-3.25754,-3.25754,0.897457,0.897457,1.66883,-2.93803
36.04,-3.22557,-3.22557,1.08874,1.08874,1.51097,-3.05067
36.05,-3.18316,-3.18316,1.27492,1.27492,1.34933,-3.15234
36.06,-3.13034,-3.13034,1.45547,1.45547,1.18431,-3.24266
36.07,-3.06718,-3.06718,1.62986,1.62986,1.01634,-3.32131
36.08,-2.99377,-2.99377,1.7976,1.7976,0.845822,-3.38801
36.09,-2.91025,-2.91025,1.95821,1.95821,0.673193,-3.44252
36.1,-2.81677,-2.81677,2.11124,2.11124,0.498882,-3.48463
36.11,-2.71354,-2.71354,2.2563,2.2563,0.323323,-3.51421
36.12,-2.6008,-2.6008,2.39297,2.39297,0.146957,-3.53113
36.13,-2.47882,-2.47882,2.52093,2.52093,-0.0297774,-3.53535
36.14,-2.34789,-2.34789,2.63983,2.63983,-0.206437,-3.52685
36.15,-2.20834,-2.20834,2.7494,2.7494,-0.382581,-3.50565
36.16,-2.06056,-2.06056,2.84936,2.84936,-0.557768,-3.47184
36.17,-1.90492,-1.90492,2.93951,2.93951,-0.731561,-3.42553
36.18,-1.74186,-1.74186,3.01964,3.01964,-0.903526,-3.36689
36.19,-1.57183,-1.57183,3.08961,3.08961,-1.07323,-3.29614
36.2,-1.39531,-1.39531,3.1493,3.1493,-1.24026,-3.21352
36.21,-1.2128,-1.2128,3.19861,3.19861,-1.40418,-3.11934
36.22,-1.02484,-1.02484,3.23751,3.23751,-1.56459,-3.01393
36.23,-0.831967,-0.831967,3.26597,3.26597,-1.7211,-2.89768
36.24,-0.634766,-0.634766,3.28401,3.28401,-1.8733,-2.77099
36.25,-0.433824,-0.433824,3.29169,3.29169,-2.02082,-2.63434
36.26,-0.229749,-0.229749,3.2891,3.2891,-2.16329,-2.4882
36.27,-0.0231656,-0.0231656,3.27635,3.27635,-2.30035,-2.33311
36.28,0.185289,0.185289,3.2536,3.2536,-2.43166,-2.16962
36.29,0.394968,0.394968,3.22102,3.22102,-2.55689,-1.99832
36.3,0.605213,0.605213,3.17885,3.17885,-2.67574,-1.81984
36.31,0.81536,0.81536,3.12731,3.12731,-2.78789,-1.6348
36.32,1.02474,1.02474,3.06669,3.06669,-2.89308,-1.44388
36.33,1.23268,1.23268,2.99728,2.99728,-2.99103,-1.24776
36.34,1.43851,1.43851,2.9194,2.9194,-3.08151,-1.04715
36.35,1.64156,1.64156,2.83342,2.83342,-3.16429,-0.842773
36.36,1.84116,1.84116,2.7397,2.7397,-3.23916,-0.635363
36.37,2.03665,2.03665,2.63864,2.63864,-3.30593,-0.425666
36.38,2.22739,2.22739,2.53065,2.53065,-3.36444,-0.214438
36.39,2.41272,2.41272,2.41617,2.41617,-3.41454,-0.00243749
36.4,2.59202,2.59202,2.29564,2.29564,-3.4561,0.209572
36.41,2.76469,2.76469,2.16955,2.16955,-3.48903,0.420827
36.42,2.93011,2.93011,2.03835,2.03835,-3.51323,0.630567
36.43,3.08772,3.08772,1.90256,1.90256,-3.52866,0.838038
36.44,3.23696,3.23696,1.76265,1.76265,-3.53526,1.04249
36.45,3.3773,3.3773,1.61916,1.61916,-3.53303,1.2432
36.46,3.50824,3.50824,1.47258,1.47258,-3.52197,1.43942
36.47,3.62928,3.62928,1.32344,1.32344,-3.5021,1.63047
36.48,3.73999,3.73999,1.17226,1.17226,-3.47348,1.81565
36.49,3.83993,3.83993,1.01957,1.01957,-3.43618,1.9943
36.5,3.92873,3.92873,0.86587,0.86587,-3.39029,2.16577
36.51,4.00602,4.00602,0.711694,0.711694,-3.33593,2.32944
36.52,4.0715,4.0715,0.55755,0.55755,-3.27323,2.48473
36.53,4.12486,4.12486,0.403944,0.403944,-3.20235,2.63108
36.54,4.16586,4.16586,0.251374,0.251374,-3.12346,2.76796
36.55,4.19431,4.19431,0.100327,0.100327,-3.03676,2.89488
36.56,4.21002,4.21002,-0.0487198,-0.0487198,-2.94248,3.01138
36.57,4.21286,4.21286,-0.195304,-0.195304,-2.84084,3.11704
36.58,4.20275,4.20275,-0.338976,-0.338976,-2.7321,3.21149
36.59,4.17964,4.17964,-0.479305,-0.479305,-2.61653,3.29437
36.6,4.14352,4.14352,-0.615874,-0.615874,-2.49442,3.3654
36.61,4.09443,4.09443,-0.748288,-0.748288,-2.36608,3.42432
36.62,4.03244,4.03244,-0.876169,-0.876169,-2.23182,3.47091
36.63,3.95768,3.95768,-0.999162,-0.999162,-2.09199,3.50502
36.64,3.8703,3.8703,-1.11693,-1.11693,-1.94692,3.5265
36.65,3.7705,3.7705,-1.22917,-1.22917,-1.79699,3.5353
36.66,3.65853,3.65853,-1.33559,-1.33559,-1.64257,3.53137
36.67,3.53467,3.53467,-1.43592,-1.43592,-1.48404,3.51474
36.68,3.39924,3.39924,-1.52993,-1.52993,-1.3218,3.48545
36.69,3.25261,3.25261,-1.61741,-1.61741,-1.15626,3.44362
36.7,3.09517,3.09517,-1.69817,-1.69817,-0.987832,3.3894
36.71,2.92736,2.92736,-1.77205,-1.77205,-0.816932,3.32298
36.72,2.74965,2.74965,-1.83891,-1.83891,-0.643989,3.2446
36.73,2.56254,2.56254,-1.89866,-1.89866,-0.469437,3.15455
36.74,2.36658,2.36658,-1.95121,-1.95121,-0.293712,3.05314
36.75,2.16233,2.16233,-1.99651,-1.99651,-0.117253,2.94074
36.76,1.95038,1.95038,-2.03453,-2.03453,0.0594994,2.81776
36.77,1.73137,1.73137,-2.06527,-2.06527,0.236103,2.68464
36.78,1.50595,1.50595,-2.08877,-2.08877,0.412117,2.54185
36.79,1.27479,1.27479,-2.10507,-2.10507,0.5871,2.38992
36.8,1.03858,1.03858,-2.11425,-2.11425,0.760616,2.22939
36.81,0.798041,0.798041,-2.11641,-2.11641,0.932231,2.06083
36.82,0.553907,0.553907,-2.11169,-2.11169,1.10152,1.88486
36.83,0.306923,0.306923,-2.10021,-2.10021,1.26805,1.7021
36.84,0.0578484,0.0578484,-2.08217,-2.08217,1.43141,1.51322
36.85,-0.192547,-0.192547,-2.05774,-2.05774,1.59119,1.31889
36.86,-0.443486,-0.443486,-2.02715,-2.02715,1.747,1.11982
36.87,-0.694188,-0.694188,-1.99061,-1.99061,1.89844,0.916712
36.88,-0.943867,-0.943867,-1.94839,-1.94839,2.04514,0.710308
36.89,-1.19174,-1.19174,-1.90075,-1.90075,2.18672,0.501348
36.9,-1.43702,-1.43702,-1.84797,-1.84797,2.32284,0.290583
36.91,-1.67894,-1.67894,-1.79034,-1.79034,2.45315,0.0787725
36.92,-1.91672,-1.91672,-1.72818,-1.72818,2.57733,-0.133321
36.93,-2.14961,-2.14961,-1.6618,-1.6618,2.69507,-0.344935
36.94,-2.37685,-2.37685,-1.59153,-1.59153,2.80607,-0.555308
36.95,-2.59773,-2.59773,-1.51772,-1.51772,2.91006,-0.763682
36.96,-2.81152,-2.81152,-1.44071,-1.44071,3.00678,-0.969308
36.97,-3.01752,-3.01752,-1.36085,-1.36085,3.09598,-1.17145
36.98,-3.21508,-3.21508,-1.2785,-1.2785,3.17744,-1.36937
36.99,-3.40353,-3.40353,-1.19402,-1.19402,3.25096,-1.56236
37,-3.58226,-3.58226,-1.10777,-1.10777,3.31635,-1.74973
37.01,-3.75068,-3.75068,-1.02011,-1.02011,3.37345,-1.9308
37.02,-3.90822,-3.90822,-0.9314,-0.9314,3.42213,-2.10493
37.03,-4.05435,-4.05435,-0.842001,-0.842001,3.46225,-2.27148
37.04,-4.18859,-4.18859,-0.752263,-0.752263,3.49371,-2.42985
37.05,-4.31047,-4.31047,-0.662533,-0.662533,3.51644,-2.57948
37.06,-4.41957,-4.41957,-0.573153,-0.573153,3.53039,-2.71983
37.07,-4.51551,-4.51551,-0.484455,-0.484455,3.53551,-2.85038
37.08,-4.59794,-4.59794,-0.396762,-0.396762,3.53179,-2.97068
37.09,-4.66657,-4.66657,-0.310387,-0.310387,3.51924,-3.08029
37.1,-4.72115,-4.72115,-0.225631,-0.225631,3.4979,-3.17881
37.11,-4.76145,-4.76145,-0.142781,-0.142781,3.46782,-3.26589
37.12,-4.78732,-4.78732,-0.0621145,-0.0621145,3.42907,-3.34122
37.13,-4.79862,-4.79862,0.0161101,0.0161101,3.38174,-3.40453
37.14,-4.79528,-4.79528,0.0916478,0.0916478,3.32597,-3.45558
37.15,-4.77726,-4.77726,0.16427,0.16427,3.26188,-3.49419
37.16,-4.74459,-4.74459,0.233765,0.233765,3.18964,-3.52023
37.17,-4.69733,-4.69733,0.299939,0.299939,3.10942,-3.5336
37.18,-4.63557,-4.63557,0.362616,0.362616,3.02144,-3.53425
37.19,-4.55948,-4.55948,0.42164,0.42164,2.9259,-3.52219
37.2,-4.46926,-4.46926,0.476871,0.476871,2.82305,-3.49744
37.21,-4.36515,-4.36515,0.528191,0.528191,2.71314,-3.46011
37.22,-4.24744,-4.24744,0.575501,0.575501,2.59645,-3.41033
37.23,-4.11646,-4.11646,0.618722,0.618722,2.47327,-3.34828
37.24,-3.97258,-3.97258,0.657793,0.657793,2.34391,-3.27417
37.25,-3.81624,-3.81624,0.692674,0.692674,2.20869,-3.18828
37.26,-3.64787,-3.64787,0.723346,0.723346,2.06795,-3.09092
37.27,-3.46798,-3.46798,0.749806,0.749806,1.92204,-2.98243
37.28,-3.27711,-3.27711,0.772074,0.772074,1.77133,-2.86321
37.29,-3.07582,-3.07582,0.790186,0.790186,1.61619,-2.73368
37.3,-2.86472,-2.86472,0.804198,0.804198,1.45701,-2.59432
37.31,-2.64444,-2.64444,0.814182,0.814182,1.29419,-2.44562
37.32,-2.41565,-2.41565,0.820231,0.820231,1.12813,-2.28811
37.33,-2.17904,-2.17904,0.82245,0.82245,0.959257,-2.12238
37.34,-1.93534,-1.93534,0.820964,0.820964,0.787983,-1.949
37.35,-1.68528,-1.68528,0.815911,0.815911,0.61474,-1.76861
37.36,-1.42964,-1.42964,0.807443,0.807443,0.43996,-1.58186
37.37,-1.16919,-1.16919,0.795728,0.795728,0.264081,-1.38941
37.38,-0.904745,-0.904745,0.780943,0.780943,0.0875411,-1.19196
37.39,-0.637107,-0.637107,0.76328,0.76328,-0.0892172,-0.990223
37.4,-0.367108,-0.367108,0.742939,0.742939,-0.265752,-0.784921
37.41,-0.0955806,-0.0955806,0.720131,0.720131,-0.441624,-0.576795
37.42,0.176634,0.176634,0.695074,0.695074,-0.616391,-0.366593
37.43,0.448692,0.448692,0.667995,0.667995,-0.789617,-0.155071
37.44,0.719749,0.719749,0.639126,0.639126,-0.96087,0.057009
37.45,0.988963,0.988963,0.608704,0.608704,-1.12972,0.268884
37.46,1.2555,1.2555,0.57697,0.57697,-1.29575,0.479791
37.47,1.51852,1.51852,0.544166,0.544166,-1.45854,0.688971
37.48,1.77721,1.77721,0.510538,0.510538,-1.61768,0.895671
37.49,2.03076,2.03076,0.47633,0.47633,-1.77278,1.09915
37.5,2.27838,2.27838,0.441786,0.441786,-1.92345,1.29867
37.51,2.5193,2.5193,0.407147,0.407147,-2.06931,1.49352
37.52,2.75276,2.75276,0.372652,0.372652,-2.21,1.68299
37.53,2.97803,2.97803,0.338534,0.338534,-2.34517,1.86641
37.54,3.19441,3.19441,0.305021,0.305021,-2.47447,2.0431
37.55,3.40121,3.40121,0.272333,0.272333,-2.59759,2.21245
37.56,3.59779,3.59779,0.240685,0.240685,-2.71421,2.37383
37.57,3.78354,3.78354,0.210281,0.210281,-2.82406,2.52667
37.58,3.95786,3.95786,0.181315,0.181315,-2.92684,2.67042
37.59,4.12021,4.12021,0.153972,0.153972,-3.02231,2.80456
37.6,4.27009,4.27009,0.128425,0.128425,-3.11022,2.9286
37.61,4.40702,4.40702,0.104834,0.104834,-3.19036,3.0421
37.62,4.53056,4.53056,0.0833453,0.0833453,-3.26252,3.14466
37.63,4.64034,4.64034,0.0640932,0.0640932,-3.32653,3.23589
37.64,4.736,4.736,0.0471966,0.0471966,-3.38223,3.31549
37.65,4.81725,4.81725,0.0327595,0.0327595,-3.42947,3.38314
37.66,4.88383,4.88383,0.0208707,0.0208707,-3.46814,3.43863
37.67,4.93552,4.93552,0.011603,0.011603,-3.49815,3.48174
37.68,4.97218,4.97218,0.00501304,0.00501304,-3.5194,3.51231
37.69,4.99367,4.99367,0.00114112,0.00114112,-3.53187,3.53025
37.7,4.99994,4.99994,1.08463e-05,1.08463e-05,-3.5355,3.53548
37.71,4.99096,4.99096,0.00162911,0.00162911,-3.5303,3.52799
37.72,4.96677,4.96677,0.00598603,0.00598603,-3.51627,3.5078
37.73,4.92743,4.92743,0.013055,0.013055,-3.49345,3.47499
37.74,4.87308,4.87308,0.022793,0.022793,-3.46191,3.42967
37.75,4.80388,4.80388,0.0351402,0.0351402,-3.4217,3.37201
37.76,4.72005,4.72005,0.0500211,0.0500211,-3.37295,3.30221
37.77,4.62186,4.62186,0.0673442,0.0673442,-3.31577,3.22053
37.78,4.50961,4.50961,0.0870026,0.0870026,-3.2503,3.12726
37.79,4.38366,4.38366,0.108875,0.108875,-3.1767,3.02273
37.8,4.2444,4.2444,0.132825,0.132825,-3.09517,2.90732
37.81,4.09227,4.09227,0.158703,0.158703,-3.00589,2.78145
37.82,3.92775,3.92775,0.186347,0.186347,-2.90911,2.64557
37.83,3.75136,3.75136,0.215582,0.215582,-2.80505,2.50017
37.84,3.56365,3.56365,0.246222,0.246222,-2.69398,2.34577
37.85,3.3652,3.3652,0.278069,0.278069,-2.57618,2.18293
37.86,3.15665,3.15665,0.310919,0.310919,-2.45194,2.01224
37.87,2.93865,2.93865,0.344557,0.344557,-2.32157,1.8343
37.88,2.71187,2.71187,0.378759,0.378759,-2.1854,1.64976
37.89,2.47703,2.47703,0.413297,0.413297,-2.04377,1.45928
37.9,2.23487,2.23487,0.447936,0.447936,-1.89703,1.26355
37.91,1.98613,1.98613,0.482438,0.482438,-1.74554,1.06327
37.92,1.73161,1.73161,0.516561,0.516561,-1.5897,0.859169
37.93,1.47209,1.47209,0.55006,0.55006,-1.42988,0.651973
37.94,1.20838,1.20838,0.582692,0.582692,-1.26648,0.442431
37.95,0.941314,0.941314,0.614211,0.614211,-1.09992,0.231297
37.96,0.671712,0.671712,0.644375,0.644375,-0.930614,0.01933
37.97,0.400415,0.400415,0.672943,0.672943,-0.758979,-0.192706
37.98,0.128267,0.128267,0.699679,0.699679,-0.585447,-0.404049
37.99,-0.143887,-0.143887,0.724353,0.724353,-0.410451,-0.613938
38,-0.415204,-0.415204,0.746738,0.746738,-0.23443,-0.821617
38.01,-0.684845,-0.684845,0.766619,0.766619,-0.057823,-1.02634
38.02,-0.951975,-0.951975,0.783785,0.783785,0.118929,-1.22737
38.03,-1.21577,-1.21577,0.798038,0.798038,0.295383,-1.42398
38.04,-1.47542,-1.47542,0.809189,0.809189,0.471099,-1.61547
38.05,-1.73013,-1.73013,0.817062,0.817062,0.645638,-1.80114
38.06,-1.97912,-1.97912,0.821493,0.821493,0.818563,-1.98033
38.07,-2.22161,-2.22161,0.82233,0.82233,0.989442,-2.15239
38.08,-2.45688,-2.45688,0.819439,0.819439,1.15785,-2.31671
38.09,-2.68421,-2.68421,0.812699,0.812699,1.32336,-2.47269
38.1,-2.90291,-2.90291,0.802005,0.802005,1.48556,-2.61977
38.11,-3.11231,-3.11231,0.78727,0.78727,1.64405,-2.75742
38.12,-3.3118,-3.3118,0.768423,0.768423,1.79844,-2.88515
38.13,-3.50076,-3.50076,0.745413,0.745413,1.94832,-3.0025
38.14,-3.67863,-3.67863,0.718205,0.718205,2.09334,-3.10903
38.15,-3.8449,-3.8449,0.686785,0.686785,2.23312,-3.20438
38.16,-3.99906,-3.99906,0.651158,0.651158,2.36733,-3.2882
38.17,-4.14067,-4.14067,0.611346,0.611346,2.49561,-3.36019
38.18,-4.26932,-4.26932,0.567394,0.567394,2.61766,-3.42008
38.19,-4.38464,-4.38464,0.519365,0.519365,2.73317,-3.46766
38.2,-4.48631,-4.48631,0.467343,0.467343,2.84184,-3.50276
38.21,-4.57404,-4.57404,0.411429,0.411429,2.94341,-3.52526
38.22,-4.64759,-4.64759,0.351746,0.351746,3.03762,-3.53507
38.23,-4.70678,-4.70678,0.288435,0.288435,3.12424,-3.53215
38.24,-4.75146,-4.75146,0.221658,0.221658,3.20306,-3.51653
38.25,-4.78153,-4.78153,0.151593,0.151593,3.27386,-3.48825
38.26,-4.79694,-4.79694,0.0784365,0.0784365,3.33649,-3.44741
38.27,-4.79768,-4.79768,0.00240443,0.00240443,3.39077,-3.39417
38.28,-4.78378,-4.78378,-0.0762724,-0.0762724,3.43658,-3.32871
38.29,-4.75534,-4.75534,-0.157346,-0.157346,3.4738,-3.25128
38.3,-4.71249,-4.71249,-0.240555,-0.240555,3.50233,-3.16214
38.31,-4.6554,-4.6554,-0.32562,-0.32562,3.52212,-3.06162
38.32,-4.5843,-4.5843,-0.412252,-0.412252,3.53309,-2.95008
38.33,-4.49944,-4.49944,-0.500146,-0.500146,3.53524,-2.82793
38.34,-4.40114,-4.40114,-0.58899,-0.58899,3.52855,-2.6956
38.35,-4.28974,-4.28974,-0.678456,-0.678456,3.51305,-2.55356
38.36,-4.16564,-4.16564,-0.768212,-0.768212,3.48876,-2.40234
38.37,-4.02925,-4.02925,-0.857916,-0.857916,3.45575,-2.24247
38.38,-3.88105,-3.88105,-0.947218,-0.947218,3.4141,-2.07453
38.39,-3.72154,-3.72154,-1.03577,-1.03577,3.36392,-1.89913
38.4,-3.55125,-3.55125,-1.1232,-1.1232,3.30533,-1.71689
38.41,-3.37075,-3.37075,-1.20916,-1.20916,3.23848,-1.52847
38.42,-3.18063,-3.18063,-1.29329,-1.29329,3.16354,-1.33455
38.43,-2.98153,-2.98153,-1.37523,-1.37523,3.08069,-1.13583
38.44,-2.77409,-2.77409,-1.4546,-1.4546,2.99014,-0.933016
38.45,-2.55899,-2.55899,-1.53107,-1.53107,2.89211,-0.726848
38.46,-2.33693,-2.33693,-1.60428,-1.60428,2.78686,-0.518064
38.47,-2.10863,-2.10863,-1.67388,-1.67388,2.67464,-0.307415
38.48,-1.87482,-1.87482,-1.73954,-1.73954,2.55573,-0.09566
38.49,-1.63625,-1.63625,-1.80092,-1.80092,2.43044,0.116439
38.5,-1.39368,-1.39368,-1.85771,-1.85771,2.29907,0.32812
38.51,-1.14788,-1.14788,-1.9096,-1.9096,2.16196,0.538619
38.52,-0.899625,-0.899625,-1.9563,-1.9563,2.01944,0.74718
38.53,-0.649707,-0.649707,-1.99753,-1.99753,1.87188,0.953052
38.54,-0.398906,-0.398906,-2.03302,-2.03302,1.71963,1.15549
38.55,-0.148007,-0.148007,-2.06254,-2.06254,1.56309,1.35378
38.56,0.10221,0.10221,-2.08584,-2.08584,1.40264,1.54719
38.57,0.350969,0.350969,-2.10274,-2.10274,1.23869,1.73503
38.58,0.597502,0.597502,-2.11302,-2.11302,1.07163,1.91663
38.59,0.841052,0.841052,-2.11654,-2.11654,0.901905,2.09133
38.6,1.08087,1.08087,-2.11314,-2.11314,0.729921,2.25851
38.61,1.31624,1.31624,-2.1027,-2.1027,0.556112,2.41755
38.62,1.54643,1.54643,-2.08512,-2.08512,0.380914,2.5679
38.63,1.77076,1.77076,-2.06034,-2.06034,0.204763,2.709
38.64,1.98856,1.98856,-2.02831,-2.02831,0.0281008,2.84036
38.65,2.19919,2.19919,-1.98899,-1.98899,-0.148632,2.96149
38.66,2.40201,2.40201,-1.9424,-1.9424,-0.324993,3.07196
38.67,2.59644,2.59644,-1.88857,-1.88857,-0.500542,3.17138
38.68,2.78192,2.78192,-1.82755,-1.82755,-0.674839,3.25939
38.69,2.95791,2.95791,-1.75943,-1.75943,-0.84745,3.33566
38.7,3.12391,3.12391,-1.68432,-1.68432,-1.01794,3.39993
38.71,3.27946,3.27946,-1.60236,-1.60236,-1.18589,3.45196
38.72,3.42413,3.42413,-1.5137,-1.5137,-1.35088,3.49157
38.73,3.55753,3.55753,-1.41855,-1.41855,-1.51248,3.51862
38.74,3.6793,3.6793,-1.31712,-1.31712,-1.67031,3.533
38.75,3.78912,3.78912,-1.20965,-1.20965,-1.82396,3.53467
38.76,3.88673,3.88673,-1.09641,-1.09641,-1.97306,3.52361
38.77,3.97189,3.97189,-0.977687,-0.977687,-2.11722,3.49988
38.78,4.04439,4.04439,-0.8538,-0.8538,-2.25609,3.46354
38.79,4.1041,4.1041,-0.725087,-0.725087,-2.38932,3.41475
38.8,4.15089,4.15089,-0.591907,-0.591907,-2.51658,3.35366
38.81,4.1847,4.1847,-0.454641,-0.454641,-2.63755,3.28051
38.82,4.2055,4.2055,-0.313687,-0.313687,-2.75192,3.19554
38.83,4.2133,4.2133,-0.169466,-0.169466,-2.85942,3.09908
38.84,4.20816,4.20816,-0.0224112,-0.0224112,-2.95977,2.99147
38.85,4.19018,4.19018,0.127025,0.127025,-3.05273,2.87308
38.86,4.15949,4.15949,0.278377,0.278377,-3.13805,2.74436
38.87,4.11627,4.11627,0.431167,0.431167,-3.21553,2.60576
38.88,4.06074,4.06074,0.584906,0.584906,-3.28497,2.45779
38.89,3.99315,3.99315,0.739092,0.739092,-3.3462,2.30097
38.9,3.91379,3.91379,0.893221,0.893221,-3.39907,2.13586
38.91,3.82298,3.82298,1.04678,1.04678,-3.44344,1.96307
38.92,3.7211,3.7211,1.19924,1.19924,-3.4792,1.78322
38.93,3.60852,3.60852,1.3501,1.3501,-3.50627,1.59695
38.94,3.48569,3.48569,1.49882,1.49882,-3.52458,1.40493
38.95,3.35305,3.35305,1.64489,1.64489,-3.53407,1.20785
38.96,3.21109,3.21109,1.78778,1.78778,-3.53474,1.00643
38.97,3.06032,3.06032,1.92699,1.92699,-3.52656,0.801384
38.98,2.90128,2.90128,2.06201,2.06201,-3.50957,0.593455
38.99,2.73453,2.73453,2.19233,2.19233,-3.48381,0.38339
39,2.56064,2.56064,2.31747,2.31747,-3.44935,0.171945
39.01,2.38022,2.38022,2.43696,2.43696,-3.40626,-0.0401179
39.02,2.19388,2.19388,2.55032,2.55032,-3.35466,-0.252037
39.03,2.00226,2.00226,2.65711,2.65711,-3.29467,-0.463049
39.04,1.80599,1.80599,2.7569,2.7569,-3.22644,-0.672394
39.05,1.60572,1.60572,2.84927,2.84927,-3.15016,-0.87932
39.06,1.40213,1.40213,2.93384,2.93384,-3.066,-1.08308
39.07,1.19588,1.19588,3.01024,3.01024,-2.97417,-1.28294
39.08,0.987633,0.987633,3.07811,3.07811,-2.87491,-1.47819
39.09,0.778068,0.778068,3.13714,3.13714,-2.76847,-1.66812
39.1,0.567855,0.567855,3.18703,3.18703,-2.65511,-1.85204
39.11,0.357662,0.357662,3.22752,3.22752,-2.53511,-2.02929
39.12,0.148153,0.148153,3.25836,3.25836,-2.40877,-2.19925
39.13,-0.0600164,-0.0600164,3.27935,3.27935,-2.27641,-2.36129
39.14,-0.2662,-0.2662,3.2903,3.2903,-2.13836,-2.51483
39.15,-0.469764,-0.469764,3.29108,3.29108,-1.99497,-2.65932
39.16,-0.670085,-0.670085,3.28156,3.28156,-1.84659,-2.79424
39.17,-0.86656,-0.86656,3.26167,3.26167,-1.6936,-2.9191
39.18,-1.0586,-1.0586,3.23136,3.23136,-1.53637,-3.03346
39.19,-1.24563,-1.24563,3.19061,3.19061,-1.37531,-3.1369
39.2,-1.42712,-1.42712,3.13945,3.13945,-1.2108,-3.22905
39.21,-1.60252,-1.60252,3.07793,3.07793,-1.04327,-3.30958
39.22,-1.77135,-1.77135,3.00615,3.00615,-0.873132,-3.3782
39.23,-1.93312,-1.93312,2.92422,2.92422,-0.700811,-3.43466
39.24,-2.0874,-2.0874,2.83232,2.83232,-0.526738,-3.47876
39.25,-2.23374,-2.23374,2.73063,2.73063,-0.351349,-3.51034
39.26,-2.37178,-2.37178,2.61939,2.61939,-0.175082,-3.52929
39.27,-2.50115,-2.50115,2.49885,2.49885,0.00162334,-3.53553
39.28,-2.62151,-2.62151,2.36932,2.36932,0.178324,-3.52905
39.29,-2.73258,-2.73258,2.23113,2.23113,0.35458,-3.50987
39.3,-2.83409,-2.83409,2.08463,2.08463,0.529949,-3.47806
39.31,-2.92582,-2.92582,1.93022,1.93022,0.703993,-3.43373
39.32,-3.00756,-3.00756,1.76831,1.76831,0.876278,-3.37705
39.33,-3.07915,-3.07915,1.59936,1.59936,1.04637,-3.30821
39.34,-3.14048,-3.14048,1.42384,1.42384,1.21385,-3.22746
39.35,-3.19145,-3.19145,1.24225,1.24225,1.3783,-3.1351
39.36,-3.23201,-3.23201,1.05512,1.05512,1.5393,-3.03146
39.37,-3.26213,-3.26213,0.86299,0.86299,1.69645,-2.9169
39.38,-3.28183,-3.28183,0.666439,0.666439,1.84936,-2.79185
39.39,-3.29116,-3.29116,0.466052,0.466052,1.99765,-2.65675
39.4,-3.29019,-3.29019,0.262435,0.262435,2.14095,-2.51209
39.41,-3.27905,-3.27905,0.0562091,0.0562091,2.27889,-2.35839
39.42,-3.25788,-3.25788,-0.151991,-0.151991,2.41114,-2.1962
39.43,-3.22686,-3.22686,-0.361518,-0.361518,2.53737,-2.0261
39.44,-3.1862,-3.1862,-0.571717,-0.571717,2.65725,-1.84872
39.45,-3.13614,-3.13614,-0.781925,-0.781925,2.77049,-1.66468
39.46,-3.07694,-3.07694,-0.991472,-0.991472,2.8768,-1.47465
39.47,-3.00891,-3.00891,-1.19969,-1.19969,2.97593,-1.27931
39.48,-2.93236,-2.93236,-1.4059,-1.4059,3.06761,-1.07937
39.49,-2.84764,-2.84764,-1.60943,-1.60943,3.15163,-0.875546
39.5,-2.75513,-2.75513,-1.80963,-1.80963,3.22777,-0.668569
39.51,-2.65521,-2.65521,-2.00582,-2.00582,3.29584,-0.459186
39.52,-2.54829,-2.54829,-2.19735,-2.19735,3.35568,-0.248151
39.53,-2.43482,-2.43482,-2.38359,-2.38359,3.40713,-0.0362221
39.54,-2.31522,-2.31522,-2.56389,-2.56389,3.45006,0.175837
39.55,-2.18998,-2.18998,-2.73766,-2.73766,3.48437,0.387263
39.56,-2.05957,-2.05957,-2.90427,-2.90427,3.50997,0.597295
39.57,-1.92447,-1.92447,-3.06316,-3.06316,3.52679,0.805178
39.58,-1.78519,-1.78519,-3.21378,-3.21378,3.5348,1.01016
39.59,-1.64223,-1.64223,-3.35557,-3.35557,3.53398,1.21151
39.6,-1.49611,-1.49611,-3.48803,-3.48803,3.52432,1.4085
39.61,-1.34735,-1.34735,-3.61068,-3.61068,3.50586,1.60042
39.62,-1.19646,-1.19646,-3.72306,-3.72306,3.47863,1.78658
39.63,-1.04397,-1.04397,-3.82475,-3.82475,3.4427,1.96631
39.64,-0.890394,-0.890394,-3.91535,-3.91535,3.39817,2.13897
39.65,-0.73626,-0.73626,-3.9945,-3.9945,3.34515,2.30392
39.66,-0.582076,-0.582076,-4.06187,-4.06187,3.28377,2.46059
39.67,-0.428351,-0.428351,-4.11718,-4.11718,3.21418,2.6084
39.68,-0.275583,-0.275583,-4.16017,-4.16017,3.13655,2.74682
39.69,-0.124262,-0.124262,-4.19063,-4.19063,3.05109,2.87535
39.7,0.0251349,0.0251349,-4.20837,-4.20837,2.958,2.99354
39.71,0.172141,0.172141,-4.21327,-4.21327,2.85751,3.10096
39.72,0.316307,0.316307,-4.20523,-4.20523,2.74988,3.19721
39.73,0.457196,0.457196,-4.18419,-4.18419,2.63538,3.28196
39.74,0.594391,0.594391,-4.15014,-4.15014,2.5143,3.35489
39.75,0.727493,0.727493,-4.10312,-4.10312,2.38693,3.41576
39.76,0.85612,0.85612,-4.04318,-4.04318,2.25359,3.46433
39.77,0.979915,0.979915,-3.97044,-3.97044,2.11462,3.50043
39.78,1.09854,1.09854,-3.88505,-3.88505,1.97036,3.52393
39.79,1.21168,1.21168,-3.78722,-3.78722,1.82118,3.53475
39.8,1.31904,1.31904,-3.67717,-3.67717,1.66745,3.53285
39.81,1.42036,1.42036,-3.55518,-3.55518,1.50955,3.51824
39.82,1.51539,1.51539,-3.42157,-3.42157,1.34787,3.49096
39.83,1.60392,1.60392,-3.2767,-3.2767,1.18283,3.45112
39.84,1.68576,1.68576,-3.12095,-3.12095,1.01483,3.39886
39.85,1.76075,1.76075,-2.95476,-2.95476,0.844298,3.33437
39.86,1.82874,1.82874,-2.7786,-2.7786,0.671652,3.25787
39.87,1.88962,1.88962,-2.59295,-2.59295,0.497327,3.16966
39.88,1.94332,1.94332,-2.39836,-2.39836,0.32176,3.07003
39.89,1.98978,1.98978,-2.19539,-2.19539,0.145388,2.95936
39.9,2.02896,2.02896,-1.98463,-1.98463,-0.0313474,2.83803
39.91,2.06086,2.06086,-1.7667,-1.7667,-0.208004,2.7065
39.92,2.08551,2.08551,-1.54225,-1.54225,-0.384141,2.56522
39.93,2.10295,2.10295,-1.31196,-1.31196,-0.559318,2.41471
39.94,2.11326,2.11326,-1.07651,-1.07651,-0.733097,2.25551
39.95,2.11653,2.11653,-0.83661,-0.83661,-0.905044,2.08819
39.96,2.11289,2.11289,-0.592999,-0.592999,-1.07473,1.91336
39.97,2.10248,2.10248,-0.346418,-0.346418,-1.24173,1.73164
39.98,2.08547,2.08547,-0.0976258,-0.0976258,-1.40562,1.54368
39.99,2.06205,2.06205,0.152611,0.152611,-1.566,1.35018
40,2.03242,2.03242,0.403516,0.403516,-1.72247,1.15181
40.01,1.99682,1.99682,0.654308,0.654308,-1.87463,0.949299
40.02,1.95549,1.95549,0.904202,0.904202,-2.02211,0.743371
40.03,1.90869,1.90869,1.15241,1.15241,-2.16453,0.534768
40.04,1.85671,1.85671,1.39816,1.39816,-2.30154,0.32424
40.05,1.79983,1.79983,1.64067,1.64067,-2.4328,0.112545
40.06,1.73837,1.73837,1.87916,1.87916,-2.55798,-0.0995545
40.07,1.67264,1.67264,2.11288,2.11288,-2.67676,-0.311296
40.08,1.60297,1.60297,2.34107,2.34107,-2.78886,-0.521917
40.09,1.5297,1.5297,2.56301,2.56301,-2.89398,-0.73066
40.1,1.45317,1.45317,2.77797,2.77797,-2.99187,-0.936774
40.11,1.37374,1.37374,2.98526,2.98526,-3.08228,-1.13952
40.12,1.29177,1.29177,3.1842,3.1842,-3.16499,-1.33816
40.13,1.2076,1.2076,3.37415,3.37415,-3.23979,-1.53198
40.14,1.12161,1.12161,3.55447,3.55447,-3.30649,-1.72029
40.15,1.03415,1.03415,3.72457,3.72457,-3.36492,-1.90241
40.16,0.945584,0.945584,3.88388,3.88388,-3.41494,-2.07769
40.17,0.856271,0.856271,4.03186,4.03186,-3.45643,-2.24548
40.18,0.766563,0.766563,4.16803,4.16803,-3.48928,-2.4052
40.19,0.676809,0.676809,4.2919,4.2919,-3.51341,-2.55626
40.2,0.587351,0.587351,4.40306,4.40306,-3.52876,-2.69812
40.21,0.498523,0.498523,4.50112,4.50112,-3.53528,-2.83026
40.22,0.410648,0.410648,4.58573,4.58573,-3.53297,-2.95223
40.23,0.324043,0.324043,4.65658,4.65658,-3.52183,-3.06357
40.24,0.239009,0.239009,4.71341,4.71341,-3.50189,-3.16388
40.25,0.155837,0.155837,4.756,4.756,-3.47319,-3.2528
40.26,0.074805,0.074805,4.78417,4.78417,-3.43581,-3.33002
40.27,-0.00382541,-0.00382541,4.7978,4.7978,-3.38985,-3.39526
40.28,-0.0798067,-0.0798067,4.79679,4.79679,-3.33541,-3.44827
40.29,-0.152908,-0.152908,4.78111,4.78111,-3.27264,-3.48888
40.3,-0.222914,-0.222914,4.75077,4.75077,-3.20168,-3.51693
40.31,-0.28963,-0.28963,4.70583,4.70583,-3.12272,-3.53232
40.32,-0.352875,-0.352875,4.64637,4.64637,-3.03596,-3.535
40.33,-0.41249,-0.41249,4.57255,4.57255,-2.94161,-3.52496
40.34,-0.468334,-0.468334,4.48457,4.48457,-2.83991,-3.50223
40.35,-0.520284,-0.520284,4.38265,4.38265,-2.7311,-3.4669
40.36,-0.568239,-0.568239,4.26708,4.26708,-2.61548,-3.41909
40.37,-0.612115,-0.612115,4.13819,4.13819,-2.49331,-3.35897
40.38,-0.65185,-0.65185,3.99634,3.99634,-2.36491,-3.28677
40.39,-0.6874,-0.6874,3.84195,3.84195,-2.23061,-3.20274
40.4,-0.718743,-0.718743,3.67547,3.67547,-2.09072,-3.10718
40.41,-0.745873,-0.745873,3.49738,3.49738,-1.94561,-3.00044
40.42,-0.768807,-0.768807,3.30822,3.30822,-1.79564,-2.8829
40.43,-0.787577,-0.787577,3.10856,3.10856,-1.64118,-2.75498
40.44,-0.802238,-0.802238,2.89897,2.89897,-1.48262,-2.61715
40.45,-0.812858,-0.812858,2.68011,2.68011,-1.32035,-2.4699
40.46,-0.819527,-0.819527,2.45263,2.45263,-1.15478,-2.31377
40.47,-0.822348,-0.822348,2.21722,2.21722,-0.986324,-2.1493
40.48,-0.821443,-0.821443,1.9746,1.9746,-0.815404,-1.9771
40.49,-0.816948,-0.816948,1.7255,1.7255,-0.642445,-1.79778
40.5,-0.809014,-0.809014,1.4707,1.4707,-0.467881,-1.612
40.51,-0.797804,-0.797804,1.21096,1.21096,-0.292148,-1.42041
40.52,-0.783495,-0.783495,0.947097,0.947097,-0.115684,-1.22371
40.53,-0.766277,-0.766277,0.679912,0.679912,0.0610692,-1.02261
40.54,-0.746349,-0.746349,0.410233,0.410233,0.23767,-0.817827
40.55,-0.723919,-0.723919,0.138893,0.138893,0.413676,-0.610101
40.56,-0.699206,-0.699206,-0.133268,-0.133268,0.588648,-0.400178
40.57,-0.672434,-0.672434,-0.405408,-0.405408,0.762149,-0.188816
40.58,-0.643834,-0.643834,-0.676681,-0.676681,0.933745,0.023226
40.59,-0.613644,-0.613644,-0.946245,-0.946245,1.10301,0.235184
40.6,-0.582102,-0.582102,-1.21326,-1.21326,1.26951,0.446296
40.61,-0.549452,-0.549452,-1.4769,-1.4769,1.43284,0.655802
40.62,-0.515939,-0.515939,-1.73633,-1.73633,1.5926,0.862948
40.63,-0.481807,-0.481807,-1.99076,-1.99076,1.74837,1.06699
40.64,-0.4473,-0.4473,-2.23937,-2.23937,1.89977,1.26719
40.65,-0.412661,-0.412661,-2.48141,-2.48141,2.04642,1.46283
40.66,-0.378127,-0.378127,-2.71611,-2.71611,2.18795,1.6532
40.67,-0.343933,-0.343933,-2.94273,-2.94273,2.32402,1.83763
40.68,-0.310308,-0.310308,-3.16057,-3.16057,2.45428,2.01544
40.69,-0.277475,-0.277475,-3.36894,-3.36894,2.57841,2.186
40.7,-0.245647,-0.245647,-3.56719,-3.56719,2.69609,2.34869
40.71,-0.215032,-0.215032,-3.7547,-3.7547,2.80703,2.50293
40.72,-0.185824,-0.185824,-3.93088,-3.93088,2.91095,2.64816
40.73,-0.158211,-0.158211,-4.09518,-4.09518,3.0076,2.78386
40.74,-0.132367,-0.132367,-4.24707,-4.24707,3.09673,2.90954
40.75,-0.108454,-0.108454,-4.38609,-4.38609,3.17812,3.02475
40.76,-0.0866212,-0.0866212,-4.5118,-4.5118,3.25157,3.12907
40.77,-0.0670046,-0.0670046,-4.62379,-4.62379,3.31689,3.22213
40.78,-0.0497255,-0.0497255,-4.72172,-4.72172,3.37392,3.3036
40.79,-0.0348903,-0.0348903,-4.80528,-4.80528,3.42252,3.37318
40.8,-0.0225904,-0.0225904,-4.87421,-4.87421,3.46256,3.43062
40.81,-0.012901,-0.012901,-4.92829,-4.92829,3.49395,3.47571
40.82,-0.00588146,-0.00588146,-4.96735,-4.96735,3.51661,3.50829
40.83,-0.00157464,-0.00157464,-4.99127,-4.99127,3.53047,3.52824
40.84,-6.82436e-06,-6.82436e-06,-4.99996,-4.99996,3.53551,3.5355
40.85,-0.00118757,-0.00118757,-4.99341,-4.99341,3.53172,3.53004
40.86,-0.00510967,-0.00510967,-4.97164,-4.97164,3.51909,3.51187
40.87,-0.0117492,-0.0117492,-4.93471,-4.93471,3.49767,3.48106
40.88,-0.0210656,-0.0210656,-4.88274,-4.88274,3.46751,3.43772
40.89,-0.0330019,-0.0330019,-4.81589,-4.81589,3.42868,3.38201
40.9,-0.047485,-0.047485,-4.73437,-4.73437,3.38128,3.31413
40.91,-0.0644259,-0.0644259,-4.63845,-4.63845,3.32543,3.23432
40.92,-0.0837202,-0.0837202,-4.52841,-4.52841,3.26127,3.14287
40.93,-0.105249,-0.105249,-4.40462,-4.40462,3.18896,3.04011
40.94,-0.128877,-0.128877,-4.26745,-4.26745,3.10867,2.92641
40.95,-0.154459,-0.154459,-4.11734,-4.11734,3.02062,2.80218
40.96,-0.181833,-0.181833,-3.95476,-3.95476,2.92502,2.66787
40.97,-0.210827,-0.210827,-3.78023,-3.78023,2.8221,2.52395
40.98,-0.241256,-0.241256,-3.59428,-3.59428,2.71213,2.37094
40.99,-0.272925,-0.272925,-3.3975,-3.3975,2.59538,2.20941
41,-0.305629,-0.305629,-3.19052,-3.19052,2.47215,2.03992
41.01,-0.339156,-0.339156,-2.97397,-2.97397,2.34273,1.8631
41.02,-0.373283,-0.373283,-2.74854,-2.74854,2.20746,1.67956
41.03,-0.407783,-0.407783,-2.51494,-2.51494,2.06668,1.48999
41.04,-0.442422,-0.442422,-2.27389,-2.27389,1.92072,1.29505
41.05,-0.476962,-0.476962,-2.02616,-2.02616,1.76997,1.09544
41.06,-0.511162,-0.511162,-1.7725,-1.7725,1.61479,0.891902
41.07,-0.544777,-0.544777,-1.51372,-1.51372,1.45558,0.685149
41.08,-0.577563,-0.577563,-1.25063,-1.25063,1.29273,0.47593
41.09,-0.609276,-0.609276,-0.98404,-0.98404,1.12664,0.264999
41.1,-0.639671,-0.639671,-0.714785,-0.714785,0.957745,0.0531134
41.11,-0.66851,-0.66851,-0.443702,-0.443702,0.786452,-0.158963
41.12,-0.695553,-0.695553,-0.171633,-0.171633,0.613193,-0.370467
41.13,-0.72057,-0.72057,0.100576,0.100576,0.438402,-0.580638
41.14,-0.743335,-0.743335,0.372083,0.372083,0.262515,-0.78872
41.15,-0.763629,-0.763629,0.642047,0.642047,0.0859715,-0.993963
41.16,-0.781241,-0.781241,0.909633,0.909633,-0.0907867,-1.19563
41.17,-0.795971,-0.795971,1.17402,1.17402,-0.267318,-1.39299
41.18,-0.807628,-0.807628,1.43438,1.43438,-0.443181,-1.58534
41.19,-0.816035,-0.816035,1.68993,1.68993,-0.617937,-1.77198
41.2,-0.821024,-0.821024,1.93988,1.93988,-0.791148,-1.95225
41.21,-0.822443,-0.822443,2.18346,2.18346,-0.962381,-2.12549
41.22,-0.820155,-0.820155,2.41993,2.41993,-1.13121,-2.29108
41.23,-0.814035,-0.814035,2.64857,2.64857,-1.29721,-2.44843
41.24,-0.803977,-0.803977,2.86868,2.86868,-1.45997,-2.59696
41.25,-0.78989,-0.78989,3.07961,3.07961,-1.61908,-2.73615
41.26,-0.771702,-0.771702,3.28071,3.28071,-1.77414,-2.86549
41.27,-0.749358,-0.749358,3.47139,3.47139,-1.92477,-2.98452
41.28,-0.72282,-0.72282,3.65107,3.65107,-2.07058,-3.09281
41.29,-0.692071,-0.692071,3.81922,3.81922,-2.21123,-3.18996
41.3,-0.657113,-0.657113,3.97534,3.97534,-2.34634,-3.27564
41.31,-0.617965,-0.617965,4.11898,4.11898,-2.47559,-3.34952
41.32,-0.574669,-0.574669,4.24972,4.24972,-2.59865,-3.41136
41.33,-0.527285,-0.527285,4.36718,4.36718,-2.71522,-3.46091
41.34,-0.475892,-0.475892,4.47104,4.47104,-2.825,-3.49801
41.35,-0.420589,-0.420589,4.56101,4.56101,-2.92772,-3.52252
41.36,-0.361498,-0.361498,4.63684,4.63684,-3.02312,-3.53436
41.37,-0.298755,-0.298755,4.69832,4.69832,-3.11097,-3.53347
41.38,-0.232518,-0.232518,4.74532,4.74532,-3.19104,-3.51987
41.39,-0.162964,-0.162964,4.77772,4.77772,-3.26313,-3.49359
41.4,-0.0902861,-0.0902861,4.79547,4.79547,-3.32707,-3.45475
41.41,-0.014697,-0.014697,4.79854,4.79854,-3.38269,-3.40347
41.42,0.0635748,0.0635748,4.78697,4.78697,-3.42985,-3.33995
41.43,0.144284,0.144284,4.76084,4.76084,-3.46845,-3.2644
41.44,0.227171,0.227171,4.72028,4.72028,-3.49837,-3.1771
41.45,0.31196,0.31196,4.66544,4.66544,-3.51955,-3.07838
41.46,0.398362,0.398362,4.59655,4.59655,-3.53194,-2.96857
41.47,0.486076,0.486076,4.51386,4.51386,-3.53549,-2.84808
41.48,0.57479,0.57479,4.41768,4.41768,-3.53021,-2.71733
41.49,0.664179,0.664179,4.30834,4.30834,-3.5161,-2.57681
41.5,0.753912,0.753912,4.18623,4.18623,-3.49321,-2.42702
41.51,0.843647,0.843647,4.05178,4.05178,-3.46159,-2.26849
41.52,0.933037,0.933037,3.90543,3.90543,-3.42131,-2.1018
41.53,1.02173,1.02173,3.74768,3.74768,-3.37248,-1.92754
41.54,1.10936,1.10936,3.57907,3.57907,-3.31522,-1.74634
41.55,1.19559,1.19559,3.40015,3.40015,-3.24968,-1.55886
41.56,1.28003,1.28003,3.21153,3.21153,-3.17601,-1.36577
41.57,1.36234,1.36234,3.01381,3.01381,-3.09441,-1.16777
41.58,1.44215,1.44215,2.80766,2.80766,-3.00507,-0.965561
41.59,1.5191,1.5191,2.59373,2.59373,-2.90822,-0.759878
41.6,1.59285,1.59285,2.37274,2.37274,-2.8041,-0.55146
41.61,1.66305,1.66305,2.14538,2.14538,-2.69297,-0.341058
41.62,1.72936,1.72936,1.9124,1.9124,-2.57511,-0.129428
41.63,1.79144,1.79144,1.67453,1.67453,-2.45081,0.0826675
41.64,1.84898,1.84898,1.43254,1.43254,-2.32039,0.294466
41.65,1.90167,1.90167,1.18721,1.18721,-2.18417,0.505204
41.66,1.94922,1.94922,0.939295,0.939295,-2.04249,0.714124
41.67,1.99134,1.99134,0.68959,0.68959,-1.8957,0.920474
41.68,2.02776,2.02776,0.438877,0.438877,-1.74418,1.12351
41.69,2.05825,2.05825,0.187941,0.187941,-1.58829,1.32251
41.7,2.08256,2.08256,-0.0624372,-0.0624372,-1.42844,1.51674
41.71,2.10048,2.10048,-0.31148,-0.31148,-1.26502,1.70552
41.72,2.11183,2.11183,-0.558418,-0.558418,-1.09843,1.88815
41.73,2.11644,2.11644,-0.802493,-0.802493,-0.929099,2.064
41.74,2.11415,2.11415,-1.04296,-1.04296,-0.757445,2.23241
41.75,2.10484,2.10484,-1.27908,-1.27908,-0.583898,2.39279
41.76,2.0884,2.0884,-1.51014,-1.51014,-0.408892,2.54456
41.77,2.06477,2.06477,-1.73546,-1.73546,-0.232864,2.68717
41.78,2.03389,2.03389,-1.95434,-1.95434,-0.0562531,2.82011
41.79,1.99574,1.99574,-2.16615,-2.16615,0.120498,2.9429
41.8,1.95031,1.95031,-2.37025,-2.37025,0.296948,3.0551
41.81,1.89763,1.89763,-2.56606,-2.56606,0.472655,3.1563
41.82,1.83775,1.83775,-2.753,-2.753,0.647181,3.24615
41.83,1.77075,1.77075,-2.93053,-2.93053,0.82009,3.32431
41.84,1.69674,1.69674,-3.09816,-3.09816,0.990949,3.39051
41.85,1.61586,1.61586,-3.2554,-3.2554,1.15933,3.4445
41.86,1.52826,1.52826,-3.40183,-3.40183,1.32481,3.4861
41.87,1.43413,1.43413,-3.53705,-3.53705,1.48699,3.51516
41.88,1.33369,1.33369,-3.6607,-3.6607,1.64544,3.53156
41.89,1.22716,1.22716,-3.77244,-3.77244,1.79979,3.53525
41.9,1.11482,1.11482,-3.87201,-3.87201,1.94963,3.52622
41.91,0.996949,0.996949,-3.95917,-3.95917,2.0946,3.5045
41.92,0.873863,0.873863,-4.0337,-4.0337,2.23434,3.47017
41.93,0.745896,0.745896,-4.09545,-4.09545,2.36849,3.42335
41.94,0.613402,0.613402,-4.1443,-4.1443,2.49672,3.36421
41.95,0.47676,0.47676,-4.18018,-4.18018,2.61871,3.29296
41.96,0.336366,0.336366,-4.20305,-4.20305,2.73416,3.20985
41.97,0.192636,0.192636,-4.21292,-4.21292,2.84277,3.1152
41.98,0.0460032,0.0460032,-4.20984,-4.20984,2.94428,3.00934
41.99,-0.103085,-0.103085,-4.1939,-4.1939,3.03843,2.89264
42,-0.254163,-0.254163,-4.16522,-4.16522,3.12498,2.76554
42.01,-0.406757,-0.406757,-4.12399,-4.12399,3.20372,2.62848
42.02,-0.560377,-0.560377,-4.0704,-4.0704,3.27445,2.48196
42.03,-0.714527,-0.714527,-4.00471,-4.00471,3.337,2.32651
42.04,-0.868699,-0.868699,-3.9272,-3.9272,3.39121,2.16269
42.05,-1.02238,-1.02238,-3.8382,-3.8382,3.43695,1.99108
42.06,-1.17505,-1.17505,-3.73805,-3.73805,3.47409,1.81231
42.07,-1.3262,-1.3262,-3.62715,-3.62715,3.50255,1.62702
42.08,-1.4753,-1.4753,-3.50592,-3.50592,3.52225,1.43587
42.09,-1.62182,-1.62182,-3.37481,-3.37481,3.53315,1.23955
42.1,-1.76526,-1.76526,-3.2343,-3.2343,3.53522,1.03877
42.11,-1.90509,-1.90509,-3.0849,-3.0849,3.52845,0.834252
42.12,-2.04081,-2.04081,-2.92714,-2.92714,3.51287,0.626733
42.13,-2.17191,-2.17191,-2.76158,-2.76158,3.4885,0.416958
42.14,-2.29791,-2.29791,-2.58879,-2.58879,3.45542,0.205682
42.15,-2.41832,-2.41832,-2.40937,-2.40937,3.41369,-0.00633349
42.16,-2.53269,-2.53269,-2.22393,-2.22393,3.36344,-0.218327
42.17,-2.64056,-2.64056,-2.0331,-2.0331,3.30478,-0.429534
42.18,-2.74149,-2.74149,-1.83753,-1.83753,3.23785,-0.639195
42.19,-2.83507,-2.83507,-1.63786,-1.63786,3.16284,-0.846556
42.2,-2.92091,-2.92091,-1.43475,-1.43475,3.07992,-1.05087
42.21,-2.99863,-2.99863,-1.22888,-1.22888,2.9893,-1.2514
42.22,-3.06788,-3.06788,-1.02091,-1.02091,2.89121,-1.44743
42.23,-3.12834,-3.12834,-0.811505,-0.811505,2.78589,-1.63825
42.24,-3.17971,-3.17971,-0.60135,-0.60135,2.67361,-1.82317
42.25,-3.22171,-3.22171,-0.39111,-0.39111,2.55465,-2.00154
42.26,-3.2541,-3.2541,-0.181448,-0.181448,2.4293,-2.1727
42.27,-3.27667,-3.27667,0.0269786,0.0269786,2.29788,-2.33603
42.28,-3.28924,-3.28924,0.233521,0.233521,2.16072,-2.49097
42.29,-3.29164,-3.29164,0.437544,0.437544,2.01815,-2.63693
42.3,-3.28377,-3.28377,0.638423,0.638423,1.87054,-2.77341
42.31,-3.26554,-3.26554,0.83555,0.83555,1.71826,-2.89991
42.32,-3.23689,-3.23689,1.02833,1.02833,1.56168,-3.01597
42.33,-3.1978,-3.1978,1.2162,1.2162,1.4012,-3.12117
42.34,-3.14829,-3.14829,1.39861,1.39861,1.23722,-3.21514
42.35,-3.08842,-3.08842,1.57501,1.57501,1.07014,-3.29755
42.36,-3.01826,-3.01826,1.74492,1.74492,0.900386,-3.36808
42.37,-2.93794,-2.93794,1.90785,1.90785,0.728384,-3.42649
42.38,-2.84761,-2.84761,2.06334,2.06334,0.554562,-3.47257
42.39,-2.74747,-2.74747,2.21098,2.21098,0.379353,-3.50616
42.4,-2.63773,-2.63773,2.35037,2.35037,0.203196,-3.52712
42.41,-2.51866,-2.51866,2.48114,2.48114,0.0265308,-3.53539
42.42,-2.39054,-2.39054,2.60296,2.60296,-0.1502,-3.53094
42.43,-2.25371,-2.25371,2.71553,2.71553,-0.326556,-3.51378
42.44,-2.1085,-2.1085,2.81858,2.81858,-0.502096,-3.48397
42.45,-1.95532,-1.95532,2.91187,2.91187,-0.67638,-3.44163
42.46,-1.79458,-1.79458,2.99521,2.99521,-0.848974,-3.3869
42.47,-1.62672,-1.62672,3.06844,3.06844,-1.01945,-3.31998
42.48,-1.45221,-1.45221,3.13141,3.13141,-1.18737,-3.24111
42.49,-1.27155,-1.27155,3.18403,3.18403,-1.35233,-3.15058
42.5,-1.08527,-1.08527,3.22625,3.22625,-1.5139,-3.0487
42.51,-0.8939,-0.8939,3.25803,3.25803,-1.67169,-2.93586
42.52,-0.698015,-0.698015,3.27939,3.27939,-1.82531,-2.81245
42.53,-0.498199,-0.498199,3.29037,3.29037,-1.97436,-2.67892
42.54,-0.295055,-0.295055,3.29103,3.29103,-2.11848,-2.53575
42.55,-0.0892025,-0.0892025,3.2815,3.2815,-2.2573,-2.38345
42.56,0.118726,0.118726,3.26192,3.26192,-2.39048,-2.22257
42.57,0.328086,0.328086,3.23245,3.23245,-2.51768,-2.0537
42.58,0.538222,0.538222,3.19331,3.19331,-2.63859,-1.87743
42.59,0.748473,0.748473,3.14473,3.14473,-2.75291,-1.69441
42.6,0.95817,0.95817,3.08697,3.08697,-2.86034,-1.50529
42.61,1.16664,1.16664,3.02032,3.02032,-2.96063,-1.31075
42.62,1.37322,1.37322,2.94511,2.94511,-3.05352,-1.11149
42.63,1.57722,1.57722,2.86167,2.86167,-3.13877,-0.908238
42.64,1.778,1.778,2.77037,2.77037,-3.21618,-0.701714
42.65,1.97487,1.97487,2.6716,2.6716,-3.28555,-0.492664
42.66,2.16719,2.16719,2.56577,2.56577,-3.34671,-0.281841
42.67,2.35431,2.35431,2.45331,2.45331,-3.3995,-0.0700035
42.68,2.5356,2.5356,2.33466,2.33466,-3.4438,0.142086
42.69,2.71044,2.71044,2.21029,2.21029,-3.47948,0.353664
42.7,2.87824,2.87824,2.08067,2.08067,-3.50647,0.563969
42.71,3.0384,3.0384,1.94628,1.94628,-3.5247,0.772244
42.72,3.19037,3.19037,1.80763,1.80763,-3.53412,0.97774
42.73,3.3336,3.3336,1.66523,1.66523,-3.5347,1.17972
42.74,3.46758,3.46758,1.51957,1.51957,-3.52645,1.37745
42.75,3.59182,3.59182,1.37119,1.37119,-3.50938,1.57022
42.76,3.70587,3.70587,1.22061,1.22061,-3.48355,1.75735
42.77,3.80929,3.80929,1.06834,1.06834,-3.449,1.93814
42.78,3.90168,3.90168,0.914903,0.914903,-3.40584,2.11197
42.79,3.98267,3.98267,0.760824,0.760824,-3.35416,2.27819
42.8,4.05194,4.05194,0.606615,0.606615,-3.2941,2.43621
42.81,4.10919,4.10919,0.452783,0.452783,-3.2258,2.58547
42.82,4.15416,4.15416,0.29983,0.29983,-3.14944,2.72542
42.83,4.18662,4.18662,0.148245,0.148245,-3.06521,2.85556
42.84,4.2064,4.2064,-0.00148929,-0.00148929,-2.97332,2.97543
42.85,4.21336,4.21336,-0.148907,-0.148907,-2.874,3.08459
42.86,4.20738,4.20738,-0.293555,-0.293555,-2.76749,3.18264
42.87,4.18841,4.18841,-0.434994,-0.434994,-2.65407,3.26924
42.88,4.15644,4.15644,-0.572805,-0.572805,-2.53401,3.34408
42.89,4.11147,4.11147,-0.706584,-0.706584,-2.40762,3.40688
42.9,4.05358,4.05358,-0.835949,-0.835949,-2.27521,3.45742
42.91,3.98287,3.98287,-0.960536,-0.960536,-2.13711,3.49552
42.92,3.89949,3.89949,-1.08001,-1.08001,-1.99368,3.52103
42.93,3.80362,3.80362,-1.19404,-1.19404,-1.84526,3.53388
42.94,3.6955,3.6955,-1.30234,-1.30234,-1.69222,3.53401
42.95,3.5754,3.5754,-1.40464,-1.40464,-1.53496,3.52141
42.96,3.44362,3.44362,-1.50068,-1.50068,-1.37386,3.49615
42.97,3.30051,3.30051,-1.59027,-1.59027,-1.20933,3.4583
42.98,3.14647,3.14647,-1.67318,-1.67318,-1.04177,3.40801
42.99,2.98191,2.98191,-1.74927,-1.74927,-0.871611,3.34545
43,2.8073,2.8073,-1.81838,-1.81838,-0.699272,3.27085
43.01,2.62313,2.62313,-1.8804,-1.8804,-0.525186,3.18448
43.02,2.42993,2.42993,-1.93525,-1.93525,-0.349787,3.08665
43.03,2.22825,2.22825,-1.98287,-1.98287,-0.173514,2.97771
43.04,2.01869,2.01869,-2.02321,-2.02321,0.00319339,2.85805
43.05,1.80186,1.80186,-2.05627,-2.05627,0.179892,2.72811
43.06,1.57841,1.57841,-2.08207,-2.08207,0.356142,2.58835
43.07,1.349,1.349,-2.10066,-2.10066,0.531501,2.43927
43.08,1.11432,1.11432,-2.11209,-2.11209,0.705532,2.28142
43.09,0.875085,0.875085,-2.11648,-2.11648,0.877799,2.11536
43.1,0.632016,0.632016,-2.11393,-2.11393,1.04787,1.94168
43.11,0.385858,0.385858,-2.10459,-2.10459,1.21533,1.76101
43.12,0.137366,0.137366,-2.08862,-2.08862,1.37974,1.57401
43.13,-0.112692,-0.112692,-2.0662,-2.0662,1.54071,1.38134
43.14,-0.363543,-0.363543,-2.03755,-2.03755,1.69783,1.1837
43.15,-0.614405,-0.614405,-2.00288,-2.00288,1.8507,0.9818
43.16,-0.864495,-0.864495,-1.96244,-1.96244,1.99895,0.776367
43.17,-1.11303,-1.11303,-1.9165,-1.9165,2.1422,0.56814
43.18,-1.35922,-1.35922,-1.86532,-1.86532,2.28009,0.357868
43.19,-1.60229,-1.60229,-1.8092,-1.8092,2.41229,0.146308
43.2,-1.84148,-1.84148,-1.74845,-1.74845,2.53846,-0.0657786
43.21,-2.076,-2.076,-1.68338,-1.68338,2.65828,-0.277628
43.22,-2.30513,-2.30513,-1.61431,-1.61431,2.77146,-0.488479
43.23,-2.52811,-2.52811,-1.54159,-1.54159,2.87771,-0.697571
43.24,-2.74423,-2.74423,-1.46556,-1.46556,2.97677,-0.904153
43.25,-2.95279,-2.95279,-1.38657,-1.38657,3.06839,-1.10748
43.26,-3.15311,-3.15311,-1.30498,-1.30498,3.15234,-1.30682
43.27,-3.34453,-3.34453,-1.22114,-1.22114,3.22841,-1.50146
43.28,-3.52642,-3.52642,-1.13541,-1.13541,3.29641,-1.6907
43.29,-3.69818,-3.69818,-1.04816,-1.04816,3.35617,-1.87385
43.3,-3.85925,-3.85925,-0.959748,-0.959748,3.40755,-2.05026
43.31,-4.00907,-4.00907,-0.870531,-0.870531,3.4504,-2.21928
43.32,-4.14715,-4.14715,-0.780862,-0.780862,3.48463,-2.38033
43.33,-4.27301,-4.27301,-0.691093,-0.691093,3.51015,-2.5328
43.34,-4.38623,-4.38623,-0.601565,-0.601565,3.5269,-2.67616
43.35,-4.4864,-4.4864,-0.512614,-0.512614,3.53483,-2.80989
43.36,-4.57317,-4.57317,-0.424567,-0.424567,3.53393,-2.9335
43.37,-4.64623,-4.64623,-0.337739,-0.337739,3.5242,-3.04656
43.38,-4.70531,-4.70531,-0.252435,-0.252435,3.50565,-3.14866
43.39,-4.75018,-4.75018,-0.168947,-0.168947,3.47835,-3.23942
43.4,-4.78065,-4.78065,-0.0875565,-0.0875565,3.44234,-3.31852
43.41,-4.7966,-4.7966,-0.00852655,-0.00852655,3.39774,-3.38568
43.42,-4.79793,-4.79793,0.0678926,0.0678926,3.34464,-3.44066
43.43,-4.78459,-4.78459,0.141467,0.141467,3.28319,-3.48325
43.44,-4.75659,-4.75659,0.21198,0.21198,3.21352,-3.51331
43.45,-4.71396,-4.71396,0.279232,0.279232,3.13583,-3.53072
43.46,-4.65681,-4.65681,0.343041,0.343041,3.05029,-3.53543
43.47,-4.58526,-4.58526,0.403244,0.403244,2.95713,-3.52741
43.48,-4.49952,-4.49952,0.459697,0.459697,2.85659,-3.5067
43.49,-4.3998,-4.3998,0.512275,0.512275,2.7489,-3.47336
43.5,-4.28639,-4.28639,0.560872,0.560872,2.63434,-3.42753
43.51,-4.15959,-4.15959,0.605403,0.605403,2.51319,-3.36936
43.52,-4.01979,-4.01979,0.645801,0.645801,2.38577,-3.29907
43.53,-3.86736,-3.86736,0.68202,0.68202,2.25238,-3.2169
43.54,-3.70277,-3.70277,0.714033,0.714033,2.11336,-3.12315
43.55,-3.5265,-3.5265,0.741834,0.741834,1.96906,-3.01817
43.56,-3.33907,-3.33907,0.765434,0.765434,1.81984,-2.90232
43.57,-3.14103,-3.14103,0.784865,0.784865,1.66606,-2.77603
43.58,-2.93299,-2.93299,0.800175,0.800175,1.50813,-2.63975
43.59,-2.71556,-2.71556,0.811434,0.811434,1.34642,-2.49396
43.6,-2.48941,-2.48941,0.818725,0.818725,1.18135,-2.3392
43.61,-2.25522,-2.25522,0.822152,0.822152,1.01333,-2.17603
43.62,-2.01369,-2.01369,0.821832,0.821832,0.842773,-2.00502
43.63,-1.76558,-1.76558,0.817899,0.817899,0.67011,-1.82679
43.64,-1.51163,-1.51163,0.810501,0.810501,0.495773,-1.64199
43.65,-1.25263,-1.25263,0.799801,0.799801,0.320196,-1.45129
43.66,-0.989365,-0.989365,0.785974,0.785974,0.143819,-1.25535
43.67,-0.722654,-0.722654,0.769206,0.769206,-0.0329174,-1.0549
43.68,-0.453317,-0.453317,0.749696,0.749696,-0.209572,-0.850658
43.69,-0.182185,-0.182185,0.72765,0.72765,-0.385702,-0.643351
43.7,0.089902,0.089902,0.703286,0.703286,-0.560868,-0.433728
43.71,0.362102,0.362102,0.676826,0.676826,-0.734633,-0.222544
43.72,0.633569,0.633569,0.648502,0.648502,-0.906561,-0.0105591
43.73,0.903461,0.903461,0.618549,0.618549,-1.07622,0.201464
43.74,1.17094,1.17094,0.587206,0.587206,-1.2432,0.412761
43.75,1.43517,1.43517,0.554716,0.554716,-1.40706,0.622574
43.76,1.69533,1.69533,0.521324,0.521324,-1.56741,0.830145
43.77,1.9506,1.9506,0.487274,0.487274,-1.72384,1.03473
43.78,2.2002,2.2002,0.452811,0.452811,-1.87596,1.23559
43.79,2.44333,2.44333,0.418177,0.418177,-2.02339,1.432
43.8,2.67925,2.67925,0.38361,0.38361,-2.16577,1.62326
43.81,2.90721,2.90721,0.349347,0.349347,-2.30273,1.80868
43.82,3.12649,3.12649,0.315616,0.315616,-2.43394,1.98759
43.83,3.33642,3.33642,0.282642,0.282642,-2.55906,2.15934
43.84,3.53632,3.53632,0.25064,0.25064,-2.67779,2.32333
43.85,3.72558,3.72558,0.219818,0.219818,-2.78982,2.47895
43.86,3.90361,3.90361,0.190374,0.190374,-2.89488,2.62565
43.87,4.06983,4.06983,0.162495,0.162495,-2.99271,2.7629
43.88,4.22373,4.22373,0.136358,0.136358,-3.08305,2.89021
43.89,4.36483,4.36483,0.112127,0.112127,-3.16569,3.00712
43.9,4.49268,4.49268,0.0899534,0.0899534,-3.24041,3.1132
43.91,4.60689,4.60689,0.0699753,0.0699753,-3.30704,3.20808
43.92,4.70708,4.70708,0.0523164,0.0523164,-3.3654,3.29141
43.93,4.79295,4.79295,0.0370855,0.0370855,-3.41535,3.3629
43.94,4.86422,4.86422,0.0243763,0.0243763,-3.45676,3.42229
43.95,4.92068,4.92068,0.0142668,0.0142668,-3.48953,3.46936
43.96,4.96214,4.96214,0.00681873,0.00681873,-3.51358,3.50394
43.97,4.98847,4.98847,0.00207768,0.00207768,-3.52885,3.52591
43.98,4.9996,4.9996,7.25555e-05,7.25555e-05,-3.5353,3.5352
43.99,4.99548,4.99548,0.000815595,0.000815595,-3.53291,3.53176
44,4.97612,4.97612,0.00430226,0.00430226,-3.52169,3.51561
44.01,4.9416,4.9416,0.0105113,0.0105113,-3.50167,3.48681
44.02,4.89201,4.89201,0.0194048,0.0194048,-3.4729,3.44546
44.03,4.82752,4.82752,0.0309283,0.0309283,-3.43544,3.3917
44.04,4.74833,4.74833,0.0450113,0.0450113,-3.3894,3.32575
44.05,4.65468,4.65468,0.0615674,0.0615674,-3.33489,3.24782
44.06,4.54687,4.54687,0.0804944,0.0804944,-3.27204,3.1582
44.07,4.42524,4.42524,0.101676,0.101676,-3.20101,3.05722
44.08,4.29018,4.29018,0.124979,0.124979,-3.12199,2.94524
44.09,4.1421,4.1421,0.15026,0.15026,-3.03516,2.82266
44.1,3.98147,3.98147,0.17736,0.17736,-2.94074,2.68991
44.11,3.8088,3.8088,0.206108,0.206108,-2.83897,2.54749
44.12,3.62463,3.62463,0.236321,0.236321,-2.73011,2.3959
44.13,3.42954,3.42954,0.267806,0.267806,-2.61442,2.23568
44.14,3.22414,3.22414,0.30036,0.30036,-2.4922,2.06742
44.15,3.00907,3.00907,0.33377,0.33377,-2.36375,1.89172
44.16,2.78501,2.78501,0.367817,0.367817,-2.22939,1.70922
44.17,2.55266,2.55266,0.402273,0.402273,-2.08946,1.52056
44.18,2.31275,2.31275,0.436906,0.436906,-1.9443,1.32642
44.19,2.06603,2.06603,0.471478,0.471478,-1.79429,1.12752
44.2,1.81326,1.81326,0.505747,0.505747,-1.63979,0.924553
44.21,1.55525,1.55525,0.539472,0.539472,-1.48119,0.718262
44.22,1.29279,1.29279,0.572407,0.572407,-1.31889,0.509386
44.23,1.0267,1.0267,0.604307,0.604307,-1.1533,0.298676
44.24,0.757812,0.757812,0.634928,0.634928,-0.984816,0.086892
44.25,0.486964,0.486964,0.664031,0.664031,-0.813876,-0.125205
44.26,0.214996,0.214996,0.691376,0.691376,-0.640901,-0.336852
44.27,-0.057248,-0.057248,0.716731,0.716731,-0.466325,-0.547286
44.28,-0.328923,-0.328923,0.739869,0.739869,-0.290583,-0.75575
44.29,-0.599188,-0.599188,0.760571,0.760571,-0.114115,-0.961495
44.3,-0.867209,-0.867209,0.778624,0.778624,0.062639,-1.16378
44.31,-1.13216,-1.13216,0.793826,0.793826,0.239236,-1.36188
44.32,-1.39322,-1.39322,0.805985,0.805985,0.415235,-1.55507
44.33,-1.64958,-1.64958,0.814921,0.814921,0.590196,-1.74267
44.34,-1.90047,-1.90047,0.820465,0.820465,0.763682,-1.92399
44.35,-2.14512,-2.14512,0.822462,0.822462,0.93526,-2.0984
44.36,-2.38277,-2.38277,0.820773,0.820773,1.1045,-2.26525
44.37,-2.6127,-2.6127,0.81527,0.81527,1.27098,-2.42394
44.38,-2.83422,-2.83422,0.805846,0.805846,1.43428,-2.57392
44.39,-3.04666,-3.04666,0.792407,0.792407,1.594,-2.71463
44.4,-3.24937,-3.24937,0.774876,0.774876,1.74973,-2.84557
44.41,-3.44174,-3.44174,0.753197,0.753197,1.90109,-2.96627
44.42,-3.62321,-3.62321,0.727328,0.727328,2.0477,-3.0763
44.43,-3.79323,-3.79323,0.697251,0.697251,2.18919,-3.17525
44.44,-3.9513,-3.9513,0.662962,0.662962,2.3252,-3.26277
44.45,-4.09695,-4.09695,0.624479,0.624479,2.45541,-3.33856
44.46,-4.22978,-4.22978,0.58184,0.58184,2.57948,-3.40233
44.47,-4.34938,-4.34938,0.535102,0.535102,2.6971,-3.45385
44.48,-4.45543,-4.45543,0.484341,0.484341,2.80798,-3.49294
44.49,-4.54762,-4.54762,0.429654,0.429654,2.91184,-3.51947
44.5,-4.62571,-4.62571,0.371157,0.371157,3.00843,-3.53332
44.51,-4.6895,-4.6895,0.308986,0.308986,3.09749,-3.53446
44.52,-4.73881,-4.73881,0.243294,0.243294,3.17881,-3.52288
44.53,-4.77354,-4.77354,0.174256,0.174256,3.25219,-3.49862
44.54,-4.79363,-4.79363,0.102062,0.102062,3.31744,-3.46177
44.55,-4.79903,-4.79903,0.0269214,0.0269214,3.37439,-3.41246
44.56,-4.78979,-4.78979,-0.0509391,-0.0509391,3.42291,-3.35088
44.57,-4.76597,-4.76597,-0.131277,-0.131277,3.46288,-3.27723
44.58,-4.7277,-4.7277,-0.213835,-0.213835,3.49419,-3.19178
44.59,-4.67512,-4.67512,-0.29834,-0.29834,3.51677,-3.09485
44.6,-4.60845,-4.60845,-0.384505,-0.384505,3.53055,-2.98678
44.61,-4.52795,-4.52795,-0.472031,-0.472031,3.53552,-2.86796
44.62,-4.43389,-4.43389,-0.560607,-0.560607,3.53164,-2.73882
44.63,-4.32662,-4.32662,-0.649911,-0.649911,3.51894,-2.59983
44.64,-4.20652,-4.20652,-0.739611,-0.739611,3.49744,-2.45148
44.65,-4.074,-4.074,-0.829369,-0.829369,3.4672,-2.2943
44.66,-3.92951,-3.92951,-0.918837,-0.918837,3.4283,-2.12887
44.67,-3.77354,-3.77354,-1.00766,-1.00766,3.38082,-1.95577
44.68,-3.60663,-3.60663,-1.09549,-1.09549,3.3249,-1.77564
44.69,-3.42931,-3.42931,-1.18196,-1.18196,3.26067,-1.58912
44.7,-3.24219,-3.24219,-1.26672,-1.26672,3.18828,-1.39687
44.71,-3.04588,-3.04588,-1.34939,-1.34939,3.10793,-1.1996
44.72,-2.84103,-2.84103,-1.42962,-1.42962,3.0198,-0.998017
44.73,-2.6283,-2.6283,-1.50705,-1.50705,2.92413,-0.792838
44.74,-2.40838,-2.40838,-1.58134,-1.58134,2.82115,-0.584806
44.75,-2.18199,-2.18199,-1.65212,-1.65212,2.71112,-0.374669
44.76,-1.94985,-1.94985,-1.71907,-1.71907,2.59432,-0.163184
44.77,-1.71271,-1.71271,-1.78185,-1.78185,2.47103,0.0488882
44.78,-1.47133,-1.47133,-1.84013,-1.84013,2.34156,0.260785
44.79,-1.22647,-1.22647,-1.89362,-1.89362,2.20624,0.471743
44.8,-0.978919,-0.978919,-1.942,-1.942,2.0654,0.681003
44.81,-0.729447,-0.729447,-1.985,-1.985,1.91941,0.887812
44.82,-0.478842,-0.478842,-2.02235,-2.02235,1.76861,1.09143
44.83,-0.227889,-0.227889,-2.0538,-2.0538,1.6134,1.29111
44.84,0.02263,0.02263,-2.07911,-2.07911,1.45415,1.48615
44.85,0.271937,0.271937,-2.09806,-2.09806,1.29127,1.67584
44.86,0.519262,0.519262,-2.11047,-2.11047,1.12516,1.8595
44.87,0.763843,0.763843,-2.11616,-2.11616,0.956234,2.03647
44.88,1.00493,1.00493,-2.11498,-2.11498,0.784921,2.20611
44.89,1.24179,1.24179,-2.10679,-2.10679,0.611647,2.36781
44.9,1.47371,1.47371,-2.0915,-2.0915,0.436844,2.52099
44.91,1.69998,1.69998,-2.06902,-2.06902,0.260949,2.66509
44.92,1.91994,1.91994,-2.0393,-2.0393,0.0844019,2.7996
44.93,2.13291,2.13291,-2.0023,-2.0023,-0.0923563,2.92404
44.94,2.33829,2.33829,-1.95803,-1.95803,-0.268884,3.03796
44.95,2.53546,2.53546,-1.9065,-1.9065,-0.444739,3.14094
44.96,2.72384,2.72384,-1.84776,-1.84776,-0.619482,3.23261
44.97,2.90291,2.90291,-1.78189,-1.78189,-0.792678,3.31266
44.98,3.07214,3.07214,-1.709,-1.709,-0.963892,3.38078
44.99,3.23107,3.23107,-1.6292,-1.6292,-1.1327,3.43673
45,3.37925,3.37925,-1.54266,-1.54266,-1.29867,3.48032
45.01,3.51628,3.51628,-1.44955,-1.44955,-1.4614,3.51138
45.02,3.64179,3.64179,-1.3501,-1.3501,-1.62047,3.5298
45.03,3.75545,3.75545,-1.24452,-1.24452,-1.7755,3.53552
45.04,3.85698,3.85698,-1.13309,-1.13309,-1.92608,3.52851
45.05,3.94613,3.94613,-1.01608,-1.01608,-2.07186,3.50881
45.06,4.02268,4.02268,-0.893802,-0.893802,-2.21245,3.47648
45.07,4.08648,4.08648,-0.766589,-0.766589,-2.34751,3.43163
45.08,4.13739,4.13739,-0.634791,-0.634791,-2.47671,3.37444
45.09,4.17534,4.17534,-0.498784,-0.498784,-2.59972,3.3051
45.1,4.20028,4.20028,-0.35896,-0.35896,-2.71622,3.22387
45.11,4.21222,4.21222,-0.215733,-0.215733,-2.82594,3.13104
45.12,4.2112,4.2112,-0.0695329,-0.0695329,-2.9286,3.02693
45.13,4.19729,4.19729,0.0791946,0.0791946,-3.02393,2.91194
45.14,4.17064,4.17064,0.229988,0.229988,-3.11171,2.78646
45.15,4.13139,4.13139,0.382373,0.382373,-3.19171,2.65095
45.16,4.07975,4.07975,0.535863,0.535863,-3.26373,2.50591
45.17,4.01597,4.01597,0.689961,0.689961,-3.3276,2.35184
45.18,3.94032,3.94032,0.844164,0.844164,-3.38314,2.18932
45.19,3.85313,3.85313,0.997958,0.997958,-3.43024,2.01891
45.2,3.75473,3.75473,1.15083,1.15083,-3.46875,1.84124
45.21,3.64551,3.64551,1.30225,1.30225,-3.4986,1.65694
45.22,3.5259,3.5259,1.45171,1.45171,-3.5197,1.46667
45.23,3.39633,3.39633,1.59868,1.59868,-3.53201,1.27113
45.24,3.25729,3.25729,1.74264,1.74264,-3.53548,1.07102
45.25,3.10927,3.10927,1.88308,1.88308,-3.53012,0.867045
45.26,2.9528,2.9528,2.01949,2.01949,-3.51594,0.659954
45.27,2.78844,2.78844,2.15136,2.15136,-3.49297,0.450488
45.28,2.61677,2.61677,2.2782,2.2782,-3.46127,0.239401
45.29,2.43836,2.43836,2.39954,2.39954,-3.42091,0.0274515
45.3,2.25384,2.25384,2.5149,2.5149,-3.37201,-0.184596
45.31,2.06383,2.06383,2.62383,2.62383,-3.31468,-0.39598
45.32,1.86897,1.86897,2.72589,2.72589,-3.24906,-0.605938
45.33,1.66991,1.66991,2.82067,2.82067,-3.17532,-0.813716
45.34,1.4673,1.4673,2.90777,2.90777,-3.09365,-1.01856
45.35,1.26183,1.26183,2.98681,2.98681,-3.00424,-1.21975
45.36,1.05414,1.05414,3.05743,3.05743,-2.90732,-1.41654
45.37,0.844923,0.844923,3.11931,3.11931,-2.80314,-1.60824
45.38,0.634844,0.634844,3.17215,3.17215,-2.69195,-1.79415
45.39,0.424572,0.424572,3.21566,3.21566,-2.57403,-1.9736
45.4,0.214774,0.214774,3.2496,3.2496,-2.44968,-2.14594
45.41,0.00610709,0.00610709,3.27374,3.27374,-2.31921,-2.31057
45.42,-0.200779,-0.200779,3.28791,3.28791,-2.18293,-2.46688
45.43,-0.405245,-0.405245,3.29195,3.29195,-2.04121,-2.61431
45.44,-0.606666,-0.606666,3.28572,3.28572,-1.89438,-2.75233
45.45,-0.804431,-0.804431,3.26914,3.26914,-1.74281,-2.88045
45.46,-0.997945,-0.997945,3.24215,3.24215,-1.58689,-2.9982
45.47,-1.18664,-1.18664,3.20472,3.20472,-1.427,-3.10516
45.48,-1.36994,-1.36994,3.15687,3.15687,-1.26355,-3.20094
45.49,-1.54734,-1.54734,3.09865,3.09865,-1.09694,-3.28521
45.5,-1.71832,-1.71832,3.03012,3.03012,-0.927584,-3.35765
45.51,-1.88239,-1.88239,2.95141,2.95141,-0.755911,-3.41801
45.52,-2.0391,-2.0391,2.86266,2.86266,-0.58235,-3.46607
45.53,-2.18801,-2.18801,2.76407,2.76407,-0.407332,-3.50165
45.54,-2.32874,-2.32874,2.65584,2.65584,-0.231297,-3.52463
45.55,-2.4609,-2.4609,2.53824,2.53824,-0.0546833,-3.53492
45.56,-2.58417,-2.58417,2.41154,2.41154,0.122067,-3.5325
45.57,-2.69823,-2.69823,2.27607,2.27607,0.298512,-3.51736
45.58,-2.80281,-2.80281,2.13217,2.13217,0.474211,-3.48956
45.59,-2.89767,-2.89767,1.98024,1.98024,0.648725,-3.4492
45.6,-2.98261,-2.98261,1.82067,1.82067,0.821617,-3.39643
45.61,-3.05746,-3.05746,1.65391,1.65391,0.992456,-3.33144
45.62,-3.12207,-3.12207,1.48043,1.48043,1.16081,-3.25446
45.63,-3.17635,-3.17635,1.30072,1.30072,1.32627,-3.16576
45.64,-3.22022,-3.22022,1.11529,1.11529,1.48841,-3.06567
45.65,-3.25367,-3.25367,0.924696,0.924696,1.64683,-2.95455
45.66,-3.27669,-3.27669,0.729491,0.729491,1.80114,-2.8328
45.67,-3.28931,-3.28931,0.530262,0.530262,1.95094,-2.70084
45.68,-3.29161,-3.29161,0.327607,0.327607,2.09587,-2.55917
45.69,-3.2837,-3.2837,0.122143,0.122143,2.23556,-2.40829
45.7,-3.2657,-3.2657,-0.0854977,-0.0854977,2.36966,-2.24875
45.71,-3.2378,-3.2378,-0.294673,-0.294673,2.49784,-2.0811
45.72,-3.20018,-3.20018,-0.50473,-0.50473,2.61977,-1.90597
45.73,-3.15309,-3.15309,-0.715007,-0.715007,2.73516,-1.72398
45.74,-3.09677,-3.09677,-0.924837,-0.924837,2.84371,-1.53579
45.75,-3.03152,-3.03152,-1.13355,-1.13355,2.94515,-1.34207
45.76,-2.95765,-2.95765,-1.34047,-1.34047,3.03923,-1.14351
45.77,-2.87549,-2.87549,-1.54493,-1.54493,3.12571,-0.940848
45.78,-2.78542,-2.78542,-1.74626,-1.74626,3.20438,-0.734794
45.79,-2.68781,-2.68781,-1.9438,-1.9438,3.27505,-0.526096
45.8,-2.58308,-2.58308,-2.13689,-2.13689,3.33752,-0.315505
45.81,-2.47165,-2.47165,-2.32488,-2.32488,3.39166,-0.103778
45.82,-2.35395,-2.35395,-2.50714,-2.50714,3.43731,0.108322
45.83,-2.23046,-2.23046,-2.68305,-2.68305,3.47438,0.320032
45.84,-2.10164,-2.10164,-2.85201,-2.85201,3.50276,0.530591
45.85,-1.96798,-1.96798,-3.01343,-3.01343,3.52239,0.73924
45.86,-1.82998,-1.82998,-3.16673,-3.16673,3.53321,0.945228
45.87,-1.68814,-1.68814,-3.31139,-3.31139,3.5352,1.14781
45.88,-1.54297,-1.54297,-3.44688,-3.44688,3.52836,1.34627
45.89,-1.39499,-1.39499,-3.57271,-3.57271,3.51269,1.53988
45.9,-1.24472,-1.24472,-3.68841,-3.68841,3.48825,1.72795
45.91,-1.09268,-1.09268,-3.79355,-3.79355,3.45508,1.9098
45.92,-0.939397,-0.939397,-3.88772,-3.88772,3.41328,2.08478
45.93,-0.785386,-0.785386,-3.97055,-3.97055,3.36295,2.25225
45.94,-0.631163,-0.631163,-4.04171,-4.04171,3.30422,2.41162
45.95,-0.477237,-0.477237,-4.10089,-4.10089,3.23722,2.56231
45.96,-0.324111,-0.324111,-4.14783,-4.14783,3.16214,2.70378
45.97,-0.172276,-0.172276,-4.1823,-4.1823,3.07915,2.83551
45.98,-0.0222151,-0.0222151,-4.20411,-4.20411,2.98846,2.95704
45.99,0.125602,0.125602,-4.21311,-4.21311,2.89031,3.06793
46,0.270721,0.270721,-4.2092,-4.2092,2.78493,3.16778
46.01,0.4127,0.4127,-4.19231,-4.19231,2.67258,3.25623
46.02,0.551116,0.551116,-4.1624,-4.1624,2.55356,3.33296
46.03,0.685564,0.685564,-4.1195,-4.1195,2.42816,3.39769
46.04,0.815656,0.815656,-4.06366,-4.06366,2.29669,3.4502
46.05,0.941028,0.941028,-3.99499,-3.99499,2.15947,3.49029
46.06,1.06133,1.06133,-3.91361,-3.91361,2.01686,3.51782
46.07,1.17625,1.17625,-3.81972,-3.81972,1.86921,3.53268
46.08,1.28548,1.28548,-3.71353,-3.71353,1.71689,3.53484
46.09,1.38876,1.38876,-3.59531,-3.59531,1.56027,3.52427
46.1,1.48582,1.48582,-3.46537,-3.46537,1.39976,3.50102
46.11,1.57644,1.57644,-3.32405,-3.32405,1.23574,3.46517
46.12,1.66043,1.66043,-3.17172,-3.17172,1.06864,3.41684
46.13,1.73761,1.73761,-3.0088,-3.0088,0.898868,3.35622
46.14,1.80784,1.80784,-2.83576,-2.83576,0.726848,3.28353
46.15,1.871,1.871,-2.65308,-2.65308,0.553011,3.19901
46.16,1.927,1.927,-2.46128,-2.46128,0.377792,3.10298
46.17,1.97577,1.97577,-2.26091,-2.26091,0.201628,2.99579
46.18,2.01727,2.01727,-2.05257,-2.05257,0.0249608,2.87781
46.19,2.05149,2.05149,-1.83686,-1.83686,-0.151769,2.74948
46.2,2.07845,2.07845,-1.61441,-1.61441,-0.32812,2.61125
46.21,2.09818,2.09818,-1.38591,-1.38591,-0.50365,2.46362
46.22,2.11075,2.11075,-1.15202,-1.15202,-0.677921,2.30713
46.23,2.11625,2.11625,-0.913462,-0.913462,-0.850498,2.14233
46.24,2.1148,2.1148,-0.670955,-0.670955,-1.02095,1.96982
46.25,2.10652,2.10652,-0.425238,-0.425238,-1.18885,1.79023
46.26,2.0916,2.0916,-0.177067,-0.177067,-1.35378,1.60419
46.27,2.07019,2.07019,0.0727932,0.0727932,-1.51532,1.41238
46.28,2.04252,2.04252,0.32357,0.32357,-1.67308,1.21548
46.29,2.00879,2.00879,0.574483,0.574483,-1.82665,1.01421
46.3,1.96926,1.96926,0.824748,0.824748,-1.97566,0.809292
46.31,1.92417,1.92417,1.07358,1.07358,-2.11973,0.601459
46.32,1.87381,1.87381,1.3202,1.3202,-2.25851,0.391463
46.33,1.81846,1.81846,1.56382,1.56382,-2.39163,0.180057
46.34,1.75842,1.75842,1.80367,1.80367,-2.51878,-0.0319967
46.35,1.69402,1.69402,2.03899,2.03899,-2.63964,-0.243935
46.36,1.62557,1.62557,2.26903,2.26903,-2.75389,-0.454996
46.37,1.55341,1.55341,2.49304,2.49304,-2.86127,-0.664419
46.38,1.47788,1.47788,2.7103,2.7103,-2.96149,-0.871451
46.39,1.39934,1.39934,2.92011,2.92011,-3.05431,-1.07535
46.4,1.31813,1.31813,3.12178,3.12178,-3.13949,-1.27537
46.41,1.23463,1.23463,3.31466,3.31466,-3.21683,-1.47081
46.42,1.14918,1.14918,3.49811,3.49811,-3.28613,-1.66095
46.43,1.06214,1.06214,3.67153,3.67153,-3.34721,-1.84511
46.44,0.973892,0.973892,3.83434,3.83434,-3.39993,-2.02264
46.45,0.884779,0.884779,3.98599,3.98599,-3.44415,-2.19288
46.46,0.795159,0.795159,4.12597,4.12597,-3.47976,-2.35524
46.47,0.705383,0.705383,4.2538,4.2538,-3.50668,-2.50911
46.48,0.615794,0.615794,4.36906,4.36906,-3.52482,-2.65396
46.49,0.526729,0.526729,4.47133,4.47133,-3.53416,-2.78925
46.5,0.438516,0.438516,4.56026,4.56026,-3.53467,-2.91451
46.51,0.351473,0.351473,4.63552,4.63552,-3.52634,-3.02928
46.52,0.265906,0.265906,4.69684,4.69684,-3.50919,-3.13314
46.53,0.182111,0.182111,4.74399,4.74399,-3.48328,-3.22573
46.54,0.100368,0.100368,4.77677,4.77677,-3.44866,-3.30672
46.55,0.0209448,0.0209448,4.79504,4.79504,-3.40542,-3.37579
46.56,-0.0559063,-0.0559063,4.7987,4.7987,-3.35366,-3.43273
46.57,-0.129949,-0.129949,4.7877,4.7877,-3.29353,-3.4773
46.58,-0.200963,-0.200963,4.76203,4.76203,-3.22516,-3.50936
46.59,-0.268747,-0.268747,4.72172,4.72172,-3.14873,-3.5288
46.6,-0.333116,-0.333116,4.66688,4.66688,-3.06443,-3.53553
46.61,-0.393904,-0.393904,4.59761,4.59761,-2.97247,-3.52954
46.62,-0.450963,-0.450963,4.51412,4.51412,-2.87308,-3.51084
46.63,-0.504165,-0.504165,4.41661,4.41661,-2.76652,-3.47951
46.64,-0.553403,-0.553403,4.30536,4.30536,-2.65303,-3.43566
46.65,-0.598586,-0.598586,4.18067,4.18067,-2.53292,-3.37944
46.66,-0.639645,-0.639645,4.04291,4.04291,-2.40647,-3.31106
46.67,-0.676532,-0.676532,3.89247,3.89247,-2.27401,-3.23077
46.68,-0.709217,-0.709217,3.72978,3.72978,-2.13586,-3.13885
46.69,-0.737688,-0.737688,3.55534,3.55534,-1.99238,-3.03563
46.7,-0.761955,-0.761955,3.36965,3.36965,-1.84392,-2.92148
46.71,-0.782047,-0.782047,3.17326,3.17326,-1.69084,-2.79683
46.72,-0.79801,-0.79801,2.96677,2.96677,-1.53354,-2.6621
46.73,-0.809909,-0.809909,2.75079,2.75079,-1.37241,-2.5178
46.74,-0.817826,-0.817826,2.52598,2.52598,-1.20785,-2.36443
46.75,-0.82186,-0.82186,2.29302,2.29302,-1.04027,-2.20256
46.76,-0.822128,-0.822128,2.05262,2.05262,-0.870089,-2.03275
46.77,-0.818761,-0.818761,1.8055,1.8055,-0.697733,-1.85564
46.78,-0.811905,-0.811905,1.55243,1.55243,-0.523633,-1.67184
46.79,-0.801719,-0.801719,1.29418,1.29418,-0.348224,-1.48203
46.8,-0.788378,-0.788378,1.03155,1.03155,-0.171945,-1.28688
46.81,-0.772066,-0.772066,0.765329,0.765329,0.00476345,-1.0871
46.82,-0.752978,-0.752978,0.496355,0.496355,0.18146,-0.883412
46.83,-0.731322,-0.731322,0.225453,0.225453,0.357704,-0.676542
46.84,-0.707312,-0.707312,-0.0465385,-0.0465385,0.533053,-0.467238
46.85,-0.681171,-0.681171,-0.318777,-0.318777,0.70707,-0.256252
46.86,-0.653128,-0.653128,-0.590417,-0.590417,0.87932,-0.0443433
46.87,-0.623418,-0.623418,-0.860617,-0.860617,1.04937,0.167725
46.88,-0.592281,-0.592281,-1.12853,-1.12853,1.2168,0.379189
46.89,-0.559957,-0.559957,-1.39334,-1.39334,1.38119,0.589288
46.9,-0.526693,-0.526693,-1.6542,-1.6542,1.54212,0.797267
46.91,-0.492731,-0.492731,-1.91031,-1.91031,1.6992,1.00238
46.92,-0.458318,-0.458318,-2.16086,-2.16086,1.85204,1.20388
46.93,-0.423694,-0.423694,-2.40508,-2.40508,2.00024,1.40105
46.94,-0.389101,-0.389101,-2.64219,-2.64219,2.14345,1.59318
46.95,-0.354774,-0.354774,-2.87146,-2.87146,2.28129,1.77957
46.96,-0.320943,-0.320943,-3.09218,-3.09218,2.41344,1.95956
46.97,-0.287834,-0.287834,-3.30364,-3.30364,2.53955,2.13249
46.98,-0.255663,-0.255663,-3.50518,-3.50518,2.65932,2.29776
46.99,-0.22464,-0.22464,-3.69618,-3.69618,2.77244,2.45475
47,-0.194963,-0.194963,-3.87603,-3.87603,2.87863,2.60291
47.01,-0.166823,-0.166823,-4.04417,-4.04417,2.97762,2.7417
47.02,-0.140397,-0.140397,-4.20007,-4.20007,3.06917,2.87062
47.03,-0.115852,-0.115852,-4.34324,-4.34324,3.15305,2.98921
47.04,-0.0933413,-0.0933413,-4.47323,-4.47323,3.22905,3.09705
47.05,-0.0730049,-0.0730049,-4.58963,-4.58963,3.29698,3.19373
47.06,-0.0549689,-0.0549689,-4.69207,-4.69207,3.35667,3.27893
47.07,-0.0393447,-0.0393447,-4.78024,-4.78024,3.40796,3.35232
47.08,-0.0262282,-0.0262282,-4.85386,-4.85386,3.45074,3.41365
47.09,-0.0157001,-0.0157001,-4.91269,-4.91269,3.4849,3.46269
47.1,-0.00782469,-0.00782469,-4.95655,-4.95655,3.51034,3.49928
47.11,-0.00265014,-0.00265014,-4.9853,-4.9853,3.52701,3.52326
47.12,-0.00020803,-0.00020803,-4.99885,-4.99885,3.53487,3.53457
47.13,-0.000513252,-0.000513252,-4.99715,-4.99715,3.53388,3.53316
47.14,-0.00356395,-0.00356395,-4.98022,-4.98022,3.52407,3.51903
47.15,-0.0093415,-0.0093415,-4.94811,-4.94811,3.50545,3.49224
47.16,-0.0178107,-0.0178107,-4.90091,-4.90091,3.47806,3.45288
47.17,-0.0289196,-0.0289196,-4.83878,-4.83878,3.44199,3.40109
47.18,-0.0426004,-0.0426004,-4.76191,-4.76191,3.39731,3.33706
47.19,-0.058769,-0.058769,-4.67055,-4.67055,3.34413,3.26102
47.2,-0.0773259,-0.0773259,-4.56497,-4.56497,3.2826,3.17325
47.21,-0.0981565,-0.0981565,-4.44552,-4.44552,3.21287,3.07405
47.22,-0.121132,-0.121132,-4.31257,-4.31257,3.1351,2.96379
47.23,-0.146108,-0.146108,-4.16653,-4.16653,3.0495,2.84287
47.24,-0.172929,-0.172929,-4.00787,-4.00787,2.95627,2.71172
47.25,-0.201427,-0.201427,-3.83709,-3.83709,2.85566,2.5708
47.26,-0.231419,-0.231419,-3.65471,-3.65471,2.74791,2.42063
47.27,-0.262715,-0.262715,-3.46132,-3.46132,2.63329,2.26176
47.28,-0.295112,-0.295112,-3.25752,-3.25752,2.51209,2.09474
47.29,-0.328401,-0.328401,-3.04394,-3.04394,2.38461,1.92018
47.3,-0.362361,-0.362361,-2.82127,-2.82127,2.25117,1.73871
47.31,-0.396767,-0.396767,-2.59019,-2.59019,2.1121,1.55099
47.32,-0.431388,-0.431388,-2.35144,-2.35144,1.96775,1.35768
47.33,-0.465985,-0.465985,-2.10575,-2.10575,1.81849,1.15949
47.34,-0.50032,-0.50032,-1.85389,-1.85389,1.66468,0.95712
47.35,-0.534148,-0.534148,-1.59666,-1.59666,1.50671,0.751309
47.36,-0.567224,-0.567224,-1.33485,-1.33485,1.34497,0.542795
47.37,-0.599305,-0.599305,-1.06929,-1.06929,1.17987,0.332327
47.38,-0.630147,-0.630147,-0.80079,-0.80079,1.01182,0.120663
47.39,-0.659507,-0.659507,-0.530197,-0.530197,0.841248,-0.0914358
47.4,-0.687148,-0.687148,-0.258351,-0.258351,0.668569,-0.303205
47.41,-0.712836,-0.712836,0.0139052,0.0139052,0.494218,-0.513883
47.42,-0.736342,-0.736342,0.285727,0.285727,0.318633,-0.722712
47.43,-0.757446,-0.757446,0.556273,0.556273,0.14225,-0.92894
47.44,-0.775934,-0.775934,0.824707,0.824707,-0.0344874,-1.13182
47.45,-0.791604,-0.791604,1.0902,1.0902,-0.211139,-1.33064
47.46,-0.80426,-0.80426,1.35193,1.35193,-0.387263,-1.52466
47.47,-0.81372,-0.81372,1.6091,1.6091,-0.562419,-1.71319
47.48,-0.819815,-0.819815,1.86091,1.86091,-0.736169,-1.89556
47.49,-0.822387,-0.822387,2.1066,2.1066,-0.908079,-2.07111
47.5,-0.821294,-0.821294,2.34542,2.34542,-1.07772,-2.2392
47.51,-0.816407,-0.816407,2.57663,2.57663,-1.24467,-2.39924
47.52,-0.807614,-0.807614,2.79954,2.79954,-1.4085,-2.55064
47.53,-0.794819,-0.794819,3.01346,3.01346,-1.56882,-2.69286
47.54,-0.777945,-0.777945,3.21776,3.21776,-1.72521,-2.82539
47.55,-0.756929,-0.756929,3.41182,3.41182,-1.87729,-2.94775
47.56,-0.73173,-0.73173,3.59506,3.59506,-2.02468,-3.0595
47.57,-0.702323,-0.702323,3.76694,3.76694,-2.16701,-3.16025
47.58,-0.668704,-0.668704,3.92694,3.92694,-2.30392,-3.24961
47.59,-0.630888,-0.630888,4.07461,4.07461,-2.43508,-3.32729
47.6,-0.588907,-0.588907,4.2095,4.2095,-2.56014,-3.39298
47.61,-0.542817,-0.542817,4.33123,4.33123,-2.67881,-3.44647
47.62,-0.492691,-0.492691,4.43946,4.43946,-2.79078,-3.48756
47.63,-0.438622,-0.438622,4.53388,4.53388,-2.89578,-3.51609
47.64,-0.380724,-0.380724,4.61423,4.61423,-2.99354,-3.53197
47.65,-0.319127,-0.319127,4.6803,4.6803,-3.08382,-3.53513
47.66,-0.253985,-0.253985,4.73193,4.73193,-3.16639,-3.52558
47.67,-0.185468,-0.185468,4.76899,4.76899,-3.24104,-3.50333
47.68,-0.113763,-0.113763,4.79141,4.79141,-3.3076,-3.46848
47.69,-0.0390768,-0.0390768,4.79915,4.79915,-3.36588,-3.42115
47.7,0.0383663,0.0383663,4.79224,4.79224,-3.41576,-3.3615
47.71,0.118327,0.118327,4.77074,4.77074,-3.45709,-3.28975
47.72,0.200549,0.200549,4.73475,4.73475,-3.48979,-3.20617
47.73,0.284763,0.284763,4.68444,4.68444,-3.51376,-3.11104
47.74,0.370683,0.370683,4.62,4.62,-3.52895,-3.00472
47.75,0.458013,0.458013,4.54168,4.54168,-3.53532,-2.88759
47.76,0.546443,0.546443,4.44976,4.44976,-3.53285,-2.76006
47.77,0.635653,0.635653,4.34458,4.34458,-3.52155,-2.62261
47.78,0.725312,0.725312,4.22649,4.22649,-3.50145,-2.47571
47.79,0.815084,0.815084,4.09592,4.09592,-3.4726,-2.3199
47.8,0.904622,0.904622,3.9533,3.9533,-3.43507,-2.15574
47.81,0.993575,0.993575,3.79913,3.79913,-3.38895,-1.98383
47.82,1.08159,1.08159,3.63392,3.63392,-3.33437,-1.80477
47.83,1.1683,1.1683,3.45823,3.45823,-3.27145,-1.61922
47.84,1.25335,1.25335,3.27263,3.27263,-3.20035,-1.42785
47.85,1.33637,1.33637,3.07774,3.07774,-3.12125,-1.23133
47.86,1.41702,1.41702,2.8742,2.8742,-3.03435,-1.03038
47.87,1.49492,1.49492,2.66268,2.66268,-2.93987,-0.825727
47.88,1.56973,1.56973,2.44386,2.44386,-2.83803,-0.618099
47.89,1.6411,1.6411,2.21845,2.21845,-2.72911,-0.408247
47.9,1.70868,1.70868,1.98717,1.98717,-2.61336,-0.196926
47.91,1.77214,1.77214,1.75078,1.75078,-2.49108,0.0151044
47.92,1.83117,1.83117,1.51003,1.51003,-2.36258,0.22708
47.93,1.88543,1.88543,1.26567,1.26567,-2.22817,0.438239
47.94,1.93465,1.93465,1.01849,1.01849,-2.08819,0.64782
47.95,1.97853,1.97853,0.769276,0.769276,-1.94299,0.85507
47.96,2.01679,2.01679,0.518799,0.518799,-1.79293,1.05924
47.97,2.0492,2.0492,0.267848,0.267848,-1.6384,1.2596
47.98,2.0755,2.0755,0.0172079,0.0172079,-1.47977,1.45543
47.99,2.09548,2.09548,-0.232344,-0.232344,-1.31743,1.64602
48,2.10894,2.10894,-0.480036,-0.480036,-1.15181,1.83068
48.01,2.11571,2.11571,-0.725104,-0.725104,-0.983308,2.00876
48.02,2.11563,2.11563,-0.966799,-0.966799,-0.812348,2.17961
48.03,2.10857,2.10857,-1.20438,-1.20438,-0.639357,2.34261
48.04,2.09442,2.09442,-1.43713,-1.43713,-0.464769,2.49718
48.05,2.07309,2.07309,-1.66435,-1.66435,-0.289018,2.64277
48.06,2.04452,2.04452,-1.88536,-1.88536,-0.112545,2.77884
48.07,2.00868,2.00868,-2.09949,-2.09949,0.0642088,2.90492
48.08,1.96557,1.96557,-2.30611,-2.30611,0.240802,3.02053
48.09,1.91519,1.91519,-2.50463,-2.50463,0.416794,3.12528
48.1,1.8576,1.8576,-2.69445,-2.69445,0.591744,3.21878
48.11,1.79286,1.79286,-2.87504,-2.87504,0.765215,3.3007
48.12,1.72107,1.72107,-3.04587,-3.04587,0.936774,3.37074
48.13,1.64236,1.64236,-3.20647,-3.20647,1.10599,3.42864
48.14,1.55688,1.55688,-3.35639,-3.35639,1.27244,3.47421
48.15,1.46481,1.46481,-3.49522,-3.49522,1.43571,3.50727
48.16,1.36635,1.36635,-3.62259,-3.62259,1.5954,3.52771
48.17,1.26174,1.26174,-3.73816,-3.73816,1.75109,3.53546
48.18,1.15122,1.15122,-3.84164,-3.84164,1.90241,3.53048
48.19,1.03508,1.03508,-3.93277,-3.93277,2.04898,3.5128
48.2,0.913616,0.913616,-4.01134,-4.01134,2.19042,3.48247
48.21,0.787166,0.787166,-4.07717,-4.07717,2.32639,3.43961
48.22,0.656074,0.656074,-4.13015,-4.13015,2.45654,3.38437
48.23,0.520711,0.520711,-4.17016,-4.17016,2.58055,3.31695
48.24,0.381468,0.381468,-4.19718,-4.19718,2.69812,3.23759
48.25,0.238755,0.238755,-4.21119,-4.21119,2.80893,3.14659
48.26,0.0929985,0.0929985,-4.21222,-4.21222,2.91273,3.04425
48.27,-0.055357,-0.055357,-4.20037,-4.20037,3.00925,2.93096
48.28,-0.205853,-0.205853,-4.17573,-4.17573,3.09825,2.80713
48.29,-0.358016,-0.358016,-4.13847,-4.13847,3.1795,2.67319
48.3,-0.511363,-0.511363,-4.0888,-4.0888,3.2528,2.52963
48.31,-0.665399,-0.665399,-4.02693,-4.02693,3.31798,2.37696
48.32,-0.819619,-0.819619,-3.95315,-3.95315,3.37486,2.21574
48.33,-0.973513,-0.973513,-3.86777,-3.86777,3.42331,2.04655
48.34,-1.12656,-1.12656,-3.77113,-3.77113,3.4632,1.86999
48.35,-1.27825,-1.27825,-3.66362,-3.66362,3.49443,1.68671
48.36,-1.42806,-1.42806,-3.54563,-3.54563,3.51693,1.49735
48.37,-1.57546,-1.57546,-3.41761,-3.41761,3.53064,1.3026
48.38,-1.71994,-1.71994,-3.28005,-3.28005,3.53552,1.10316
48.39,-1.86097,-1.86097,-3.13342,-3.13342,3.53157,0.899759
48.4,-1.99805,-1.99805,-2.97827,-2.97827,3.51879,0.693115
48.41,-2.13068,-2.13068,-2.81513,-2.81513,3.49721,0.483977
48.42,-2.25836,-2.25836,-2.64457,-2.64457,3.4669,0.273097
48.43,-2.3806,-2.3806,-2.4672,-2.4672,3.42792,0.061234
48.44,-2.49695,-2.49695,-2.28361,-2.28361,3.38037,-0.150849
48.45,-2.60693,-2.60693,-2.09443,-2.09443,3.32437,-0.362389
48.46,-2.71012,-2.71012,-1.9003,-1.9003,3.26006,-0.572625
48.47,-2.80608,-2.80608,-1.70187,-1.70187,3.1876,-0.780801
48.48,-2.89443,-2.89443,-1.49978,-1.49978,3.10718,-0.986166
48.49,-2.97478,-2.97478,-1.29472,-1.29472,3.01899,-1.18798
48.5,-3.04676,-3.04676,-1.08734,-1.08734,2.92325,-1.38552
48.51,-3.11006,-3.11006,-0.878319,-0.878319,2.82021,-1.57808
48.52,-3.16435,-3.16435,-0.668332,-0.668332,2.71012,-1.76495
48.53,-3.20936,-3.20936,-0.458047,-0.458047,2.59325,-1.94547
48.54,-3.24484,-3.24484,-0.248129,-0.248129,2.4699,-2.119
48.55,-3.27056,-3.27056,-0.0392379,-0.0392379,2.34038,-2.28489
48.56,-3.28633,-3.28633,0.167975,0.167975,2.20501,-2.44256
48.57,-3.29199,-3.29199,0.372868,0.372868,2.06413,-2.59144
48.58,-3.2874,-3.2874,0.574816,0.574816,1.91809,-2.731
48.59,-3.27247,-3.27247,0.773203,0.773203,1.76725,-2.86073
48.6,-3.24715,-3.24715,0.967434,0.967434,1.612,-2.98016
48.61,-3.21138,-3.21138,1.15693,1.15693,1.45272,-3.08886
48.62,-3.16519,-3.16519,1.34113,1.34113,1.2898,-3.18645
48.63,-3.10861,-3.10861,1.51951,1.51951,1.12367,-3.27257
48.64,-3.04172,-3.04172,1.69154,1.69154,0.954722,-3.34692
48.65,-2.96462,-2.96462,1.85674,1.85674,0.783391,-3.40921
48.66,-2.87746,-2.87746,2.01465,2.01465,0.610101,-3.45924
48.67,-2.78042,-2.78042,2.16483,2.16483,0.435286,-3.49682
48.68,-2.67371,-2.67371,2.30689,2.30689,0.259383,-3.52182
48.69,-2.55758,-2.55758,2.44044,2.44044,0.0828323,-3.53414
48.7,-2.43231,-2.43231,2.56514,2.56514,-0.0939258,-3.53374
48.71,-2.29822,-2.29822,2.68069,2.68069,-0.270449,-3.52062
48.72,-2.15564,-2.15564,2.7868,2.7868,-0.446296,-3.49483
48.73,-2.00496,-2.00496,2.88322,2.88322,-0.621028,-3.45647
48.74,-1.84658,-1.84658,2.96976,2.96976,-0.794208,-3.40566
48.75,-1.68093,-1.68093,3.04622,3.04622,-0.965402,-3.3426
48.76,-1.50849,-1.50849,3.11247,3.11247,-1.13418,-3.26751
48.77,-1.32974,-1.32974,3.1684,3.1684,-1.30013,-3.18066
48.78,-1.14518,-1.14518,3.21393,3.21393,-1.46283,-3.08236
48.79,-0.955374,-0.955374,3.24904,3.24904,-1.62187,-2.97297
48.8,-0.760866,-0.760866,3.27372,3.27372,-1.77685,-2.85288
48.81,-0.562237,-0.562237,3.28799,3.28799,-1.9274,-2.72252
48.82,-0.360087,-0.360087,3.29193,3.29193,-2.07313,-2.58237
48.83,-0.155029,-0.155029,3.28564,3.28564,-2.21367,-2.43292
48.84,0.0523082,0.0523082,3.26924,3.26924,-2.34869,-2.27471
48.85,0.261283,0.261283,3.2429,3.2429,-2.47783,-2.10832
48.86,0.471243,0.471243,3.20682,3.20682,-2.60078,-1.93434
48.87,0.68153,0.68153,3.16121,3.16121,-2.71723,-1.7534
48.88,0.891476,0.891476,3.10635,3.10635,-2.82689,-1.56615
48.89,1.10041,1.10041,3.0425,3.0425,-2.92948,-1.37326
48.9,1.30766,1.30766,2.96998,2.96998,-3.02475,-1.17543
48.91,1.51256,1.51256,2.88912,2.88912,-3.11246,-0.973371
48.92,1.71444,1.71444,2.80028,2.80028,-3.19239,-0.767808
48.93,1.91262,1.91262,2.70385,2.70385,-3.26434,-0.559481
48.94,2.10646,2.10646,2.60022,2.60022,-3.32813,-0.349141
48.95,2.29531,2.29531,2.48982,2.48982,-3.3836,-0.137544
48.96,2.47852,2.47852,2.3731,2.3731,-3.43062,0.0745479
48.97,2.65549,2.65549,2.2505,2.2505,-3.46906,0.286371
48.98,2.82559,2.82559,2.1225,2.1225,-3.49883,0.497164
48.99,2.98825,2.98825,1.98957,1.98957,-3.51985,0.706168
49,3.14288,3.14288,1.85223,1.85223,-3.53208,0.91263
49.01,3.28895,3.28895,1.71096,1.71096,-3.53547,1.11581
49.02,3.42594,3.42594,1.56629,1.56629,-3.53004,1.31497
49.03,3.55333,3.55333,1.41872,1.41872,-3.51577,1.5094
49.04,3.67068,3.67068,1.26878,1.26878,-3.49273,1.6984
49.05,3.77753,3.77753,1.11699,1.11699,-3.46095,1.88128
49.06,3.87347,3.87347,0.963872,0.963872,-3.42052,2.0574
49.07,3.95813,3.95813,0.809942,0.809942,-3.37154,2.22611
49.08,4.03117,4.03117,0.655718,0.655718,-3.31413,2.3868
49.09,4.09228,4.09228,0.501712,0.501712,-3.24844,2.53891
49.1,4.14118,4.14118,0.348425,0.348425,-3.17463,2.68188
49.11,4.17765,4.17765,0.196352,0.196352,-3.09289,2.8152
49.12,4.20149,4.20149,0.0459764,0.0459764,-3.00341,2.93839
49.13,4.21254,4.21254,-0.102229,-0.102229,-2.90643,3.051
49.14,4.21069,4.21069,-0.247808,-0.247808,-2.80218,3.15264
49.15,4.19587,4.19587,-0.390316,-0.390316,-2.69093,3.24292
49.16,4.16803,4.16803,-0.529327,-0.529327,-2.57296,3.32154
49.17,4.1272,4.1272,-0.664433,-0.664433,-2.44855,3.3882
49.18,4.07342,4.07342,-0.795244,-0.795244,-2.31802,3.44266
49.19,4.00678,4.00678,-0.921391,-0.921391,-2.1817,3.48474
49.2,3.92741,3.92741,-1.04253,-1.04253,-2.03992,3.51428
49.21,3.8355,3.8355,-1.15832,-1.15832,-1.89305,3.53117
49.22,3.73126,3.73126,-1.26848,-1.26848,-1.74145,3.53535
49.23,3.61494,3.61494,-1.37272,-1.37272,-1.58549,3.5268
49.24,3.48684,3.48684,-1.47078,-1.47078,-1.42557,3.50557
49.25,3.3473,3.3473,-1.56245,-1.56245,-1.26208,3.47172
49.26,3.1967,3.1967,-1.6475,-1.6475,-1.09544,3.42537
49.27,3.03544,3.03544,-1.72578,-1.72578,-0.926069,3.36669
49.28,2.86398,2.86398,-1.79713,-1.79713,-0.754378,3.2959
49.29,2.6828,2.6828,-1.86142,-1.86142,-0.580801,3.21325
49.3,2.49241,2.49241,-1.91857,-1.91857,-0.405773,3.11903
49.31,2.29338,2.29338,-1.96849,-1.96849,-0.22973,3.01359
49.32,2.08626,2.08626,-2.01115,-2.01115,-0.0531134,2.8973
49.33,1.87168,1.87168,-2.04653,-2.04653,0.123636,2.77059
49.34,1.65027,1.65027,-2.07464,-2.07464,0.300077,2.6339
49.35,1.42268,1.42268,-2.09552,-2.09552,0.475767,2.48774
49.36,1.1896,1.1896,-2.10922,-2.10922,0.650268,2.33262
49.37,0.95174,0.95174,-2.11584,-2.11584,0.823144,2.16911
49.38,0.709812,0.709812,-2.11549,-2.11549,0.993963,1.99779
49.39,0.464556,0.464556,-2.10829,-2.10829,1.1623,1.81928
49.4,0.216725,0.216725,-2.09441,-2.09441,1.32773,1.63422
49.41,-0.0329176,-0.0329176,-2.07403,-2.07403,1.48984,1.44328
49.42,-0.283601,-0.283601,-2.04734,-2.04734,1.64822,1.24715
49.43,-0.534544,-0.534544,-2.01456,-2.01456,1.80249,1.04653
49.44,-0.784965,-0.784965,-1.97593,-1.97593,1.95225,0.842142
49.45,-1.03408,-1.03408,-1.93171,-1.93171,2.09713,0.634724
49.46,-1.2811,-1.2811,-1.88217,-1.88217,2.23677,0.425022
49.47,-1.52525,-1.52525,-1.8276,-1.8276,2.37082,0.21379
49.48,-1.76576,-1.76576,-1.76829,-1.76829,2.49895,0.00178816
49.49,-2.00185,-2.00185,-1.70455,-1.70455,2.62082,-0.21022
49.5,-2.23278,-2.23278,-1.63673,-1.63673,2.73615,-0.421471
49.51,-2.45779,-2.45779,-1.56513,-1.56513,2.84464,-0.631206
49.52,-2.67618,-2.67618,-1.49012,-1.49012,2.94602,-0.838669
49.53,-2.88722,-2.88722,-1.41203,-1.41203,3.04003,-1.04311
49.54,-3.09023,-3.09023,-1.33123,-1.33123,3.12645,-1.2438
49.55,-3.28456,-3.28456,-1.24806,-1.24806,3.20505,-1.44002
49.56,-3.46955,-3.46955,-1.1629,-1.1629,3.27564,-1.63105
49.57,-3.64461,-3.64461,-1.0761,-1.0761,3.33804,-1.81621
49.58,-3.80914,-3.80914,-0.988015,-0.988015,3.3921,-1.99484
49.59,-3.9626,-3.9626,-0.899015,-0.899015,3.43768,-2.16628
49.6,-4.10447,-4.10447,-0.809452,-0.809452,3.47467,-2.32993
49.61,-4.23428,-4.23428,-0.719677,-0.719677,3.50297,-2.4852
49.62,-4.35156,-4.35156,-0.630036,-0.630036,3.52252,-2.63152
49.63,-4.45593,-4.45593,-0.540865,-0.540865,3.53327,-2.76837
49.64,-4.547,-4.547,-0.452495,-0.452495,3.53518,-2.89525
49.65,-4.62446,-4.62446,-0.365245,-0.365245,3.52825,-3.01172
49.66,-4.68802,-4.68802,-0.279423,-0.279423,3.51251,-3.11735
49.67,-4.73744,-4.73744,-0.195326,-0.195326,3.48799,-3.21176
49.68,-4.77252,-4.77252,-0.113238,-0.113238,3.45475,-3.29461
49.69,-4.79311,-4.79311,-0.0334282,-0.0334282,3.41288,-3.3656
49.7,-4.7991,-4.7991,0.0438487,0.0438487,3.36247,-3.42448
49.71,-4.79043,-4.79043,0.118354,0.118354,3.30366,-3.47104
49.72,-4.7671,-4.7671,0.189864,0.189864,3.23659,-3.5051
49.73,-4.72912,-4.72912,0.258176,0.258176,3.16143,-3.52655
49.74,-4.67658,-4.67658,0.3231,0.3231,3.07838,-3.53531
49.75,-4.6096,-4.6096,0.384468,0.384468,2.98762,-3.53134
49.76,-4.52836,-4.52836,0.44213,0.44213,2.8894,-3.51467
49.77,-4.43307,-4.43307,0.495955,0.495955,2.78396,-3.48534
49.78,-4.32398,-4.32398,0.54583,0.54583,2.67156,-3.44348
49.79,-4.20141,-4.20141,0.591664,0.591664,2.55248,-3.38922
49.8,-4.06571,-4.06571,0.633384,0.633384,2.42702,-3.32276
49.81,-3.91726,-3.91726,0.670938,0.670938,2.29549,-3.24434
49.82,-3.75649,-3.75649,0.704293,0.704293,2.15823,-3.15425
49.83,-3.58389,-3.58389,0.733435,0.733435,2.01557,-3.05281
49.84,-3.39995,-3.39995,0.758371,0.758371,1.86788,-2.94038
49.85,-3.20523,-3.20523,0.779125,0.779125,1.71552,-2.81736
49.86,-3.00031,-3.00031,0.795742,0.795742,1.55886,-2.68421
49.87,-2.7858,-2.7858,0.808283,0.808283,1.39832,-2.5414
49.88,-2.56235,-2.56235,0.816827,0.816827,1.23427,-2.38944
49.89,-2.33064,-2.33064,0.821473,0.821473,1.06714,-2.22888
49.9,-2.09138,-2.09138,0.822332,0.822332,0.89735,-2.0603
49.91,-1.84528,-1.84528,0.819535,0.819535,0.725311,-1.88431
49.92,-1.59311,-1.59311,0.813224,0.813224,0.55146,-1.70153
49.93,-1.33563,-1.33563,0.803557,0.803557,0.376231,-1.51263
49.94,-1.07364,-1.07364,0.790707,0.790707,0.200061,-1.31829
49.95,-0.807934,-0.807934,0.774855,0.774855,0.0233908,-1.1192
49.96,-0.539344,-0.539344,0.756196,0.756196,-0.153338,-0.916085
49.97,-0.268693,-0.268693,0.734935,0.734935,-0.329683,-0.709672
49.98,0.00318136,0.00318136,0.711285,0.711285,-0.505204,-0.500705
49.99,0.275437,0.275437,0.685468,0.685468,-0.679462,-0.289936
50,0.547229,0.547229,0.657712,0.657712,-0.852022,-0.0781234
50.01,0.817715,0.817715,0.628252,0.628252,-1.02245,0.13397
50.02,1.08605,1.08605,0.597326,0.597326,-1.19033,0.345582
50.03,1.35141,1.35141,0.565175,0.565175,-1.35523,0.555949
50.04,1.61295,1.61295,0.532044,0.532044,-1.51674,0.764316
50.05,1.86987,1.86987,0.498177,0.498177,-1.67446,0.969933
50.06,2.12136,2.12136,0.463819,0.463819,-1.828,1.17206
50.07,2.36664,2.36664,0.429213,0.429213,-1.97696,1.36997
50.08,2.60493,2.60493,0.394599,0.394599,-2.12099,1.56294
50.09,2.8355,2.8355,0.360214,0.360214,-2.25971,1.75029
50.1,3.05763,3.05763,0.326289,0.326289,-2.39279,1.93135
50.11,3.27061,3.27061,0.29305,0.29305,-2.51988,2.10545
50.12,3.47377,3.47377,0.260716,0.260716,-2.64068,2.27197
50.13,3.66649,3.66649,0.229496,0.229496,-2.75488,2.43032
50.14,3.84815,3.84815,0.199592,0.199592,-2.86219,2.57992
50.15,4.0182,4.0182,0.171195,0.171195,-2.96235,2.72024
50.16,4.17608,4.17608,0.144484,0.144484,-3.0551,2.85077
50.17,4.32131,4.32131,0.119629,0.119629,-3.14021,2.97103
50.18,4.45342,4.45342,0.0967844,0.0967844,-3.21748,3.08061
50.19,4.57201,4.57201,0.0760929,0.0760929,-3.28671,3.1791
50.2,4.67671,4.67671,0.0576827,0.0576827,-3.34772,3.26614
50.21,4.76717,4.76717,0.0416675,0.0416675,-3.40036,3.34143
50.22,4.84312,4.84312,0.0281458,0.0281458,-3.4445,3.4047
50.23,4.90432,4.90432,0.0172007,0.0172007,-3.48004,3.45571
50.24,4.95057,4.95057,0.0088992,0.0088992,-3.50687,3.49429
50.25,4.98173,4.98173,0.00329195,0.00329195,-3.52495,3.52029
50.26,4.99771,4.99771,0.000413225,0.000413225,-3.53421,3.53362
50.27,4.99844,4.99844,0.000280583,0.000280583,-3.53463,3.53424
50.28,4.98394,4.98394,0.00289483,0.00289483,-3.52622,3.52213
50.29,4.95424,4.95424,0.00824003,0.00824003,-3.509,3.49735
50.3,4.90943,4.90943,0.0162835,0.0162835,-3.48301,3.45998
50.31,4.84967,4.84967,0.0269762,0.0269762,-3.44831,3.41016
50.32,4.77513,4.77513,0.0402526,0.0402526,-3.40499,3.34807
50.33,4.68606,4.68606,0.0560313,0.0560313,-3.35316,3.27392
50.34,4.58273,4.58273,0.0742151,0.0742151,-3.29296,3.188
50.35,4.46546,4.46546,0.0946918,0.0946918,-3.22452,3.0906
50.36,4.33463,4.33463,0.117335,0.117335,-3.14802,2.98208
50.37,4.19065,4.19065,0.142002,0.142002,-3.06365,2.86283
50.38,4.03397,4.03397,0.168541,0.168541,-2.97162,2.73327
50.39,3.86508,3.86508,0.196783,0.196783,-2.87217,2.59388
50.4,3.68451,3.68451,0.22655,0.22655,-2.76554,2.44515
50.41,3.49283,3.49283,0.257651,0.257651,-2.65199,2.28762
50.42,3.29065,3.29065,0.289887,0.289887,-2.53182,2.12186
50.43,3.07859,3.07859,0.323048,0.323048,-2.40532,1.94846
50.44,2.85732,2.85732,0.356916,0.356916,-2.27281,1.76805
50.45,2.62753,2.62753,0.391267,0.391267,-2.13461,1.58128
50.46,2.38995,2.38995,0.425869,0.425869,-1.99108,1.38881
50.47,2.14531,2.14531,0.460487,0.460487,-1.84258,1.19135
50.48,1.89438,1.89438,0.494879,0.494879,-1.68946,0.9896
50.49,1.63796,1.63796,0.528804,0.528804,-1.53213,0.784288
50.5,1.37682,1.37682,0.562017,0.562017,-1.37097,0.576154
50.51,1.1118,1.1118,0.594273,0.594273,-1.20638,0.365947
50.52,0.843714,0.843714,0.625328,0.625328,-1.03877,0.154422
50.53,0.573399,0.573399,0.65494,0.65494,-0.868567,-0.0576582
50.54,0.301696,0.301696,0.682871,0.682871,-0.696194,-0.269531
50.55,0.0294485,0.0294485,0.708885,0.708885,-0.52208,-0.480434
50.56,-0.242499,-0.242499,0.732753,0.732753,-0.346662,-0.689608
50.57,-0.513305,-0.513305,0.754254,0.754254,-0.170377,-0.8963
50.58,-0.78213,-0.78213,0.773173,0.773173,0.0063335,-1.09977
50.59,-1.04815,-1.04815,0.789305,0.789305,0.183028,-1.29927
50.6,-1.31053,-1.31053,0.802453,0.802453,0.359266,-1.49411
50.61,-1.56848,-1.56848,0.812435,0.812435,0.534605,-1.68356
50.62,-1.8212,-1.8212,0.819077,0.819077,0.708608,-1.86696
50.63,-2.06792,-2.06792,0.82222,0.82222,0.88084,-2.04363
50.64,-2.30787,-2.30787,0.821719,0.821719,1.05087,-2.21296
50.65,-2.54034,-2.54034,0.817444,0.817444,1.21827,-2.37431
50.66,-2.76462,-2.76462,0.80928,0.80928,1.38263,-2.52713
50.67,-2.98002,-2.98002,0.797128,0.797128,1.54354,-2.67085
50.68,-3.18589,-3.18589,0.780908,0.780908,1.70058,-2.80495
50.69,-3.38162,-3.38162,0.760555,0.760555,1.85337,-2.92896
50.7,-3.56662,-3.56662,0.736024,0.736024,2.00154,-3.04243
50.71,-3.74035,-3.74035,0.707289,0.707289,2.1447,-3.14495
50.72,-3.90227,-3.90227,0.67434,0.67434,2.28249,-3.23616
50.73,-4.05193,-4.05193,0.63719,0.63719,2.41459,-3.31571
50.74,-4.18889,-4.18889,0.59587,0.59587,2.54065,-3.38333
50.75,-4.31274,-4.31274,0.55043,0.55043,2.66035,-3.43878
50.76,-4.42314,-4.42314,0.500941,0.500941,2.77341,-3.48185
50.77,-4.51977,-4.51977,0.447493,0.447493,2.87954,-3.51239
50.78,-4.60238,-4.60238,0.390196,0.390196,2.97847,-3.53029
50.79,-4.67074,-4.67074,0.329179,0.329179,3.06995,-3.53548
50.8,-4.72468,-4.72468,0.264591,0.264591,3.15376,-3.52795
50.81,-4.76407,-4.76407,0.196598,0.196598,3.22969,-3.50772
50.82,-4.78882,-4.78882,0.125388,0.125388,3.29755,-3.47487
50.83,-4.7989,-4.7989,0.0511623,0.0511623,3.35716,-3.42951
50.84,-4.79432,-4.79432,-0.0258573,-0.0258573,3.40838,-3.37181
50.85,-4.77514,-4.77514,-0.105434,-0.105434,3.45108,-3.30198
50.86,-4.74145,-4.74145,-0.187313,-0.187313,3.48516,-3.22026
50.87,-4.69341,-4.69341,-0.271229,-0.271229,3.51053,-3.12695
50.88,-4.6312,-4.6312,-0.356897,-0.356897,3.52712,-3.02239
50.89,-4.55507,-4.55507,-0.444022,-0.444022,3.5349,-2.90695
50.9,-4.4653,-4.4653,-0.532298,-0.532298,3.53384,-2.78105
50.91,-4.3622,-4.3622,-0.621406,-0.621406,3.52394,-2.64514
50.92,-4.24615,-4.24615,-0.711016,-0.711016,3.50524,-2.49971
50.93,-4.11753,-4.11753,-0.800793,-0.800793,3.47778,-2.34529
50.94,-3.9768,-3.9768,-0.890392,-0.890392,3.44163,-2.18242
50.95,-3.82444,-3.82444,-0.979461,-0.979461,3.39687,-2.0117
50.96,-3.66095,-3.66095,-1.06765,-1.06765,3.34362,-1.83374
50.97,-3.48689,-3.48689,-1.15459,-1.15459,3.28202,-1.64918
50.98,-3.30282,-3.30282,-1.23993,-1.23993,3.21221,-1.45869
50.99,-3.10937,-3.10937,-1.3233,-1.3233,3.13437,-1.26294
51,-2.90717,-2.90717,-1.40435,-1.40435,3.0487,-1.06265
51.01,-2.69687,-2.69687,-1.48271,-1.48271,2.95541,-0.858539
51.02,-2.47917,-2.47917,-1.55804,-1.55804,2.85473,-0.651335
51.03,-2.25476,-2.25476,-1.62998,-1.62998,2.74692,-0.441787
51.04,-2.02437,-2.02437,-1.69818,-1.69818,2.63224,-0.230649
51.05,-1.78874,-1.78874,-1.76232,-1.76232,2.51098,-0.0186807
51.06,-1.54863,-1.54863,-1.82208,-1.82208,2.38345,0.193355
51.07,-1.3048,-1.3048,-1.87712,-1.87712,2.24996,0.404694
51.08,-1.05802,-1.05802,-1.92716,-1.92716,2.11084,0.614577
51.09,-0.809072,-0.809072,-1.97191,-1.97191,1.96645,0.822249
51.1,-0.558743,-0.558743,-2.01108,-2.01108,1.81714,1.02696
51.11,-0.307816,-0.307816,-2.04444,-2.04444,1.66329,1.22798
51.12,-0.0570735,-0.0570735,-2.07172,-2.07172,1.50529,1.42457
51.13,0.192704,0.192704,-2.09273,-2.09273,1.34352,1.61604
51.14,0.440743,0.440743,-2.10724,-2.10724,1.17839,1.8017
51.15,0.68628,0.68628,-2.11509,-2.11509,1.01032,1.98087
51.16,0.928562,0.928562,-2.11611,-2.11611,0.839723,2.15291
51.17,1.16685,1.16685,-2.11017,-2.11017,0.667027,2.3172
51.18,1.40042,1.40042,-2.09715,-2.09715,0.492664,2.47315
51.19,1.62856,1.62856,-2.07697,-2.07697,0.317069,2.62021
51.2,1.8506,1.8506,-2.04956,-2.04956,0.140682,2.75783
51.21,2.06587,2.06587,-2.01488,-2.01488,-0.0360573,2.88553
51.22,2.27373,2.27373,-1.97292,-1.97292,-0.212706,3.00284
51.23,2.47358,2.47358,-1.9237,-1.9237,-0.388823,3.10934
51.24,2.66482,2.66482,-1.86725,-1.86725,-0.563969,3.20466
51.25,2.84691,2.84691,-1.80364,-1.80364,-0.737704,3.28844
51.26,3.01933,3.01933,-1.73297,-1.73297,-0.909596,3.36039
51.27,3.1816,3.1816,-1.65536,-1.65536,-1.07921,3.42024
51.28,3.33325,3.33325,-1.57094,-1.57094,-1.24614,3.46779
51.29,3.47387,3.47387,-1.47991,-1.47991,-1.40994,3.50285
51.3,3.60308,3.60308,-1.38245,-1.38245,-1.57022,3.52531
51.31,3.72055,3.72055,-1.2788,-1.2788,-1.72658,3.53508
51.32,3.82598,3.82598,-1.1692,-1.1692,-1.87862,3.53212
51.33,3.91909,3.91909,-1.05394,-1.05394,-2.02597,3.51646
51.34,3.99967,3.99967,-0.933303,-0.933303,-2.16825,3.48814
51.35,4.06755,4.06755,-0.807625,-0.807625,-2.30511,3.44727
51.36,4.12258,4.12258,-0.677248,-0.677248,-2.43621,3.39399
51.37,4.16466,4.16466,-0.54254,-0.54254,-2.56123,3.32849
51.38,4.19375,4.19375,-0.403888,-0.403888,-2.67984,3.25102
51.39,4.20983,4.20983,-0.261699,-0.261699,-2.79175,3.16185
51.4,4.21293,4.21293,-0.116398,-0.116398,-2.89668,3.06129
51.41,4.20311,4.20311,0.0315738,0.0315738,-2.99438,2.94972
51.42,4.1805,4.1805,0.18176,0.18176,-3.08459,2.82754
51.43,4.14525,4.14525,0.33369,0.33369,-3.16709,2.69518
51.44,4.09753,4.09753,0.486881,0.486881,-3.24167,2.55311
51.45,4.03759,4.03759,0.640841,0.640841,-3.30815,2.40186
51.46,3.96569,3.96569,0.795065,0.795065,-3.36636,2.24197
51.47,3.88214,3.88214,0.949046,0.949046,-3.41616,2.07401
51.48,3.78726,3.78726,1.10227,1.10227,-3.45742,1.89858
51.49,3.68145,3.68145,1.25421,1.25421,-3.49004,1.71632
51.5,3.5651,3.5651,1.40435,1.40435,-3.51393,1.52788
51.51,3.43866,3.43866,1.55217,1.55217,-3.52904,1.33395
51.52,3.30258,3.30258,1.69714,1.69714,-3.53534,1.13521
51.53,3.15736,3.15736,1.83876,1.83876,-3.53279,0.93239
51.54,3.00353,3.00353,1.97651,1.97651,-3.52141,0.726212
51.55,2.84162,2.84162,2.10988,2.10988,-3.50124,0.517421
51.56,2.67221,2.67221,2.23837,2.23837,-3.47231,0.306768
51.57,2.49588,2.49588,2.36152,2.36152,-3.4347,0.0950109
51.58,2.31324,2.31324,2.47883,2.47883,-3.38851,-0.117088
51.59,2.12491,2.12491,2.58986,2.58986,-3.33385,-0.328766
51.6,1.93153,1.93153,2.69416,2.69416,-3.27085,-0.539261
51.61,1.73373,1.73373,2.7913,2.7913,-3.19968,-0.747814
51.62,1.53218,1.53218,2.88089,2.88089,-3.12051,-0.953677
51.63,1.32755,1.32755,2.96253,2.96253,-3.03354,-1.15611
51.64,1.12049,1.12049,3.03587,3.03587,-2.93899,-1.35438
51.65,0.911691,0.911691,3.10057,3.10057,-2.8371,-1.54777
51.66,0.701813,0.701813,3.15632,3.15632,-2.72811,-1.7356
51.67,0.49153,0.49153,3.20283,3.20283,-2.6123,-1.91718
51.68,0.28151,0.28151,3.23984,3.23984,-2.48997,-2.09185
51.69,0.0724114,0.0724114,3.26713,3.26713,-2.36141,-2.25901
51.7,-0.135112,-0.135112,3.28449,3.28449,-2.22695,-2.41803
51.71,-0.340417,-0.340417,3.29177,3.29177,-2.08692,-2.56834
51.72,-0.542875,-0.542875,3.28882,3.28882,-1.94168,-2.70942
51.73,-0.74187,-0.74187,3.27555,3.27555,-1.79158,-2.84074
51.74,-0.936802,-0.936802,3.25188,3.25188,-1.63701,-2.96184
51.75,-1.12709,-1.12709,3.21778,3.21778,-1.47834,-3.07228
51.76,-1.31217,-1.31217,3.17324,3.17324,-1.31598,-3.17167
51.77,-1.49151,-1.49151,3.11832,3.11832,-1.15033,-3.25964
51.78,-1.66458,-1.66458,3.05306,3.05306,-0.9818,-3.33588
51.79,-1.8309,-1.8309,2.97758,2.97758,-0.81082,-3.40011
51.8,-1.99,-1.99,2.89201,2.89201,-0.637813,-3.4521
51.81,-2.14145,-2.14145,2.79653,2.79653,-0.463212,-3.49168
51.82,-2.28482,-2.28482,2.69134,2.69134,-0.287453,-3.51868
51.83,-2.41975,-2.41975,2.5767,2.5767,-0.110976,-3.53303
51.84,-2.54589,-2.54589,2.45286,2.45286,0.0657786,-3.53465
51.85,-2.66291,-2.66291,2.32015,2.32015,0.242369,-3.52356
51.86,-2.77054,-2.77054,2.1789,2.1789,0.418353,-3.49978
51.87,-2.86852,-2.86852,2.02948,2.02948,0.593292,-3.46341
51.88,-2.95665,-2.95665,1.8723,1.8723,0.766748,-3.41458
51.89,-3.03472,-3.03472,1.70778,1.70778,0.938287,-3.35346
51.9,-3.1026,-3.1026,1.53639,1.53639,1.10748,-3.28026
51.91,-3.16018,-3.16018,1.35861,1.35861,1.27391,-3.19527
51.92,-3.20738,-3.20738,1.17494,1.17494,1.43715,-3.09877
51.93,-3.24415,-3.24415,0.985934,0.985934,1.5968,-2.99112
51.94,-3.27048,-3.27048,0.792135,0.792135,1.75246,-2.87271
51.95,-3.28641,-3.28641,0.594123,0.594123,1.90374,-2.74395
51.96,-3.29199,-3.29199,0.392493,0.392493,2.05026,-2.60533
51.97,-3.28732,-3.28732,0.187856,0.187856,2.19165,-2.45732
51.98,-3.27252,-3.27252,-0.0191602,-0.0191602,2.32757,-2.30047
51.99,-3.24775,-3.24775,-0.227917,-0.227917,2.45767,-2.13535
52,-3.21321,-3.21321,-0.437765,-0.437765,2.58163,-1.96253
52.01,-3.1691,-3.1691,-0.648044,-0.648044,2.69913,-1.78266
52.02,-3.11569,-3.11569,-0.858089,-0.858089,2.80989,-1.59637
52.03,-3.05325,-3.05325,-1.06723,-1.06723,2.91362,-1.40433
52.04,-2.98209,-2.98209,-1.2748,-1.2748,3.01007,-1.20724
52.05,-2.90254,-2.90254,-1.48011,-1.48011,3.099,-1.00581
52.06,-2.81495,-2.81495,-1.68251,-1.68251,3.18019,-0.800751
52.07,-2.7197,-2.7197,-1.88133,-1.88133,3.25342,-0.592814
52.08,-2.61719,-2.61719,-2.07591,-2.07591,3.31852,-0.382744
52.09,-2.50784,-2.50784,-2.26559,-2.26559,3.37533,-0.171297
52.1,-2.39209,-2.39209,-2.44975,-2.44975,3.4237,0.0407672
52.11,-2.2704,-2.2704,-2.62775,-2.62775,3.46351,0.252685
52.12,-2.14322,-2.14322,-2.79898,-2.79898,3.49467,0.463692
52.13,-2.01105,-2.01105,-2.96286,-2.96286,3.51709,0.673032
52.14,-1.87438,-1.87438,-3.11881,-3.11881,3.53072,0.879949
52.15,-1.7337,-1.7337,-3.26628,-3.26628,3.53553,1.0837
52.16,-1.58954,-1.58954,-3.40475,-3.40475,3.53149,1.28355
52.17,-1.4424,-1.4424,-3.53371,-3.53371,3.51864,1.47878
52.18,-1.2928,-1.2928,-3.65268,-3.65268,3.49698,1.66869
52.19,-1.14127,-1.14127,-3.76123,-3.76123,3.46659,1.85259
52.2,-0.988326,-0.988326,-3.85893,-3.85893,3.42753,2.02983
52.21,-0.83449,-0.83449,-3.94542,-3.94542,3.3799,2.19976
52.22,-0.68028,-0.68028,-4.02033,-4.02033,3.32383,2.36177
52.23,-0.526204,-0.526204,-4.08335,-4.08335,3.25945,2.51528
52.24,-0.372769,-0.372769,-4.13422,-4.13422,3.18692,2.65975
52.25,-0.22047,-0.22047,-4.17268,-4.17268,3.10643,2.79464
52.26,-0.0697927,-0.0697927,-4.19854,-4.19854,3.01817,2.91947
52.27,0.0787895,0.0787895,-4.21164,-4.21164,2.92237,3.03379
52.28,0.224816,0.224816,-4.21185,-4.21185,2.81926,3.1372
52.29,0.367842,0.367842,-4.1991,-4.1991,2.70911,3.22932
52.3,0.507438,0.507438,-4.17334,-4.17334,2.59218,3.30981
52.31,0.643193,0.643193,-4.13457,-4.13457,2.46878,3.37839
52.32,0.774713,0.774713,-4.08285,-4.08285,2.3392,3.43481
52.33,0.901627,0.901627,-4.01825,-4.01825,2.20378,3.47888
52.34,1.02358,1.02358,-3.9409,-3.9409,2.06285,3.51042
52.35,1.14025,1.14025,-3.85097,-3.85097,1.91677,3.52933
52.36,1.25133,1.25133,-3.74867,-3.74867,1.76589,3.53553
52.37,1.35652,1.35652,-3.63426,-3.63426,1.6106,3.52902
52.38,1.45559,1.45559,-3.50802,-3.50802,1.45129,3.5098
52.39,1.54828,1.54828,-3.37028,-3.37028,1.28834,3.47795
52.4,1.63441,1.63441,-3.22141,-3.22141,1.12218,3.43358
52.41,1.71378,1.71378,-3.06182,-3.06182,0.95321,3.37686
52.42,1.78624,1.78624,-2.89195,-2.89195,0.781859,3.30798
52.43,1.85166,1.85166,-2.71229,-2.71229,0.608554,3.2272
52.44,1.90995,1.90995,-2.52333,-2.52333,0.433728,3.1348
52.45,1.96102,1.96102,-2.32563,-2.32563,0.257817,3.03112
52.46,2.00484,2.00484,-2.11976,-2.11976,0.0812627,2.91653
52.47,2.04138,2.04138,-1.90633,-1.90633,-0.0954953,2.79145
52.48,2.07065,2.07065,-1.68596,-1.68596,-0.272014,2.65632
52.49,2.09267,2.09267,-1.45931,-1.45931,-0.447854,2.51163
52.5,2.10752,2.10752,-1.22706,-1.22706,-0.622574,2.3579
52.51,2.11526,2.11526,-0.989914,-0.989914,-0.795738,2.19569
52.52,2.11601,2.11601,-0.748585,-0.748585,-0.966913,2.02557
52.53,2.10989,2.10989,-0.503809,-0.503809,-1.13567,1.84816
52.54,2.09706,2.09706,-0.256338,-0.256338,-1.30159,1.66411
52.55,2.0777,2.0777,-0.00693156,-0.00693156,-1.46426,1.47406
52.56,2.052,2.052,0.243638,0.243638,-1.62326,1.27871
52.57,2.02018,2.02018,0.494592,0.494592,-1.77821,1.07875
52.58,1.98247,1.98247,0.745149,0.745149,-1.92872,0.874916
52.59,1.93912,1.93912,0.994524,0.994524,-2.0744,0.667931
52.6,1.89041,1.89041,1.24193,1.24193,-2.2149,0.458542
52.61,1.83661,1.83661,1.48659,1.48659,-2.34986,0.247503
52.62,1.77804,1.77804,1.72773,1.72773,-2.47895,0.0355728
52.63,1.71499,1.71499,1.96458,1.96458,-2.60184,-0.176485
52.64,1.64779,1.64779,2.19637,2.19637,-2.71823,-0.387908
52.65,1.57677,1.57677,2.42238,2.42238,-2.82783,-0.597935
52.66,1.50228,1.50228,2.64187,2.64187,-2.93036,-0.80581
52.67,1.42466,1.42466,2.85413,2.85413,-3.02556,-1.01078
52.68,1.34427,1.34427,3.05847,3.05847,-3.1132,-1.21212
52.69,1.26145,1.26145,3.25422,3.25422,-3.19306,-1.4091
52.7,1.17658,1.17658,3.44074,3.44074,-3.26494,-1.601
52.71,1.09002,1.09002,3.61742,3.61742,-3.32866,-1.78714
52.72,1.00211,1.00211,3.78366,3.78366,-3.38405,-1.96685
52.73,0.913236,0.913236,3.93892,3.93892,-3.43099,-2.13948
52.74,0.823739,0.823739,4.08267,4.08267,-3.46936,-2.30441
52.75,0.733975,0.733975,4.21443,4.21443,-3.49905,-2.46105
52.76,0.64429,0.64429,4.33374,4.33374,-3.52,-2.60883
52.77,0.555022,0.555022,4.44019,4.44019,-3.53215,-2.74723
52.78,0.466503,0.466503,4.5334,4.5334,-3.53547,-2.87573
52.79,0.379053,0.379053,4.61305,4.61305,-3.52995,-2.99389
52.8,0.292983,0.292983,4.67884,4.67884,-3.51561,-3.10127
52.81,0.208593,0.208593,4.73052,4.73052,-3.49248,-3.19749
52.82,0.126166,0.126166,4.7679,4.7679,-3.46062,-3.2822
52.83,0.045976,0.045976,4.7908,4.7908,-3.42012,-3.3551
52.84,-0.0317207,-0.0317207,4.79912,4.79912,-3.37106,-3.41592
52.85,-0.106683,-0.106683,4.7928,4.7928,-3.31358,-3.46445
52.86,-0.178684,-0.178684,4.7718,4.7718,-3.24782,-3.50052
52.87,-0.247518,-0.247518,4.73615,4.73615,-3.17394,-3.52398
52.88,-0.312994,-0.312994,4.68592,4.68592,-3.09212,-3.53476
52.89,-0.374939,-0.374939,4.62123,4.62123,-3.00258,-3.53283
52.9,-0.433201,-0.433201,4.54225,4.54225,-2.90553,-3.51817
52.91,-0.487644,-0.487644,4.44917,4.44917,-2.80122,-3.49086
52.92,-0.538155,-0.538155,4.34227,4.34227,-2.68991,-3.45098
52.93,-0.584638,-0.584638,4.22182,4.22182,-2.57188,-3.39868
52.94,-0.627018,-0.627018,4.08818,4.08818,-2.44741,-3.33415
52.95,-0.665238,-0.665238,3.94174,3.94174,-2.31683,-3.25762
52.96,-0.699263,-0.699263,3.7829,3.7829,-2.18046,-3.16937
52.97,-0.729076,-0.729076,3.61215,3.61215,-2.03864,-3.06971
52.98,-0.75468,-0.75468,3.42998,3.42998,-1.89172,-2.959
52.99,-0.776098,-0.776098,3.23694,3.23694,-1.74008,-2.83765
53,-0.79337,-0.79337,3.0336,3.0336,-1.58408,-2.70608
53.01,-0.806555,-0.806555,2.82058,2.82058,-1.42413,-2.56477
53.02,-0.81573,-0.81573,2.59851,2.59851,-1.26062,-2.41423
53.03,-0.82099,-0.82099,2.36807,2.36807,-1.09395,-2.25501
53.04,-0.822444,-0.822444,2.12996,2.12996,-0.924553,-2.08766
53.05,-0.820219,-0.820219,1.8849,1.8849,-0.752844,-1.91281
53.06,-0.814458,-0.814458,1.63364,1.63364,-0.579252,-1.73107
53.07,-0.805315,-0.805315,1.37696,1.37696,-0.404213,-1.5431
53.08,-0.792959,-0.792959,1.11563,1.11563,-0.228163,-1.34958
53.09,-0.777572,-0.777572,0.850466,0.850466,-0.0515435,-1.1512
53.1,-0.759347,-0.759347,0.58228,0.58228,0.125205,-0.948674
53.11,-0.738486,-0.738486,0.311902,0.311902,0.301641,-0.742737
53.12,-0.715202,-0.715202,0.0401661,0.0401661,0.477323,-0.534126
53.13,-0.689715,-0.689715,-0.232085,-0.232085,0.651811,-0.323594
53.14,-0.662253,-0.662253,-0.504008,-0.504008,0.824671,-0.111896
53.15,-0.633048,-0.633048,-0.774758,-0.774758,0.995469,0.100204
53.16,-0.602339,-0.602339,-1.04349,-1.04349,1.16378,0.311943
53.17,-0.570367,-0.570367,-1.30938,-1.30938,1.32918,0.52256
53.18,-0.537376,-0.537376,-1.57158,-1.57158,1.49126,0.731296
53.19,-0.50361,-0.50361,-1.82929,-1.82929,1.64961,0.9374
53.2,-0.469314,-0.469314,-2.0817,-2.0817,1.80384,1.14013
53.21,-0.434731,-0.434731,-2.32802,-2.32802,1.95356,1.33876
53.22,-0.400102,-0.400102,-2.56748,-2.56748,2.0984,1.53257
53.23,-0.365665,-0.365665,-2.79933,-2.79933,2.23799,1.72086
53.24,-0.331652,-0.331652,-3.02284,-3.02284,2.37199,1.90296
53.25,-0.298289,-0.298289,-3.23732,-3.23732,2.50006,2.07821
53.26,-0.265796,-0.265796,-3.4421,-3.4421,2.62188,2.24598
53.27,-0.234385,-0.234385,-3.63652,-3.63652,2.73714,2.40567
53.28,-0.204258,-0.204258,-3.81999,-3.81999,2.84557,2.55671
53.29,-0.175609,-0.175609,-3.99191,-3.99191,2.94688,2.69854
53.3,-0.148618,-0.148618,-4.15177,-4.15177,3.04083,2.83065
53.31,-0.123457,-0.123457,-4.29904,-4.29904,3.12718,2.95258
53.32,-0.100282,-0.100282,-4.43328,-4.43328,3.20571,3.06389
53.33,-0.0792387,-0.0792387,-4.55405,-4.55405,3.27623,3.16417
53.34,-0.0604572,-0.0604572,-4.66098,-4.66098,3.33856,3.25306
53.35,-0.0440536,-0.0440536,-4.75373,-4.75373,3.39254,3.33024
53.36,-0.0301288,-0.0301288,-4.83201,-4.83201,3.43805,3.39544
53.37,-0.0187685,-0.0187685,-4.89557,-4.89557,3.47496,3.44842
53.38,-0.0100421,-0.0100421,-4.94421,-4.94421,3.50319,3.48898
53.39,-0.004003,-0.004003,-4.97779,-4.97779,3.52266,3.517
53.4,-0.000688112,-0.000688112,-4.99618,-4.99618,3.53332,3.53235
53.41,-0.000117626,-0.000117626,-4.99935,-4.99935,3.53516,3.53499
53.42,-0.00229502,-0.00229502,-4.98727,-4.98727,3.52815,3.52491
53.43,-0.00720703,-0.00720703,-4.95998,-4.95998,3.51233,3.50214
53.44,-0.0148237,-0.0148237,-4.91758,-4.91758,3.48773,3.46677
53.45,-0.0250984,-0.0250984,-4.86018,-4.86018,3.45442,3.41892
53.46,-0.0379683,-0.0379683,-4.78799,-4.78799,3.41246,3.35877
53.47,-0.0533545,-0.0533545,-4.70121,-4.70121,3.36198,3.28653
53.48,-0.0711624,-0.0711624,-4.60013,-4.60013,3.3031,3.20246
53.49,-0.0912821,-0.0912821,-4.48506,-4.48506,3.23596,3.10687
53.5,-0.113589,-0.113589,-4.35636,-4.35636,3.16073,3.00009
53.51,-0.137944,-0.137944,-4.21444,-4.21444,3.0776,2.88252
53.52,-0.164196,-0.164196,-4.05975,-4.05975,2.98678,2.75457
53.53,-0.192178,-0.192178,-3.89277,-3.89277,2.8885,2.61672
53.54,-0.221715,-0.221715,-3.71403,-3.71403,2.78299,2.46944
53.55,-0.252617,-0.252617,-3.52408,-3.52408,2.67053,2.31327
53.56,-0.284686,-0.284686,-3.32353,-3.32353,2.55139,2.14878
53.57,-0.317714,-0.317714,-3.11299,-3.11299,2.42588,1.97656
53.58,-0.351484,-0.351484,-2.89315,-2.89315,2.2943,1.79723
53.59,-0.385773,-0.385773,-2.66467,-2.66467,2.15699,1.61142
53.6,-0.420351,-0.420351,-2.42828,-2.42828,2.01428,1.41982
53.61,-0.454982,-0.454982,-2.18471,-2.18471,1.86655,1.2231
53.62,-0.489426,-0.489426,-1.93474,-1.93474,1.71414,1.02199
53.63,-0.523442,-0.523442,-1.67913,-1.67913,1.55745,0.817196
53.64,-0.556785,-0.556785,-1.41869,-1.41869,1.39687,0.609461
53.65,-0.58921,-0.58921,-1.15424,-1.15424,1.2328,0.399533
53.66,-0.620472,-0.620472,-0.886582,-0.886582,1.06565,0.188168
53.67,-0.65033,-0.65033,-0.616566,-0.616566,0.895831,-0.0238753
53.68,-0.678545,-0.678545,-0.345027,-0.345027,0.723775,-0.235832
53.69,-0.704879,-0.704879,-0.0728099,-0.0728099,0.549909,-0.446941
53.7,-0.729105,-0.729105,0.199242,0.199242,0.374669,-0.65644
53.71,-0.750997,-0.750997,0.470286,0.470286,0.198493,-0.863578
53.72,-0.770342,-0.770342,0.739482,0.739482,0.0218208,-1.06761
53.73,-0.78693,-0.78693,1.006,1.006,-0.154906,-1.26779
53.74,-0.800567,-0.800567,1.26902,1.26902,-0.331246,-1.46342
53.75,-0.811064,-0.811064,1.52773,1.52773,-0.506758,-1.65378
53.76,-0.818249,-0.818249,1.78133,1.78133,-0.681003,-1.83818
53.77,-0.821959,-0.821959,2.02906,2.02906,-0.853546,-2.01597
53.78,-0.822048,-0.822048,2.27014,2.27014,-1.02396,-2.18651
53.79,-0.818382,-0.818382,2.50385,2.50385,-1.19181,-2.34917
53.8,-0.810845,-0.810845,2.72948,2.72948,-1.35668,-2.50338
53.81,-0.799334,-0.799334,2.94633,2.94633,-1.51816,-2.64859
53.82,-0.783767,-0.783767,3.15377,3.15377,-1.67584,-2.78426
53.83,-0.764076,-0.764076,3.35115,3.35115,-1.82934,-2.90991
53.84,-0.740212,-0.740212,3.5379,3.5379,-1.97827,-3.02508
53.85,-0.712147,-0.712147,3.71346,3.71346,-2.12225,-3.12937
53.86,-0.67987,-0.67987,3.87729,3.87729,-2.26092,-3.2224
53.87,-0.643387,-0.643387,4.02894,4.02894,-2.39395,-3.30383
53.88,-0.602728,-0.602728,4.16794,4.16794,-2.52099,-3.37337
53.89,-0.55794,-0.55794,4.2939,4.2939,-2.64173,-3.43077
53.9,-0.509091,-0.509091,4.40647,4.40647,-2.75586,-3.47583
53.91,-0.456266,-0.456266,4.50532,4.50532,-2.86311,-3.50837
53.92,-0.399574,-0.399574,4.59018,4.59018,-2.9632,-3.52829
53.93,-0.33914,-0.33914,4.66082,4.66082,-3.05589,-3.53551
53.94,-0.27511,-0.27511,4.71706,4.71706,-3.14094,-3.53
53.95,-0.207648,-0.207648,4.75877,4.75877,-3.21813,-3.51179
53.96,-0.136937,-0.136937,4.78586,4.78586,-3.28729,-3.48094
53.97,-0.0631768,-0.0631768,4.79828,4.79828,-3.34822,-3.43757
53.98,0.0134133,0.0134133,4.79603,4.79603,-3.40079,-3.38182
53.99,0.0925989,0.0925989,4.77917,4.77917,-3.44486,-3.3139
54,0.174129,0.174129,4.74778,4.74778,-3.48032,-3.23406
54.01,0.257739,0.257739,4.70201,4.70201,-3.50707,-3.14258
54.02,0.343147,0.343147,4.64205,4.64205,-3.52507,-3.03978
54.03,0.430061,0.430061,4.56812,4.56812,-3.53425,-2.92605
54.04,0.518175,0.518175,4.4805,4.4805,-3.5346,-2.80179
54.05,0.607172,0.607172,4.3795,4.3795,-3.52611,-2.66744
54.06,0.696725,0.696725,4.26548,4.26548,-3.50881,-2.52349
54.07,0.786498,0.786498,4.13884,4.13884,-3.48274,-2.37046
54.08,0.876148,0.876148,4.00001,4.00001,-3.44796,-2.2089
54.09,0.965326,0.965326,3.84946,3.84946,-3.40457,-2.03939
54.1,1.05368,1.05368,3.68771,3.68771,-3.35267,-1.86254
54.11,1.14084,1.14084,3.51529,3.51529,-3.29238,-1.67899
54.12,1.22646,1.22646,3.33278,3.33278,-3.22387,-1.4894
54.13,1.31017,1.31017,3.14079,3.14079,-3.1473,-1.29444
54.14,1.39161,1.39161,2.93993,2.93993,-3.06286,-1.09483
54.15,1.47043,1.47043,2.73088,2.73088,-2.97077,-0.891274
54.16,1.54626,1.54626,2.51431,2.51431,-2.87125,-0.684512
54.17,1.61876,1.61876,2.29092,2.29092,-2.76456,-0.475287
54.18,1.68758,1.68758,2.06143,2.06143,-2.65095,-0.264351
54.19,1.75239,1.75239,1.82659,1.82659,-2.53072,-0.0524642
54.2,1.81287,1.81287,1.58714,1.58714,-2.40417,0.159612
54.21,1.86868,1.86868,1.34385,1.34385,-2.2716,0.371113
54.22,1.91954,1.91954,1.09749,1.09749,-2.13336,0.581279
54.23,1.96515,1.96515,0.848833,0.848833,-1.98978,0.789353
54.24,2.00523,2.00523,0.598672,0.598672,-1.84124,0.994586
54.25,2.03953,2.03953,0.347787,0.347787,-1.68808,1.19624
54.26,2.06779,2.06779,0.0969635,0.0969635,-1.53071,1.39359
54.27,2.08981,2.08981,-0.153019,-0.153019,-1.36952,1.58592
54.28,2.10537,2.10537,-0.401387,-0.401387,-1.2049,1.77255
54.29,2.11429,2.11429,-0.647373,-0.647373,-1.03727,1.95279
54.3,2.11641,2.11641,-0.890223,-0.890223,-0.867045,2.12601
54.31,2.11158,2.11158,-1.1292,-1.1292,-0.694654,2.29158
54.32,2.0997,2.0997,-1.36356,-1.36356,-0.520527,2.4489
54.33,2.08066,2.08066,-1.59262,-1.59262,-0.345099,2.5974
54.34,2.05441,2.05441,-1.81568,-1.81568,-0.168809,2.73656
54.35,2.02089,2.02089,-2.03207,-2.03207,0.00790355,2.86587
54.36,1.98009,1.98009,-2.24115,-2.24115,0.184596,2.98487
54.37,1.93202,1.93202,-2.44231,-2.44231,0.360828,3.09312
54.38,1.87672,1.87672,-2.63496,-2.63496,0.536157,3.19024
54.39,1.81425,1.81425,-2.81855,-2.81855,0.710146,3.27588
54.4,1.7447,1.7447,-2.99254,-2.99254,0.882361,3.34973
54.41,1.66818,1.66818,-3.15645,-3.15645,1.05237,3.41153
54.42,1.58484,1.58484,-3.30982,-3.30982,1.21975,3.46104
54.43,1.49484,1.49484,-3.45223,-3.45223,1.38408,3.49811
54.44,1.3984,1.3984,-3.58328,-3.58328,1.54495,3.52258
54.45,1.29571,1.29571,-3.70264,-3.70264,1.70196,3.53437
54.46,1.18704,1.18704,-3.81,-3.81,1.85471,3.53345
54.47,1.07266,1.07266,-3.90509,-3.90509,2.00283,3.5198
54.48,0.952863,0.952863,-3.98769,-3.98769,2.14594,3.49349
54.49,0.827965,0.827965,-4.05759,-4.05759,2.28369,3.45461
54.5,0.698312,0.698312,-4.11468,-4.11468,2.41573,3.4033
54.51,0.564269,0.564269,-4.15883,-4.15883,2.54174,3.33973
54.52,0.426218,0.426218,-4.18999,-4.18999,2.66139,3.26415
54.53,0.284564,0.284564,-4.20814,-4.20814,2.77438,3.17682
54.54,0.13973,0.13973,-4.2133,-4.2133,2.88045,3.07806
54.55,-0.00784677,-0.00784677,-4.20554,-4.20554,2.97931,2.96822
54.56,-0.157711,-0.157711,-4.18496,-4.18496,3.07073,2.84769
54.57,-0.309396,-0.309396,-4.1517,-4.1517,3.15447,2.71692
54.58,-0.462419,-0.462419,-4.10596,-4.10596,3.23033,2.57637
54.59,-0.616289,-0.616289,-4.04794,-4.04794,3.29811,2.42655
54.6,-0.770506,-0.770506,-3.97793,-3.97793,3.35765,2.26799
54.61,-0.924559,-0.924559,-3.89621,-3.89621,3.4088,2.10127
54.62,-1.07794,-1.07794,-3.80312,-3.80312,3.45143,1.92699
54.63,-1.23012,-1.23012,-3.69902,-3.69902,3.48543,1.74578
54.64,-1.38058,-1.38058,-3.58432,-3.58432,3.51071,1.55828
54.65,-1.5288,-1.5288,-3.45945,-3.45945,3.52723,1.36518
54.66,-1.67427,-1.67427,-3.32487,-3.32487,3.53492,1.16716
54.67,-1.81645,-1.81645,-3.18108,-3.18108,3.53379,0.964936
54.68,-1.95485,-1.95485,-3.02858,-3.02858,3.52382,0.759244
54.69,-2.08895,-2.08895,-2.86792,-2.86792,3.50504,0.550819
54.7,-2.21826,-2.21826,-2.69967,-2.69967,3.4775,0.340412
54.71,-2.34228,-2.34228,-2.5244,-2.5244,3.44127,0.128779
54.72,-2.46056,-2.46056,-2.34273,-2.34273,3.39643,-0.0833167
54.73,-2.57261,-2.57261,-2.15526,-2.15526,3.34311,-0.295113
54.74,-2.67801,-2.67801,-1.96264,-1.96264,3.28143,-0.505847
54.75,-2.77632,-2.77632,-1.7655,-1.7655,3.21155,-0.71476
54.76,-2.86714,-2.86714,-1.56451,-1.56451,3.13365,-0.921101
54.77,-2.95007,-2.95007,-1.36032,-1.36032,3.04791,-1.12413
54.78,-3.02476,-3.02476,-1.1536,-1.1536,2.95455,-1.32311
54.79,-3.09086,-3.09086,-0.945035,-0.945035,2.85381,-1.51733
54.8,-3.14805,-3.14805,-0.735284,-0.735284,2.74593,-1.70608
54.81,-3.19605,-3.19605,-0.525021,-0.525021,2.63119,-1.8887
54.82,-3.23459,-3.23459,-0.314914,-0.314914,2.50988,-2.06452
54.83,-3.26344,-3.26344,-0.105625,-0.105625,2.38229,-2.23291
54.84,-3.2824,-3.2824,0.102192,0.102192,2.24875,-2.39327
54.85,-3.29129,-3.29129,0.307894,0.307894,2.10958,-2.54501
54.86,-3.28998,-3.28998,0.510847,0.510847,1.96514,-2.68759
54.87,-3.27836,-3.27836,0.710433,0.710433,1.8158,-2.8205
54.88,-3.25634,-3.25634,0.906052,0.906052,1.66191,-2.94326
54.89,-3.22391,-3.22391,1.09712,1.09712,1.50387,-3.05543
54.9,-3.18103,-3.18103,1.28307,1.28307,1.34207,-3.1566
54.91,-3.12776,-3.12776,1.46335,1.46335,1.17691,-3.2464
54.92,-3.06414,-3.06414,1.63746,1.63746,1.00882,-3.32453
54.93,-2.99028,-2.99028,1.80489,1.80489,0.838198,-3.39069
54.94,-2.90631,-2.90631,1.96517,1.96517,0.665485,-3.44465
54.95,-2.81239,-2.81239,2.11786,2.11786,0.491109,-3.48621
54.96,-2.70874,-2.70874,2.26255,2.26255,0.315505,-3.51523
54.97,-2.59558,-2.59558,2.39884,2.39884,0.139113,-3.53159
54.98,-2.47319,-2.47319,2.5264,2.5264,-0.0376273,-3.53525
54.99,-2.34187,-2.34187,2.6449,2.6449,-0.214273,-3.52618
55,-2.20195,-2.20195,2.75404,2.75404,-0.390384,-3.50442
55.01,-2.05381,-2.05381,2.85357,2.85357,-0.565518,-3.47005
55.02,-1.89784,-1.89784,2.94328,2.94328,-0.73924,-3.42319
55.03,-1.73446,-1.73446,3.02297,3.02297,-0.911113,-3.36401
55.04,-1.56413,-1.56413,3.09248,3.09248,-1.08071,-3.29272
55.05,-1.38733,-1.38733,3.15171,3.15171,-1.2476,-3.20958
55.06,-1.20457,-1.20457,3.20056,3.20056,-1.41138,-3.11489
55.07,-1.01637,-1.01637,3.23899,3.23899,-1.57163,-3.009
55.08,-0.823298,-0.823298,3.26699,3.26699,-1.72795,-2.89227
55.09,-0.625917,-0.625917,3.28457,3.28457,-1.87995,-2.76513
55.1,-0.424823,-0.424823,3.29179,3.29179,-2.02725,-2.62805
55.11,-0.220624,-0.220624,3.28875,3.28875,-2.16949,-2.4815
55.12,-0.0139435,-0.0139435,3.27555,3.27555,-2.3063,-2.32602
55.13,0.19458,0.19458,3.25236,3.25236,-2.43735,-2.16217
55.14,0.404297,0.404297,3.21935,3.21935,-2.56231,-1.99055
55.15,0.614552,0.614552,3.17676,3.17676,-2.68086,-1.81175
55.16,0.824679,0.824679,3.12481,3.12481,-2.79271,-1.62644
55.17,1.03401,1.03401,3.06379,3.06379,-2.89758,-1.43527
55.18,1.24187,1.24187,2.994,2.994,-2.99521,-1.23894
55.19,1.44759,1.44759,2.91576,2.91576,-3.08535,-1.03815
55.2,1.6505,1.6505,2.82942,2.82942,-3.16778,-0.833621
55.21,1.84993,1.84993,2.73536,2.73536,-3.2423,-0.626094
55.22,2.04523,2.04523,2.63398,2.63398,-3.3087,-0.416313
55.23,2.23574,2.23574,2.5257,2.5257,-3.36684,-0.205034
55.24,2.42081,2.42081,2.41094,2.41094,-3.41656,0.00698283
55.25,2.59984,2.59984,2.29016,2.29016,-3.45775,0.218975
55.26,2.77219,2.77219,2.16383,2.16383,-3.49029,0.430178
55.27,2.93728,2.93728,2.03242,2.03242,-3.51411,0.639834
55.28,3.09453,3.09453,1.89643,1.89643,-3.52914,0.847187
55.29,3.24339,3.24339,1.75635,1.75635,-3.53535,1.05149
55.3,3.38332,3.38332,1.61271,1.61271,-3.53273,1.25201
55.31,3.51382,3.51382,1.46601,1.46601,-3.52127,1.44802
55.32,3.63442,3.63442,1.31677,1.31677,-3.50102,1.63883
55.33,3.74466,3.74466,1.16551,1.16551,-3.47201,1.82373
55.34,3.84411,3.84411,1.01276,1.01276,-3.43433,2.00207
55.35,3.93241,3.93241,0.85903,0.85903,-3.38806,2.17321
55.36,4.00919,4.00919,0.704844,0.704844,-3.33332,2.33652
55.37,4.07412,4.07412,0.550713,0.550713,-3.27025,2.49143
55.38,4.12694,4.12694,0.397143,0.397143,-3.19901,2.63737
55.39,4.1674,4.1674,0.24463,0.24463,-3.11977,2.77381
55.4,4.19528,4.19528,0.0936623,0.0936623,-3.03274,2.90028
55.41,4.21042,4.21042,-0.0552849,-0.0552849,-2.93812,3.01631
55.42,4.21269,4.21269,-0.201749,-0.201749,-2.83616,3.12148
55.43,4.202,4.202,-0.345282,-0.345282,-2.72711,3.21541
55.44,4.17831,4.17831,-0.485452,-0.485452,-2.61125,3.29778
55.45,4.14162,4.14162,-0.621845,-0.621845,-2.48885,3.36828
55.46,4.09195,4.09195,-0.754066,-0.754066,-2.36024,3.42665
55.47,4.02939,4.02939,-0.881737,-0.881737,-2.22573,3.47269
55.48,3.95406,3.95406,-1.00451,-1.00451,-2.08565,3.50624
55.49,3.86613,3.86613,-1.12204,-1.12204,-1.94037,3.52716
55.5,3.76578,3.76578,-1.23402,-1.23402,-1.79023,3.5354
55.51,3.65328,3.65328,-1.34017,-1.34017,-1.63561,3.5309
55.52,3.5289,3.5289,-1.44023,-1.44023,-1.47691,3.51371
55.53,3.39297,3.39297,-1.53396,-1.53396,-1.31452,3.48386
55.54,3.24585,3.24585,-1.62114,-1.62114,-1.14884,3.44148
55.55,3.08794,3.08794,-1.70159,-1.70159,-0.980292,3.38671
55.56,2.91968,2.91968,-1.77516,-1.77516,-0.809292,3.31975
55.57,2.74154,2.74154,-1.84172,-1.84172,-0.636269,3.24085
55.58,2.55402,2.55402,-1.90114,-1.90114,-0.461656,3.15028
55.59,2.35768,2.35768,-1.95337,-1.95337,-0.285888,3.04837
55.6,2.15307,2.15307,-1.99835,-1.99835,-0.109407,2.9355
55.61,1.9408,1.9408,-2.03605,-2.03605,0.0673484,2.81206
55.62,1.72149,1.72149,-2.06647,-2.06647,0.243935,2.6785
55.63,1.4958,1.4958,-2.08965,-2.08965,0.419912,2.53529
55.64,1.2644,1.2644,-2.10563,-2.10563,0.59484,2.38297
55.65,1.02798,1.02798,-2.1145,-2.1145,0.768281,2.22207
55.66,0.78727,0.78727,-2.11635,-2.11635,0.939801,2.05317
55.67,0.542993,0.542993,-2.11132,-2.11132,1.10897,1.87688
55.68,0.295901,0.295901,-2.09955,-2.09955,1.27537,1.69384
55.69,0.0467512,0.0467512,-2.08122,-2.08122,1.43858,1.5047
55.7,-0.203685,-0.203685,-2.05651,-2.05651,1.5982,1.31015
55.71,-0.45463,-0.45463,-2.02565,-2.02565,1.75382,1.11088
55.72,-0.705303,-0.705303,-1.98886,-1.98886,1.90506,0.90761
55.73,-0.954918,-0.954918,-1.94639,-1.94639,2.05154,0.701077
55.74,-1.20269,-1.20269,-1.89851,-1.89851,2.19288,0.492021
55.75,-1.44784,-1.44784,-1.84551,-1.84551,2.32875,0.281193
55.76,-1.68959,-1.68959,-1.78767,-1.78767,2.4588,0.0693543
55.77,-1.92717,-1.92717,-1.72532,-1.72532,2.5827,-0.142735
55.78,-2.15982,-2.15982,-1.65876,-1.65876,2.70014,-0.35431
55.79,-2.3868,-2.3868,-1.58833,-1.58833,2.81084,-0.56461
55.8,-2.60738,-2.60738,-1.51436,-1.51436,2.91451,-0.772878
55.81,-2.82083,-2.82083,-1.43722,-1.43722,3.0109,-0.978364
55.82,-3.02648,-3.02648,-1.35724,-1.35724,3.09976,-1.18033
55.83,-3.22364,-3.22364,-1.27479,-1.27479,3.18087,-1.37805
55.84,-3.41168,-3.41168,-1.19022,-1.19022,3.25403,-1.5708
55.85,-3.58996,-3.58996,-1.1039,-1.1039,3.31906,-1.75791
55.86,-3.75791,-3.75791,-1.01619,-1.01619,3.37579,-1.93869
55.87,-3.91495,-3.91495,-0.927442,-0.927442,3.42409,-2.11249
55.88,-4.06057,-4.06057,-0.83802,-0.83802,3.46383,-2.27869
55.89,-4.19427,-4.19427,-0.748275,-0.748275,3.49491,-2.43668
55.9,-4.31559,-4.31559,-0.658554,-0.658554,3.51725,-2.58591
55.91,-4.42411,-4.42411,-0.569198,-0.569198,3.5308,-2.72583
55.92,-4.51946,-4.51946,-0.480537,-0.480537,3.53553,-2.85595
55.93,-4.60128,-4.60128,-0.392896,-0.392896,3.53142,-2.97578
55.94,-4.6693,-4.6693,-0.306587,-0.306587,3.51848,-3.0849
55.95,-4.72324,-4.72324,-0.221909,-0.221909,3.49675,-3.18292
55.96,-4.76291,-4.76291,-0.139151,-0.139151,3.46628,-3.26949
55.97,-4.78813,-4.78813,-0.0585871,-0.0585871,3.42714,-3.34429
55.98,-4.79878,-4.79878,0.0195234,0.0195234,3.37944,-3.40705
55.99,-4.79479,-4.79479,0.0949363,0.0949363,3.3233,-3.45756
56,-4.77612,-4.77612,0.167424,0.167424,3.25884,-3.49561
56.01,-4.7428,-4.7428,0.236775,0.236775,3.18624,-3.52109
56.02,-4.69489,-4.69489,0.302798,0.302798,3.10568,-3.5339
56.03,-4.6325,-4.6325,0.365316,0.365316,3.01735,-3.53399
56.04,-4.55578,-4.55578,0.424174,0.424174,2.92148,-3.52136
56.05,-4.46493,-4.46493,0.479234,0.479234,2.81831,-3.49605
56.06,-4.36021,-4.36021,0.530378,0.530378,2.7081,-3.45817
56.07,-4.2419,-4.2419,0.577508,0.577508,2.59112,-3.40783
56.08,-4.11034,-4.11034,0.620545,0.620545,2.46766,-3.34524
56.09,-3.9659,-3.9659,0.659431,0.659431,2.33803,-3.2706
56.1,-3.80901,-3.80901,0.694126,0.694126,2.20256,-3.1842
56.11,-3.64012,-3.64012,0.72461,0.72461,2.06158,-3.08633
56.12,-3.45974,-3.45974,0.750884,0.750884,1.91545,-2.97736
56.13,-3.26839,-3.26839,0.772966,0.772966,1.76453,-2.85767
56.14,-3.06665,-3.06665,0.790895,0.790895,1.6092,-2.7277
56.15,-2.85513,-2.85513,0.804726,0.804726,1.44985,-2.58791
56.16,-2.63446,-2.63446,0.814534,0.814534,1.28688,-2.4388
56.17,-2.4053,-2.4053,0.82041,0.82041,1.12069,-2.28092
56.18,-2.16837,-2.16837,0.822462,0.822462,0.951698,-2.11484
56.19,-1.92437,-1.92437,0.820814,0.820814,0.780328,-1.94113
56.2,-1.67404,-1.67404,0.815606,0.815606,0.607007,-1.76045
56.21,-1.41817,-1.41817,0.806991,0.806991,0.43217,-1.57343
56.22,-1.15753,-1.15753,0.795135,0.795135,0.256252,-1.38074
56.23,-0.892921,-0.892921,0.780218,0.780218,0.079693,-1.18309
56.24,-0.625161,-0.625161,0.762432,0.762432,-0.0970647,-0.981176
56.25,-0.355076,-0.355076,0.741977,0.741977,-0.27358,-0.775733
56.26,-0.0835005,-0.0835005,0.719064,0.719064,-0.449411,-0.567499
56.27,0.188725,0.188725,0.693913,0.693913,-0.624119,-0.357222
56.28,0.460757,0.460757,0.66675,0.66675,-0.797267,-0.145659
56.29,0.73175,0.73175,0.637807,0.637807,-0.968423,0.0664278
56.3,1.00086,1.00086,0.607321,0.607321,-1.13716,0.278276
56.31,1.26726,1.26726,0.575534,0.575534,-1.30305,0.489122
56.32,1.5301,1.5301,0.542688,0.542688,-1.46569,0.698208
56.33,1.78858,1.78858,0.509029,0.509029,-1.62466,0.904781
56.34,2.04189,2.04189,0.474801,0.474801,-1.77957,1.1081
56.35,2.28923,2.28923,0.440248,0.440248,-1.93003,1.30743
56.36,2.52983,2.52983,0.405611,0.405611,-2.07567,1.50205
56.37,2.76294,2.76294,0.371127,0.371127,-2.21612,1.69127
56.38,2.98783,2.98783,0.337031,0.337031,-2.35103,1.8744
56.39,3.2038,3.2038,0.30355,0.30355,-2.48007,2.05079
56.4,3.41016,3.41016,0.270904,0.270904,-2.60291,2.21979
56.41,3.60628,3.60628,0.239307,0.239307,-2.71924,2.38081
56.42,3.79152,3.79152,0.208962,0.208962,-2.82877,2.53325
56.43,3.96533,3.96533,0.180065,0.180065,-2.93124,2.67658
56.44,4.12714,4.12714,0.152799,0.152799,-3.02637,2.81028
56.45,4.27645,4.27645,0.127335,0.127335,-3.11394,2.93387
56.46,4.41279,4.41279,0.103834,0.103834,-3.19373,3.04689
56.47,4.53573,4.53573,0.082442,0.082442,-3.26554,3.14895
56.48,4.64489,4.64489,0.0632921,0.0632921,-3.32919,3.23968
56.49,4.73992,4.73992,0.0465026,0.0465026,-3.38451,3.31874
56.5,4.82052,4.82052,0.0321769,0.0321769,-3.43137,3.38587
56.51,4.88644,4.88644,0.020403,0.020403,-3.46966,3.44081
56.52,4.93747,4.93747,0.0112532,0.0112532,-3.49928,3.48336
56.53,4.97345,4.97345,0.00478319,0.00478319,-3.52014,3.51338
56.54,4.99427,4.99427,0.00103265,0.00103265,-3.53221,3.53075
56.55,4.99986,4.99986,2.4404e-05,2.4404e-05,-3.53546,3.53542
56.56,4.99021,4.99021,0.00176462,0.00176462,-3.52986,3.52736
56.57,4.96534,4.96534,0.00624267,0.00624267,-3.51544,3.50661
56.58,4.92534,4.92534,0.0134312,0.0134312,-3.49224,3.47324
56.59,4.87032,4.87032,0.0232864,0.0232864,-3.4603,3.42737
56.6,4.80047,4.80047,0.0357479,0.0357479,-3.41972,3.36917
56.61,4.71599,4.71599,0.0507393,0.0507393,-3.37059,3.29883
56.62,4.61717,4.61717,0.0681684,0.0681684,-3.31303,3.21663
56.63,4.50431,4.50431,0.0879279,0.0879279,-3.2472,3.12285
56.64,4.37775,4.37775,0.109895,0.109895,-3.17325,3.01783
56.65,4.23791,4.23791,0.133934,0.133934,-3.09136,2.90195
56.66,4.08523,4.08523,0.159894,0.159894,-3.00175,2.77563
56.67,3.92017,3.92017,0.187613,0.187613,-2.90464,2.63932
56.68,3.74326,3.74326,0.216914,0.216914,-2.80027,2.4935
56.69,3.55506,3.55506,0.247612,0.247612,-2.68889,2.33872
56.7,3.35615,3.35615,0.279509,0.279509,-2.5708,2.17552
56.71,3.14717,3.14717,0.312398,0.312398,-2.44628,2.00448
56.72,2.92876,2.92876,0.346065,0.346065,-2.31565,1.82624
56.73,2.7016,2.7016,0.380287,0.380287,-2.17923,1.64142
56.74,2.46643,2.46643,0.414834,0.414834,-2.03736,1.45069
56.75,2.22395,2.22395,0.449473,0.449473,-1.8904,1.25475
56.76,1.97495,1.97495,0.483963,0.483963,-1.73871,1.05428
56.77,1.72018,1.72018,0.518063,0.518063,-1.58268,0.850028
56.78,1.46046,1.46046,0.55153,0.55153,-1.42269,0.642712
56.79,1.19659,1.19659,0.584117,0.584117,-1.25915,0.433083
56.8,0.929389,0.929389,0.615581,0.615581,-1.09246,0.221896
56.81,0.659694,0.659694,0.645679,0.645679,-0.923038,0.0099098
56.82,0.388341,0.388341,0.674171,0.674171,-0.751309,-0.202112
56.83,0.116175,0.116175,0.70082,0.70082,-0.577703,-0.413406
56.84,-0.155959,-0.155959,0.725397,0.725397,-0.402653,-0.623213
56.85,-0.42722,-0.42722,0.747676,0.747676,-0.226597,-0.830777
56.86,-0.696767,-0.696767,0.76744,0.76744,-0.0499736,-1.03535
56.87,-0.963767,-0.963767,0.784481,0.784481,0.126774,-1.2362
56.88,-1.2274,-1.2274,0.7986,0.7986,0.303205,-1.4326
56.89,-1.48685,-1.48685,0.80961,0.80961,0.478878,-1.62384
56.9,-1.74132,-1.74132,0.817333,0.817333,0.653354,-1.80924
56.91,-1.99003,-1.99003,0.821607,0.821607,0.826198,-1.98813
56.92,-2.23222,-2.23222,0.822282,0.822282,0.996976,-2.15986
56.93,-2.46715,-2.46715,0.819223,0.819223,1.16526,-2.32382
56.94,-2.69411,-2.69411,0.812309,0.812309,1.33064,-2.47941
56.95,-2.91241,-2.91241,0.801437,0.801437,1.49268,-2.62609
56.96,-3.12139,-3.12139,0.786521,0.786521,1.651,-2.76331
56.97,-3.32041,-3.32041,0.76749,0.76749,1.80519,-2.89058
56.98,-3.50889,-3.50889,0.744294,0.744294,1.95487,-3.00746
56.99,-3.68627,-3.68627,0.716899,0.716899,2.09966,-3.11351
57,-3.852,-3.852,0.685292,0.685292,2.2392,-3.20835
57.01,-4.00562,-4.00562,0.649478,0.649478,2.37315,-3.29165
57.02,-4.14667,-4.14667,0.609482,0.609482,2.50117,-3.3631
57.03,-4.27473,-4.27473,0.565347,0.565347,2.62293,-3.42245
57.04,-4.38945,-4.38945,0.517139,0.517139,2.73814,-3.46948
57.05,-4.4905,-4.4905,0.464941,0.464941,2.8465,-3.50403
57.06,-4.57761,-4.57761,0.408857,0.408857,2.94775,-3.52596
57.07,-4.65053,-4.65053,0.34901,0.34901,3.04163,-3.53521
57.08,-4.70908,-4.70908,0.285542,0.285542,3.12791,-3.53173
57.09,-4.75311,-4.75311,0.218615,0.218615,3.20637,-3.51554
57.1,-4.78253,-4.78253,0.148408,0.148408,3.27682,-3.4867
57.11,-4.79728,-4.79728,0.0751195,0.0751195,3.33907,-3.44531
57.12,-4.79737,-4.79737,-0.00103509,-0.00103509,3.39298,-3.39152
57.13,-4.78283,-4.78283,-0.0798237,-0.0798237,3.43841,-3.32553
57.14,-4.75375,-4.75375,-0.160998,-0.160998,3.47525,-3.24756
57.15,-4.71026,-4.71026,-0.244295,-0.244295,3.5034,-3.15791
57.16,-4.65254,-4.65254,-0.329436,-0.329436,3.52279,-3.0569
57.17,-4.58082,-4.58082,-0.41613,-0.41613,3.53338,-2.94488
57.18,-4.49536,-4.49536,-0.504074,-0.504074,3.53513,-2.82226
57.19,-4.39647,-4.39647,-0.592952,-0.592952,3.52805,-2.68949
57.2,-4.2845,-4.2845,-0.682438,-0.682438,3.51215,-2.54704
57.21,-4.15984,-4.15984,-0.772199,-0.772199,3.48748,-2.39542
57.22,-4.02292,-4.02292,-0.861892,-0.861892,3.45408,-2.23518
57.23,-3.8742,-3.8742,-0.951169,-0.951169,3.41205,-2.0669
57.24,-3.7142,-3.7142,-1.03967,-1.03967,3.3615,-1.89118
57.25,-3.54344,-3.54344,-1.12705,-1.12705,3.30254,-1.70865
57.26,-3.3625,-3.3625,-1.21294,-1.21294,3.23533,-1.51997
57.27,-3.17197,-3.17197,-1.29698,-1.29698,3.16003,-1.32582
57.28,-2.97249,-2.97249,-1.37881,-1.37881,3.07683,-1.1269
57.29,-2.76469,-2.76469,-1.45807,-1.45807,2.98594,-0.923927
57.3,-2.54927,-2.54927,-1.5344,-1.5344,2.88759,-0.717626
57.31,-2.32692,-2.32692,-1.60745,-1.60745,2.78202,-0.508743
57.32,-2.09836,-2.09836,-1.67688,-1.67688,2.6695,-0.298029
57.33,-1.86432,-1.86432,-1.74235,-1.74235,2.5503,-0.0862428
57.34,-1.62555,-1.62555,-1.80354,-1.80354,2.42473,0.125854
57.35,-1.38282,-1.38282,-1.86012,-1.86012,2.2931,0.337498
57.36,-1.1369,-1.1369,-1.91178,-1.91178,2.15574,0.547927
57.37,-0.888557,-0.888557,-1.95825,-1.95825,2.01299,0.756385
57.38,-0.638583,-0.638583,-1.99923,-1.99923,1.86521,0.96212
57.39,-0.387761,-0.387761,-2.03446,-2.03446,1.71277,1.16439
57.4,-0.136875,-0.136875,-2.0637,-2.0637,1.55604,1.36247
57.41,0.113294,0.113294,-2.08673,-2.08673,1.39543,1.55565
57.42,0.36197,0.36197,-2.10333,-2.10333,1.23133,1.74323
57.43,0.608387,0.608387,-2.11332,-2.11332,1.06415,1.92454
57.44,0.851786,0.851786,-2.11653,-2.11653,0.894312,2.09892
57.45,1.09142,1.09142,-2.11282,-2.11282,0.722238,2.26575
57.46,1.32657,1.32657,-2.10207,-2.10207,0.548358,2.42442
57.47,1.55652,1.55652,-2.08418,-2.08418,0.373108,2.57436
57.48,1.78058,1.78058,-2.05907,-2.05907,0.196926,2.71505
57.49,1.99808,1.99808,-2.02671,-2.02671,0.0202507,2.84596
57.5,2.20836,2.20836,-1.98708,-1.98708,-0.156475,2.96662
57.51,2.41083,2.41083,-1.94016,-1.94016,-0.332809,3.07662
57.52,2.60487,2.60487,-1.88601,-1.88601,-0.508312,3.17553
57.53,2.78994,2.78994,-1.82468,-1.82468,-0.682544,3.26302
57.54,2.96549,2.96549,-1.75624,-1.75624,-0.85507,3.33877
57.55,3.13104,3.13104,-1.68082,-1.68082,-1.02546,3.4025
57.56,3.28612,3.28612,-1.59856,-1.59856,-1.19328,3.45399
57.57,3.4303,3.4303,-1.50961,-1.50961,-1.35813,3.49304
57.58,3.56318,3.56318,-1.41418,-1.41418,-1.51958,3.51953
57.59,3.68443,3.68443,-1.31247,-1.31247,-1.67723,3.53334
57.6,3.79372,3.79372,-1.20474,-1.20474,-1.83068,3.53445
57.61,3.89078,3.89078,-1.09125,-1.09125,-1.97957,3.52283
57.62,3.97538,3.97538,-0.972292,-0.972292,-2.1235,3.49853
57.63,4.04732,4.04732,-0.848184,-0.848184,-2.26213,3.46164
57.64,4.10645,4.10645,-0.719265,-0.719265,-2.3951,3.41229
57.65,4.15266,4.15266,-0.585896,-0.585896,-2.52209,3.35067
57.66,4.1859,4.1859,-0.448457,-0.448457,-2.64277,3.27698
57.67,4.20612,4.20612,-0.307349,-0.307349,-2.75685,3.1915
57.68,4.21334,4.21334,-0.162992,-0.162992,-2.86403,3.09454
57.69,4.20763,4.20763,-0.0158222,-0.0158222,-2.96406,2.98643
57.7,4.18909,4.18909,0.133709,0.133709,-3.05668,2.86758
57.71,4.15784,4.15784,0.285136,0.285136,-3.14166,2.73841
57.72,4.11407,4.11407,0.437978,0.437978,-3.21878,2.59939
57.73,4.05799,4.05799,0.591747,0.591747,-3.28786,2.45101
57.74,3.98987,3.98987,0.745942,0.745942,-3.34873,2.29381
57.75,3.91,3.91,0.900056,0.900056,-3.40122,2.12835
57.76,3.81869,3.81869,1.05357,1.05357,-3.44521,1.95523
57.77,3.71632,3.71632,1.20598,1.20598,-3.48059,1.77508
57.78,3.60328,3.60328,1.35675,1.35675,-3.50727,1.58854
57.79,3.48,3.48,1.50537,1.50537,-3.52519,1.39628
57.8,3.34694,3.34694,1.6513,1.6513,-3.53429,1.19899
57.81,3.20458,3.20458,1.79405,1.79405,-3.53456,0.997394
57.82,3.05343,3.05343,1.93308,1.93308,-3.52599,0.792206
57.83,2.89403,2.89403,2.0679,2.0679,-3.50862,0.584166
57.84,2.72695,2.72695,2.198,2.198,-3.48247,0.374024
57.85,2.55276,2.55276,2.3229,2.3229,-3.44762,0.162536
57.86,2.37207,2.37207,2.44212,2.44212,-3.40415,-0.0495375
57.87,2.18548,2.18548,2.5552,2.5552,-3.35217,-0.261432
57.88,1.99363,1.99363,2.66169,2.66169,-3.29181,-0.472386
57.89,1.79717,1.79717,2.76116,2.76116,-3.22323,-0.68164
57.9,1.59675,1.59675,2.85319,2.85319,-3.14659,-0.888441
57.91,1.39303,1.39303,2.93741,2.93741,-3.06208,-1.09204
57.92,1.18667,1.18667,3.01343,3.01343,-2.96992,-1.29172
57.93,0.97835,0.97835,3.08092,3.08092,-2.87034,-1.48674
57.94,0.768742,0.768742,3.13955,3.13955,-2.76358,-1.67642
57.95,0.558515,0.558515,3.18903,3.18903,-2.64992,-1.86006
57.96,0.348339,0.348339,3.22909,3.22909,-2.52963,-2.037
57.97,0.138876,0.138876,3.2595,3.2595,-2.40302,-2.20662
57.98,-0.0692195,-0.0692195,3.28005,3.28005,-2.2704,-2.36829
57.99,-0.2753,-0.2753,3.29056,3.29056,-2.13211,-2.52144
58,-0.478733,-0.478733,3.29088,3.29088,-1.98849,-2.66552
58.01,-0.678897,-0.678897,3.2809,3.2809,-1.8399,-2.8
58.02,-0.875187,-0.875187,3.26055,3.26055,-1.68671,-2.92441
58.03,-1.06702,-1.06702,3.22977,3.22977,-1.5293,-3.03829
58.04,-1.25382,-1.25382,3.18856,3.18856,-1.36807,-3.14123
58.05,-1.43504,-1.43504,3.13694,3.13694,-1.20342,-3.23288
58.06,-1.61016,-1.61016,3.07496,3.07496,-1.03577,-3.31288
58.07,-1.77869,-1.77869,3.00272,3.00272,-0.865523,-3.38097
58.08,-1.94014,-1.94014,2.92035,2.92035,-0.693115,-3.43688
58.09,-2.09407,-2.09407,2.82801,2.82801,-0.518974,-3.48043
58.1,-2.24005,-2.24005,2.72589,2.72589,-0.343537,-3.51145
58.11,-2.37771,-2.37771,2.61423,2.61423,-0.167241,-3.52984
58.12,-2.50669,-2.50669,2.49329,2.49329,0.0094736,-3.53552
58.13,-2.62664,-2.62664,2.36337,2.36337,0.186164,-3.52847
58.14,-2.73729,-2.73729,2.2248,2.2248,0.362389,-3.50873
58.15,-2.83837,-2.83837,2.07794,2.07794,0.537709,-3.47636
58.16,-2.92966,-2.92966,1.92318,1.92318,0.711684,-3.43148
58.17,-3.01095,-3.01095,1.76096,1.76096,0.883881,-3.37425
58.18,-3.0821,-3.0821,1.5917,1.5917,1.05387,-3.30487
58.19,-3.14297,-3.14297,1.4159,1.4159,1.22122,-3.2236
58.2,-3.19348,-3.19348,1.23405,1.23405,1.38552,-3.13073
58.21,-3.23357,-3.23357,1.04669,1.04669,1.54636,-3.0266
58.22,-3.26323,-3.26323,0.854351,0.854351,1.70333,-2.91157
58.23,-3.28247,-3.28247,0.657617,0.657617,1.85605,-2.78606
58.24,-3.29133,-3.29133,0.457074,0.457074,2.00412,-2.65052
58.25,-3.28991,-3.28991,0.253328,0.253328,2.14719,-2.50545
58.26,-3.27832,-3.27832,0.0470006,0.0470006,2.28489,-2.35136
58.27,-3.25671,-3.25671,-0.161272,-0.161272,2.41688,-2.18881
58.28,-3.22526,-3.22526,-0.370844,-0.370844,2.54283,-2.01838
58.29,-3.18417,-3.18417,-0.581057,-0.581057,2.66242,-1.84068
58.3,-3.1337,-3.1337,-0.791249,-0.791249,2.77536,-1.65636
58.31,-3.0741,-3.0741,-1.00075,-1.00075,2.88136,-1.46608
58.32,-3.00569,-3.00569,-1.20889,-1.20889,2.98016,-1.27053
58.33,-2.92877,-2.92877,-1.415,-1.415,3.07151,-1.0704
58.34,-2.8437,-2.8437,-1.6184,-1.6184,3.15518,-0.866416
58.35,-2.75084,-2.75084,-1.81843,-1.81843,3.23097,-0.659316
58.36,-2.6506,-2.6506,-2.01443,-2.01443,3.29868,-0.449844
58.37,-2.54339,-2.54339,-2.20574,-2.20574,3.35814,-0.238753
58.38,-2.42963,-2.42963,-2.39173,-2.39173,3.40921,-0.0268022
58.39,-2.30978,-2.30978,-2.57175,-2.57175,3.45177,0.185245
58.4,-2.1843,-2.1843,-2.74521,-2.74521,3.48569,0.396625
58.41,-2.05367,-2.05367,-2.9115,-2.9115,3.5109,0.606578
58.42,-1.91837,-1.91837,-3.07003,-3.07003,3.52733,0.814348
58.43,-1.77892,-1.77892,-3.22026,-3.22026,3.53495,1.01919
58.44,-1.63581,-1.63581,-3.36165,-3.36165,3.53374,1.22036
58.45,-1.48956,-1.48956,-3.49369,-3.49369,3.52369,1.41714
58.46,-1.34069,-1.34069,-3.61589,-3.61589,3.50483,1.60882
58.47,-1.18971,-1.18971,-3.72781,-3.72781,3.47721,1.7947
58.48,-1.03716,-1.03716,-3.82901,-3.82901,3.44091,1.97413
58.49,-0.883557,-0.883557,-3.91911,-3.91911,3.396,2.14646
58.5,-0.72941,-0.72941,-3.99774,-3.99774,3.3426,2.31106
58.51,-0.575236,-0.575236,-4.06459,-4.06459,3.28085,2.46734
58.52,-0.421543,-0.421543,-4.11935,-4.11935,3.2109,2.61475
58.53,-0.268829,-0.268829,-4.16179,-4.16179,3.13292,2.75274
58.54,-0.117583,-0.117583,-4.19168,-4.19168,3.04711,2.88082
58.55,0.0317172,0.0317172,-4.20886,-4.20886,2.95369,2.99854
58.56,0.178607,0.178607,-4.21319,-4.21319,2.85288,3.10547
58.57,0.322636,0.322636,-4.20457,-4.20457,2.74494,3.20122
58.58,0.46337,0.46337,-4.18296,-4.18296,2.63014,3.28545
58.59,0.600392,0.600392,-4.14833,-4.14833,2.50877,3.35785
58.6,0.733303,0.733303,-4.10073,-4.10073,2.38113,3.41818
58.61,0.861723,0.861723,-4.04022,-4.04022,2.24753,3.46619
58.62,0.985295,0.985295,-3.96691,-3.96691,2.10832,3.50174
58.63,1.10368,1.10368,-3.88097,-3.88097,1.96384,3.52468
58.64,1.21657,1.21657,-3.78259,-3.78259,1.81445,3.53494
58.65,1.32367,1.32367,-3.672,-3.672,1.66052,3.53247
58.66,1.42471,1.42471,-3.54949,-3.54949,1.50245,3.51729
58.67,1.51946,1.51946,-3.41538,-3.41538,1.34061,3.48946
58.68,1.6077,1.6077,-3.27001,-3.27001,1.17543,3.44906
58.69,1.68924,1.68924,-3.11379,-3.11379,1.00731,3.39625
58.7,1.76391,1.76391,-2.94715,-2.94715,0.836673,3.33122
58.71,1.83159,1.83159,-2.77055,-2.77055,0.663943,3.2542
58.72,1.89216,1.89216,-2.58449,-2.58449,0.489554,3.16547
58.73,1.94554,1.94554,-2.38952,-2.38952,0.313941,3.06535
58.74,1.99167,1.99167,-2.18619,-2.18619,0.137544,2.95419
58.75,2.03053,2.03053,-1.9751,-1.9751,-0.0391973,2.83241
58.76,2.06211,2.06211,-1.75687,-1.75687,-0.21584,2.70043
58.77,2.08644,2.08644,-1.53215,-1.53215,-0.391944,2.55873
58.78,2.10356,2.10356,-1.30161,-1.30161,-0.567068,2.40782
58.79,2.11356,2.11356,-1.06594,-1.06594,-0.740775,2.24824
58.8,2.11652,2.11652,-0.825865,-0.825865,-0.91263,2.08058
58.81,2.11257,2.11257,-0.582106,-0.582106,-1.0822,1.90543
58.82,2.10187,2.10187,-0.335411,-0.335411,-1.24907,1.72342
58.83,2.08457,2.08457,-0.0865382,-0.0865382,-1.41282,1.5352
58.84,2.06086,2.06086,0.163745,0.163745,-1.57304,1.34147
58.85,2.03097,2.03097,0.414661,0.414661,-1.72932,1.1429
58.86,1.9951,1.9951,0.66543,0.66543,-1.88128,0.940222
58.87,1.95352,1.95352,0.915266,0.915266,-2.02854,0.734159
58.88,1.90649,1.90649,1.16339,1.16339,-2.17073,0.525454
58.89,1.85428,1.85428,1.40901,1.40901,-2.30749,0.314858
58.9,1.7972,1.7972,1.65135,1.65135,-2.43849,0.103129
58.91,1.73554,1.73554,1.88964,1.88964,-2.56339,-0.108971
58.92,1.66962,1.66962,2.12313,2.12313,-2.68188,-0.320679
58.93,1.59979,1.59979,2.35106,2.35106,-2.79367,-0.531233
58.94,1.52637,1.52637,2.57271,2.57271,-2.89848,-0.739875
58.95,1.4497,1.4497,2.78734,2.78734,-2.99604,-0.945854
58.96,1.37015,1.37015,2.99428,2.99428,-3.08612,-1.14843
58.97,1.28807,1.28807,3.19284,3.19284,-3.16848,-1.34687
58.98,1.20382,1.20382,3.38237,3.38237,-3.24292,-1.54047
58.99,1.11775,1.11775,3.56224,3.56224,-3.30926,-1.72852
59,1.03024,1.03024,3.73187,3.73187,-3.36732,-1.91035
59.01,0.941631,0.941631,3.89069,3.89069,-3.41697,-2.0853
59.02,0.852293,0.852293,4.03816,4.03816,-3.45808,-2.25275
59.03,0.762576,0.762576,4.17379,4.17379,-3.49054,-2.41209
59.04,0.672828,0.672828,4.29711,4.29711,-3.51428,-2.56276
59.05,0.583391,0.583391,4.4077,4.4077,-3.52923,-2.70419
59.06,0.494598,0.494598,4.50517,4.50517,-3.53537,-2.8359
59.07,0.406773,0.406773,4.58917,4.58917,-3.53266,-2.9574
59.08,0.320231,0.320231,4.6594,4.6594,-3.52113,-3.06826
59.09,0.235274,0.235274,4.7156,4.7156,-3.5008,-3.16807
59.1,0.152191,0.152191,4.75756,4.75756,-3.47172,-3.25648
59.11,0.0712604,0.0712604,4.78508,4.78508,-3.43395,-3.33318
59.12,-0.00725755,-0.00725755,4.79806,4.79806,-3.38761,-3.39787
59.13,-0.0831157,-0.0831157,4.7964,4.7964,-3.3328,-3.45034
59.14,-0.156084,-0.156084,4.78008,4.78008,-3.26966,-3.49039
59.15,-0.225948,-0.225948,4.74909,4.74909,-3.19834,-3.51788
59.16,-0.292513,-0.292513,4.70349,4.70349,-3.11903,-3.53271
59.17,-0.3556,-0.3556,4.6434,4.6434,-3.03193,-3.53482
59.18,-0.415051,-0.415051,4.56895,4.56895,-2.93725,-3.52422
59.19,-0.470724,-0.470724,4.48033,4.48033,-2.83522,-3.50093
59.2,-0.522499,-0.522499,4.3778,4.3778,-2.72611,-3.46504
59.21,-0.570274,-0.570274,4.26164,4.26164,-2.61019,-3.41668
59.22,-0.613968,-0.613968,4.13216,4.13216,-2.48774,-3.35602
59.23,-0.653518,-0.653518,3.98975,3.98975,-2.35907,-3.28329
59.24,-0.688882,-0.688882,3.83481,3.83481,-2.22451,-3.19873
59.25,-0.720037,-0.720037,3.6678,3.6678,-2.08439,-3.10267
59.26,-0.74698,-0.74698,3.48922,3.48922,-1.93905,-2.99544
59.27,-0.769728,-0.769728,3.29958,3.29958,-1.78887,-2.87743
59.28,-0.788315,-0.788315,3.09945,3.09945,-1.63422,-2.74907
59.29,-0.802794,-0.802794,2.88945,2.88945,-1.47549,-2.61081
59.3,-0.813237,-0.813237,2.67019,2.67019,-1.31306,-2.46315
59.31,-0.819733,-0.819733,2.44234,2.44234,-1.14736,-2.30663
59.32,-0.822386,-0.822386,2.20659,2.20659,-0.978783,-2.14181
59.33,-0.821319,-0.821319,1.96367,1.96367,-0.807763,-1.96928
59.34,-0.816668,-0.816668,1.7143,1.7143,-0.634724,-1.78967
59.35,-0.808584,-0.808584,1.45926,1.45926,-0.460099,-1.60361
59.36,-0.797233,-0.797233,1.19933,1.19933,-0.284324,-1.41178
59.37,-0.782791,-0.782791,0.935296,0.935296,-0.107837,-1.21487
59.38,-0.765448,-0.765448,0.667983,0.667983,0.0689182,-1.01359
59.39,-0.745404,-0.745404,0.398213,0.398213,0.245502,-0.80866
59.4,-0.722869,-0.722869,0.126818,0.126818,0.421471,-0.60082
59.41,-0.698059,-0.698059,-0.14536,-0.14536,0.596387,-0.390817
59.42,-0.671201,-0.671201,-0.417479,-0.417479,0.769813,-0.179408
59.43,-0.642526,-0.642526,-0.688694,-0.688694,0.941315,0.032646
59.44,-0.61227,-0.61227,-0.958162,-0.958162,1.11046,0.244583
59.45,-0.580674,-0.580674,-1.22505,-1.22505,1.27684,0.45564
59.46,-0.54798,-0.54798,-1.48851,-1.48851,1.44002,0.665057
59.47,-0.514434,-0.514434,-1.74774,-1.74774,1.5996,0.87208
59.48,-0.480281,-0.480281,-2.00193,-2.00193,1.75518,1.07597
59.49,-0.445763,-0.445763,-2.25027,-2.25027,1.90638,1.27598
59.5,-0.411123,-0.411123,-2.49199,-2.49199,2.05281,1.4714
59.51,-0.376599,-0.376599,-2.72635,-2.72635,2.19412,1.66152
59.52,-0.342426,-0.342426,-2.9526,-2.9526,2.32993,1.84567
59.53,-0.308832,-0.308832,-3.17003,-3.17003,2.45993,2.02317
59.54,-0.276039,-0.276039,-3.37796,-3.37796,2.58377,2.19339
59.55,-0.244261,-0.244261,-3.57575,-3.57575,2.70116,2.35572
59.56,-0.213703,-0.213703,-3.76277,-3.76277,2.81179,2.50957
59.57,-0.184563,-0.184563,-3.93844,-3.93844,2.9154,2.65439
59.58,-0.157025,-0.157025,-4.10219,-4.10219,3.01172,2.78965
59.59,-0.131263,-0.131263,-4.25352,-4.25352,3.10051,2.91488
59.6,-0.107439,-0.107439,-4.39196,-4.39196,3.18156,3.02961
59.61,-0.0857021,-0.0857021,-4.51706,-4.51706,3.25465,3.13345
59.62,-0.0661868,-0.0661868,-4.62844,-4.62844,3.3196,3.226
59.63,-0.0490141,-0.0490141,-4.72574,-4.72574,3.37626,3.30694
59.64,-0.0342897,-0.0342897,-4.80866,-4.80866,3.42448,3.37599
59.65,-0.0221042,-0.0221042,-4.87693,-4.87693,3.46414,3.43288
59.66,-0.0125323,-0.0125323,-4.93035,-4.93035,3.49514,3.47742
59.67,-0.00563239,-0.00563239,-4.96873,-4.96873,3.51741,3.50944
59.68,-0.00144677,-0.00144677,-4.99197,-4.99197,3.53088,3.52884
59.69,-9.32534e-07,-9.32534e-07,-4.99999,-4.99999,3.53553,3.53553
59.7,-0.00130369,-0.00130369,-4.99277,-4.99277,3.53134,3.5295
59.71,-0.0053471,-0.0053471,-4.97032,-4.97032,3.51833,3.51077
59.72,-0.0121065,-0.0121065,-4.93272,-4.93272,3.49652,3.4794
59.73,-0.0215406,-0.0215406,-4.88008,-4.88008,3.46597,3.43551
59.74,-0.0335917,-0.0335917,-4.81258,-4.81258,3.42676,3.37925
59.75,-0.0481859,-0.0481859,-4.73042,-4.73042,3.37898,3.31084
59.76,-0.0652336,-0.0652336,-4.63386,-4.63386,3.32276,3.23051
59.77,-0.0846297,-0.0846297,-4.52321,-4.52321,3.25823,3.13855
59.78,-0.106254,-0.106254,-4.39881,-4.39881,3.18556,3.03529
59.79,-0.129973,-0.129973,-4.26106,-4.26106,3.10493,2.92112
59.8,-0.155638,-0.155638,-4.11038,-4.11038,3.01653,2.79643
59.81,-0.183088,-0.183088,-3.94726,-3.94726,2.9206,2.66167
59.82,-0.212149,-0.212149,-3.77221,-3.77221,2.81736,2.51734
59.83,-0.242637,-0.242637,-3.58576,-3.58576,2.70709,2.36395
59.84,-0.274357,-0.274357,-3.38852,-3.38852,2.59005,2.20205
59.85,-0.307102,-0.307102,-3.1811,-3.1811,2.46653,2.03222
59.86,-0.34066,-0.34066,-2.96414,-2.96414,2.33685,1.85508
59.87,-0.374809,-0.374809,-2.73834,-2.73834,2.20133,1.67127
59.88,-0.40932,-0.40932,-2.50439,-2.50439,2.0603,1.48144
59.89,-0.44396,-0.44396,-2.26303,-2.26303,1.91413,1.28628
59.9,-0.47849,-0.47849,-2.01501,-2.01501,1.76317,1.08648
59.91,-0.512668,-0.512668,-1.76111,-1.76111,1.60781,0.882783
59.92,-0.546252,-0.546252,-1.50213,-1.50213,1.44842,0.675905
59.93,-0.578996,-0.578996,-1.23886,-1.23886,1.28542,0.466594
59.94,-0.610655,-0.610655,-0.972134,-0.972134,1.1192,0.255604
59.95,-0.640987,-0.640987,-0.702779,-0.702779,0.950186,0.043694
59.96,-0.66975,-0.66975,-0.431635,-0.431635,0.778797,-0.168373
59.97,-0.696709,-0.696709,-0.159542,-0.159542,0.605461,-0.379834
59.98,-0.721631,-0.721631,0.112654,0.112654,0.430611,-0.589929
59.99,-0.74429,-0.74429,0.38411,0.38411,0.254686,-0.7979
60,-0.764469,-0.764469,0.653986,0.653986,0.0781234,-1.003
60.01,-0.781958,-0.781958,0.921447,0.921447,-0.0986342,-1.20449
60.02,-0.796555,-0.796555,1.18567,1.18567,-0.275145,-1.40164
60.03,-0.808072,-0.808072,1.44584,1.44584,-0.450968,-1.59375
60.04,-0.81633,-0.81633,1.70115,1.70115,-0.625665,-1.78013
60.05,-0.821164,-0.821164,1.95083,1.95083,-0.798797,-1.9601
60.06,-0.822421,-0.822421,2.19411,2.19411,-0.969933,-2.13301
60.07,-0.819965,-0.819965,2.43025,2.43025,-1.13864,-2.29825
60.08,-0.813672,-0.813672,2.65853,2.65853,-1.30451,-2.45522
60.09,-0.803437,-0.803437,2.87825,2.87825,-1.46711,-2.60335
60.1,-0.78917,-0.78917,3.08875,3.08875,-1.62605,-2.74211
60.11,-0.770799,-0.770799,3.28941,3.28941,-1.78093,-2.871
60.12,-0.748269,-0.748269,3.47961,3.47961,-1.93135,-2.98956
60.13,-0.721544,-0.721544,3.65878,3.65878,-2.07694,-3.09736
60.14,-0.690608,-0.690608,3.82641,3.82641,-2.21735,-3.19401
60.15,-0.655463,-0.655463,3.98199,3.98199,-2.35221,-3.27917
60.16,-0.61613,-0.61613,4.12506,4.12506,-2.48119,-3.35253
60.17,-0.572651,-0.572651,4.25522,4.25522,-2.60397,-3.41382
60.18,-0.525087,-0.525087,4.37209,4.37209,-2.72024,-3.46283
60.19,-0.473518,-0.473518,4.47534,4.47534,-2.82971,-3.49937
60.2,-0.418045,-0.418045,4.56468,4.56468,-2.93211,-3.52332
60.21,-0.358788,-0.358788,4.63987,4.63987,-3.02718,-3.53459
60.22,-0.295886,-0.295886,4.70072,4.70072,-3.11469,-3.53313
60.23,-0.229498,-0.229498,4.74707,4.74707,-3.19441,-3.51897
60.24,-0.159801,-0.159801,4.77882,4.77882,-3.26614,-3.49214
60.25,-0.0869895,-0.0869895,4.79592,4.79592,-3.32971,-3.45274
60.26,-0.0112762,-0.0112762,4.79834,4.79834,-3.38496,-3.40091
60.27,0.0671091,0.0671091,4.78612,4.78612,-3.43175,-3.33684
60.28,0.147921,0.147921,4.75935,4.75935,-3.46996,-3.26077
60.29,0.230898,0.230898,4.71814,4.71814,-3.4995,-3.17296
60.3,0.315764,0.315764,4.66268,4.66268,-3.52029,-3.07373
60.31,0.402231,0.402231,4.59317,4.59317,-3.53228,-2.96344
60.32,0.489997,0.489997,4.50988,4.50988,-3.53544,-2.84248
60.33,0.578747,0.578747,4.4131,4.4131,-3.52977,-2.7113
60.34,0.668159,0.668159,4.30319,4.30319,-3.51527,-2.57035
60.35,0.757899,0.757899,4.18052,4.18052,-3.49199,-2.42016
60.36,0.847626,0.847626,4.04553,4.04553,-3.45998,-2.26126
60.37,0.936993,0.936993,3.89866,3.89866,-3.41932,-2.09421
60.38,1.02565,1.02565,3.74042,3.74042,-3.37012,-1.91963
60.39,1.11323,1.11323,3.57134,3.57134,-3.31249,-1.73815
60.4,1.19938,1.19938,3.39198,3.39198,-3.24658,-1.5504
60.41,1.28373,1.28373,3.20294,3.20294,-3.17255,-1.35708
60.42,1.36594,1.36594,3.00483,3.00483,-3.0906,-1.15887
60.43,1.44563,1.44563,2.79832,2.79832,-3.00092,-0.956495
60.44,1.52245,1.52245,2.58406,2.58406,-2.90374,-0.750675
60.45,1.59605,1.59605,2.36277,2.36277,-2.79931,-0.542153
60.46,1.66608,1.66608,2.13515,2.13515,-2.68787,-0.33168
60.47,1.73221,1.73221,1.90193,1.90193,-2.56972,-0.120014
60.48,1.79409,1.79409,1.66387,1.66387,-2.44515,0.092085
60.49,1.85143,1.85143,1.42172,1.42172,-2.31446,0.303852
60.5,1.9039,1.9039,1.17625,1.17625,-2.17799,0.514526
60.51,1.95121,1.95121,0.928238,0.928238,-2.03607,0.723348
60.52,1.99308,1.99308,0.678472,0.678472,-1.88907,0.929566
60.53,2.02924,2.02924,0.427733,0.427733,-1.73734,1.13244
60.54,2.05946,2.05946,0.176804,0.176804,-1.58128,1.33124
60.55,2.08349,2.08349,-0.0735307,-0.0735307,-1.42126,1.52524
60.56,2.10113,2.10113,-0.322496,-0.322496,-1.25768,1.71376
60.57,2.11218,2.11218,-0.569323,-0.569323,-1.09097,1.89611
60.58,2.11648,2.11648,-0.813254,-0.813254,-0.921522,2.07164
60.59,2.11388,2.11388,-1.05354,-1.05354,-0.749775,2.23971
60.6,2.10426,2.10426,-1.28945,-1.28945,-0.576154,2.39972
60.61,2.08751,2.08751,-1.52028,-1.52028,-0.401093,2.55109
60.62,2.06356,2.06356,-1.74532,-1.74532,-0.22503,2.69328
60.63,2.03235,2.03235,-1.9639,-1.9639,-0.0484037,2.82578
60.64,1.99388,1.99388,-2.17538,-2.17538,0.128343,2.94811
60.65,1.94812,1.94812,-2.37913,-2.37913,0.304769,3.05983
60.66,1.89512,1.89512,-2.57455,-2.57455,0.480434,3.16054
60.67,1.83492,1.83492,-2.76109,-2.76109,0.654897,3.24987
60.68,1.76761,1.76761,-2.93819,-2.93819,0.827724,3.32751
60.69,1.6933,1.6933,-3.10536,-3.10536,0.998482,3.39317
60.7,1.61211,1.61211,-3.26214,-3.26214,1.16674,3.44662
60.71,1.52422,1.52422,-3.40808,-3.40808,1.33209,3.48766
60.72,1.4298,1.4298,-3.54279,-3.54279,1.49411,3.51616
60.73,1.32908,1.32908,-3.66591,-3.66591,1.65239,3.53199
60.74,1.22229,1.22229,-3.77713,-3.77713,1.80654,3.53512
60.75,1.1097,1.1097,-3.87615,-3.87615,1.95618,3.52553
60.76,0.991591,0.991591,-3.96275,-3.96275,2.10092,3.50325
60.77,0.868282,0.868282,-4.03671,-4.03671,2.24042,3.46835
60.78,0.740105,0.740105,-4.09789,-4.09789,2.37431,3.42098
60.79,0.607419,0.607419,-4.14617,-4.14617,2.50228,3.3613
60.8,0.470602,0.470602,-4.18147,-4.18147,2.62398,3.28951
60.81,0.330051,0.330051,-4.20377,-4.20377,2.73913,3.20589
60.82,0.186183,0.186183,-4.21306,-4.21306,2.84743,3.11074
60.83,0.0394312,0.0394312,-4.20941,-4.20941,2.94862,3.00438
60.84,-0.109755,-0.109755,-4.19289,-4.19289,3.04243,2.88722
60.85,-0.260911,-0.260911,-4.16366,-4.16366,3.12864,2.75966
60.86,-0.413561,-0.413561,-4.12187,-4.12187,3.20703,2.62217
60.87,-0.567215,-0.567215,-4.06774,-4.06774,3.27741,2.47524
60.88,-0.721376,-0.721376,-4.00152,-4.00152,3.33959,2.31941
60.89,-0.875537,-0.875537,-3.92349,-3.92349,3.39343,2.15523
60.9,-1.02919,-1.02919,-3.83398,-3.83398,3.43878,1.98329
60.91,-1.1818,-1.1818,-3.73335,-3.73335,3.47554,1.80422
60.92,-1.33287,-1.33287,-3.62198,-3.62198,3.50361,1.61865
60.93,-1.48186,-1.48186,-3.5003,-3.5003,3.52292,1.42725
60.94,-1.62826,-1.62826,-3.36876,-3.36876,3.53343,1.23072
60.95,-1.77155,-1.77155,-3.22785,-3.22785,3.53511,1.02976
60.96,-1.91121,-1.91121,-3.07807,-3.07807,3.52795,0.825095
60.97,-2.04673,-2.04673,-2.91995,-2.91995,3.51197,0.61746
60.98,-2.17762,-2.17762,-2.75405,-2.75405,3.48722,0.407602
60.99,-2.30338,-2.30338,-2.58096,-2.58096,3.45375,0.196277
61,-2.42353,-2.42353,-2.40126,-2.40126,3.41164,-0.0157538
61.01,-2.53762,-2.53762,-2.21557,-2.21557,3.36101,-0.227728
61.02,-2.64519,-2.64519,-2.02451,-2.02451,3.30198,-0.438883
61.03,-2.7458,-2.7458,-1.82874,-1.82874,3.23469,-0.648458
61.04,-2.83905,-2.83905,-1.62891,-1.62891,3.15932,-0.8557
61.05,-2.92454,-2.92454,-1.42567,-1.42567,3.07606,-1.05986
61.06,-3.00189,-3.00189,-1.21968,-1.21968,2.9851,-1.26021
61.07,-3.07076,-3.07076,-1.01163,-1.01163,2.88668,-1.45602
61.08,-3.13082,-3.13082,-0.802184,-0.802184,2.78105,-1.64659
61.09,-3.18177,-3.18177,-0.592011,-0.592011,2.66847,-1.83124
61.1,-3.22335,-3.22335,-0.381782,-0.381782,2.54922,-2.00929
61.11,-3.25532,-3.25532,-0.172161,-0.172161,2.42359,-2.18012
61.12,-3.27744,-3.27744,0.0361954,0.0361954,2.29191,-2.3431
61.13,-3.28956,-3.28956,0.24264,0.24264,2.1545,-2.49764
61.14,-3.29151,-3.29151,0.446536,0.446536,2.0117,-2.6432
61.15,-3.28318,-3.28318,0.647261,0.647261,1.86388,-2.77924
61.16,-3.26449,-3.26449,0.844208,0.844208,1.7114,-2.90529
61.17,-3.23537,-3.23537,1.03679,1.03679,1.55463,-3.02087
61.18,-3.19582,-3.19582,1.22442,1.22442,1.39399,-3.12559
61.19,-3.14585,-3.14585,1.40657,1.40657,1.22986,-3.21905
61.2,-3.08552,-3.08552,1.5827,1.5827,1.06265,-3.30093
61.21,-3.01491,-3.01491,1.75231,1.75231,0.892793,-3.37093
61.22,-2.93414,-2.93414,1.91492,1.91492,0.720701,-3.4288
61.23,-2.84337,-2.84337,2.07007,2.07007,0.546807,-3.47433
61.24,-2.7428,-2.7428,2.21735,2.21735,0.371547,-3.50735
61.25,-2.63264,-2.63264,2.35636,2.35636,0.195358,-3.52776
61.26,-2.51316,-2.51316,2.48674,2.48674,0.0186807,-3.53546
61.27,-2.38465,-2.38465,2.60816,2.60816,-0.158043,-3.53045
61.28,-2.24743,-2.24743,2.72031,2.72031,-0.334372,-3.51272
61.29,-2.10187,-2.10187,2.82293,2.82293,-0.509865,-3.48236
61.3,-1.94834,-1.94834,2.91578,2.91578,-0.684084,-3.43946
61.31,-1.78727,-1.78727,2.99868,2.99868,-0.856593,-3.38418
61.32,-1.61911,-1.61911,3.07145,3.07145,-1.02696,-3.31673
61.33,-1.44432,-1.44432,3.13396,3.13396,-1.19476,-3.23733
61.34,-1.2634,-1.2634,3.18613,3.18613,-1.35958,-3.14629
61.35,-1.07687,-1.07687,3.22788,3.22788,-1.52099,-3.04392
61.36,-0.885293,-0.885293,3.2592,3.2592,-1.67861,-2.9306
61.37,-0.689221,-0.689221,3.2801,3.2801,-1.83203,-2.80673
61.38,-0.489244,-0.489244,3.29061,3.29061,-1.98087,-2.67276
61.39,-0.285967,-0.285967,3.29083,3.29083,-2.12476,-2.52917
61.4,-0.0800082,-0.0800082,3.28085,3.28085,-2.26333,-2.37648
61.41,0.127998,0.127998,3.26082,3.26082,-2.39625,-2.21524
61.42,0.337406,0.337406,3.23092,3.23092,-2.52319,-2.04602
61.43,0.547562,0.547562,3.19135,3.19135,-2.64381,-1.86944
61.44,0.757802,0.757802,3.14236,3.14236,-2.75783,-1.68613
61.45,0.967459,0.967459,3.08419,3.08419,-2.86495,-1.49676
61.46,1.17586,1.17586,3.01716,3.01716,-2.96491,-1.302
61.47,1.38234,1.38234,2.94157,2.94157,-3.05747,-1.10255
61.48,1.58621,1.58621,2.85778,2.85778,-3.14238,-0.899131
61.49,1.78683,1.78683,2.76614,2.76614,-3.21943,-0.692478
61.5,1.98351,1.98351,2.66705,2.66705,-3.28844,-0.483334
61.51,2.17561,2.17561,2.56091,2.56091,-3.34923,-0.272449
61.52,2.36249,2.36249,2.44817,2.44817,-3.40165,-0.0605848
61.53,2.54351,2.54351,2.32926,2.32926,-3.44556,0.151498
61.54,2.71805,2.71805,2.20464,2.20464,-3.48087,0.363035
61.55,2.88552,2.88552,2.0748,2.0748,-3.50747,0.573266
61.56,3.04533,3.04533,1.94021,1.94021,-3.52531,0.781434
61.57,3.19692,3.19692,1.80138,1.80138,-3.53433,0.986789
61.58,3.33975,3.33975,1.65882,1.65882,-3.53452,1.18859
61.59,3.47331,3.47331,1.51304,1.51304,-3.52588,1.38612
61.6,3.59711,3.59711,1.36455,1.36455,-3.50842,1.57866
61.61,3.71069,3.71069,1.21388,1.21388,-3.4822,1.76551
61.62,3.81363,3.81363,1.06154,1.06154,-3.44727,1.94602
61.63,3.90552,3.90552,0.908071,0.908071,-3.40372,2.11952
61.64,3.986,3.986,0.753975,0.753975,-3.35167,2.28539
61.65,4.05474,4.05474,0.599772,0.599772,-3.29124,2.44303
61.66,4.11145,4.11145,0.445968,0.445968,-3.22258,2.59189
61.67,4.15587,4.15587,0.293065,0.293065,-3.14587,2.73141
61.68,4.18777,4.18777,0.141553,0.141553,-3.06129,2.86111
61.69,4.20698,4.20698,-0.00808836,-0.00808836,-2.96907,2.98051
61.7,4.21337,4.21337,-0.155393,-0.155393,-2.86942,3.08918
61.71,4.20681,4.20681,-0.299907,-0.299907,-2.7626,3.18673
61.72,4.18727,4.18727,-0.441194,-0.441194,-2.64888,3.27282
61.73,4.15472,4.15472,-0.578834,-0.578834,-2.52853,3.34713
61.74,4.10918,4.10918,-0.712426,-0.712426,-2.40186,3.40939
61.75,4.05071,4.05071,-0.841586,-0.841586,-2.2692,3.45938
61.76,3.97944,3.97944,-0.965953,-0.965953,-2.13085,3.49692
61.77,3.8955,3.8955,-1.08519,-1.08519,-1.98719,3.52187
61.78,3.79908,3.79908,-1.19897,-1.19897,-1.83855,3.53415
61.79,3.69042,3.69042,-1.30701,-1.30701,-1.68533,3.53372
61.8,3.56979,3.56979,-1.40904,-1.40904,-1.52788,3.52056
61.81,3.4375,3.4375,-1.5048,-1.5048,-1.36662,3.49473
61.82,3.2939,3.2939,-1.59409,-1.59409,-1.20195,3.45633
61.83,3.13938,3.13938,-1.67671,-1.67671,-1.03427,3.40549
61.84,2.97437,2.97437,-1.75249,-1.75249,-0.864,3.34239
61.85,2.79932,2.79932,-1.82129,-1.82129,-0.691575,3.26726
61.86,2.61474,2.61474,-1.88299,-1.88299,-0.517421,3.18038
61.87,2.42115,2.42115,-1.93752,-1.93752,-0.341974,3.08204
61.88,2.21911,2.21911,-1.98481,-1.98481,-0.165672,2.97262
61.89,2.00921,2.00921,-2.02483,-2.02483,0.0110436,2.8525
61.9,1.79208,1.79208,-2.05757,-2.05757,0.187732,2.72211
61.91,1.56834,1.56834,-2.08305,-2.08305,0.363951,2.58192
61.92,1.33869,1.33869,-2.10131,-2.10131,0.539261,2.43245
61.93,1.10379,1.10379,-2.11244,-2.11244,0.713222,2.27422
61.94,0.864366,0.864366,-2.11651,-2.11651,0.885401,2.1078
61.95,0.621145,0.621145,-2.11366,-2.11366,1.05537,1.9338
61.96,0.374867,0.374867,-2.10402,-2.10402,1.2227,1.75284
61.97,0.126289,0.126289,-2.08776,-2.08776,1.38697,1.56557
61.98,-0.123821,-0.123821,-2.06506,-2.06506,1.54777,1.37266
61.99,-0.374689,-0.374689,-2.03613,-2.03613,1.70471,1.17482
62,-0.625533,-0.625533,-2.0012,-2.0012,1.85738,0.972747
62.01,-0.875571,-0.875571,-1.96052,-1.96052,2.00542,0.767174
62.02,-1.12402,-1.12402,-1.91433,-1.91433,2.14844,0.55884
62.03,-1.37009,-1.37009,-1.86293,-1.86293,2.28609,0.348495
62.04,-1.613,-1.613,-1.8066,-1.8066,2.41803,0.136895
62.05,-1.85199,-1.85199,-1.74565,-1.74565,2.54392,-0.0751971
62.06,-2.0863,-2.0863,-1.68039,-1.68039,2.66345,-0.287019
62.07,-2.31516,-2.31516,-1.61116,-1.61116,2.77633,-0.497807
62.08,-2.53786,-2.53786,-1.53829,-1.53829,2.88227,-0.706804
62.09,-2.75366,-2.75366,-1.46212,-1.46212,2.981,-0.913257
62.1,-2.96186,-2.96186,-1.383,-1.383,3.07228,-1.11642
62.11,-3.1618,-3.1618,-1.3013,-1.3013,3.15589,-1.31557
62.12,-3.35281,-3.35281,-1.21737,-1.21737,3.2316,-1.50999
62.13,-3.53427,-3.53427,-1.13157,-1.13157,3.29924,-1.69897
62.14,-3.70557,-3.70557,-1.04426,-1.04426,3.35863,-1.88183
62.15,-3.86614,-3.86614,-0.955801,-0.955801,3.40963,-2.05792
62.16,-4.01546,-4.01546,-0.866556,-0.866556,3.4521,-2.22661
62.17,-4.153,-4.153,-0.776876,-0.776876,3.48595,-2.38728
62.18,-4.27831,-4.27831,-0.68711,-0.68711,3.51108,-2.53936
62.19,-4.39095,-4.39095,-0.5976,-0.5976,3.52744,-2.68231
62.2,-4.49054,-4.49054,-0.508683,-0.508683,3.53498,-2.8156
62.21,-4.5767,-4.5767,-0.420683,-0.420683,3.53369,-2.93875
62.22,-4.64915,-4.64915,-0.333916,-0.333916,3.52356,-3.05133
62.23,-4.7076,-4.7076,-0.248686,-0.248686,3.50462,-3.15293
62.24,-4.75184,-4.75184,-0.165287,-0.165287,3.47693,-3.24318
62.25,-4.78167,-4.78167,-0.0839949,-0.0839949,3.44055,-3.32176
62.26,-4.79697,-4.79697,-0.00507576,-0.00507576,3.39556,-3.38838
62.27,-4.79765,-4.79765,0.0712219,0.0712219,3.34209,-3.44281
62.28,-4.78366,-4.78366,0.144665,0.144665,3.28026,-3.48485
62.29,-4.755,-4.755,0.215037,0.215037,3.21024,-3.51435
62.3,-4.71173,-4.71173,0.28214,0.28214,3.13219,-3.5312
62.31,-4.65393,-4.65393,0.345792,0.345792,3.04632,-3.53534
62.32,-4.58176,-4.58176,0.405832,0.405832,2.95282,-3.52676
62.33,-4.49539,-4.49539,0.462115,0.462115,2.85195,-3.50548
62.34,-4.39505,-4.39505,0.514518,0.514518,2.74395,-3.47159
62.35,-4.28104,-4.28104,0.562937,0.562937,2.6291,-3.42521
62.36,-4.15366,-4.15366,0.607285,0.607285,2.50767,-3.3665
62.37,-4.01328,-4.01328,0.647498,0.647498,2.37997,-3.29567
62.38,-3.86031,-3.86031,0.683531,0.683531,2.24632,-3.21298
62.39,-3.69519,-3.69519,0.715357,0.715357,2.10706,-3.11873
62.4,-3.51841,-3.51841,0.742971,0.742971,1.96253,-3.01325
62.41,-3.3305,-3.3305,0.766385,0.766385,1.8131,-2.89693
62.42,-3.132,-3.132,0.785631,0.785631,1.65914,-2.77019
62.43,-2.92353,-2.92353,0.800761,0.800761,1.50102,-2.63347
62.44,-2.7057,-2.7057,0.811841,0.811841,1.33916,-2.48728
62.45,-2.47918,-2.47918,0.818959,0.818959,1.17395,-2.33213
62.46,-2.24464,-2.24464,0.822216,0.822216,1.00581,-2.16859
62.47,-2.00281,-2.00281,0.821733,0.821733,0.835147,-1.99725
62.48,-1.75442,-1.75442,0.817642,0.817642,0.662401,-1.81872
62.49,-1.50023,-1.50023,0.810095,0.810095,0.487999,-1.63365
62.5,-1.24102,-1.24102,0.799252,0.799252,0.312377,-1.44269
62.51,-0.977588,-0.977588,0.78529,0.78529,0.135975,-1.24654
62.52,-0.710743,-0.710743,0.768397,0.768397,-0.0407672,-1.04591
62.53,-0.441308,-0.441308,0.748769,0.748769,-0.217408,-0.841512
62.54,-0.170116,-0.170116,0.726616,0.726616,-0.393505,-0.634086
62.55,0.101994,0.101994,0.702154,0.702154,-0.568618,-0.424377
62.56,0.374179,0.374179,0.675606,0.675606,-0.74231,-0.213142
62.57,0.645594,0.645594,0.647205,0.647205,-0.914147,-0.00113882
62.58,0.915397,0.915397,0.617184,0.617184,-1.0837,0.210868
62.59,1.18275,1.18275,0.585786,0.585786,-1.25054,0.422116
62.6,1.44681,1.44681,0.553251,0.553251,-1.41426,0.631845
62.61,1.70677,1.70677,0.519824,0.519824,-1.57444,0.839299
62.62,1.96181,1.96181,0.485751,0.485751,-1.73069,1.04373
62.63,2.21114,2.21114,0.451275,0.451275,-1.88261,1.24441
62.64,2.45397,2.45397,0.416638,0.416638,-2.02983,1.44061
62.65,2.68955,2.68955,0.38208,0.38208,-2.17197,1.63163
62.66,2.91713,2.91713,0.347836,0.347836,-2.30868,1.81677
62.67,3.13602,3.13602,0.314134,0.314134,-2.43963,1.99537
62.68,3.34551,3.34551,0.281199,0.281199,-2.56447,2.1668
62.69,3.54496,3.54496,0.249245,0.249245,-2.68291,2.33042
62.7,3.73373,3.73373,0.21848,0.21848,-2.79464,2.48566
62.71,3.91124,3.91124,0.189101,0.189101,-2.89938,2.63195
62.72,4.07693,4.07693,0.161296,0.161296,-2.99688,2.76877
62.73,4.23027,4.23027,0.13524,0.13524,-3.08688,2.89563
62.74,4.37079,4.37079,0.111098,0.111098,-3.16918,3.01206
62.75,4.49805,4.49805,0.0890187,0.0890187,-3.24355,3.11765
62.76,4.61164,4.61164,0.0691411,0.0691411,-3.30981,3.21203
62.77,4.7112,4.7112,0.0515878,0.0515878,-3.3678,3.29484
62.78,4.79643,4.79643,0.036467,0.036467,-3.41737,3.3658
62.79,4.86705,4.86705,0.0238717,0.0238717,-3.4584,3.42464
62.8,4.92284,4.92284,0.0138792,0.0138792,-3.49079,3.47116
62.81,4.96363,4.96363,0.00655048,0.00655048,-3.51445,3.50519
62.82,4.98929,4.98929,0.00193043,0.00193043,-3.52933,3.5266
62.83,4.99974,4.99974,4.72151e-05,4.72151e-05,-3.53538,3.53532
62.84,4.99494,4.99494,0.000912313,0.000912313,-3.5326,3.53131
62.85,4.97491,4.97491,0.00452045,0.00452045,-3.52099,3.5146
62.86,4.93972,4.93972,0.0108496,0.0108496,-3.50058,3.48524
62.87,4.88946,4.88946,0.0198612,0.0198612,-3.47142,3.44333
62.88,4.82432,4.82432,0.0315,0.0315,-3.43358,3.38903
62.89,4.74447,4.74447,0.0456948,0.0456948,-3.38716,3.32254
62.9,4.65019,4.65019,0.0623584,0.0623584,-3.33227,3.24409
62.91,4.54176,4.54176,0.0813881,0.0813881,-3.26906,3.15396
62.92,4.41953,4.41953,0.102666,0.102666,-3.19767,3.05248
62.93,4.28387,4.28387,0.126061,0.126061,-3.11829,2.94002
62.94,4.13523,4.13523,0.151426,0.151426,-3.03112,2.81697
62.95,3.97406,3.97406,0.178603,0.178603,-2.93637,2.68379
62.96,3.80086,3.80086,0.20742,0.20742,-2.83428,2.54095
62.97,3.6162,3.6162,0.237694,0.237694,-2.72511,2.38896
62.98,3.42063,3.42063,0.269231,0.269231,-2.60913,2.22838
62.99,3.21479,3.21479,0.301827,0.301827,-2.48662,2.05978
63,2.99931,2.99931,0.33527,0.33527,-2.3579,1.88376
63.01,2.77487,2.77487,0.36934,0.36934,-2.22329,1.70096
63.02,2.54216,2.54216,0.403809,0.403809,-2.08312,1.51205
63.03,2.30193,2.30193,0.438444,0.438444,-1.93774,1.31769
63.04,2.05493,2.05493,0.473008,0.473008,-1.78752,1.11858
63.05,1.80191,1.80191,0.507259,0.507259,-1.63283,0.915458
63.06,1.54368,1.54368,0.540953,0.540953,-1.47406,0.709036
63.07,1.28104,1.28104,0.573847,0.573847,-1.3116,0.500062
63.08,1.01481,1.01481,0.605696,0.605696,-1.14587,0.289289
63.09,0.74582,0.74582,0.636255,0.636255,-0.977274,0.0774742
63.1,0.474904,0.474904,0.665284,0.665284,-0.806235,-0.134619
63.11,0.202906,0.202906,0.692546,0.692546,-0.63318,-0.346228
63.12,-0.0693308,-0.0693308,0.717807,0.717807,-0.458542,-0.556591
63.13,-0.340961,-0.340961,0.740842,0.740842,-0.282759,-0.76495
63.14,-0.611144,-0.611144,0.76143,0.76143,-0.106268,-0.970557
63.15,-0.879046,-0.879046,0.779361,0.779361,0.0704879,-1.17267
63.16,-1.14384,-1.14384,0.794432,0.794432,0.247068,-1.37056
63.17,-1.40471,-1.40471,0.806452,0.806452,0.42303,-1.56352
63.18,-1.66085,-1.66085,0.81524,0.81524,0.597935,-1.75086
63.19,-1.91148,-1.91148,0.82063,0.82063,0.771345,-1.93189
63.2,-2.15583,-2.15583,0.822466,0.822466,0.942828,-2.10597
63.21,-2.39315,-2.39315,0.82061,0.82061,1.11195,-2.27247
63.22,-2.62273,-2.62273,0.814936,0.814936,1.2783,-2.43079
63.23,-2.84386,-2.84386,0.805335,0.805335,1.44145,-2.58037
63.24,-3.05587,-3.05587,0.791715,0.791715,1.601,-2.72066
63.25,-3.25813,-3.25813,0.774002,0.774002,1.75655,-2.85115
63.26,-3.45004,-3.45004,0.752137,0.752137,1.9077,-2.97139
63.27,-3.63101,-3.63101,0.726082,0.726082,2.05409,-3.08093
63.28,-3.80051,-3.80051,0.695817,0.695817,2.19535,-3.17938
63.29,-3.95803,-3.95803,0.661342,0.661342,2.33111,-3.26639
63.3,-4.10313,-4.10313,0.622674,0.622674,2.46105,-3.34165
63.31,-4.23537,-4.23537,0.579851,0.579851,2.58484,-3.40488
63.32,-4.35438,-4.35438,0.532933,0.532933,2.70217,-3.45585
63.33,-4.45982,-4.45982,0.481995,0.481995,2.81274,-3.49439
63.34,-4.55139,-4.55139,0.427136,0.427136,2.91629,-3.52035
63.35,-4.62885,-4.62885,0.368473,0.368473,3.01254,-3.53364
63.36,-4.692,-4.692,0.306142,0.306142,3.10127,-3.53422
63.37,-4.74067,-4.74067,0.240298,0.240298,3.18224,-3.52207
63.38,-4.77475,-4.77475,0.171115,0.171115,3.25526,-3.49725
63.39,-4.79418,-4.79418,0.0987858,0.0987858,3.32014,-3.45985
63.4,-4.79893,-4.79893,0.0235198,0.0235198,3.37673,-3.40999
63.41,-4.78904,-4.78904,-0.054456,-0.054456,3.42487,-3.34786
63.42,-4.76458,-4.76458,-0.134898,-0.134898,3.46445,-3.27368
63.43,-4.72566,-4.72566,-0.217549,-0.217549,3.49538,-3.18772
63.44,-4.67246,-4.67246,-0.302133,-0.302133,3.51757,-3.09029
63.45,-4.60517,-4.60517,-0.388365,-0.388365,3.53096,-2.98173
63.46,-4.52405,-4.52405,-0.475945,-0.475945,3.53553,-2.86245
63.47,-4.4294,-4.4294,-0.56456,-0.56456,3.53127,-2.73286
63.48,-4.32156,-4.32156,-0.653888,-0.653888,3.51817,-2.59343
63.49,-4.2009,-4.2009,-0.743599,-0.743599,3.49629,-2.44468
63.5,-4.06783,-4.06783,-0.833351,-0.833351,3.46566,-2.28712
63.51,-3.92282,-3.92282,-0.922798,-0.922798,3.42637,-2.12134
63.52,-3.76636,-3.76636,-1.01159,-1.01159,3.37852,-1.94792
63.53,-3.59897,-3.59897,-1.09936,-1.09936,3.32222,-1.76749
63.54,-3.42121,-3.42121,-1.18577,-1.18577,3.25762,-1.5807
63.55,-3.23367,-3.23367,-1.27043,-1.27043,3.18488,-1.38821
63.56,-3.03696,-3.03696,-1.353,-1.353,3.10418,-1.19074
63.57,-2.83174,-2.83174,-1.43312,-1.43312,3.01571,-0.988976
63.58,-2.61868,-2.61868,-1.51042,-1.51042,2.91971,-0.783655
63.59,-2.39846,-2.39846,-1.58456,-1.58456,2.81642,-0.575514
63.6,-2.17179,-2.17179,-1.65518,-1.65518,2.70608,-0.365301
63.61,-1.93942,-1.93942,-1.72195,-1.72195,2.58898,-0.153773
63.62,-1.70208,-1.70208,-1.78453,-1.78453,2.46541,0.0583074
63.63,-1.46052,-1.46052,-1.84261,-1.84261,2.33567,0.270178
63.64,-1.21553,-1.21553,-1.89588,-1.89588,2.2001,0.481077
63.65,-0.967875,-0.967875,-1.94403,-1.94403,2.05903,0.690244
63.66,-0.718337,-0.718337,-1.98678,-1.98678,1.91281,0.896928
63.67,-0.4677,-0.4677,-2.02388,-2.02388,1.76181,1.10038
63.68,-0.216749,-0.216749,-2.05505,-2.05505,1.60641,1.29988
63.69,0.0337326,0.0337326,-2.08008,-2.08008,1.44699,1.49469
63.7,0.282968,0.282968,-2.09875,-2.09875,1.28396,1.68413
63.71,0.530187,0.530187,-2.11087,-2.11087,1.11771,1.86751
63.72,0.774629,0.774629,-2.11626,-2.11626,0.948674,2.04416
63.73,1.01555,1.01555,-2.11476,-2.11476,0.777265,2.21346
63.74,1.2522,1.2522,-2.10627,-2.10627,0.603914,2.3748
63.75,1.48388,1.48388,-2.09066,-2.09066,0.429053,2.52758
63.76,1.70989,1.70989,-2.06786,-2.06786,0.25312,2.67127
63.77,1.92955,1.92955,-2.03781,-2.03781,0.0765537,2.80535
63.78,2.1422,2.1422,-2.00049,-2.00049,-0.100204,2.92933
63.79,2.34722,2.34722,-1.95589,-1.95589,-0.27671,3.04276
63.8,2.54401,2.54401,-1.90404,-1.90404,-0.452526,3.14525
63.81,2.732,2.732,-1.84499,-1.84499,-0.62721,3.23642
63.82,2.91064,2.91064,-1.7788,-1.7788,-0.800326,3.31594
63.83,3.07942,3.07942,-1.7056,-1.7056,-0.971442,3.38352
63.84,3.23788,3.23788,-1.6255,-1.6255,-1.14013,3.43893
63.85,3.38558,3.38558,-1.53866,-1.53866,-1.30597,3.48196
63.86,3.5221,3.5221,-1.44527,-1.44527,-1.46854,3.51246
63.87,3.64709,3.64709,-1.34554,-1.34554,-1.62745,3.53032
63.88,3.76022,3.76022,-1.2397,-1.2397,-1.78228,3.53548
63.89,3.86121,3.86121,-1.12801,-1.12801,-1.93266,3.52791
63.9,3.94979,3.94979,-1.01076,-1.01076,-2.07821,3.50764
63.91,4.02578,4.02578,-0.888255,-0.888255,-2.21857,3.47475
63.92,4.08901,4.08901,-0.760831,-0.760831,-2.35338,3.42936
63.93,4.13935,4.13935,-0.628838,-0.628838,-2.48231,3.37162
63.94,4.17672,4.17672,-0.492653,-0.492653,-2.60503,3.30175
63.95,4.20109,4.20109,-0.352669,-0.352669,-2.72124,3.21999
63.96,4.21245,4.21245,-0.209301,-0.209301,-2.83065,3.12665
63.97,4.21085,4.21085,-0.0629785,-0.0629785,-2.93299,3.02205
63.98,4.19638,4.19638,0.0858506,0.0858506,-3.02799,2.90658
63.99,4.16916,4.16916,0.236725,0.236725,-3.11543,2.78065
64,4.12936,4.12936,0.389169,0.389169,-3.19508,2.64471
64.01,4.07718,4.07718,0.542697,0.542697,-3.26674,2.49925
64.02,4.01286,4.01286,0.696811,0.696811,-3.33024,2.3448
64.03,3.9367,3.9367,0.851006,0.851006,-3.38542,2.18191
64.04,3.84899,3.84899,1.00477,1.00477,-3.43213,2.01117
64.05,3.75011,3.75011,1.15759,1.15759,-3.47026,1.83319
64.06,3.64042,3.64042,1.30894,1.30894,-3.49972,1.64861
64.07,3.52035,3.52035,1.45829,1.45829,-3.52044,1.4581
64.08,3.39035,3.39035,1.60514,1.60514,-3.53235,1.26234
64.09,3.2509,3.2509,1.74896,1.74896,-3.53543,1.06203
64.1,3.10249,3.10249,1.88923,1.88923,-3.52968,0.857909
64.11,2.94567,2.94567,2.02544,2.02544,-3.51511,0.650697
64.12,2.78097,2.78097,2.1571,2.1571,-3.49175,0.441143
64.13,2.60898,2.60898,2.28371,2.28371,-3.45966,0.230001
64.14,2.43029,2.43029,2.40479,2.40479,-3.41892,0.0180314
64.15,2.24551,2.24551,2.51988,2.51988,-3.36964,-0.194003
64.16,2.05528,2.05528,2.62851,2.62851,-3.31194,-0.405339
64.17,1.86021,1.86021,2.73026,2.73026,-3.24596,-0.615217
64.18,1.66098,1.66098,2.82471,2.82471,-3.17186,-0.82288
64.19,1.45824,1.45824,2.91146,2.91146,-3.08984,-1.02758
64.2,1.25264,1.25264,2.99013,2.99013,-3.00009,-1.22859
64.21,1.04488,1.04488,3.06037,3.06037,-2.90285,-1.42517
64.22,0.835607,0.835607,3.12185,3.12185,-2.79835,-1.61662
64.23,0.625505,0.625505,3.17428,3.17428,-2.68685,-1.80226
64.24,0.415241,0.415241,3.21737,3.21737,-2.56864,-1.9814
64.25,0.205479,0.205479,3.25088,3.25088,-2.44401,-2.15342
64.26,-0.00312281,-0.00312281,3.27459,3.27459,-2.31327,-2.31769
64.27,-0.209915,-0.209915,3.28831,3.28831,-2.17675,-2.47362
64.28,-0.414259,-0.414259,3.29189,3.29189,-2.03479,-2.62064
64.29,-0.61553,-0.61553,3.2852,3.2852,-1.88774,-2.75823
64.3,-0.813119,-0.813119,3.26816,3.26816,-1.73598,-2.8859
64.31,-1.00643,-1.00643,3.24071,3.24071,-1.57987,-3.00318
64.32,-1.19489,-1.19489,3.20282,3.20282,-1.41982,-3.10965
64.33,-1.37795,-1.37795,3.15451,3.15451,-1.25621,-3.20493
64.34,-1.55507,-1.55507,3.09582,3.09582,-1.08947,-3.28868
64.35,-1.72575,-1.72575,3.02684,3.02684,-0.920006,-3.36059
64.36,-1.88951,-1.88951,2.94768,2.94768,-0.748241,-3.42041
64.37,-2.04588,-2.04588,2.85849,2.85849,-0.574605,-3.46791
64.38,-2.19444,-2.19444,2.75946,2.75946,-0.399533,-3.50294
64.39,-2.33479,-2.33479,2.65082,2.65082,-0.223463,-3.52536
64.4,-2.46657,-2.46657,2.5328,2.5328,-0.0468338,-3.53509
64.41,-2.58943,-2.58943,2.40571,2.40571,0.129912,-3.5321
64.42,-2.70308,-2.70308,2.26985,2.26985,0.306334,-3.51639
64.43,-2.80723,-2.80723,2.1256,2.1256,0.481989,-3.48803
64.44,-2.90166,-2.90166,1.97331,1.97331,0.65644,-3.44712
64.45,-2.98615,-2.98615,1.81341,1.81341,0.82925,-3.39381
64.46,-3.06054,-3.06054,1.64635,1.64635,0.999988,-3.32827
64.47,-3.1247,-3.1247,1.47258,1.47258,1.16823,-3.25077
64.48,-3.17852,-3.17852,1.2926,1.2926,1.33354,-3.16156
64.49,-3.22193,-3.22193,1.10693,1.10693,1.49553,-3.06097
64.5,-3.25491,-3.25491,0.916121,0.916121,1.65378,-2.94937
64.51,-3.27747,-3.27747,0.720725,0.720725,1.80789,-2.82715
64.52,-3.28963,-3.28963,0.52133,0.52133,1.95748,-2.69476
64.53,-3.29148,-3.29148,0.318537,0.318537,2.10219,-2.55267
64.54,-3.28311,-3.28311,0.112964,0.112964,2.24163,-2.40139
64.55,-3.26467,-3.26467,-0.0947589,-0.0947589,2.37548,-2.24147
64.56,-3.23633,-3.23633,-0.303987,-0.303987,2.50338,-2.07348
64.57,-3.19829,-3.19829,-0.514068,-0.514068,2.62503,-1.89803
64.58,-3.15078,-3.15078,-0.724339,-0.724339,2.74012,-1.71575
64.59,-3.09406,-3.09406,-0.934134,-0.934134,2.84836,-1.5273
64.6,-3.02842,-3.02842,-1.14278,-1.14278,2.94948,-1.33335
64.61,-2.95417,-2.95417,-1.34961,-1.34961,3.04323,-1.1346
64.62,-2.87166,-2.87166,-1.55395,-1.55395,3.12937,-0.931764
64.63,-2.78124,-2.78124,-1.75512,-1.75512,3.20769,-0.725577
64.64,-2.68331,-2.68331,-1.95248,-1.95248,3.278,-0.516779
64.65,-2.57827,-2.57827,-2.14535,-2.14535,3.34011,-0.306121
64.66,-2.46655,-2.46655,-2.3331,-2.3331,3.39387,-0.0943618
64.67,-2.34859,-2.34859,-2.51509,-2.51509,3.43914,0.117737
64.68,-2.22485,-2.22485,-2.69071,-2.69071,3.47583,0.329413
64.69,-2.09581,-2.09581,-2.85934,-2.85934,3.50382,0.539902
64.7,-1.96194,-1.96194,-3.02041,-3.02041,3.52306,0.748449
64.71,-1.82376,-1.82376,-3.17335,-3.17335,3.53349,0.954302
64.72,-1.68176,-1.68176,-3.31761,-3.31761,3.53508,1.15672
64.73,-1.53645,-1.53645,-3.45268,-3.45268,3.52785,1.35498
64.74,-1.38836,-1.38836,-3.57806,-3.57806,3.51179,1.54836
64.75,-1.238,-1.238,-3.6933,-3.6933,3.48696,1.73616
64.76,-1.0859,-1.0859,-3.79796,-3.79796,3.45341,1.91772
64.77,-0.932569,-0.932569,-3.89164,-3.89164,3.41123,2.09238
64.78,-0.778538,-0.778538,-3.97396,-3.97396,3.36052,2.2595
64.79,-0.624317,-0.624317,-4.04459,-4.04459,3.30142,2.4185
64.8,-0.470417,-0.470417,-4.10323,-4.10323,3.23406,2.56879
64.81,-0.317337,-0.317337,-4.14962,-4.14962,3.15862,2.70984
64.82,-0.165571,-0.165571,-4.18353,-4.18353,3.07528,2.84113
64.83,-0.0155998,-0.0155998,-4.20478,-4.20478,2.98426,2.9622
64.84,0.132107,0.132107,-4.21321,-4.21321,2.88578,3.07261
64.85,0.277096,0.277096,-4.20873,-4.20873,2.78008,3.17196
64.86,0.418926,0.418926,-4.19125,-4.19125,2.66744,3.25989
64.87,0.557174,0.557174,-4.16077,-4.16077,2.54813,3.33609
64.88,0.691436,0.691436,-4.1173,-4.1173,2.42245,3.40029
64.89,0.821327,0.821327,-4.06089,-4.06089,2.29071,3.45224
64.9,0.94648,0.94648,-3.99164,-3.99164,2.15325,3.49178
64.91,1.06655,1.06655,-3.9097,-3.9097,2.01041,3.51875
64.92,1.18123,1.18123,-3.81526,-3.81526,1.86254,3.53305
64.93,1.2902,1.2902,-3.70853,-3.70853,1.71002,3.53464
64.94,1.3932,1.3932,-3.58979,-3.58979,1.55322,3.52351
64.95,1.48998,1.48998,-3.45933,-3.45933,1.39255,3.49969
64.96,1.58031,1.58031,-3.31751,-3.31751,1.22839,3.46328
64.97,1.664,1.664,-3.1647,-3.1647,1.06116,3.41441
64.98,1.74088,1.74088,-3.00133,-3.00133,0.891274,3.35325
64.99,1.8108,1.8108,-2.82785,-2.82785,0.719164,3.28002
65,1.87364,1.87364,-2.64475,-2.64475,0.545256,3.19499
65.01,1.92932,1.92932,-2.45256,-2.45256,0.369985,3.09846
65.02,1.97777,1.97777,-2.25183,-2.25183,0.19379,2.99077
65.03,2.01894,2.01894,-2.04314,-2.04314,0.0171107,2.87233
65.04,2.05284,2.05284,-1.82712,-1.82712,-0.159612,2.74354
65.05,2.07947,2.07947,-1.60439,-1.60439,-0.335935,2.60489
65.06,2.09889,2.09889,-1.37563,-1.37563,-0.511419,2.45685
65.07,2.11114,2.11114,-1.14152,-1.14152,-0.685624,2.29998
65.08,2.11633,2.11633,-0.902772,-0.902772,-0.858116,2.13483
65.09,2.11457,2.11457,-0.660105,-0.660105,-1.02846,1.96199
65.1,2.106,2.106,-0.414264,-0.414264,-1.19624,1.7821
65.11,2.09078,2.09078,-0.166002,-0.166002,-1.36103,1.59579
65.12,2.0691,2.0691,0.083916,0.083916,-1.52241,1.40374
65.13,2.04115,2.04115,0.334715,0.334715,-1.67999,1.20663
65.14,2.00716,2.00716,0.585616,0.585616,-1.83337,1.00518
65.15,1.96737,1.96737,0.835835,0.835835,-1.98217,0.800119
65.16,1.92205,1.92205,1.08459,1.08459,-2.12601,0.592174
65.17,1.87146,1.87146,1.33109,1.33109,-2.26454,0.382099
65.18,1.81589,1.81589,1.57456,1.57456,-2.39741,0.170648
65.19,1.75565,1.75565,1.81423,1.81423,-2.52429,-0.0414165
65.2,1.69106,1.69106,2.04933,2.04933,-2.64485,-0.253332
65.21,1.62244,1.62244,2.27911,2.27911,-2.75881,-0.464336
65.22,1.55012,1.55012,2.50283,2.50283,-2.86587,-0.673669
65.23,1.47445,1.47445,2.71978,2.71978,-2.96577,-0.880577
65.24,1.39578,1.39578,2.92924,2.92924,-3.05825,-1.08432
65.25,1.31447,1.31447,3.13054,3.13054,-3.1431,-1.28415
65.26,1.23087,1.23087,3.32301,3.32301,-3.22008,-1.47937
65.27,1.14534,1.14534,3.50603,3.50603,-3.28902,-1.66926
65.28,1.05825,1.05825,3.67899,3.67899,-3.34973,-1.85314
65.29,0.969951,0.969951,3.84131,3.84131,-3.40208,-2.03036
65.3,0.880807,0.880807,3.99245,3.99245,-3.44592,-2.20027
65.31,0.791173,0.791173,4.1319,4.1319,-3.48114,-2.36225
65.32,0.701398,0.701398,4.25919,4.25919,-3.50767,-2.51574
65.33,0.611825,0.611825,4.37388,4.37388,-3.52543,-2.66017
65.34,0.522791,0.522791,4.47557,4.47557,-3.53437,-2.79503
65.35,0.434624,0.434624,4.56389,4.56389,-3.53448,-2.91983
65.36,0.34764,0.34764,4.63854,4.63854,-3.52576,-3.03413
65.37,0.262145,0.262145,4.69924,4.69924,-3.50823,-3.1375
65.38,0.178435,0.178435,4.74575,4.74575,-3.48192,-3.22958
65.39,0.0967897,0.0967897,4.77789,4.77789,-3.44692,-3.31004
65.4,0.0174756,0.0174756,4.79551,4.79551,-3.4033,-3.37858
65.41,-0.0592556,-0.0592556,4.79852,4.79852,-3.35117,-3.43497
65.42,-0.133168,-0.133168,4.78687,4.78687,-3.29066,-3.47899
65.43,-0.204043,-0.204043,4.76055,4.76055,-3.22193,-3.5105
65.44,-0.271679,-0.271679,4.7196,4.7196,-3.14515,-3.52937
65.45,-0.335893,-0.335893,4.66411,4.66411,-3.06051,-3.53553
65.46,-0.396518,-0.396518,4.59421,4.59421,-2.96822,-3.52898
65.47,-0.453408,-0.453408,4.51008,4.51008,-2.8685,-3.50972
65.48,-0.506437,-0.506437,4.41196,4.41196,-2.76162,-3.47783
65.49,-0.555496,-0.555496,4.3001,4.3001,-2.64784,-3.43343
65.5,-0.600497,-0.600497,4.17483,4.17483,-2.52743,-3.37666
65.51,-0.641372,-0.641372,4.03649,4.03649,-2.40071,-3.30775
65.52,-0.678073,-0.678073,3.8855,3.8855,-2.26799,-3.22693
65.53,-0.71057,-0.71057,3.72228,3.72228,-2.1296,-3.1345
65.54,-0.738855,-0.738855,3.54733,3.54733,-1.98589,-3.03079
65.55,-0.762936,-0.762936,3.36115,3.36115,-1.83721,-2.91617
65.56,-0.782843,-0.782843,3.1643,3.1643,-1.68394,-2.79105
65.57,-0.798624,-0.798624,2.95738,2.95738,-1.52647,-2.65589
65.58,-0.810344,-0.810344,2.74099,2.74099,-1.36518,-2.51117
65.59,-0.818086,-0.818086,2.51581,2.51581,-1.20047,-2.35742
65.6,-0.821951,-0.821951,2.2825,2.2825,-1.03276,-2.19518
65.61,-0.822055,-0.822055,2.04178,2.04178,-0.862478,-2.02504
65.62,-0.818529,-0.818529,1.79439,1.79439,-0.690035,-1.84761
65.63,-0.811522,-0.811522,1.54107,1.54107,-0.515868,-1.66353
65.64,-0.801193,-0.801193,1.28261,1.28261,-0.340412,-1.47347
65.65,-0.787715,-0.787715,1.01979,1.01979,-0.164104,-1.2781
65.66,-0.771275,-0.771275,0.753437,0.753437,0.0126137,-1.07813
65.67,-0.75207,-0.75207,0.484359,0.484359,0.1893,-0.874287
65.68,-0.730304,-0.730304,0.213391,0.213391,0.365513,-0.667294
65.69,-0.706195,-0.706195,-0.058629,-0.058629,0.540812,-0.457898
65.7,-0.679965,-0.679965,-0.330859,-0.330859,0.71476,-0.246855
65.71,-0.651843,-0.651843,-0.602453,-0.602453,0.886921,-0.0349235
65.72,-0.622064,-0.622064,-0.872569,-0.872569,1.05687,0.177134
65.73,-0.590869,-0.590869,-1.14037,-1.14037,1.22417,0.388554
65.74,-0.558498,-0.558498,-1.40501,-1.40501,1.38841,0.598575
65.75,-0.525198,-0.525198,-1.66568,-1.66568,1.54918,0.806442
65.76,-0.491211,-0.491211,-1.92156,-1.92156,1.70608,1.01141
65.77,-0.456783,-0.456783,-2.17184,-2.17184,1.85872,1.21273
65.78,-0.422156,-0.422156,-2.41576,-2.41576,2.00671,1.40969
65.79,-0.387569,-0.387569,-2.65254,-2.65254,2.14968,1.60158
65.8,-0.353259,-0.353259,-2.88145,-2.88145,2.28729,1.7877
65.81,-0.319456,-0.319456,-3.10177,-3.10177,2.41917,1.96739
65.82,-0.286384,-0.286384,-3.3128,-3.3128,2.54501,2.14
65.83,-0.25426,-0.25426,-3.51389,-3.51389,2.66449,2.30491
65.84,-0.223292,-0.223292,-3.70441,-3.70441,2.7773,2.46152
65.85,-0.19368,-0.19368,-3.88375,-3.88375,2.88318,2.60927
65.86,-0.165612,-0.165612,-4.05135,-4.05135,2.98185,2.74763
65.87,-0.139266,-0.139266,-4.2067,-4.2067,3.07306,2.87611
65.88,-0.114808,-0.114808,-4.34929,-4.34929,3.1566,2.99423
65.89,-0.0923911,-0.0923911,-4.47869,-4.47869,3.23224,3.10158
65.9,-0.0721543,-0.0721543,-4.59448,-4.59448,3.29981,3.19776
65.91,-0.0542232,-0.0542232,-4.69629,-4.69629,3.35912,3.28244
65.92,-0.0387083,-0.0387083,-4.78382,-4.78382,3.41005,3.3553
65.93,-0.0257053,-0.0257053,-4.85679,-4.85679,3.45244,3.41609
65.94,-0.0152937,-0.0152937,-4.91496,-4.91496,3.48621,3.46458
65.95,-0.0075373,-0.0075373,-4.95815,-4.95815,3.51127,3.50061
65.96,-0.00248355,-0.00248355,-4.98622,-4.98622,3.52755,3.52403
65.97,-0.000163244,-0.000163244,-4.99909,-4.99909,3.53501,3.53478
65.98,-0.00059055,-0.00059055,-4.99672,-4.99672,3.53364,3.5328
65.99,-0.00376286,-0.00376286,-4.97912,-4.97912,3.52343,3.51811
66,-0.00966081,-0.00966081,-4.94633,-4.94633,3.50442,3.49075
66.01,-0.0182484,-0.0182484,-4.89847,-4.89847,3.47665,3.45084
66.02,-0.0294732,-0.0294732,-4.83568,-4.83568,3.44018,3.3985
66.03,-0.0432663,-0.0432663,-4.75816,-4.75816,3.39512,3.33394
66.04,-0.0595432,-0.0595432,-4.66616,-4.66616,3.34158,3.25737
66.05,-0.0782036,-0.0782036,-4.55996,-4.55996,3.27968,3.16908
66.06,-0.0991322,-0.0991322,-4.4399,-4.4399,3.20958,3.06939
66.07,-0.122199,-0.122199,-4.30636,-4.30636,3.13146,2.95865
66.08,-0.147261,-0.147261,-4.15975,-4.15975,3.04552,2.83726
66.09,-0.174161,-0.174161,-4.00054,-4.00054,2.95196,2.70566
66.1,-0.202728,-0.202728,-3.82923,-3.82923,2.85103,2.56432
66.11,-0.232783,-0.232783,-3.64635,-3.64635,2.74296,2.41376
66.12,-0.264132,-0.264132,-3.45249,-3.45249,2.62805,2.25451
66.13,-0.296573,-0.296573,-3.24824,-3.24824,2.50656,2.08714
66.14,-0.329896,-0.329896,-3.03424,-3.03424,2.37881,1.91226
66.15,-0.363881,-0.363881,-2.81118,-2.81118,2.24511,1.7305
66.16,-0.398302,-0.398302,-2.57975,-2.57975,2.1058,1.54252
66.17,-0.432926,-0.432926,-2.34067,-2.34067,1.96123,1.34898
66.18,-0.467517,-0.467517,-2.09469,-2.09469,1.81175,1.15058
66.19,-0.501834,-0.501834,-1.84258,-1.84258,1.65775,0.948048
66.2,-0.535634,-0.535634,-1.58512,-1.58512,1.4996,0.742102
66.21,-0.568672,-0.568672,-1.32313,-1.32313,1.33771,0.533484
66.22,-0.600703,-0.600703,-1.05742,-1.05742,1.17247,0.322947
66.23,-0.631484,-0.631484,-0.788811,-0.788811,1.0043,0.111247
66.24,-0.660773,-0.660773,-0.518146,-0.518146,0.833621,-0.100853
66.25,-0.688332,-0.688332,-0.246263,-0.246263,0.660859,-0.31259
66.26,-0.713927,-0.713927,0.0259917,0.0259917,0.486444,-0.523202
66.27,-0.737332,-0.737332,0.297775,0.297775,0.310813,-0.731931
66.28,-0.758324,-0.758324,0.568245,0.568245,0.134406,-0.938026
66.29,-0.776691,-0.776691,0.836565,0.836565,-0.0423372,-1.14074
66.3,-0.792231,-0.792231,1.10191,1.10191,-0.218975,-1.33936
66.31,-0.804749,-0.804749,1.36345,1.36345,-0.395065,-1.53315
66.32,-0.814064,-0.814064,1.6204,1.6204,-0.570167,-1.72143
66.33,-0.820005,-0.820005,1.87196,1.87196,-0.743845,-1.90351
66.34,-0.822418,-0.822418,2.11736,2.11736,-0.915663,-2.07874
66.35,-0.821158,-0.821158,2.35585,2.35585,-1.08519,-2.24649
66.36,-0.8161,-0.8161,2.58671,2.58671,-1.25201,-2.40615
66.37,-0.807131,-0.807131,2.80923,2.80923,-1.4157,-2.55715
66.38,-0.794157,-0.794157,3.02274,3.02274,-1.57585,-2.69896
66.39,-0.7771,-0.7771,3.2266,3.2266,-1.73206,-2.83104
66.4,-0.755899,-0.755899,3.42019,3.42019,-1.88394,-2.95294
66.41,-0.730513,-0.730513,3.60294,3.60294,-2.03111,-3.06421
66.42,-0.70092,-0.70092,3.7743,3.7743,-2.17321,-3.16446
66.43,-0.667114,-0.667114,3.93377,3.93377,-2.30987,-3.25331
66.44,-0.629111,-0.629111,4.08087,4.08087,-2.44076,-3.33046
66.45,-0.586947,-0.586947,4.21519,4.21519,-2.56555,-3.39562
66.46,-0.540676,-0.540676,4.33632,4.33632,-2.68393,-3.44856
66.47,-0.490373,-0.490373,4.44394,4.44394,-2.7956,-3.48909
66.48,-0.436131,-0.436131,4.53774,4.53774,-2.90028,-3.51706
66.49,-0.378066,-0.378066,4.61747,4.61747,-2.99771,-3.53238
66.5,-0.316309,-0.316309,4.68291,4.68291,-3.08765,-3.53498
66.51,-0.251013,-0.251013,4.73389,4.73389,-3.16987,-3.52486
66.52,-0.182349,-0.182349,4.7703,4.7703,-3.24417,-3.50205
66.53,-0.110508,-0.110508,4.79206,4.79206,-3.31036,-3.46664
66.54,-0.0356945,-0.0356945,4.79916,4.79916,-3.36828,-3.41876
66.55,0.0418656,0.0418656,4.7916,4.7916,-3.41777,-3.35857
66.56,0.121932,0.121932,4.76945,4.76945,-3.45873,-3.28629
66.57,0.204249,0.204249,4.73282,4.73282,-3.49104,-3.20219
66.58,0.288544,0.288544,4.68188,4.68188,-3.51462,-3.10656
66.59,0.374533,0.374533,4.61682,4.61682,-3.52942,-2.99975
66.6,0.461919,0.461919,4.53789,4.53789,-3.5354,-2.88214
66.61,0.55039,0.55039,4.44537,4.44537,-3.53254,-2.75417
66.62,0.639627,0.639627,4.3396,4.3396,-3.52085,-2.61628
66.63,0.729299,0.729299,4.22095,4.22095,-3.50036,-2.46897
66.64,0.819068,0.819068,4.08984,4.08984,-3.47112,-2.31278
66.65,0.908587,0.908587,3.9467,3.9467,-3.43321,-2.14827
66.66,0.997506,0.997506,3.79203,3.79203,-3.38671,-1.97602
66.67,1.08547,1.08547,3.62634,3.62634,-3.33175,-1.79667
66.68,1.17211,1.17211,3.45019,3.45019,-3.26846,-1.61084
66.69,1.25708,1.25708,3.26416,3.26416,-3.197,-1.41922
66.7,1.34001,1.34001,3.06888,3.06888,-3.11755,-1.2225
66.71,1.42054,1.42054,2.86497,2.86497,-3.03031,-1.02137
66.72,1.49831,1.49831,2.65311,2.65311,-2.9355,-0.816564
66.73,1.57298,1.57298,2.43398,2.43398,-2.83335,-0.608822
66.74,1.64418,1.64418,2.20829,2.20829,-2.72411,-0.398888
66.75,1.71159,1.71159,1.97678,1.97678,-2.60807,-0.187519
66.76,1.77486,1.77486,1.74018,1.74018,-2.48551,0.0245246
66.77,1.83368,1.83368,1.49924,1.49924,-2.35673,0.23648
66.78,1.88773,1.88773,1.25475,1.25475,-2.22207,0.447585
66.79,1.93671,1.93671,1.00746,1.00746,-2.08185,0.657078
66.8,1.98035,1.98035,0.758173,0.758173,-1.93643,0.864207
66.81,2.01836,2.01836,0.507659,0.507659,-1.78616,1.06823
66.82,2.05049,2.05049,0.256706,0.256706,-1.63144,1.2684
66.83,2.07652,2.07652,0.00609702,0.00609702,-1.47263,1.46401
66.84,2.09622,2.09622,-0.243389,-0.243389,-1.31015,1.65435
66.85,2.10939,2.10939,-0.49098,-0.49098,-1.14439,1.83874
66.86,2.11586,2.11586,-0.735914,-0.735914,-0.975765,2.01651
66.87,2.11547,2.11547,-0.977442,-0.977442,-0.804706,2.18702
66.88,2.10809,2.10809,-1.21483,-1.21483,-0.631635,2.34966
66.89,2.09362,2.09362,-1.44735,-1.44735,-0.456985,2.50384
66.9,2.07197,2.07197,-1.6743,-1.6743,-0.281193,2.64902
66.91,2.04308,2.04308,-1.89502,-1.89502,-0.104699,2.78466
66.92,2.00692,2.00692,-2.10883,-2.10883,0.0720576,2.91028
66.93,1.96348,1.96348,-2.31511,-2.31511,0.248634,3.02542
66.94,1.91279,1.91279,-2.51324,-2.51324,0.424589,3.12968
66.95,1.85487,1.85487,-2.70267,-2.70267,0.599482,3.22267
66.96,1.78982,1.78982,-2.88283,-2.88283,0.772878,3.30406
66.97,1.71772,1.71772,-3.05322,-3.05322,0.944341,3.37357
66.98,1.63871,1.63871,-3.21336,-3.21336,1.11344,3.43093
66.99,1.55293,1.55293,-3.36279,-3.36279,1.27976,3.47594
67,1.46057,1.46057,-3.50112,-3.50112,1.44289,3.50845
67.01,1.36184,1.36184,-3.62797,-3.62797,1.6024,3.52833
67.02,1.25695,1.25695,-3.74301,-3.74301,1.75791,3.53551
67.03,1.14618,1.14618,-3.84595,-3.84595,1.90903,3.52996
67.04,1.02979,1.02979,-3.93652,-3.93652,2.05537,3.51172
67.05,0.908104,0.908104,-4.01453,-4.01453,2.19658,3.48083
67.06,0.78144,0.78144,-4.0798,-4.0798,2.33229,3.43742
67.07,0.650151,0.650151,-4.1322,-4.1322,2.46218,3.38163
67.08,0.514607,0.514607,-4.17164,-4.17164,2.58591,3.31368
67.09,0.375201,0.375201,-4.19808,-4.19808,2.70318,3.2338
67.1,0.232344,0.232344,-4.21151,-4.21151,2.8137,3.14228
67.11,0.0864622,0.0864622,-4.21197,-4.21197,2.91718,3.03945
67.12,-0.0619982,-0.0619982,-4.19954,-4.19954,3.01336,2.92569
67.13,-0.212578,-0.212578,-4.17434,-4.17434,3.10202,2.80139
67.14,-0.364805,-0.364805,-4.13653,-4.13653,3.18292,2.66701
67.15,-0.518193,-0.518193,-4.08631,-4.08631,3.25587,2.52304
67.16,-0.672247,-0.672247,-4.02391,-4.02391,3.32068,2.36998
67.17,-0.826463,-0.826463,-3.94961,-3.94961,3.37719,2.2084
67.18,-0.980331,-0.980331,-3.86372,-3.86372,3.42526,2.03886
67.19,-1.13333,-1.13333,-3.76659,-3.76659,3.46477,1.86199
67.2,-1.28495,-1.28495,-3.6586,-3.6586,3.49561,1.67842
67.21,-1.43466,-1.43466,-3.54015,-3.54015,3.51772,1.48881
67.22,-1.58194,-1.58194,-3.4117,-3.4117,3.53104,1.29384
67.23,-1.72628,-1.72628,-3.27372,-3.27372,3.53553,1.09421
67.24,-1.86715,-1.86715,-3.12671,-3.12671,3.53119,0.890645
67.25,-2.00404,-2.00404,-2.97119,-2.97119,3.51802,0.683875
67.26,-2.13646,-2.13646,-2.80771,-2.80771,3.49605,0.474643
67.27,-2.26391,-2.26391,-2.63684,-2.63684,3.46535,0.263704
67.28,-2.3859,-2.3859,-2.45918,-2.45918,3.42598,0.0518149
67.29,-2.50197,-2.50197,-2.27533,-2.27533,3.37806,-0.16026
67.3,-2.61166,-2.61166,-2.08591,-2.08591,3.32169,-0.371759
67.31,-2.71453,-2.71453,-1.89158,-1.89158,3.25701,-0.581919
67.32,-2.81017,-2.81017,-1.69296,-1.69296,3.1842,-0.789986
67.33,-2.89817,-2.89817,-1.49073,-1.49073,3.10342,-0.995209
67.34,-2.97815,-2.97815,-1.28555,-1.28555,3.01489,-1.19685
67.35,-3.04976,-3.04976,-1.07809,-1.07809,2.91883,-1.39418
67.36,-3.11266,-3.11266,-0.86901,-0.86901,2.81547,-1.5865
67.37,-3.16655,-3.16655,-0.658995,-0.658995,2.70507,-1.77311
67.38,-3.21114,-3.21114,-0.448712,-0.448712,2.58791,-1.95333
67.39,-3.24619,-3.24619,-0.238826,-0.238826,2.46428,-2.12653
67.4,-3.27147,-3.27147,-0.0299957,-0.0299957,2.33449,-2.29207
67.41,-3.2868,-3.2868,0.177127,0.177127,2.19887,-2.44937
67.42,-3.292,-3.292,0.381904,0.381904,2.05775,-2.59784
67.43,-3.28696,-3.28696,0.583706,0.583706,1.91149,-2.73697
67.44,-3.27157,-3.27157,0.781921,0.781921,1.76045,-2.86625
67.45,-3.24578,-3.24578,0.975953,0.975953,1.60501,-2.98522
67.46,-3.20955,-3.20955,1.16523,1.16523,1.44556,-3.09344
67.47,-3.1629,-3.1629,1.34918,1.34918,1.28249,-3.19052
67.48,-3.10586,-3.10586,1.52728,1.52728,1.11622,-3.27613
67.49,-3.03851,-3.03851,1.69902,1.69902,0.947161,-3.34994
67.5,-2.96096,-2.96096,1.86391,1.86391,0.775733,-3.4117
67.51,-2.87336,-2.87336,2.02148,2.02148,0.602367,-3.46118
67.52,-2.77589,-2.77589,2.17132,2.17132,0.427494,-3.4982
67.53,-2.66875,-2.66875,2.313,2.313,0.251554,-3.52263
67.54,-2.55221,-2.55221,2.44617,2.44617,0.074984,-3.53439
67.55,-2.42654,-2.42654,2.57047,2.57047,-0.101773,-3.53342
67.56,-2.29206,-2.29206,2.6856,2.6856,-0.278276,-3.51974
67.57,-2.14912,-2.14912,2.79129,2.79129,-0.454083,-3.49339
67.58,-1.99809,-1.99809,2.88728,2.88728,-0.628755,-3.45447
67.59,-1.83937,-1.83937,2.97337,2.97337,-0.801855,-3.40312
67.6,-1.67342,-1.67342,3.04938,3.04938,-0.972952,-3.33952
67.61,-1.50068,-1.50068,3.11517,3.11517,-1.14162,-3.2639
67.62,-1.32166,-1.32166,3.17064,3.17064,-1.30743,-3.17653
67.63,-1.13686,-1.13686,3.21571,3.21571,-1.46997,-3.07774
67.64,-0.946832,-0.946832,3.25036,3.25036,-1.62884,-2.96786
67.65,-0.752128,-0.752128,3.27457,3.27457,-1.78364,-2.84731
67.66,-0.55333,-0.55333,3.28839,3.28839,-1.93398,-2.7165
67.67,-0.351038,-0.351038,3.29187,3.29187,-2.07948,-2.57592
67.68,-0.145865,-0.145865,3.28512,3.28512,-2.21979,-2.42607
67.69,0.0615583,0.0615583,3.26828,3.26828,-2.35455,-2.26749
67.7,0.270591,0.270591,3.2415,3.2415,-2.48342,-2.10075
67.71,0.48058,0.48058,3.20499,3.20499,-2.60609,-1.92645
67.72,0.690865,0.690865,3.15897,3.15897,-2.72225,-1.74521
67.73,0.900781,0.900781,3.1037,3.1037,-2.83159,-1.5577
67.74,1.10966,1.10966,3.03946,3.03946,-2.93387,-1.36458
67.75,1.31682,1.31682,2.96656,2.96656,-3.0288,-1.16654
67.76,1.5216,1.5216,2.88534,2.88534,-3.11617,-0.964311
67.77,1.72332,1.72332,2.79616,2.79616,-3.19575,-0.758609
67.78,1.92133,1.92133,2.69939,2.69939,-3.26734,-0.550177
67.79,2.11496,2.11496,2.59546,2.59546,-3.33077,-0.339765
67.8,2.30357,2.30357,2.48477,2.48477,-3.38587,-0.12813
67.81,2.48652,2.48652,2.36777,2.36777,-3.43251,0.0839658
67.82,2.66319,2.66319,2.24492,2.24492,-3.47056,0.29576
67.83,2.83298,2.83298,2.11669,2.11669,-3.49995,0.506489
67.84,2.99529,2.99529,1.98356,1.98356,-3.52058,0.715396
67.85,3.14955,3.14955,1.84603,1.84603,-3.53242,0.921728
67.86,3.29523,3.29523,1.70461,1.70461,-3.53542,1.12474
67.87,3.4318,3.4318,1.55979,1.55979,-3.52959,1.32371
67.88,3.55876,3.55876,1.41211,1.41211,-3.51494,1.51791
67.89,3.67565,3.67565,1.26208,1.26208,-3.4915,1.70665
67.9,3.78202,3.78202,1.11022,1.11022,-3.45933,1.88925
67.91,3.87747,3.87747,0.957049,0.957049,-3.41852,2.06505
67.92,3.96162,3.96162,0.803096,0.803096,-3.36917,2.23342
67.93,4.03414,4.03414,0.648871,0.648871,-3.31139,2.39375
67.94,4.09471,4.09471,0.494885,0.494885,-3.24533,2.54546
67.95,4.14307,4.14307,0.341642,0.341642,-3.17117,2.68801
67.96,4.17898,4.17898,0.189634,0.189634,-3.08907,2.82089
67.97,4.20225,4.20225,0.0393454,0.0393454,-2.99926,2.94362
67.98,4.21273,4.21273,-0.108753,-0.108753,-2.90195,3.05575
67.99,4.21031,4.21031,-0.254204,-0.254204,-2.79739,3.15689
68,4.19491,4.19491,-0.396566,-0.396566,-2.68583,3.24666
68.01,4.1665,4.1665,-0.535412,-0.535412,-2.56756,3.32475
68.02,4.12509,4.12509,-0.670336,-0.670336,-2.44288,3.39088
68.03,4.07073,4.07073,-0.800947,-0.800947,-2.31209,3.4448
68.04,4.00352,4.00352,-0.926879,-0.926879,-2.17552,3.48632
68.05,3.9236,3.9236,-1.04778,-1.04778,-2.03351,3.5153
68.06,3.83113,3.83113,-1.16334,-1.16334,-1.88642,3.53162
68.07,3.72634,3.72634,-1.27324,-1.27324,-1.73461,3.53524
68.08,3.60949,3.60949,-1.37721,-1.37721,-1.57847,3.52613
68.09,3.48088,3.48088,-1.47499,-1.47499,-1.41838,3.50433
68.1,3.34084,3.34084,-1.56636,-1.56636,-1.25475,3.46992
68.11,3.18976,3.18976,-1.65113,-1.65113,-1.08798,3.42302
68.12,3.02804,3.02804,-1.7291,-1.7291,-0.91849,3.36381
68.13,2.85614,2.85614,-1.80014,-1.80014,-0.746706,3.29248
68.14,2.67454,2.67454,-1.86411,-1.86411,-0.573056,3.20931
68.15,2.48376,2.48376,-1.92094,-1.92094,-0.397973,3.11459
68.16,2.28434,2.28434,-1.97054,-1.97054,-0.221896,3.00866
68.17,2.07689,2.07689,-2.01287,-2.01287,-0.0452639,2.8919
68.18,1.86199,1.86199,-2.04793,-2.04793,0.131481,2.76473
68.19,1.64028,1.64028,-2.07572,-2.07572,0.307898,2.62761
68.2,1.41244,1.41244,-2.09628,-2.09628,0.483545,2.48104
68.21,1.17914,1.17914,-2.10966,-2.10966,0.657983,2.32553
68.22,0.941077,0.941077,-2.11597,-2.11597,0.830777,2.16166
68.23,0.698986,0.698986,-2.11531,-2.11531,1.00149,1.99001
68.24,0.4536,0.4536,-2.10782,-2.10782,1.16971,1.81119
68.25,0.205672,0.205672,-2.09364,-2.09364,1.335,1.62586
68.26,-0.0440336,-0.0440336,-2.07298,-2.07298,1.49695,1.43468
68.27,-0.294745,-0.294745,-2.04601,-2.04601,1.65516,1.23833
68.28,-0.545682,-0.545682,-2.01297,-2.01297,1.80924,1.03753
68.29,-0.796061,-0.796061,-1.97409,-1.97409,1.95879,0.83299
68.3,-1.0451,-1.0451,-1.92963,-1.92963,2.10345,0.625455
68.31,-1.29201,-1.29201,-1.87985,-1.87985,2.24285,0.415668
68.32,-1.53602,-1.53602,-1.82506,-1.82506,2.37664,0.204386
68.33,-1.77634,-1.77634,-1.76555,-1.76555,2.50449,-0.00763216
68.34,-2.01222,-2.01222,-1.70163,-1.70163,2.62609,-0.219623
68.35,-2.2429,-2.2429,-1.63362,-1.63362,2.74112,-0.430823
68.36,-2.46764,-2.46764,-1.56187,-1.56187,2.84929,-0.640473
68.37,-2.68571,-2.68571,-1.48671,-1.48671,2.95035,-0.847817
68.38,-2.89641,-2.89641,-1.4085,-1.4085,3.04403,-1.05211
68.39,-3.09905,-3.09905,-1.32758,-1.32758,3.1301,-1.25262
68.4,-3.29298,-3.29298,-1.24432,-1.24432,3.20835,-1.44862
68.41,-3.47754,-3.47754,-1.15908,-1.15908,3.27858,-1.6394
68.42,-3.65214,-3.65214,-1.07221,-1.07221,3.34062,-1.82429
68.43,-3.81619,-3.81619,-0.984079,-0.984079,3.39431,-2.00261
68.44,-3.96915,-3.96915,-0.895047,-0.895047,3.43951,-2.17372
68.45,-4.1105,-4.1105,-0.805467,-0.805467,3.47611,-2.33701
68.46,-4.23975,-4.23975,-0.715691,-0.715691,3.50403,-2.49189
68.47,-4.35647,-4.35647,-0.626063,-0.626063,3.52319,-2.6378
68.48,-4.46026,-4.46026,-0.536922,-0.536922,3.53354,-2.77422
68.49,-4.55073,-4.55073,-0.448594,-0.448594,3.53506,-2.90065
68.5,-4.62758,-4.62758,-0.361401,-0.361401,3.52774,-3.01664
68.51,-4.69052,-4.69052,-0.27565,-0.27565,3.51161,-3.12178
68.52,-4.7393,-4.7393,-0.191636,-0.191636,3.4867,-3.21568
68.53,-4.77374,-4.77374,-0.109644,-0.109644,3.45307,-3.29801
68.54,-4.79368,-4.79368,-0.029941,-0.029941,3.41082,-3.36847
68.55,-4.79903,-4.79903,0.0472178,0.0472178,3.36004,-3.42681
68.56,-4.78971,-4.78971,0.121594,0.121594,3.30086,-3.47282
68.57,-4.76572,-4.76572,0.192967,0.192967,3.23342,-3.50632
68.58,-4.72709,-4.72709,0.261132,0.261132,3.15791,-3.52721
68.59,-4.67391,-4.67391,0.325902,0.325902,3.07451,-3.5354
68.6,-4.6063,-4.6063,0.387109,0.387109,2.98342,-3.53087
68.61,-4.52443,-4.52443,0.444603,0.444603,2.88487,-3.51363
68.62,-4.42851,-4.42851,0.498254,0.498254,2.77911,-3.48375
68.63,-4.31882,-4.31882,0.547952,0.547952,2.66641,-3.44133
68.64,-4.19566,-4.19566,0.593605,0.593605,2.54704,-3.38652
68.65,-4.05938,-4.05938,0.635141,0.635141,2.4213,-3.31953
68.66,-3.91038,-3.91038,0.672509,0.672509,2.28952,-3.24059
68.67,-3.74908,-3.74908,0.705677,0.705677,2.15201,-3.14999
68.68,-3.57596,-3.57596,0.734632,0.734632,2.00912,-3.04805
68.69,-3.39153,-3.39153,0.759381,0.759381,1.86121,-2.93514
68.7,-3.19634,-3.19634,0.77995,0.77995,1.70865,-2.81166
68.71,-2.99098,-2.99098,0.796385,0.796385,1.55181,-2.67807
68.72,-2.77606,-2.77606,0.808746,0.808746,1.3911,-2.53484
68.73,-2.55223,-2.55223,0.817116,0.817116,1.22691,-2.38249
68.74,-2.32017,-2.32017,0.82159,0.82159,1.05966,-2.22156
68.75,-2.08059,-2.08059,0.822285,0.822285,0.889754,-2.05264
68.76,-1.8342,-1.8342,0.819328,0.819328,0.717626,-1.87633
68.77,-1.58178,-1.58178,0.812865,0.812865,0.543705,-1.69327
68.78,-1.32408,-1.32408,0.803053,0.803053,0.368424,-1.50411
68.79,-1.06191,-1.06191,0.790065,0.790065,0.192223,-1.30954
68.8,-0.796062,-0.796062,0.774084,0.774084,0.0155406,-1.11026
68.81,-0.527362,-0.527362,0.755305,0.755305,-0.16118,-0.906983
68.82,-0.256639,-0.256639,0.733933,0.733933,-0.337498,-0.700441
68.83,0.0152698,0.0152698,0.710183,0.710183,-0.512972,-0.491378
68.84,0.287523,0.287523,0.684275,0.684275,-0.687165,-0.280546
68.85,0.559275,0.559275,0.656438,0.656438,-0.859639,-0.0687051
68.86,0.829683,0.829683,0.626908,0.626908,-1.02997,0.143383
68.87,1.09791,1.09791,0.595922,0.595922,-1.19772,0.354956
68.88,1.36311,1.36311,0.563723,0.563723,-1.36247,0.565251
68.89,1.62446,1.62446,0.530553,0.530553,-1.52383,0.773511
68.9,1.88116,1.88116,0.49666,0.49666,-1.68137,0.978988
68.91,2.13239,2.13239,0.462285,0.462285,-1.83471,1.18094
68.92,2.37737,2.37737,0.427674,0.427674,-1.98347,1.37864
68.93,2.61534,2.61534,0.393065,0.393065,-2.12726,1.57139
68.94,2.84555,2.84555,0.358696,0.358696,-2.26575,1.75847
68.95,3.06728,3.06728,0.324797,0.324797,-2.39856,1.93923
68.96,3.27984,3.27984,0.291593,0.291593,-2.52539,2.11301
68.97,3.48256,3.48256,0.259304,0.259304,-2.6459,2.27918
68.98,3.6748,3.6748,0.228138,0.228138,-2.75979,2.43716
68.99,3.85596,3.85596,0.198297,0.198297,-2.86679,2.58636
69,4.02547,4.02547,0.169971,0.169971,-2.96662,2.72625
69.01,4.1828,4.1828,0.14334,0.14334,-3.05904,2.85633
69.02,4.32745,4.32745,0.118571,0.118571,-3.14381,2.97613
69.03,4.45898,4.45898,0.0958188,0.0958188,-3.22073,3.08522
69.04,4.57696,4.57696,0.075226,0.075226,-3.28959,3.18321
69.05,4.68103,4.68103,0.0569199,0.0569199,-3.35023,3.26974
69.06,4.77085,4.77085,0.0410134,0.0410134,-3.4025,3.3445
69.07,4.84615,4.84615,0.0276046,0.0276046,-3.44627,3.40723
69.08,4.90669,4.90669,0.0167756,0.0167756,-3.48142,3.45769
69.09,4.95228,4.95228,0.00859271,0.00859271,-3.50786,3.49571
69.1,4.98277,4.98277,0.00310603,0.00310603,-3.52554,3.52115
69.11,4.99806,4.99806,0.000349003,0.000349003,-3.53441,3.53392
69.12,4.99812,4.99812,0.000338451,0.000338451,-3.53445,3.53397
69.13,4.98294,4.98294,0.00307444,0.00307444,-3.52565,3.5213
69.14,4.95257,4.95257,0.00854027,0.00854027,-3.50803,3.49596
69.15,4.9071,4.9071,0.0167026,0.0167026,-3.48165,3.45803
69.16,4.84667,4.84667,0.0275115,0.0275115,-3.44657,3.40766
69.17,4.77149,4.77149,0.0409009,0.0409009,-3.40287,3.34503
69.18,4.68177,4.68177,0.0567885,0.0567885,-3.35067,3.27036
69.19,4.57781,4.57781,0.0750766,0.0750766,-3.29009,3.18392
69.2,4.45994,4.45994,0.0956523,0.0956523,-3.22129,3.08602
69.21,4.32851,4.32851,0.118388,0.118388,-3.14443,2.97701
69.22,4.18396,4.18396,0.143142,0.143142,-3.05972,2.85729
69.23,4.02672,4.02672,0.16976,0.16976,-2.96736,2.72728
69.24,3.8573,3.8573,0.198074,0.198074,-2.86758,2.58747
69.25,3.67623,3.67623,0.227904,0.227904,-2.76064,2.43833
69.26,3.48407,3.48407,0.25906,0.25906,-2.64679,2.28043
69.27,3.28143,3.28143,0.291342,0.291342,-2.52633,2.11431
69.28,3.06895,3.06895,0.324539,0.324539,-2.39956,1.94059
69.29,2.84729,2.84729,0.358433,0.358433,-2.26679,1.75989
69.3,2.61714,2.61714,0.3928,0.3928,-2.12835,1.57285
69.31,2.37923,2.37923,0.427408,0.427408,-1.98459,1.38014
69.32,2.13429,2.13429,0.46202,0.46202,-1.83587,1.18248
69.33,1.88311,1.88311,0.496397,0.496397,-1.68256,0.980552
69.34,1.62645,1.62645,0.530296,0.530296,-1.52505,0.7751
69.35,1.36513,1.36513,0.563471,0.563471,-1.36373,0.566858
69.36,1.09995,1.09995,0.595679,0.595679,-1.19899,0.356576
69.37,0.831751,0.831751,0.626675,0.626675,-1.03126,0.14501
69.38,0.561357,0.561357,0.656218,0.656218,-0.860955,-0.0670771
69.39,0.289612,0.289612,0.684068,0.684068,-0.688495,-0.278923
69.4,0.0173593,0.0173593,0.709992,0.709992,-0.514315,-0.489765
69.41,-0.254555,-0.254555,0.73376,0.73376,-0.338849,-0.698845
69.42,-0.525291,-0.525291,0.755151,0.755151,-0.162536,-0.905409
69.43,-0.794009,-0.794009,0.77395,0.77395,0.0141837,-1.10871
69.44,-1.05988,-1.05988,0.789953,0.789953,0.190868,-1.30803
69.45,-1.32209,-1.32209,0.802965,0.802965,0.367074,-1.50264
69.46,-1.57982,-1.57982,0.812802,0.812802,0.542364,-1.69184
69.47,-1.83229,-1.83229,0.819291,0.819291,0.716298,-1.87495
69.48,-2.07872,-2.07872,0.822276,0.822276,0.888441,-2.05131
69.49,-2.31836,-2.31836,0.82161,0.82161,1.05836,-2.2203
69.5,-2.55048,-2.55048,0.817165,0.817165,1.22564,-2.38129
69.51,-2.77438,-2.77438,0.808825,0.808825,1.38985,-2.53371
69.52,-2.98937,-2.98937,0.796495,0.796495,1.55059,-2.67701
69.53,-3.1948,-3.1948,0.780092,0.780092,1.70746,-2.81068
69.54,-3.39007,-3.39007,0.759555,0.759555,1.86006,-2.93423
69.55,-3.57458,-3.57458,0.734838,0.734838,2.008,-3.04722
69.56,-3.74779,-3.74779,0.705915,0.705915,2.15093,-3.14925
69.57,-3.90918,-3.90918,0.672779,0.672779,2.28848,-3.23994
69.58,-4.05829,-4.05829,0.635444,0.635444,2.42032,-3.31897
69.59,-4.19467,-4.19467,0.593939,0.593939,2.5461,-3.38606
69.6,-4.31793,-4.31793,0.548318,0.548318,2.66552,-3.44096
69.61,-4.42772,-4.42772,0.498651,0.498651,2.77827,-3.48347
69.62,-4.52374,-4.52374,0.445029,0.445029,2.88409,-3.51345
69.63,-4.60572,-4.60572,0.387564,0.387564,2.98269,-3.53079
69.64,-4.67345,-4.67345,0.326385,0.326385,3.07384,-3.53542
69.65,-4.72674,-4.72674,0.261642,0.261642,3.1573,-3.52732
69.66,-4.76548,-4.76548,0.193503,0.193503,3.23288,-3.50653
69.67,-4.78958,-4.78958,0.122154,0.122154,3.30037,-3.47312
69.68,-4.79901,-4.79901,0.0477996,0.0477996,3.35961,-3.42721
69.69,-4.79378,-4.79378,-0.0293387,-0.0293387,3.41046,-3.36897
69.7,-4.77395,-4.77395,-0.109023,-0.109023,3.45278,-3.2986
69.71,-4.73962,-4.73962,-0.190999,-0.190999,3.48647,-3.21636
69.72,-4.69094,-4.69094,-0.274998,-0.274998,3.51145,-3.12255
69.73,-4.62812,-4.62812,-0.360737,-0.360737,3.52765,-3.01749
69.74,-4.55138,-4.55138,-0.44792,-0.44792,3.53504,-2.90158
69.75,-4.461,-4.461,-0.53624,-0.53624,3.53358,-2.77523
69.76,-4.35732,-4.35732,-0.625377,-0.625377,3.5233,-2.63888
69.77,-4.2407,-4.2407,-0.715002,-0.715002,3.50421,-2.49304
69.78,-4.11154,-4.11154,-0.804778,-0.804778,3.47636,-2.33823
69.79,-3.97028,-3.97028,-0.894361,-0.894361,3.43982,-2.175
69.8,-3.81741,-3.81741,-0.983399,-0.983399,3.39468,-2.00395
69.81,-3.65344,-3.65344,-1.07154,-1.07154,3.34106,-1.82568
69.82,-3.47892,-3.47892,-1.15842,-1.15842,3.27909,-1.64084
69.83,-3.29443,-3.29443,-1.24367,-1.24367,3.20892,-1.4501
69.84,-3.10057,-3.10057,-1.32695,-1.32695,3.13073,-1.25414
69.85,-2.898,-2.898,-1.40789,-1.40789,3.04472,-1.05366
69.86,-2.68736,-2.68736,-1.48613,-1.48613,2.9511,-0.849398
69.87,-2.46934,-2.46934,-1.56131,-1.56131,2.8501,-0.642074
69.88,-2.24465,-2.24465,-1.63309,-1.63309,2.74197,-0.432439
69.89,-2.01401,-2.01401,-1.70112,-1.70112,2.62699,-0.221248
69.9,-1.77817,-1.77817,-1.76507,-1.76507,2.50545,-0.00926047
69.91,-1.53788,-1.53788,-1.82462,-1.82462,2.37764,0.20276
69.92,-1.2939,-1.2939,-1.87945,-1.87945,2.2439,0.414051
69.93,-1.047,-1.047,-1.92926,-1.92926,2.10454,0.623852
69.94,-0.797979,-0.797979,-1.97377,-1.97377,1.95992,0.831408
69.95,-0.547607,-0.547607,-2.01269,-2.01269,1.8104,1.03597
69.96,-0.296671,-0.296671,-2.04578,-2.04578,1.65636,1.23681
69.97,-0.0459552,-0.0459552,-2.07279,-2.07279,1.49818,1.43319
69.98,0.203761,0.203761,-2.09351,-2.09351,1.33625,1.62442
69.99,0.451705,0.451705,-2.10773,-2.10773,1.17099,1.8098
70,0.697114,0.697114,-2.11528,-2.11528,1.0028,1.98866
70.01,0.939234,0.939234,-2.11599,-2.11599,0.832095,2.16037
70.02,1.17733,1.17733,-2.10974,-2.10974,0.659316,2.32431
70.03,1.41067,1.41067,-2.09641,-2.09641,0.484889,2.47988
70.04,1.63856,1.63856,-2.0759,-2.0759,0.309249,2.62652
70.05,1.86031,1.86031,-2.04817,-2.04817,0.132837,2.76371
70.06,2.07526,2.07526,-2.01317,-2.01317,-0.0439071,2.89096
70.07,2.28278,2.28278,-1.97089,-1.97089,-0.220542,3.0078
70.08,2.48226,2.48226,-1.92134,-1.92134,-0.396625,3.11382
70.09,2.67311,2.67311,-1.86458,-1.86458,-0.571717,3.20863
70.1,2.85478,2.85478,-1.80065,-1.80065,-0.74538,3.29189
70.11,3.02676,3.02676,-1.72967,-1.72967,-0.91718,3.3633
70.12,3.18856,3.18856,-1.65175,-1.65175,-1.08669,3.42262
70.13,3.33973,3.33973,-1.56704,-1.56704,-1.25348,3.46961
70.14,3.47985,3.47985,-1.47572,-1.47572,-1.41714,3.50411
70.15,3.60855,3.60855,-1.37798,-1.37798,-1.57725,3.52601
70.16,3.72549,3.72549,-1.27406,-1.27406,-1.73343,3.53522
70.17,3.83037,3.83037,-1.1642,-1.1642,-1.88527,3.5317
70.18,3.92293,3.92293,-1.04869,-1.04869,-2.0324,3.51547
70.19,4.00296,4.00296,-0.927827,-0.927827,-2.17445,3.48659
70.2,4.07026,4.07026,-0.801932,-0.801932,-2.31106,3.44516
70.21,4.12472,4.12472,-0.671355,-0.671355,-2.4419,3.39134
70.22,4.16623,4.16623,-0.536463,-0.536463,-2.56663,3.32531
70.23,4.19474,4.19474,-0.397646,-0.397646,-2.68495,3.24731
70.24,4.21024,4.21024,-0.25531,-0.25531,-2.79656,3.15762
70.25,4.21276,4.21276,-0.10988,-0.10988,-2.90118,3.05657
70.26,4.20238,4.20238,0.0381997,0.0381997,-2.99854,2.94452
70.27,4.1792,4.1792,0.188473,0.188473,-3.08841,2.82187
70.28,4.14339,4.14339,0.34047,0.34047,-3.17057,2.68907
70.29,4.09513,4.09513,0.493706,0.493706,-3.24479,2.54659
70.3,4.03465,4.03465,0.647687,0.647687,-3.31091,2.39494
70.31,3.96222,3.96222,0.801912,0.801912,-3.36875,2.23468
70.32,3.87816,3.87816,0.95587,0.95587,-3.41818,2.06637
70.33,3.78279,3.78279,1.10904,1.10904,-3.45905,1.89063
70.34,3.67651,3.67651,1.26092,1.26092,-3.49129,1.70808
70.35,3.5597,3.5597,1.41097,1.41097,-3.51479,1.51938
70.36,3.43281,3.43281,1.55867,1.55867,-3.52951,1.32522
70.37,3.29632,3.29632,1.70351,1.70351,-3.53541,1.12629
70.38,3.15071,3.15071,1.84496,1.84496,-3.53247,0.9233
70.39,2.9965,2.9965,1.98253,1.98253,-3.5207,0.71699
70.4,2.83425,2.83425,2.11569,2.11569,-3.50014,0.508101
70.41,2.66452,2.66452,2.24396,2.24396,-3.47082,0.297382
70.42,2.4879,2.4879,2.36685,2.36685,-3.43283,0.0855937
70.43,2.305,2.305,2.4839,2.4839,-3.38626,-0.126503
70.44,2.11643,2.11643,2.59463,2.59463,-3.33122,-0.338144
70.45,1.92283,1.92283,2.69862,2.69862,-3.26786,-0.548569
70.46,1.72485,1.72485,2.79544,2.79544,-3.19633,-0.757019
70.47,1.52316,1.52316,2.88468,2.88468,-3.11681,-0.962745
70.48,1.3184,1.3184,2.96597,2.96597,-3.0295,-1.16501
70.49,1.11125,1.11125,3.03893,3.03893,-2.93462,-1.36307
70.5,0.902389,0.902389,3.10324,3.10324,-2.83241,-1.55624
70.51,0.692479,0.692479,3.15858,3.15858,-2.72311,-1.7438
70.52,0.482193,0.482193,3.20467,3.20467,-2.60701,-1.92508
70.53,0.2722,0.2722,3.24126,3.24126,-2.48439,-2.09944
70.54,0.0631575,0.0631575,3.26811,3.26811,-2.35556,-2.26624
70.55,-0.144281,-0.144281,3.28503,3.28503,-2.22085,-2.42489
70.56,-0.349473,-0.349473,3.29186,3.29186,-2.08058,-2.57481
70.57,-0.55179,-0.55179,3.28845,3.28845,-1.93511,-2.71546
70.58,-0.750617,-0.750617,3.27472,3.27472,-1.78481,-2.84634
70.59,-0.945355,-0.945355,3.25058,3.25058,-1.63004,-2.96698
70.6,-1.13542,-1.13542,3.21602,3.21602,-1.4712,-3.07694
70.61,-1.32026,-1.32026,3.17103,3.17103,-1.30869,-3.17582
70.62,-1.49933,-1.49933,3.11564,3.11564,-1.1429,-3.26327
70.63,-1.67212,-1.67212,3.04992,3.04992,-0.974256,-3.33899
70.64,-1.83813,-1.83813,2.97399,2.97399,-0.803177,-3.40268
70.65,-1.9969,-1.9969,2.88798,2.88798,-0.63009,-3.45413
70.66,-2.14799,-2.14799,2.79206,2.79206,-0.455428,-3.49314
70.67,-2.291,-2.291,2.68645,2.68645,-0.279628,-3.51959
70.68,-2.42554,-2.42554,2.57139,2.57139,-0.103129,-3.53337
70.69,-2.55128,-2.55128,2.44716,2.44716,0.0736274,-3.53443
70.7,-2.66789,-2.66789,2.31406,2.31406,0.2502,-3.52277
70.71,-2.7751,-2.7751,2.17244,2.17244,0.426147,-3.49844
70.72,-2.87265,-2.87265,2.02266,2.02266,0.60103,-3.46151
70.73,-2.96033,-2.96033,1.86515,1.86515,0.77441,-3.41212
70.74,-3.03795,-3.03795,1.70031,1.70031,0.945854,-3.35046
70.75,-3.10538,-3.10538,1.52863,1.52863,1.11493,-3.27674
70.76,-3.1625,-3.1625,1.35057,1.35057,1.28123,-3.19122
70.77,-3.20923,-3.20923,1.16666,1.16666,1.44432,-3.09422
70.78,-3.24554,-3.24554,0.977425,0.977425,1.6038,-2.98609
70.79,-3.27141,-3.27141,0.783427,0.783427,1.75927,-2.8672
70.8,-3.28688,-3.28688,0.585241,0.585241,1.91035,-2.738
70.81,-3.292,-3.292,0.383465,0.383465,2.05665,-2.59895
70.82,-3.28688,-3.28688,0.178709,0.178709,2.19781,-2.45054
70.83,-3.27163,-3.27163,-0.0283985,-0.0283985,2.33347,-2.29331
70.84,-3.24642,-3.24642,-0.237218,-0.237218,2.46331,-2.12783
70.85,-3.21145,-3.21145,-0.447099,-0.447099,2.58698,-1.95469
70.86,-3.16693,-3.16693,-0.657381,-0.657381,2.70419,-1.77452
70.87,-3.11311,-3.11311,-0.867401,-0.867401,2.81465,-1.58796
70.88,-3.05028,-3.05028,-1.07649,-1.07649,2.91806,-1.39568
70.89,-2.97874,-2.97874,-1.28397,-1.28397,3.01419,-1.19838
70.9,-2.89882,-2.89882,-1.48917,-1.48917,3.10277,-0.996771
70.91,-2.81088,-2.81088,-1.69142,-1.69142,3.18361,-0.791573
70.92,-2.7153,-2.7153,-1.89007,-1.89007,3.25648,-0.583525
70.93,-2.61248,-2.61248,-2.08444,-2.08444,3.32122,-0.373378
70.94,-2.50283,-2.50283,-2.27389,-2.27389,3.37766,-0.161887
70.95,-2.38681,-2.38681,-2.45779,-2.45779,3.42565,0.0501868
70.96,-2.26486,-2.26486,-2.6355,-2.6355,3.46508,0.26208
70.97,-2.13746,-2.13746,-2.80642,-2.80642,3.49585,0.47303
70.98,-2.00508,-2.00508,-2.96996,-2.96996,3.51788,0.682277
70.99,-1.86821,-1.86821,-3.12555,-3.12555,3.53112,0.889069
71,-1.72737,-1.72737,-3.27263,-3.27263,3.53553,1.09266
71.01,-1.58306,-1.58306,-3.41068,-3.41068,3.53111,1.29232
71.02,-1.4358,-1.4358,-3.5392,-3.5392,3.51786,1.48733
71.03,-1.28611,-1.28611,-3.65773,-3.65773,3.49582,1.67699
71.04,-1.1345,-1.1345,-3.7658,-3.7658,3.46504,1.86061
71.05,-0.981509,-0.981509,-3.86302,-3.86302,3.4256,2.03753
71.06,-0.827646,-0.827646,-3.94899,-3.94899,3.37759,2.20712
71.07,-0.673431,-0.673431,-4.02338,-4.02338,3.32115,2.36877
71.08,-0.519373,-0.519373,-4.08587,-4.08587,3.2564,2.5219
71.09,-0.365978,-0.365978,-4.13619,-4.13619,3.18351,2.66594
71.1,-0.213741,-0.213741,-4.1741,-4.1741,3.10267,2.8004
71.11,-0.0631466,-0.0631466,-4.1994,-4.1994,3.01407,2.92477
71.12,0.0853318,0.0853318,-4.21192,-4.21192,2.91794,3.03862
71.13,0.231235,0.231235,-4.21156,-4.21156,2.81452,3.14153
71.14,0.374117,0.374117,-4.19823,-4.19823,2.70406,3.23314
71.15,0.513551,0.513551,-4.17189,-4.17189,2.58684,3.31311
71.16,0.649126,0.649126,-4.13255,-4.13255,2.46315,3.38116
71.17,0.78045,0.78045,-4.08025,-4.08025,2.33331,3.43704
71.18,0.90715,0.90715,-4.01508,-4.01508,2.19764,3.48054
71.19,1.02888,1.02888,-3.93717,-3.93717,2.05647,3.51153
71.2,1.1453,1.1453,-3.84669,-3.84669,1.91017,3.52987
71.21,1.25612,1.25612,-3.74385,-3.74385,1.75909,3.53551
71.22,1.36105,1.36105,-3.6289,-3.6289,1.60361,3.52843
71.23,1.45984,1.45984,-3.50214,-3.50214,1.44412,3.50865
71.24,1.55225,1.55225,-3.3639,-3.3639,1.28103,3.47624
71.25,1.63808,1.63808,-3.21455,-3.21455,1.11473,3.43132
71.26,1.71714,1.71714,-3.05449,-3.05449,0.945648,3.37405
71.27,1.78929,1.78929,-2.88418,-2.88418,0.774202,3.30464
71.28,1.8544,1.8544,-2.70409,-2.70409,0.60082,3.22334
71.29,1.91237,1.91237,-2.51473,-2.51473,0.425936,3.13043
71.3,1.96312,1.96312,-2.31666,-2.31666,0.249987,3.02626
71.31,2.00662,2.00662,-2.11044,-2.11044,0.0734143,2.9112
71.32,2.04283,2.04283,-1.89668,-1.89668,-0.103342,2.78566
71.33,2.07178,2.07178,-1.67602,-1.67602,-0.279841,2.6501
71.34,2.09348,2.09348,-1.44911,-1.44911,-0.45564,2.50499
71.35,2.10801,2.10801,-1.21663,-1.21663,-0.6303,2.35087
71.36,2.11544,2.11544,-0.979281,-0.979281,-0.803384,2.1883
71.37,2.11588,2.11588,-0.737782,-0.737782,-0.974461,2.01784
71.38,2.10946,2.10946,-0.492871,-0.492871,-1.1431,1.84013
71.39,2.09634,2.09634,-0.245297,-0.245297,-1.30889,1.65579
71.4,2.07669,2.07669,0.00417673,0.00417673,-1.4714,1.46549
71.41,2.05072,2.05072,0.25478,0.25478,-1.63023,1.26992
71.42,2.01863,2.01863,0.505733,0.505733,-1.78499,1.06978
71.43,1.98066,1.98066,0.756254,0.756254,-1.93529,0.865786
71.44,1.93707,1.93707,1.00556,1.00556,-2.08075,0.658678
71.45,1.88812,1.88812,1.25286,1.25286,-2.22101,0.4492
71.46,1.83411,1.83411,1.49738,1.49738,-2.35572,0.238105
71.47,1.77533,1.77533,1.73834,1.73834,-2.48454,0.0261529
71.48,1.71209,1.71209,1.97498,1.97498,-2.60715,-0.185893
71.49,1.64471,1.64471,2.20654,2.20654,-2.72325,-0.39727
71.5,1.57354,1.57354,2.43227,2.43227,-2.83253,-0.607217
71.51,1.4989,1.4989,2.65145,2.65145,-2.93474,-0.814979
71.52,1.42115,1.42115,2.86337,2.86337,-3.02961,-1.01981
71.53,1.34064,1.34064,3.06735,3.06735,-3.11691,-1.22097
71.54,1.25772,1.25772,3.2627,3.2627,-3.19642,-1.41773
71.55,1.17277,1.17277,3.4488,3.4488,-3.26794,-1.60939
71.56,1.08614,1.08614,3.62502,3.62502,-3.33129,-1.79526
71.57,0.998185,0.998185,3.79079,3.79079,-3.38632,-1.97467
71.58,0.909272,0.909272,3.94555,3.94555,-3.43288,-2.14698
71.59,0.819756,0.819756,4.08878,4.08878,-3.47086,-2.31155
71.6,0.729988,0.729988,4.22,4.22,-3.50017,-2.46781
71.61,0.640314,0.640314,4.33874,4.33874,-3.52072,-2.61518
71.62,0.551073,0.551073,4.44461,4.44461,-3.53248,-2.75315
71.63,0.462594,0.462594,4.53723,4.53723,-3.53541,-2.8812
71.64,0.375199,0.375199,4.61627,4.61627,-3.5295,-2.99889
71.65,0.289198,0.289198,4.68143,4.68143,-3.51477,-3.10578
71.66,0.204888,0.204888,4.73249,4.73249,-3.49125,-3.2015
71.67,0.122556,0.122556,4.76922,4.76922,-3.45901,-3.28569
71.68,0.0424709,0.0424709,4.79148,4.79148,-3.41812,-3.35806
71.69,-0.0351094,-0.0351094,4.79915,4.79915,-3.36869,-3.41834
71.7,-0.109944,-0.109944,4.79217,4.79217,-3.31084,-3.46632
71.71,-0.18181,-0.18181,4.77052,4.77052,-3.24471,-3.50183
71.72,-0.250498,-0.250498,4.73422,4.73422,-3.17047,-3.52473
71.73,-0.315821,-0.315821,4.68335,4.68335,-3.08831,-3.53495
71.74,-0.377605,-0.377605,4.61803,4.61803,-2.99843,-3.53244
71.75,-0.4357,-0.4357,4.53841,4.53841,-2.90105,-3.51723
71.76,-0.489972,-0.489972,4.44472,4.44472,-2.79643,-3.48935
71.77,-0.540305,-0.540305,4.3372,4.3372,-2.68481,-3.44892
71.78,-0.586608,-0.586608,4.21617,4.21617,-2.56648,-3.39607
71.79,-0.628804,-0.628804,4.08195,4.08195,-2.44174,-3.33101
71.8,-0.666838,-0.666838,3.93494,3.93494,-2.3109,-3.25395
71.81,-0.700676,-0.700676,3.77557,3.77557,-2.17428,-3.16518
71.82,-0.730302,-0.730302,3.6043,3.6043,-2.03222,-3.06503
71.83,-0.75572,-0.75572,3.42164,3.42164,-1.88509,-2.95384
71.84,-0.776953,-0.776953,3.22813,3.22813,-1.73324,-2.83202
71.85,-0.794042,-0.794042,3.02434,3.02434,-1.57706,-2.70001
71.86,-0.807047,-0.807047,2.8109,2.8109,-1.41694,-2.55828
71.87,-0.816046,-0.816046,2.58845,2.58845,-1.25328,-2.40734
71.88,-0.821134,-0.821134,2.35765,2.35765,-1.08648,-2.24774
71.89,-0.822422,-0.822422,2.11922,2.11922,-0.916974,-2.08005
71.9,-0.820038,-0.820038,1.87387,1.87387,-0.745172,-1.90488
71.91,-0.814122,-0.814122,1.62235,1.62235,-0.571507,-1.72285
71.92,-0.804833,-0.804833,1.36545,1.36545,-0.396413,-1.53462
71.93,-0.792339,-0.792339,1.10393,1.10393,-0.220329,-1.34087
71.94,-0.776822,-0.776822,0.838614,0.838614,-0.043694,-1.14229
71.95,-0.758475,-0.758475,0.570314,0.570314,0.13305,-0.939596
71.96,-0.737502,-0.737502,0.299857,0.299857,0.309462,-0.733524
71.97,-0.714116,-0.714116,0.0280808,0.0280808,0.4851,-0.524812
71.98,-0.688536,-0.688536,-0.244174,-0.244174,0.659526,-0.314212
71.99,-0.660991,-0.660991,-0.516062,-0.516062,0.832303,-0.10248
72,-0.631715,-0.631715,-0.786741,-0.786741,1.003,0.10962
72.01,-0.600945,-0.600945,-1.05537,-1.05537,1.17119,0.321325
72.02,-0.568922,-0.568922,-1.32111,-1.32111,1.33645,0.531875
72.03,-0.535891,-0.535891,-1.58313,-1.58313,1.49837,0.74051
72.04,-0.502096,-0.502096,-1.84062,-1.84062,1.65655,0.94648
72.05,-0.467782,-0.467782,-2.09277,-2.09277,1.81059,1.14904
72.06,-0.433192,-0.433192,-2.3388,-2.3388,1.9601,1.34747
72.07,-0.398567,-0.398567,-2.57794,-2.57794,2.10471,1.54105
72.08,-0.364144,-0.364144,-2.80944,-2.80944,2.24406,1.72908
72.09,-0.330155,-0.330155,-3.03257,-3.03257,2.3778,1.91089
72.1,-0.296826,-0.296826,-3.24663,-3.24663,2.5056,2.08583
72.11,-0.264377,-0.264377,-3.45096,-3.45096,2.62714,2.25325
72.12,-0.233018,-0.233018,-3.64491,-3.64491,2.74211,2.41257
72.13,-0.202953,-0.202953,-3.82787,-3.82787,2.85022,2.5632
72.14,-0.174374,-0.174374,-3.99927,-3.99927,2.95121,2.70461
72.15,-0.147461,-0.147461,-4.15858,-4.15858,3.04483,2.83629
72.16,-0.122384,-0.122384,-4.30528,-4.30528,3.13083,2.95776
72.17,-0.0993013,-0.0993013,-4.43893,-4.43893,3.20901,3.06858
72.18,-0.0783558,-0.0783558,-4.55909,-4.55909,3.27917,3.16836
72.19,-0.0596775,-0.0596775,-4.6654,-4.6654,3.34113,3.25674
72.2,-0.0433819,-0.0433819,-4.75751,-4.75751,3.39474,3.33339
72.21,-0.0295694,-0.0295694,-4.83514,-4.83514,3.43987,3.39805
72.22,-0.0183246,-0.0183246,-4.89805,-4.89805,3.4764,3.45048
72.23,-0.00971655,-0.00971655,-4.94602,-4.94602,3.50424,3.4905
72.24,-0.00379779,-0.00379779,-4.97893,-4.97893,3.52332,3.51795
72.25,-0.000604461,-0.000604461,-4.99665,-4.99665,3.53359,3.53274
72.26,-0.000156053,-0.000156053,-4.99913,-4.99913,3.53503,3.53481
72.27,-0.0024553,-0.0024553,-4.98638,-4.98638,3.52764,3.52417
72.28,-0.00748816,-0.00748816,-4.95842,-4.95842,3.51143,3.50084
72.29,-0.0152239,-0.0152239,-4.91534,-4.91534,3.48644,3.46491
72.3,-0.0256154,-0.0256154,-4.85729,-4.85729,3.45274,3.41651
72.31,-0.0385988,-0.0385988,-4.78444,-4.78444,3.4104,3.35582
72.32,-0.0540947,-0.0540947,-4.69702,-4.69702,3.35955,3.28304
72.33,-0.0720077,-0.0720077,-4.59531,-4.59531,3.30029,3.19846
72.34,-0.0922273,-0.0922273,-4.47963,-4.47963,3.23279,3.10236
72.35,-0.114628,-0.114628,-4.35034,-4.35034,3.15721,2.9951
72.36,-0.139071,-0.139071,-4.20784,-4.20784,3.07373,2.87706
72.37,-0.165403,-0.165403,-4.05259,-4.05259,2.98257,2.74866
72.38,-0.193458,-0.193458,-3.88508,-3.88508,2.88396,2.61037
72.39,-0.223059,-0.223059,-3.70583,-3.70583,2.77814,2.46269
72.4,-0.254018,-0.254018,-3.51539,-3.51539,2.66538,2.30614
72.41,-0.286134,-0.286134,-3.31438,-3.31438,2.54595,2.1413
72.42,-0.319199,-0.319199,-3.10342,-3.10342,2.42016,1.96874
72.43,-0.352998,-0.352998,-2.88318,-2.88318,2.28832,1.78911
72.44,-0.387305,-0.387305,-2.65433,-2.65433,2.15076,1.60303
72.45,-0.42189,-0.42189,-2.41761,-2.41761,2.00783,1.41119
72.46,-0.456517,-0.456517,-2.17374,-2.17374,1.85987,1.21426
72.47,-0.490948,-0.490948,-1.9235,-1.9235,1.70727,1.01297
72.48,-0.524939,-0.524939,-1.66766,-1.66766,1.5504,0.808027
72.49,-0.558246,-0.558246,-1.40703,-1.40703,1.38966,0.60018
72.5,-0.590624,-0.590624,-1.14241,-1.14241,1.22544,0.390172
72.51,-0.62183,-0.62183,-0.874635,-0.874635,1.05816,0.17876
72.52,-0.65162,-0.65162,-0.604533,-0.604533,0.888235,-0.0332953
72.53,-0.679756,-0.679756,-0.332947,-0.332947,0.716089,-0.245231
72.54,-0.706001,-0.706001,-0.0607189,-0.0607189,0.542153,-0.456284
72.55,-0.730128,-0.730128,0.211306,0.211306,0.366862,-0.665694
72.56,-0.751912,-0.751912,0.482285,0.482285,0.190655,-0.872709
72.57,-0.771138,-0.771138,0.751381,0.751381,0.0139706,-1.07658
72.58,-0.7876,-0.7876,1.01776,1.01776,-0.162749,-1.27658
72.59,-0.801101,-0.801101,1.28061,1.28061,-0.339061,-1.47199
72.6,-0.811455,-0.811455,1.5391,1.5391,-0.514526,-1.6621
72.61,-0.818489,-0.818489,1.79246,1.79246,-0.688705,-1.84622
72.62,-0.822041,-0.822041,2.03991,2.03991,-0.861162,-2.0237
72.63,-0.821966,-0.821966,2.28068,2.28068,-1.03147,-2.1939
72.64,-0.818131,-0.818131,2.51405,2.51405,-1.19919,-2.35621
72.65,-0.810418,-0.810418,2.7393,2.7393,-1.36392,-2.51003
72.66,-0.798729,-0.798729,2.95575,2.95575,-1.52524,-2.65482
72.67,-0.78298,-0.78298,3.16275,3.16275,-1.68275,-2.79005
72.68,-0.763105,-0.763105,3.35968,3.35968,-1.83605,-2.91525
72.69,-0.739055,-0.739055,3.54594,3.54594,-1.98477,-3.02995
72.7,-0.710803,-0.710803,3.72098,3.72098,-2.12852,-3.13375
72.71,-0.678339,-0.678339,3.88429,3.88429,-2.26695,-3.22627
72.72,-0.64167,-0.64167,4.03538,4.03538,-2.39972,-3.30717
72.73,-0.600827,-0.600827,4.17381,4.17381,-2.52648,-3.37618
72.74,-0.555857,-0.555857,4.29919,4.29919,-2.64694,-3.43304
72.75,-0.506828,-0.506828,4.41115,4.41115,-2.76077,-3.47754
72.76,-0.45383,-0.45383,4.50938,4.50938,-2.86771,-3.50952
72.77,-0.396969,-0.396969,4.59362,4.59362,-2.96748,-3.52888
72.78,-0.336372,-0.336372,4.66362,4.66362,-3.05983,-3.53553
72.79,-0.272186,-0.272186,4.71923,4.71923,-3.14453,-3.52946
72.8,-0.204575,-0.204575,4.76029,4.76029,-3.22138,-3.51069
72.81,-0.133724,-0.133724,4.78672,4.78672,-3.29017,-3.47928
72.82,-0.059834,-0.059834,4.79849,4.79849,-3.35074,-3.43535
72.83,0.0168765,0.0168765,4.79559,4.79559,-3.40293,-3.37906
72.84,0.0961717,0.0961717,4.77808,4.77808,-3.44662,-3.31061
72.85,0.1778,0.1778,4.74605,4.74605,-3.48169,-3.23024
72.86,0.261496,0.261496,4.69965,4.69965,-3.50806,-3.13825
72.87,0.346977,0.346977,4.63906,4.63906,-3.52566,-3.03496
72.88,0.433951,0.433951,4.56452,4.56452,-3.53445,-2.92075
72.89,0.522111,0.522111,4.4763,4.4763,-3.53441,-2.79603
72.9,0.611139,0.611139,4.37471,4.37471,-3.52553,-2.66125
72.91,0.700709,0.700709,4.26012,4.26012,-3.50784,-2.51689
72.92,0.790484,0.790484,4.13293,4.13293,-3.48138,-2.36347
72.93,0.880121,0.880121,3.99357,3.99357,-3.44622,-2.20154
72.94,0.969269,0.969269,3.84251,3.84251,-3.40244,-2.03169
72.95,1.05757,1.05757,3.68028,3.68028,-3.35017,-1.85453
72.96,1.14468,1.14468,3.5074,3.5074,-3.28951,-1.6707
72.97,1.23022,1.23022,3.32445,3.32445,-3.22064,-1.48085
72.98,1.31384,1.31384,3.13205,3.13205,-3.14372,-1.28567
72.99,1.39517,1.39517,2.93082,2.93082,-3.05894,-1.08587
73,1.47386,1.47386,2.72142,2.72142,-2.96651,-0.882154
73.01,1.54955,1.54955,2.50453,2.50453,-2.86667,-0.675267
73.02,1.6219,1.6219,2.28085,2.28085,-2.75966,-0.46595
73.03,1.69055,1.69055,2.05111,2.05111,-2.64575,-0.254956
73.04,1.75517,1.75517,1.81605,1.81605,-2.52524,-0.0430447
73.05,1.81545,1.81545,1.57641,1.57641,-2.39841,0.169022
73.06,1.87105,1.87105,1.33297,1.33297,-2.26558,0.38048
73.07,1.92168,1.92168,1.08649,1.08649,-2.12709,0.590569
73.08,1.96705,1.96705,0.837751,0.837751,-1.98329,0.798532
73.09,2.00688,2.00688,0.58754,0.58754,-1.83453,1.00362
73.1,2.04091,2.04091,0.336642,0.336642,-1.68118,1.2051
73.11,2.06891,2.06891,0.0858387,0.0858387,-1.52363,1.40224
73.12,2.09064,2.09064,-0.164089,-0.164089,-1.36228,1.59433
73.13,2.10591,2.10591,-0.412367,-0.412367,-1.19752,1.78069
73.14,2.11453,2.11453,-0.65823,-0.65823,-1.02976,1.96064
73.15,2.11634,2.11634,-0.900923,-0.900923,-0.859432,2.13353
73.16,2.11121,2.11121,-1.13971,-1.13971,-0.686955,2.29874
73.17,2.09901,2.09901,-1.37385,-1.37385,-0.512761,2.45568
73.18,2.07965,2.07965,-1.60266,-1.60266,-0.337286,2.60379
73.19,2.05307,2.05307,-1.82543,-1.82543,-0.160967,2.74252
73.2,2.01923,2.01923,-2.04151,-2.04151,0.0157538,2.87138
73.21,1.97811,1.97811,-2.25025,-2.25025,0.192435,2.98991
73.22,1.92972,1.92972,-2.45105,-2.45105,0.368636,3.09767
73.23,1.8741,1.8741,-2.64331,-2.64331,0.543915,3.19429
73.24,1.81131,1.81131,-2.82648,-2.82648,0.717835,3.27941
73.25,1.74144,1.74144,-3.00004,-3.00004,0.88996,3.35273
73.26,1.66462,1.66462,-3.16349,-3.16349,1.05986,3.41399
73.27,1.58098,1.58098,-3.31638,-3.31638,1.22711,3.46296
73.28,1.4907,1.4907,-3.45829,-3.45829,1.3913,3.49946
73.29,1.39397,1.39397,-3.58883,-3.58883,1.55201,3.52337
73.3,1.29101,1.29101,-3.70767,-3.70767,1.70883,3.5346
73.31,1.18208,1.18208,-3.81449,-3.81449,1.86139,3.53311
73.32,1.06745,1.06745,-3.90903,-3.90903,2.00929,3.5189
73.33,0.947422,0.947422,-3.99106,-3.99106,2.15218,3.49203
73.34,0.822306,0.822306,-4.0604,-4.0604,2.28968,3.4526
73.35,0.69245,0.69245,-4.11691,-4.11691,2.42146,3.40073
73.36,0.55822,0.55822,-4.16049,-4.16049,2.54719,3.33663
73.37,0.420001,0.420001,-4.19107,-4.19107,2.66655,3.26052
73.38,0.278197,0.278197,-4.20864,-4.20864,2.77924,3.17267
73.39,0.133231,0.133231,-4.21323,-4.21323,2.88499,3.07341
73.4,-0.0144568,-0.0144568,-4.20489,-4.20489,2.98353,2.96309
73.41,-0.164412,-0.164412,-4.18375,-4.18375,3.07461,2.8421
73.42,-0.316166,-0.316166,-4.14993,-4.14993,3.15801,2.71088
73.43,-0.469238,-0.469238,-4.10364,-4.10364,3.23351,2.56991
73.44,-0.623134,-0.623134,-4.04509,-4.04509,3.30093,2.41969
73.45,-0.777354,-0.777354,-3.97455,-3.97455,3.3601,2.26076
73.46,-0.931389,-0.931389,-3.89231,-3.89231,3.41087,2.09369
73.47,-1.08472,-1.08472,-3.79872,-3.79872,3.45312,1.91909
73.48,-1.23684,-1.23684,-3.69415,-3.69415,3.48673,1.73758
73.49,-1.38721,-1.38721,-3.57899,-3.57899,3.51163,1.54982
73.5,-1.53532,-1.53532,-3.45368,-3.45368,3.52776,1.35648
73.51,-1.68065,-1.68065,-3.31868,-3.31868,3.53506,1.15826
73.52,-1.82268,-1.82268,-3.17449,-3.17449,3.53353,0.95587
73.53,-1.9609,-1.9609,-3.02162,-3.02162,3.52317,0.75004
73.54,-2.0948,-2.0948,-2.86061,-2.86061,3.504,0.541512
73.55,-2.22388,-2.22388,-2.69203,-2.69203,3.47607,0.331034
73.56,-2.34766,-2.34766,-2.51647,-2.51647,3.43946,0.119365
73.57,-2.46567,-2.46567,-2.33452,-2.33452,3.39425,-0.0927341
73.58,-2.57744,-2.57744,-2.14681,-2.14681,3.34055,-0.304499
73.59,-2.68253,-2.68253,-1.95397,-1.95397,3.2785,-0.515168
73.6,-2.78052,-2.78052,-1.75665,-1.75665,3.20826,-0.723983
73.61,-2.87099,-2.87099,-1.5555,-1.5555,3.13,-0.930193
73.62,-2.95357,-2.95357,-1.35119,-1.35119,3.04392,-1.13305
73.63,-3.02788,-3.02788,-1.14438,-1.14438,2.95023,-1.33184
73.64,-3.09359,-3.09359,-0.935741,-0.935741,2.84917,-1.52583
73.65,-3.15038,-3.15038,-0.725952,-0.725952,2.74098,-1.71433
73.66,-3.19796,-3.19796,-0.515682,-0.515682,2.62594,-1.89666
73.67,-3.23608,-3.23608,-0.305598,-0.305598,2.50434,-2.07216
73.68,-3.26449,-3.26449,-0.0963601,-0.0963601,2.37648,-2.24021
73.69,-3.28301,-3.28301,0.111377,0.111377,2.24268,-2.40019
73.7,-3.29145,-3.29145,0.316969,0.316969,2.10328,-2.55154
73.71,-3.28968,-3.28968,0.519786,0.519786,1.95861,-2.6937
73.72,-3.2776,-3.2776,0.719209,0.719209,1.80906,-2.82617
73.73,-3.25513,-3.25513,0.914638,0.914638,1.65498,-2.94847
73.74,-3.22222,-3.22222,1.10549,1.10549,1.49676,-3.06015
73.75,-3.17889,-3.17889,1.2912,1.2912,1.3348,-3.16083
73.76,-3.12515,-3.12515,1.47122,1.47122,1.16951,-3.25012
73.77,-3.06108,-3.06108,1.64504,1.64504,1.00129,-3.32772
73.78,-2.98676,-2.98676,1.81216,1.81216,0.830569,-3.39335
73.79,-2.90234,-2.90234,1.97211,1.97211,0.657774,-3.44676
73.8,-2.80799,-2.80799,2.12446,2.12446,0.483334,-3.48777
73.81,-2.70391,-2.70391,2.26878,2.26878,0.307685,-3.51622
73.82,-2.59034,-2.59034,2.4047,2.4047,0.131268,-3.53202
73.83,-2.46755,-2.46755,2.53186,2.53186,-0.045477,-3.53511
73.84,-2.33584,-2.33584,2.64994,2.64994,-0.222109,-3.52548
73.85,-2.19555,-2.19555,2.75867,2.75867,-0.398185,-3.50316
73.86,-2.04705,-2.04705,2.85777,2.85777,-0.573266,-3.46823
73.87,-1.89073,-1.89073,2.94703,2.94703,-0.746915,-3.42082
73.88,-1.72704,-1.72704,3.02627,3.02627,-0.918696,-3.3611
73.89,-1.55641,-1.55641,3.09533,3.09533,-1.08818,-3.28928
73.9,-1.37933,-1.37933,3.1541,3.1541,-1.25495,-3.20562
73.91,-1.19632,-1.19632,3.20249,3.20249,-1.41857,-3.11043
73.92,-1.0079,-1.0079,3.24046,3.24046,-1.57866,-3.00404
73.93,-0.81462,-0.81462,3.26799,3.26799,-1.73479,-2.88684
73.94,-0.617062,-0.617062,3.28511,3.28511,-1.8866,-2.75925
73.95,-0.415816,-0.415816,3.29188,3.29188,-2.03368,-2.62173
73.96,-0.211493,-0.211493,3.28837,3.28837,-2.17568,-2.47478
73.97,-0.00471784,-0.00471784,3.27473,3.27473,-2.31225,-2.31892
73.98,0.203872,0.203872,3.2511,3.2511,-2.44303,-2.15471
73.99,0.413628,0.413628,3.21766,3.21766,-2.56771,-1.98275
74,0.623891,0.623891,3.17465,3.17465,-2.68597,-1.80366
74.01,0.833997,0.833997,3.12229,3.12229,-2.79752,-1.61807
74.02,1.04328,1.04328,3.06088,3.06088,-2.90207,-1.42666
74.03,1.25106,1.25106,2.9907,2.9907,-2.99937,-1.23011
74.04,1.45667,1.45667,2.91209,2.91209,-3.08918,-1.02914
74.05,1.65944,1.65944,2.8254,2.8254,-3.17126,-0.824464
74.06,1.8587,1.8587,2.73101,2.73101,-3.24542,-0.61682
74.07,2.0538,2.0538,2.62932,2.62932,-3.31146,-0.406957
74.08,2.24407,2.24407,2.52074,2.52074,-3.36923,-0.195629
74.09,2.4289,2.4289,2.4057,2.4057,-3.41858,0.0164031
74.1,2.60764,2.60764,2.28466,2.28466,-3.45938,0.228376
74.11,2.77968,2.77968,2.15809,2.15809,-3.49153,0.439527
74.12,2.94443,2.94443,2.02647,2.02647,-3.51496,0.649096
74.13,3.10132,3.10132,1.89029,1.89029,-3.5296,0.85633
74.14,3.24979,3.24979,1.75005,1.75005,-3.53542,1.06048
74.15,3.38932,3.38932,1.60626,1.60626,-3.53241,1.26082
74.16,3.51939,3.51939,1.45943,1.45943,-3.52056,1.45661
74.17,3.63954,3.63954,1.31009,1.31009,-3.49992,1.64717
74.18,3.7493,3.7493,1.15875,1.15875,-3.47052,1.83179
74.19,3.84828,3.84828,1.00595,1.00595,-3.43245,2.00983
74.2,3.93607,3.93607,0.852188,0.852188,-3.38581,2.18063
74.21,4.01232,4.01232,0.697995,0.697995,-3.3307,2.34358
74.22,4.07673,4.07673,0.543878,0.543878,-3.26726,2.4981
74.23,4.129,4.129,0.390344,0.390344,-3.19566,2.64363
74.24,4.1689,4.1689,0.23789,0.23789,-3.11607,2.77965
74.25,4.19622,4.19622,0.0870015,0.0870015,-3.02869,2.90566
74.26,4.21079,4.21079,-0.0618451,-0.0618451,-2.93375,3.02121
74.27,4.21249,4.21249,-0.208188,-0.208188,-2.83147,3.12589
74.28,4.20122,4.20122,-0.351581,-0.351581,-2.72211,3.21932
74.29,4.17696,4.17696,-0.491592,-0.491592,-2.60595,3.30116
74.3,4.13969,4.13969,-0.627808,-0.627808,-2.48327,3.37113
74.31,4.08945,4.08945,-0.759834,-0.759834,-2.35439,3.42896
74.32,4.02632,4.02632,-0.887296,-0.887296,-2.21962,3.47445
74.33,3.95043,3.95043,-1.00984,-1.00984,-2.07931,3.50744
74.34,3.86193,3.86193,-1.12713,-1.12713,-1.9338,3.5278
74.35,3.76104,3.76104,-1.23886,-1.23886,-1.78345,3.53547
74.36,3.64801,3.64801,-1.34475,-1.34475,-1.62865,3.53041
74.37,3.52311,3.52311,-1.44453,-1.44453,-1.46978,3.51265
74.38,3.38667,3.38667,-1.53797,-1.53797,-1.30723,3.48224
74.39,3.23906,3.23906,-1.62486,-1.62486,-1.14141,3.43931
74.4,3.08068,3.08068,-1.70501,-1.70501,-0.972747,3.38399
74.41,2.91197,2.91197,-1.77827,-1.77827,-0.801648,3.3165
74.42,2.7334,2.7334,-1.84451,-1.84451,-0.628545,3.23707
74.43,2.54549,2.54549,-1.90362,-1.90362,-0.453871,3.14599
74.44,2.34876,2.34876,-1.95552,-1.95552,-0.278063,3.04359
74.45,2.1438,2.1438,-2.00018,-2.00018,-0.10156,2.93024
74.46,1.93121,1.93121,-2.03755,-2.03755,0.0751971,2.80634
74.47,1.7116,1.7116,-2.06765,-2.06765,0.251766,2.67234
74.48,1.48564,1.48564,-2.09051,-2.09051,0.427706,2.52872
74.49,1.254,1.254,-2.10617,-2.10617,0.602577,2.376
74.5,1.01738,1.01738,-2.11473,-2.11473,0.775941,2.21473
74.51,0.776492,0.776492,-2.11627,-2.11627,0.947367,2.04549
74.52,0.532075,0.532075,-2.11094,-2.11094,1.11642,1.86889
74.53,0.284874,0.284874,-2.09887,-2.09887,1.28269,1.68556
74.54,0.0356515,0.0356515,-2.08025,-2.08025,1.44575,1.49617
74.55,-0.214824,-0.214824,-2.05527,-2.05527,1.6052,1.30139
74.56,-0.465774,-0.465774,-2.02414,-2.02414,1.76063,1.10193
74.57,-0.716416,-0.716416,-1.98709,-1.98709,1.91167,0.898503
74.58,-0.965966,-0.965966,-1.94438,-1.94438,2.05792,0.691841
74.59,-1.21364,-1.21364,-1.89627,-1.89627,2.19904,0.48269
74.6,-1.45866,-1.45866,-1.84304,-1.84304,2.33465,0.271802
74.61,-1.70024,-1.70024,-1.785,-1.785,2.46443,0.0599355
74.62,-1.93761,-1.93761,-1.72245,-1.72245,2.58805,-0.152147
74.63,-2.17003,-2.17003,-1.65571,-1.65571,2.70521,-0.363681
74.64,-2.39674,-2.39674,-1.58511,-1.58511,2.8156,-0.573907
74.65,-2.61701,-2.61701,-1.511,-1.511,2.91895,-0.782067
74.66,-2.83014,-2.83014,-1.43372,-1.43372,3.01501,-0.987413
74.67,-3.03542,-3.03542,-1.35363,-1.35363,3.10353,-1.18921
74.68,-3.23219,-3.23219,-1.27108,-1.27108,3.18429,-1.38672
74.69,-3.4198,-3.4198,-1.18642,-1.18642,3.25709,-1.57924
74.7,-3.59764,-3.59764,-1.10003,-1.10003,3.32176,-1.76608
74.71,-3.76512,-3.76512,-1.01227,-1.01227,3.37812,-1.94656
74.72,-3.92167,-3.92167,-0.923483,-0.923483,3.42604,-2.12004
74.73,-4.06676,-4.06676,-0.834039,-0.834039,3.46539,-2.28588
74.74,-4.19992,-4.19992,-0.744288,-0.744288,3.49608,-2.4435
74.75,-4.32068,-4.32068,-0.654576,-0.654576,3.51804,-2.59233
74.76,-4.42863,-4.42863,-0.565243,-0.565243,3.5312,-2.73182
74.77,-4.52338,-4.52338,-0.476621,-0.476621,3.53553,-2.86149
74.78,-4.6046,-4.6046,-0.389033,-0.389033,3.53103,-2.98086
74.79,-4.67199,-4.67199,-0.302789,-0.302789,3.5177,-3.08949
74.8,-4.72531,-4.72531,-0.218191,-0.218191,3.49558,-3.18701
74.81,-4.76434,-4.76434,-0.135525,-0.135525,3.46473,-3.27306
74.82,-4.78891,-4.78891,-0.0550644,-0.0550644,3.42521,-3.34733
74.83,-4.79891,-4.79891,0.0229313,0.0229313,3.37713,-3.40956
74.84,-4.79427,-4.79427,0.098219,0.098219,3.32061,-3.45951
74.85,-4.77495,-4.77495,0.170572,0.170572,3.25579,-3.49701
74.86,-4.74098,-4.74098,0.239779,0.239779,3.18283,-3.52193
74.87,-4.69243,-4.69243,0.30565,0.30565,3.10192,-3.53417
74.88,-4.62939,-4.62939,0.368009,0.368009,3.01325,-3.5337
74.89,-4.55204,-4.55204,0.4267,0.4267,2.91706,-3.5205
74.9,-4.46057,-4.46057,0.481589,0.481589,2.81357,-3.49464
74.91,-4.35524,-4.35524,0.532557,0.532557,2.70305,-3.45619
74.92,-4.23633,-4.23633,0.579507,0.579507,2.58577,-3.40531
74.93,-4.10419,-4.10419,0.622361,0.622361,2.46203,-3.34218
74.94,-3.95919,-3.95919,0.661061,0.661061,2.33213,-3.26701
74.95,-3.80176,-3.80176,0.695569,0.695569,2.19641,-3.18009
74.96,-3.63235,-3.63235,0.725866,0.725866,2.0552,-3.08173
74.97,-3.45147,-3.45147,0.751953,0.751953,1.90885,-2.97227
74.98,-3.25965,-3.25965,0.77385,0.77385,1.75772,-2.85211
74.99,-3.05746,-3.05746,0.791595,0.791595,1.60221,-2.72169
75,-2.84552,-2.84552,0.805246,0.805246,1.44269,-2.58148
75.01,-2.62446,-2.62446,0.814877,0.814877,1.27957,-2.43198
75.02,-2.39494,-2.39494,0.820581,0.820581,1.11324,-2.27372
75.03,-2.15768,-2.15768,0.822466,0.822466,0.944136,-2.10728
75.04,-1.91338,-1.91338,0.820658,0.820658,0.77267,-1.93325
75.05,-1.66279,-1.66279,0.815295,0.815295,0.599272,-1.75227
75.06,-1.40669,-1.40669,0.806532,0.806532,0.424377,-1.56498
75.07,-1.14586,-1.14586,0.794536,0.794536,0.248421,-1.37206
75.08,-0.881091,-0.881091,0.779488,0.779488,0.0718445,-1.17421
75.09,-0.613211,-0.613211,0.761578,0.761578,-0.104912,-0.972123
75.1,-0.343042,-0.343042,0.74101,0.74101,-0.281406,-0.76654
75.11,-0.0714191,-0.0714191,0.717993,0.717993,-0.457197,-0.558199
75.12,0.200816,0.200816,0.692748,0.692748,-0.631845,-0.347848
75.13,0.472819,0.472819,0.6655,0.6655,-0.804913,-0.136246
75.14,0.743747,0.743747,0.636484,0.636484,-0.97597,0.0758463
75.15,1.01276,1.01276,0.605935,0.605935,-1.14459,0.287666
75.16,1.27901,1.27901,0.574096,0.574096,-1.31034,0.49845
75.17,1.54168,1.54168,0.541209,0.541209,-1.47283,0.70744
75.18,1.79995,1.79995,0.50752,0.50752,-1.63163,0.913885
75.19,2.05301,2.05301,0.473272,0.473272,-1.78635,1.11704
75.2,2.30006,2.30006,0.43871,0.43871,-1.9366,1.31618
75.21,2.54035,2.54035,0.404074,0.404074,-2.08202,1.51057
75.22,2.77311,2.77311,0.369603,0.369603,-2.22223,1.69954
75.23,2.99762,2.99762,0.33553,0.33553,-2.35689,1.88238
75.24,3.21317,3.21317,0.302081,0.302081,-2.48566,2.05845
75.25,3.41909,3.41909,0.269477,0.269477,-2.60821,2.22711
75.26,3.61474,3.61474,0.237931,0.237931,-2.72425,2.38776
75.27,3.79949,3.79949,0.207647,0.207647,-2.83347,2.53982
75.28,3.97277,3.97277,0.178818,0.178818,-2.93562,2.68273
75.29,4.13404,4.13404,0.151628,0.151628,-3.03042,2.81599
75.3,4.28278,4.28278,0.126249,0.126249,-3.11765,2.93911
75.31,4.41854,4.41854,0.102838,0.102838,-3.19709,3.05166
75.32,4.54087,4.54087,0.0815431,0.0815431,-3.26854,3.15322
75.33,4.64941,4.64941,0.0624956,0.0624956,-3.33182,3.24344
75.34,4.7438,4.7438,0.0458134,0.0458134,-3.38677,3.32198
75.35,4.82376,4.82376,0.0315993,0.0315993,-3.43326,3.38857
75.36,4.88902,4.88902,0.0199406,0.0199406,-3.47116,3.44296
75.37,4.93939,4.93939,0.0109086,0.0109086,-3.50039,3.48496
75.38,4.9747,4.9747,0.00455871,0.00455871,-3.52087,3.51442
75.39,4.99484,4.99484,0.00092958,0.00092958,-3.53255,3.53123
75.4,4.99976,4.99976,4.33845e-05,4.33845e-05,-3.53539,3.53533
75.41,4.98943,4.98943,0.00190553,0.00190553,-3.52941,3.52671
75.42,4.96389,4.96389,0.00650465,0.00650465,-3.5146,3.5054
75.43,4.92321,4.92321,0.0138127,0.0138127,-3.491,3.47147
75.44,4.86753,4.86753,0.023785,0.023785,-3.45868,3.42505
75.45,4.79702,4.79702,0.0363606,0.0363606,-3.41772,3.3663
75.46,4.71191,4.71191,0.0514623,0.0514623,-3.36821,3.29543
75.47,4.61245,4.61245,0.0689973,0.0689973,-3.31029,3.21271
75.48,4.49897,4.49897,0.0888575,0.0888575,-3.24409,3.11842
75.49,4.37182,4.37182,0.11092,0.11092,-3.16978,3.01291
75.5,4.2314,4.2314,0.135047,0.135047,-3.08755,2.89656
75.51,4.07815,4.07815,0.161089,0.161089,-2.9976,2.76978
75.52,3.91256,3.91256,0.188882,0.188882,-2.90016,2.63304
75.53,3.73514,3.73514,0.218249,0.218249,-2.79547,2.48682
75.54,3.54645,3.54645,0.249004,0.249004,-2.68379,2.33164
75.55,3.34708,3.34708,0.28095,0.28095,-2.5654,2.16808
75.56,3.13766,3.13766,0.313878,0.313878,-2.44061,1.99672
75.57,2.91885,2.91885,0.347575,0.347575,-2.30971,1.81817
75.58,2.69133,2.69133,0.381816,0.381816,-2.17304,1.63307
75.59,2.45581,2.45581,0.416372,0.416372,-2.03094,1.4421
75.6,2.21303,2.21303,0.451009,0.451009,-1.88376,1.24594
75.61,1.96375,1.96375,0.485487,0.485487,-1.73187,1.04529
75.62,1.70875,1.70875,0.519565,0.519565,-1.57566,0.840881
75.63,1.44883,1.44883,0.552997,0.552997,-1.4155,0.633447
75.64,1.18479,1.18479,0.58554,0.58554,-1.25181,0.423733
75.65,0.917459,0.917459,0.616948,0.616948,-1.08499,0.212493
75.66,0.647672,0.647672,0.64698,0.64698,-0.915458,0.00048949
75.67,0.376266,0.376266,0.675395,0.675395,-0.743637,-0.211516
75.68,0.104084,0.104084,0.701957,0.701957,-0.569957,-0.422761
75.69,-0.16803,-0.16803,0.726437,0.726437,-0.394853,-0.632484
75.7,-0.439232,-0.439232,0.748608,0.748608,-0.218762,-0.83993
75.71,-0.708684,-0.708684,0.768256,0.768256,-0.042124,-1.04435
75.72,-0.975552,-0.975552,0.785172,0.785172,0.134619,-1.24502
75.73,-1.23901,-1.23901,0.799157,0.799157,0.311026,-1.4412
75.74,-1.49826,-1.49826,0.810024,0.810024,0.486655,-1.6322
75.75,-1.75249,-1.75249,0.817597,0.817597,0.661068,-1.81733
75.76,-2.00093,-2.00093,0.821715,0.821715,0.833828,-1.99591
75.77,-2.24281,-2.24281,0.822226,0.822226,1.0045,-2.16731
75.78,-2.4774,-2.4774,0.818998,0.818998,1.17267,-2.33091
75.79,-2.70399,-2.70399,0.811911,0.811911,1.33791,-2.48612
75.8,-2.92189,-2.92189,0.800861,0.800861,1.4998,-2.63238
75.81,-3.13044,-3.13044,0.785763,0.785763,1.65794,-2.76917
75.82,-3.32901,-3.32901,0.766549,0.766549,1.81194,-2.896
75.83,-3.51701,-3.51701,0.743167,0.743167,1.9614,-3.0124
75.84,-3.69388,-3.69388,0.715585,0.715585,2.10597,-3.11796
75.85,-3.85909,-3.85909,0.683791,0.683791,2.24527,-3.2123
75.86,-4.01215,-4.01215,0.647791,0.647791,2.37896,-3.29508
75.87,-4.15263,-4.15263,0.607609,0.607609,2.50671,-3.366
75.88,-4.28011,-4.28011,0.563293,0.563293,2.62819,-3.4248
75.89,-4.39423,-4.39423,0.514905,0.514905,2.7431,-3.47128
75.9,-4.49467,-4.49467,0.462532,0.462532,2.85115,-3.50527
75.91,-4.58115,-4.58115,0.406278,0.406278,2.95208,-3.52664
75.92,-4.65343,-4.65343,0.346267,0.346267,3.04563,-3.53532
75.93,-4.71134,-4.71134,0.282642,0.282642,3.13156,-3.53128
75.94,-4.75473,-4.75473,0.215565,0.215565,3.20967,-3.51453
75.95,-4.7835,-4.7835,0.145217,0.145217,3.27976,-3.48513
75.96,-4.7976,-4.7976,0.0717968,0.0717968,3.34165,-3.44318
75.97,-4.79703,-4.79703,-0.00447981,-0.00447981,3.39518,-3.38885
75.98,-4.78184,-4.78184,-0.0833798,-0.0833798,3.44023,-3.32232
75.99,-4.75212,-4.75212,-0.164654,-0.164654,3.47668,-3.24383
76,-4.708,-4.708,-0.248039,-0.248039,3.50445,-3.15367
76.01,-4.64965,-4.64965,-0.333255,-0.333255,3.52345,-3.05215
76.02,-4.57731,-4.57731,-0.420012,-0.420012,3.53364,-2.93966
76.03,-4.49125,-4.49125,-0.508003,-0.508003,3.53501,-2.81658
76.04,-4.39177,-4.39177,-0.596915,-0.596915,3.52753,-2.68337
76.05,-4.27923,-4.27923,-0.686421,-0.686421,3.51124,-2.5405
76.06,-4.15401,-4.15401,-0.776186,-0.776186,3.48618,-2.38848
76.07,-4.01656,-4.01656,-0.865868,-0.865868,3.4524,-2.22787
76.08,-3.86733,-3.86733,-0.955118,-0.955118,3.40999,-2.05925
76.09,-3.70684,-3.70684,-1.04358,-1.04358,3.35906,-1.88321
76.1,-3.53562,-3.53562,-1.1309,-1.1309,3.29973,-1.70039
76.11,-3.35424,-3.35424,-1.21672,-1.21672,3.23215,-1.51146
76.12,-3.1633,-3.1633,-1.30066,-1.30066,3.1565,-1.31708
76.13,-2.96343,-2.96343,-1.38238,-1.38238,3.07296,-1.11797
76.14,-2.75528,-2.75528,-1.46152,-1.46152,2.98173,-0.91483
76.15,-2.53954,-2.53954,-1.53771,-1.53771,2.88305,-0.708399
76.16,-2.3169,-2.3169,-1.61061,-1.61061,2.77717,-0.499419
76.17,-2.08808,-2.08808,-1.67988,-1.67988,2.66435,-0.288641
76.18,-1.85381,-1.85381,-1.74516,-1.74516,2.54486,-0.076825
76.19,-1.61485,-1.61485,-1.80615,-1.80615,2.41902,0.135268
76.2,-1.37196,-1.37196,-1.86252,-1.86252,2.28712,0.346874
76.21,-1.12591,-1.12591,-1.91396,-1.91396,2.14952,0.557232
76.22,-0.877485,-0.877485,-1.96018,-1.96018,2.00653,0.765584
76.23,-0.627457,-0.627457,-2.00091,-2.00091,1.85854,0.971181
76.24,-0.376615,-0.376615,-2.03589,-2.03589,1.7059,1.17328
76.25,-0.125744,-0.125744,-2.06486,-2.06486,1.54899,1.37116
76.26,0.124375,0.124375,-2.08761,-2.08761,1.38821,1.56411
76.27,0.372967,0.372967,-2.10392,-2.10392,1.22397,1.75142
76.28,0.619265,0.619265,-2.11361,-2.11361,1.05666,1.93243
76.29,0.862513,0.862513,-2.11652,-2.11652,0.886715,2.10649
76.3,1.10197,1.10197,-2.1125,-2.1125,0.714551,2.27297
76.31,1.3369,1.3369,-2.10143,-2.10143,0.540602,2.43127
76.32,1.5666,1.5666,-2.08322,-2.08322,0.365301,2.58081
76.33,1.79038,1.79038,-2.05779,-2.05779,0.189087,2.72107
76.34,2.00757,2.00757,-2.02511,-2.02511,0.0124006,2.85154
76.35,2.21753,2.21753,-1.98515,-1.98515,-0.164317,2.97174
76.36,2.41963,2.41963,-1.93791,-1.93791,-0.340624,3.08125
76.37,2.61329,2.61329,-1.88344,-1.88344,-0.516079,3.17966
76.38,2.79794,2.79794,-1.82179,-1.82179,-0.690244,3.26664
76.39,2.97306,2.97306,-1.75304,-1.75304,-0.862685,3.34186
76.4,3.13815,3.13815,-1.67732,-1.67732,-1.03297,3.40505
76.41,3.29275,3.29275,-1.59475,-1.59475,-1.20067,3.45599
76.42,3.43644,3.43644,-1.50551,-1.50551,-1.36537,3.49449
76.43,3.56882,3.56882,-1.40979,-1.40979,-1.52666,3.52041
76.44,3.68954,3.68954,-1.30782,-1.30782,-1.68413,3.53366
76.45,3.79829,3.79829,-1.19982,-1.19982,-1.8374,3.5342
76.46,3.8948,3.8948,-1.08608,-1.08608,-1.98607,3.52202
76.47,3.97884,3.97884,-0.966888,-0.966888,-2.12977,3.49716
76.48,4.05021,4.05021,-0.842559,-0.842559,-2.26816,3.45971
76.49,4.10878,4.10878,-0.713434,-0.713434,-2.40087,3.40982
76.5,4.15442,4.15442,-0.579876,-0.579876,-2.52758,3.34765
76.51,4.18707,4.18707,-0.442265,-0.442265,-2.64798,3.27343
76.52,4.20671,4.20671,-0.301004,-0.301004,-2.76175,3.18744
76.53,4.21336,4.21336,-0.156513,-0.156513,-2.86863,3.08997
76.54,4.20708,4.20708,-0.00922854,-0.00922854,-2.96833,2.98138
76.55,4.18797,4.18797,0.140397,0.140397,-3.06062,2.86206
76.56,4.15616,4.15616,0.291896,0.291896,-3.14525,2.73245
76.57,4.11184,4.11184,0.444791,0.444791,-3.22202,2.59299
76.58,4.05522,4.05522,0.598589,0.598589,-3.29074,2.44421
76.59,3.98657,3.98657,0.752791,0.752791,-3.35124,2.28663
76.6,3.90618,3.90618,0.90689,0.90689,-3.40335,2.12082
76.61,3.81438,3.81438,1.06037,1.06037,-3.44697,1.94738
76.62,3.71152,3.71152,1.21271,1.21271,-3.48196,1.76692
76.63,3.59802,3.59802,1.3634,1.3634,-3.50825,1.58011
76.64,3.4743,3.4743,1.51191,1.51191,-3.52578,1.38762
76.65,3.34081,3.34081,1.65771,1.65771,-3.53449,1.19013
76.66,3.19805,3.19805,1.8003,1.8003,-3.53437,0.988353
76.67,3.04652,3.04652,1.93916,1.93916,-3.52541,0.783022
76.68,2.88677,2.88677,2.07378,2.07378,-3.50764,0.574873
76.69,2.71936,2.71936,2.20366,2.20366,-3.4811,0.364655
76.7,2.54487,2.54487,2.32832,2.32832,-3.44587,0.153125
76.71,2.3639,2.3639,2.44728,2.44728,-3.40202,-0.0589567
76.72,2.17707,2.17707,2.56007,2.56007,-3.34966,-0.270826
76.73,1.985,1.985,2.66626,2.66626,-3.28894,-0.48172
76.74,1.78835,1.78835,2.76541,2.76541,-3.21999,-0.690881
76.75,1.58777,1.58777,2.8571,2.8571,-3.143,-0.897556
76.76,1.38391,1.38391,2.94096,2.94096,-3.05815,-1.101
76.77,1.17745,1.17745,3.01661,3.01661,-2.96565,-1.30048
76.78,0.969064,0.969064,3.08371,3.08371,-2.86575,-1.49528
76.79,0.759414,0.759414,3.14194,3.14194,-2.75868,-1.6847
76.8,0.549176,0.549176,3.19101,3.19101,-2.64471,-1.86806
76.81,0.339017,0.339017,3.23065,3.23065,-2.52414,-2.04469
76.82,0.129601,0.129601,3.26063,3.26063,-2.39725,-2.21397
76.83,-0.0784185,-0.0784185,3.28073,3.28073,-2.26438,-2.37528
76.84,-0.284395,-0.284395,3.29079,3.29079,-2.12584,-2.52804
76.85,-0.487696,-0.487696,3.29065,3.29065,-1.98199,-2.6717
76.86,-0.6877,-0.6877,3.28022,3.28022,-1.83319,-2.80574
76.87,-0.883804,-0.883804,3.2594,3.2594,-1.6798,-2.92969
76.88,-1.07542,-1.07542,3.22816,3.22816,-1.52222,-3.04309
76.89,-1.26199,-1.26199,3.18649,3.18649,-1.36083,-3.14555
76.9,-1.44295,-1.44295,3.1344,3.1344,-1.19604,-3.23668
76.91,-1.61779,-1.61779,3.07197,3.07197,-1.02826,-3.31616
76.92,-1.78601,-1.78601,2.99928,2.99928,-0.857909,-3.38371
76.93,-1.94714,-1.94714,2.91646,2.91646,-0.685415,-3.43908
76.94,-2.10072,-2.10072,2.82368,2.82368,-0.511208,-3.48207
76.95,-2.24635,-2.24635,2.72113,2.72113,-0.335723,-3.51254
76.96,-2.38363,-2.38363,2.60905,2.60905,-0.159399,-3.53036
76.97,-2.51221,-2.51221,2.48771,2.48771,0.0173238,-3.53547
76.98,-2.63176,-2.63176,2.3574,2.3574,0.194003,-3.52786
76.99,-2.74199,-2.74199,2.21845,2.21845,0.370197,-3.50756
77,-2.84264,-2.84264,2.07123,2.07123,0.545467,-3.47463
77.01,-2.93348,-2.93348,1.91614,1.91614,0.719372,-3.4292
77.02,-3.01433,-3.01433,1.75358,1.75358,0.89148,-3.37142
77.03,-3.08502,-3.08502,1.58403,1.58403,1.06136,-3.30151
77.04,-3.14543,-3.14543,1.40795,1.40795,1.22859,-3.21972
77.05,-3.19548,-3.19548,1.22584,1.22584,1.39274,-3.12635
77.06,-3.23511,-3.23511,1.03825,1.03825,1.55342,-3.02172
77.07,-3.2643,-3.2643,0.845704,0.845704,1.71021,-2.90621
77.08,-3.28308,-3.28308,0.648788,0.648788,1.86273,-2.78025
77.09,-3.29149,-3.29149,0.44809,0.44809,2.01059,-2.64428
77.1,-3.28961,-3.28961,0.244215,0.244215,2.15342,-2.4988
77.11,-3.27758,-3.27758,0.0377881,0.0377881,2.29088,-2.34432
77.12,-3.25552,-3.25552,-0.170556,-0.170556,2.4226,-2.1814
77.13,-3.22364,-3.22364,-0.38017,-0.38017,2.54828,-2.01063
77.14,-3.18213,-3.18213,-0.590397,-0.590397,2.66758,-1.83263
77.15,-3.13124,-3.13124,-0.800572,-0.800572,2.78021,-1.64803
77.16,-3.07125,-3.07125,-1.01003,-1.01003,2.8859,-1.4575
77.17,-3.00245,-3.00245,-1.21809,-1.21809,2.98437,-1.26173
77.18,-2.92516,-2.92516,-1.42409,-1.42409,3.07539,-1.06141
77.19,-2.83974,-2.83974,-1.62736,-1.62736,3.15871,-0.857279
77.2,-2.74655,-2.74655,-1.82723,-1.82723,3.23415,-0.650059
77.21,-2.64599,-2.64599,-2.02303,-2.02303,3.30149,-0.440499
77.22,-2.53847,-2.53847,-2.21412,-2.21412,3.36059,-0.229353
77.23,-2.42443,-2.42443,-2.39985,-2.39985,3.41129,-0.0173821
77.24,-2.30432,-2.30432,-2.5796,-2.5796,3.45346,0.194651
77.25,-2.1786,-2.1786,-2.75275,-2.75275,3.48699,0.405984
77.26,-2.04775,-2.04775,-2.9187,-2.9187,3.51182,0.615856
77.27,-1.91226,-1.91226,-3.07688,-3.07688,3.52786,0.823512
77.28,-1.77263,-1.77263,-3.22673,-3.22673,3.53509,1.0282
77.29,-1.62937,-1.62937,-3.36772,-3.36772,3.53348,1.22919
77.3,-1.483,-1.483,-3.49933,-3.49933,3.52304,1.42576
77.31,-1.33402,-1.33402,-3.62109,-3.62109,3.50379,1.6172
77.32,-1.18297,-1.18297,-3.73253,-3.73253,3.47579,1.80281
77.33,-1.03036,-1.03036,-3.83325,-3.83325,3.43909,1.98194
77.34,-0.876719,-0.876719,-3.92285,-3.92285,3.39381,2.15394
77.35,-0.72256,-0.72256,-4.00096,-4.00096,3.34004,2.31818
77.36,-0.568397,-0.568397,-4.06728,-4.06728,3.27792,2.47408
77.37,-0.414737,-0.414737,-4.1215,-4.1215,3.2076,2.62108
77.38,-0.262078,-0.262078,-4.16338,-4.16338,3.12927,2.75864
77.39,-0.110908,-0.110908,-4.19272,-4.19272,3.04312,2.88628
77.4,0.0382948,0.0382948,-4.20933,-4.20933,2.94937,3.00352
77.41,0.185067,0.185067,-4.21308,-4.21308,2.84824,3.10996
77.42,0.328959,0.328959,-4.20389,-4.20389,2.73999,3.20521
77.43,0.469537,0.469537,-4.18169,-4.18169,2.62489,3.28892
77.44,0.606384,0.606384,-4.14649,-4.14649,2.50323,3.36079
77.45,0.739103,0.739103,-4.09831,-4.09831,2.37532,3.42057
77.46,0.867316,0.867316,-4.03723,-4.03723,2.24147,3.46804
77.47,0.990664,0.990664,-3.96336,-3.96336,2.10201,3.50303
77.48,1.10881,1.10881,-3.87686,-3.87686,1.95731,3.52541
77.49,1.22145,1.22145,-3.77793,-3.77793,1.80771,3.5351
77.5,1.32829,1.32829,-3.66681,-3.66681,1.65359,3.53207
77.51,1.42906,1.42906,-3.54378,-3.54378,1.49534,3.51633
77.52,1.52352,1.52352,-3.40916,-3.40916,1.33335,3.48793
77.53,1.61146,1.61146,-3.2633,-3.2633,1.16802,3.44698
77.54,1.6927,1.6927,-3.10661,-3.10661,0.999784,3.39362
77.55,1.76707,1.76707,-2.93951,-2.93951,0.829043,3.32806
77.56,1.83443,1.83443,-2.76248,-2.76248,0.656231,3.25051
77.57,1.89468,1.89468,-2.57602,-2.57602,0.481778,3.16127
77.58,1.94774,1.94774,-2.38066,-2.38066,0.306121,3.06064
77.59,1.99355,1.99355,-2.17697,-2.17697,0.129699,2.94901
77.6,2.03209,2.03209,-1.96555,-1.96555,-0.0470469,2.82676
77.61,2.06335,2.06335,-1.74702,-1.74702,-0.223676,2.69434
77.62,2.08735,2.08735,-1.52203,-1.52203,-0.399745,2.55222
77.63,2.10416,2.10416,-1.29124,-1.29124,-0.574815,2.40091
77.64,2.11384,2.11384,-1.05537,-1.05537,-0.748449,2.24097
77.65,2.11649,2.11649,-0.815113,-0.815113,-0.920212,2.07296
77.66,2.11224,2.11224,-0.571208,-0.571208,-1.08967,1.89748
77.67,2.10124,2.10124,-0.3244,-0.3244,-1.25641,1.71519
77.68,2.08365,2.08365,-0.0754479,-0.0754479,-1.42001,1.52671
77.69,2.05967,2.05967,0.17488,0.17488,-1.58006,1.33275
77.7,2.0295,2.0295,0.425806,0.425806,-1.73616,1.13398
77.71,1.99338,1.99338,0.67655,0.67655,-1.88792,0.931137
77.72,1.95155,1.95155,0.926327,0.926327,-2.03497,0.724941
77.73,1.90428,1.90428,1.17435,1.17435,-2.17692,0.516137
77.74,1.85185,1.85185,1.41984,1.41984,-2.31344,0.305474
77.75,1.79455,1.79455,1.66202,1.66202,-2.44417,0.0937127
77.76,1.7327,1.7327,1.90012,1.90012,-2.56879,-0.118386
77.77,1.6666,1.6666,2.13338,2.13338,-2.68699,-0.330059
77.78,1.5966,1.5966,2.36105,2.36105,-2.79848,-0.540544
77.79,1.52303,1.52303,2.58239,2.58239,-2.90297,-0.749084
77.8,1.44623,1.44623,2.7967,2.7967,-3.00021,-0.954927
77.81,1.36656,1.36656,3.00328,3.00328,-3.08994,-1.15733
77.82,1.28437,1.28437,3.20145,3.20145,-3.17196,-1.35558
77.83,1.20003,1.20003,3.39056,3.39056,-3.24604,-1.54894
77.84,1.11389,1.11389,3.57,3.57,-3.31201,-1.73673
77.85,1.02632,1.02632,3.73916,3.73916,-3.36971,-1.91827
77.86,0.937676,0.937676,3.89749,3.89749,-3.41898,-2.0929
77.87,0.848314,0.848314,4.04444,4.04444,-3.4597,-2.26
77.88,0.758588,0.758588,4.17953,4.17953,-3.49178,-2.41897
77.89,0.668847,0.668847,4.3023,4.3023,-3.51513,-2.56924
77.9,0.579432,0.579432,4.41231,4.41231,-3.52969,-2.71025
77.91,0.490675,0.490675,4.50919,4.50919,-3.53543,-2.84152
77.92,0.402901,0.402901,4.59258,4.59258,-3.53234,-2.96255
77.93,0.316422,0.316422,4.6622,4.6622,-3.52042,-3.07293
77.94,0.231542,0.231542,4.71777,4.71777,-3.49969,-3.17224
77.95,0.14855,0.14855,4.75908,4.75908,-3.47022,-3.26014
77.96,0.0677205,0.0677205,4.78597,4.78597,-3.43208,-3.33631
77.97,-0.0106844,-0.0106844,4.7983,4.7983,-3.38535,-3.40046
77.98,-0.0864191,-0.0864191,4.79599,4.79599,-3.33017,-3.45239
77.99,-0.159254,-0.159254,4.77901,4.77901,-3.26666,-3.49188
78,-0.228976,-0.228976,4.74737,4.74737,-3.19499,-3.51881
78.01,-0.29539,-0.29539,4.70113,4.70113,-3.11533,-3.53307
78.02,-0.358319,-0.358319,4.64039,4.64039,-3.02788,-3.53462
78.03,-0.417604,-0.417604,4.56531,4.56531,-2.93287,-3.52345
78.04,-0.473107,-0.473107,4.47608,4.47608,-2.83053,-3.4996
78.05,-0.524706,-0.524706,4.37293,4.37293,-2.72111,-3.46315
78.06,-0.572302,-0.572302,4.25617,4.25617,-2.60489,-3.41424
78.07,-0.615812,-0.615812,4.12611,4.12611,-2.48215,-3.35304
78.08,-0.655177,-0.655177,3.98313,3.98313,-2.35322,-3.27978
78.09,-0.690354,-0.690354,3.82765,3.82765,-2.2184,-3.19471
78.1,-0.721323,-0.721323,3.66011,3.66011,-2.07804,-3.09814
78.11,-0.748079,-0.748079,3.48102,3.48102,-1.93248,-2.99043
78.12,-0.770642,-0.770642,3.29091,3.29091,-1.7821,-2.87195
78.13,-0.789045,-0.789045,3.09033,3.09033,-1.62726,-2.74313
78.14,-0.803343,-0.803343,2.8799,2.8799,-1.46835,-2.60445
78.15,-0.813609,-0.813609,2.66025,2.66025,-1.30577,-2.45639
78.16,-0.819931,-0.819931,2.43203,2.43203,-1.13993,-2.29949
78.17,-0.822417,-0.822417,2.19595,2.19595,-0.971237,-2.13431
78.18,-0.821187,-0.821187,1.95273,1.95273,-0.800119,-1.96145
78.19,-0.81638,-0.81638,1.70309,1.70309,-0.627,-1.78154
78.2,-0.808148,-0.808148,1.44782,1.44782,-0.452314,-1.59521
78.21,-0.796656,-0.796656,1.18768,1.18768,-0.276498,-1.40314
78.22,-0.782081,-0.782081,0.923489,0.923489,-0.0999906,-1.20602
78.23,-0.764614,-0.764614,0.656049,0.656049,0.0767668,-1.00456
78.24,-0.744455,-0.744455,0.386189,0.386189,0.253332,-0.799486
78.25,-0.721814,-0.721814,0.114742,0.114742,0.429264,-0.591534
78.26,-0.696908,-0.696908,-0.157452,-0.157452,0.604124,-0.381453
78.27,-0.669964,-0.669964,-0.429549,-0.429549,0.777473,-0.17
78.28,-0.641214,-0.641214,-0.700704,-0.700704,0.948879,0.0420658
78.29,-0.610893,-0.610893,-0.970075,-0.970075,1.11791,0.25398
78.3,-0.579243,-0.579243,-1.23682,-1.23682,1.28415,0.46498
78.31,-0.546507,-0.546507,-1.50012,-1.50012,1.44718,0.674306
78.32,-0.512929,-0.512929,-1.75914,-1.75914,1.6066,0.881206
78.33,-0.478754,-0.478754,-2.01308,-2.01308,1.76199,1.08493
78.34,-0.444225,-0.444225,-2.26115,-2.26115,1.91299,1.28476
78.35,-0.409586,-0.409586,-2.50256,-2.50256,2.0592,1.47996
78.36,-0.375073,-0.375073,-2.73657,-2.73657,2.20027,1.66983
78.37,-0.34092,-0.34092,-2.96244,-2.96244,2.33583,1.8537
78.38,-0.307357,-0.307357,-3.17947,-3.17947,2.46556,2.03089
78.39,-0.274604,-0.274604,-3.38697,-3.38697,2.58912,2.20077
78.4,-0.242876,-0.242876,-3.58429,-3.58429,2.70622,2.36274
78.41,-0.212378,-0.212378,-3.77082,-3.77082,2.81654,2.5162
78.42,-0.183305,-0.183305,-3.94596,-3.94596,2.91983,2.6606
78.43,-0.155842,-0.155842,-4.10918,-4.10918,3.01583,2.79543
78.44,-0.130163,-0.130163,-4.25995,-4.25995,3.10428,2.9202
78.45,-0.106429,-0.106429,-4.3978,-4.3978,3.18497,3.03446
78.46,-0.0847874,-0.0847874,-4.5223,-4.5223,3.25771,3.1378
78.47,-0.0653737,-0.0653737,-4.63306,-4.63306,3.3223,3.22984
78.48,-0.0483075,-0.0483075,-4.72973,-4.72973,3.37858,3.31027
78.49,-0.0336941,-0.0336941,-4.812,-4.812,3.42642,3.37877
78.5,-0.0216232,-0.0216232,-4.87962,-4.87962,3.4657,3.43512
78.51,-0.0121688,-0.0121688,-4.93237,-4.93237,3.49632,3.47911
78.52,-0.00538868,-0.00538868,-4.97009,-4.97009,3.51819,3.51057
78.53,-0.00132431,-0.00132431,-4.99265,-4.99265,3.53128,3.5294
78.54,-4.63835e-07,-4.63835e-07,-5,-5,3.53553,3.53553
78.55,-0.00142522,-0.00142522,-4.99209,-4.99209,3.53095,3.52894
78.56,-0.00558988,-0.00558988,-4.96897,-4.96897,3.51755,3.50964
78.57,-0.012469,-0.012469,-4.9307,-4.9307,3.49535,3.47771
78.58,-0.0220207,-0.0220207,-4.8774,-4.8774,3.46441,3.43327
78.59,-0.0341864,-0.0341864,-4.80924,-4.80924,3.42482,3.37647
78.6,-0.0488916,-0.0488916,-4.72643,-4.72643,3.37666,3.30752
78.61,-0.066046,-0.066046,-4.62924,-4.62924,3.32007,3.22667
78.62,-0.0855437,-0.0855437,-4.51797,-4.51797,3.25518,3.1342
78.63,-0.107264,-0.107264,-4.39297,-4.39297,3.18215,3.03045
78.64,-0.131073,-0.131073,-4.25464,-4.25464,3.10117,2.9158
78.65,-0.15682,-0.15682,-4.1034,-4.1034,3.01243,2.79065
78.66,-0.184345,-0.184345,-3.93974,-3.93974,2.91617,2.65546
78.67,-0.213474,-0.213474,-3.76416,-3.76416,2.81262,2.51072
78.68,-0.244021,-0.244021,-3.57723,-3.57723,2.70203,2.35693
78.69,-0.275791,-0.275791,-3.37952,-3.37952,2.5847,2.19467
78.7,-0.308577,-0.308577,-3.17166,-3.17166,2.4609,2.02451
78.71,-0.342166,-0.342166,-2.9543,-2.9543,2.33095,1.84706
78.72,-0.376335,-0.376335,-2.72812,-2.72812,2.19518,1.66296
78.73,-0.410857,-0.410857,-2.49382,-2.49382,2.05392,1.47288
78.74,-0.445497,-0.445497,-2.25215,-2.25215,1.90752,1.2775
78.75,-0.480017,-0.480017,-2.00385,-2.00385,1.75636,1.07752
78.76,-0.514174,-0.514174,-1.74971,-1.74971,1.60081,0.873658
78.77,-0.547726,-0.547726,-1.49052,-1.49052,1.44126,0.666656
78.78,-0.580427,-0.580427,-1.22708,-1.22708,1.2781,0.457254
78.79,-0.612032,-0.612032,-0.960222,-0.960222,1.11175,0.246207
78.8,-0.642299,-0.642299,-0.69077,-0.69077,0.942622,0.0342742
78.81,-0.670988,-0.670988,-0.419565,-0.419565,0.771137,-0.177782
78.82,-0.697861,-0.697861,-0.14745,-0.14745,0.597725,-0.389199
78.83,-0.722687,-0.722687,0.124731,0.124731,0.422818,-0.599215
78.84,-0.745241,-0.745241,0.396135,0.396135,0.246855,-0.807074
78.85,-0.765304,-0.765304,0.665921,0.665921,0.0702748,-1.01203
78.86,-0.782669,-0.782669,0.933256,0.933256,-0.106481,-1.21334
78.87,-0.797133,-0.797133,1.19731,1.19731,-0.282971,-1.41029
78.88,-0.808509,-0.808509,1.45728,1.45728,-0.458754,-1.60216
78.89,-0.816619,-0.816619,1.71237,1.71237,-0.633389,-1.78826
78.9,-0.821297,-0.821297,1.96178,1.96178,-0.806442,-1.96793
78.91,-0.822392,-0.822392,2.20476,2.20476,-0.977479,-2.14052
78.92,-0.819768,-0.819768,2.44056,2.44056,-1.14607,-2.3054
78.93,-0.813302,-0.813302,2.66847,2.66847,-1.3118,-2.46199
78.94,-0.80289,-0.80289,2.8878,2.8878,-1.47425,-2.60971
78.95,-0.788442,-0.788442,3.09788,3.09788,-1.63302,-2.74804
78.96,-0.769887,-0.769887,3.29808,3.29808,-1.7877,-2.87649
78.97,-0.747171,-0.747171,3.4878,3.4878,-1.93792,-2.99458
78.98,-0.72026,-0.72026,3.66648,3.66648,-2.08329,-3.10189
78.99,-0.689137,-0.689137,3.83358,3.83358,-2.22345,-3.19804
79,-0.653805,-0.653805,3.98861,3.98861,-2.35806,-3.28268
79.01,-0.614287,-0.614287,4.13112,4.13112,-2.48677,-3.35551
79.02,-0.570625,-0.570625,4.26069,4.26069,-2.60927,-3.41626
79.03,-0.522881,-0.522881,4.37696,4.37696,-2.72525,-3.46471
79.04,-0.471136,-0.471136,4.4796,4.4796,-2.83441,-3.5007
79.05,-0.415493,-0.415493,4.56832,4.56832,-2.93649,-3.52409
79.06,-0.356071,-0.356071,4.64288,4.64288,-3.03123,-3.53479
79.07,-0.293011,-0.293011,4.70309,4.70309,-3.11839,-3.53277
79.08,-0.226472,-0.226472,4.74879,4.74879,-3.19776,-3.51804
79.09,-0.156632,-0.156632,4.77989,4.77989,-3.26914,-3.49065
79.1,-0.0836871,-0.0836871,4.79633,4.79633,-3.33235,-3.4507
79.11,-0.00785026,-0.00785026,4.7981,4.7981,-3.38722,-3.39832
79.12,0.0706482,0.0706482,4.78524,4.78524,-3.43363,-3.33372
79.13,0.151562,0.151562,4.75782,4.75782,-3.47146,-3.25712
79.14,0.234629,0.234629,4.71598,4.71598,-3.50061,-3.16879
79.15,0.319573,0.319573,4.65989,4.65989,-3.52101,-3.06907
79.16,0.406104,0.406104,4.58976,4.58976,-3.53261,-2.95829
79.17,0.49392,0.49392,4.50586,4.50586,-3.53538,-2.83687
79.18,0.582706,0.582706,4.4085,4.4085,-3.52931,-2.70524
79.19,0.67214,0.67214,4.29801,4.29801,-3.51443,-2.56388
79.2,0.761886,0.761886,4.17479,4.17479,-3.49075,-2.41328
79.21,0.851605,0.851605,4.03925,4.03925,-3.45836,-2.25401
79.22,0.940947,0.940947,3.89187,3.89187,-3.41732,-2.08662
79.23,1.02956,1.02956,3.73314,3.73314,-3.36773,-1.91172
79.24,1.11709,1.11709,3.56359,3.56359,-3.30973,-1.72994
79.25,1.20316,1.20316,3.38378,3.38378,-3.24346,-1.54193
79.26,1.28743,1.28743,3.19433,3.19433,-3.16908,-1.34838
79.27,1.36953,1.36953,2.99583,2.99583,-3.08678,-1.14997
79.28,1.4491,1.4491,2.78896,2.78896,-2.99676,-0.947423
79.29,1.52579,1.52579,2.57438,2.57438,-2.89926,-0.741467
79.3,1.59924,1.59924,2.35279,2.35279,-2.79451,-0.532842
79.31,1.6691,1.6691,2.1249,2.1249,-2.68277,-0.3223
79.32,1.73505,1.73505,1.89146,1.89146,-2.56432,-0.110598
79.33,1.79674,1.79674,1.65319,1.65319,-2.43947,0.101502
79.34,1.85386,1.85386,1.41088,1.41088,-2.30852,0.313236
79.35,1.90611,1.90611,1.16528,1.16528,-2.1718,0.523844
79.36,1.95318,1.95318,0.917178,0.917178,-2.02965,0.732566
79.37,1.99481,1.99481,0.667352,0.667352,-1.88243,0.938652
79.38,2.03071,2.03071,0.416588,0.416588,-1.7305,1.14136
79.39,2.06066,2.06066,0.165669,0.165669,-1.57425,1.33996
79.4,2.08441,2.08441,-0.0846215,-0.0846215,-1.41406,1.53374
79.41,2.10176,2.10176,-0.333508,-0.333508,-1.25034,1.72199
79.42,2.11252,2.11252,-0.580223,-0.580223,-1.0835,1.90405
79.43,2.11651,2.11651,-0.824007,-0.824007,-0.913941,2.07926
79.44,2.11361,2.11361,-1.06411,-1.06411,-0.742102,2.24699
79.45,2.10367,2.10367,-1.29982,-1.29982,-0.568408,2.40663
79.46,2.0866,2.0866,-1.5304,-1.5304,-0.393293,2.5576
79.47,2.06233,2.06233,-1.75517,-1.75517,-0.217195,2.69937
79.48,2.0308,2.0308,-1.97345,-1.97345,-0.0405541,2.83143
79.49,1.992,1.992,-2.1846,-2.1846,0.136188,2.9533
79.5,1.94592,1.94592,-2.38799,-2.38799,0.31259,3.06454
79.51,1.8926,1.8926,-2.58303,-2.58303,0.48821,3.16475
79.52,1.83208,1.83208,-2.76916,-2.76916,0.66261,3.25357
79.53,1.76446,1.76446,-2.94583,-2.94583,0.835354,3.33068
79.54,1.68984,1.68984,-3.11255,-3.11255,1.00601,3.3958
79.55,1.60835,1.60835,-3.26885,-3.26885,1.17415,3.4487
79.56,1.52016,1.52016,-3.4143,-3.4143,1.33936,3.48919
79.57,1.42546,1.42546,-3.54851,-3.54851,1.50122,3.51713
79.58,1.32447,1.32447,-3.67111,-3.67111,1.65932,3.5324
79.59,1.21741,1.21741,-3.78178,-3.78178,1.81328,3.53497
79.6,1.10457,1.10457,-3.88026,-3.88026,1.96271,3.52481
79.61,0.986223,0.986223,-3.9663,-3.9663,2.10723,3.50196
79.62,0.86269,0.86269,-4.0397,-4.0397,2.24649,3.46651
79.63,0.734306,0.734306,-4.10031,-4.10031,2.38013,3.41859
79.64,0.601428,0.601428,-4.14802,-4.14802,2.50782,3.35836
79.65,0.464437,0.464437,-4.18274,-4.18274,2.62924,3.28605
79.66,0.32373,0.32373,-4.20446,-4.20446,2.74409,3.20191
79.67,0.179724,0.179724,-4.21317,-4.21317,2.85208,3.10625
79.68,0.0328545,0.0328545,-4.20895,-4.20895,2.95294,2.99941
79.69,-0.116429,-0.116429,-4.19186,-4.19186,3.04642,2.88177
79.7,-0.267662,-0.267662,-4.16207,-4.16207,3.13229,2.75376
79.71,-0.420367,-0.420367,-4.11973,-4.11973,3.21033,2.61584
79.72,-0.574054,-0.574054,-4.06505,-4.06505,3.28034,2.46851
79.73,-0.728226,-0.728226,-3.9983,-3.9983,3.34216,2.31229
79.74,-0.882375,-0.882375,-3.91976,-3.91976,3.39562,2.14775
79.75,-1.03599,-1.03599,-3.82975,-3.82975,3.44059,1.97549
79.76,-1.18855,-1.18855,-3.72863,-3.72863,3.47697,1.79611
79.77,-1.33953,-1.33953,-3.61679,-3.61679,3.50465,1.61027
79.78,-1.48842,-1.48842,-3.49467,-3.49467,3.52358,1.41863
79.79,-1.63469,-1.63469,-3.3627,-3.3627,3.53369,1.22189
79.8,-1.77783,-1.77783,-3.22138,-3.22138,3.53498,1.02075
79.81,-1.91732,-1.91732,-3.07122,-3.07122,3.52743,0.815932
79.82,-2.05264,-2.05264,-2.91274,-2.91274,3.51106,0.608182
79.83,-2.18331,-2.18331,-2.74651,-2.74651,3.48592,0.398243
79.84,-2.30884,-2.30884,-2.57311,-2.57311,3.45206,0.186871
79.85,-2.42873,-2.42873,-2.39313,-2.39313,3.40957,-0.0251739
79.86,-2.54254,-2.54254,-2.20719,-2.20719,3.35857,-0.237128
79.87,-2.64981,-2.64981,-2.01592,-2.01592,3.29916,-0.448229
79.88,-2.7501,-2.7501,-1.81995,-1.81995,3.23152,-0.657716
79.89,-2.84301,-2.84301,-1.61995,-1.61995,3.15579,-0.864837
79.9,-2.92815,-2.92815,-1.41657,-1.41657,3.07218,-1.06884
79.91,-3.00513,-3.00513,-1.21048,-1.21048,2.98089,-1.26901
79.92,-3.07361,-3.07361,-1.00236,-1.00236,2.88214,-1.4646
79.93,-3.13328,-3.13328,-0.792861,-0.792861,2.7762,-1.65492
79.94,-3.18382,-3.18382,-0.582671,-0.582671,2.66331,-1.83929
79.95,-3.22498,-3.22498,-0.372456,-0.372456,2.54377,-2.01704
79.96,-3.25651,-3.25651,-0.162877,-0.162877,2.41787,-2.18753
79.97,-3.2782,-3.2782,0.0454085,0.0454085,2.28593,-2.35014
79.98,-3.28986,-3.28986,0.251753,0.251753,2.14827,-2.5043
79.99,-3.29136,-3.29136,0.455522,0.455522,2.00524,-2.64945
80,-3.28257,-3.28257,0.656092,0.656092,1.8572,-2.78506
80.01,-3.26342,-3.26342,0.852857,0.852857,1.70452,-2.91064
80.02,-3.23384,-3.23384,1.04523,1.04523,1.54758,-3.02576
80.03,-3.19382,-3.19382,1.23263,1.23263,1.38677,-3.12998
80.04,-3.14339,-3.14339,1.41453,1.41453,1.2225,-3.22294
80.05,-3.0826,-3.0826,1.59038,1.59038,1.05516,-3.30429
80.06,-3.01154,-3.01154,1.75968,1.75968,0.885195,-3.37376
80.07,-2.93032,-2.93032,1.92197,1.92197,0.713013,-3.43109
80.08,-2.83911,-2.83911,2.07678,2.07678,0.53905,-3.47606
80.09,-2.73811,-2.73811,2.2237,2.2237,0.363739,-3.50853
80.1,-2.62753,-2.62753,2.36234,2.36234,0.187519,-3.52837
80.11,-2.50764,-2.50764,2.49232,2.49232,0.0108305,-3.53551
80.12,-2.37874,-2.37874,2.61333,2.61333,-0.165885,-3.52993
80.13,-2.24114,-2.24114,2.72507,2.72507,-0.342186,-3.51164
80.14,-2.09522,-2.09522,2.82726,2.82726,-0.517632,-3.48072
80.15,-1.94135,-1.94135,2.91968,2.91968,-0.691784,-3.43726
80.16,-1.77995,-1.77995,3.00213,3.00213,-0.864207,-3.38144
80.17,-1.61148,-1.61148,3.07444,3.07444,-1.03447,-3.31345
80.18,-1.43641,-1.43641,3.1365,3.1365,-1.20215,-3.23353
80.19,-1.25523,-1.25523,3.1882,3.1882,-1.36682,-3.14198
80.2,-1.06847,-1.06847,3.22949,3.22949,-1.52808,-3.03912
80.21,-0.876677,-0.876677,3.26035,3.26035,-1.68551,-2.92532
80.22,-0.680419,-0.680419,3.28078,3.28078,-1.83874,-2.80099
80.23,-0.480282,-0.480282,3.29084,3.29084,-1.98736,-2.66659
80.24,-0.276873,-0.276873,3.2906,3.2906,-2.13103,-2.52258
80.25,-0.0708098,-0.0708098,3.28017,3.28017,-2.26936,-2.3695
80.26,0.137272,0.137272,3.2597,3.2597,-2.40202,-2.20789
80.27,0.346728,0.346728,3.22936,3.22936,-2.52868,-2.03833
80.28,0.556901,0.556901,3.18937,3.18937,-2.64902,-1.86144
80.29,0.767129,0.767129,3.13997,3.13997,-2.76273,-1.67785
80.3,0.976745,0.976745,3.0814,3.0814,-2.86954,-1.48822
80.31,1.18508,1.18508,3.01398,3.01398,-2.96918,-1.29323
80.32,1.39145,1.39145,2.93802,2.93802,-3.0614,-1.09359
80.33,1.5952,1.5952,2.85387,2.85387,-3.14597,-0.890017
80.34,1.79565,1.79565,2.76189,2.76189,-3.22267,-0.683238
80.35,1.99214,1.99214,2.66248,2.66248,-3.29132,-0.474
80.36,2.18403,2.18403,2.55604,2.55604,-3.35174,-0.263056
80.37,2.37066,2.37066,2.44302,2.44302,-3.40378,-0.0511656
80.38,2.5514,2.5514,2.32384,2.32384,-3.44731,0.160909
80.39,2.72564,2.72564,2.19898,2.19898,-3.48223,0.372405
80.4,2.89278,2.89278,2.06892,2.06892,-3.50845,0.58256
80.41,3.05224,3.05224,1.93413,1.93413,-3.52589,0.790619
80.42,3.20345,3.20345,1.79513,1.79513,-3.53453,0.995832
80.43,3.34588,3.34588,1.65241,1.65241,-3.53433,1.19746
80.44,3.47902,3.47902,1.5065,1.5065,-3.52529,1.39478
80.45,3.60237,3.60237,1.3579,1.3579,-3.50744,1.58708
80.46,3.71549,3.71549,1.20714,1.20714,-3.48083,1.77367
80.47,3.81795,3.81795,1.05475,1.05475,-3.44552,1.95387
80.48,3.90934,3.90934,0.901237,0.901237,-3.40159,2.12705
80.49,3.9893,3.9893,0.747126,0.747126,-3.34916,2.29257
80.5,4.05752,4.05752,0.592929,0.592929,-3.28836,2.44983
80.51,4.11368,4.11368,0.439156,0.439156,-3.21934,2.59828
80.52,4.15755,4.15755,0.286304,0.286304,-3.14228,2.73738
80.53,4.18889,4.18889,0.134865,0.134865,-3.05736,2.86663
80.54,4.20754,4.20754,-0.0146828,-0.0146828,-2.9648,2.98556
80.55,4.21335,4.21335,-0.161873,-0.161873,-2.86483,3.09375
80.56,4.20622,4.20622,-0.306253,-0.306253,-2.75769,3.1908
80.57,4.1861,4.1861,-0.447387,-0.447387,-2.64367,3.27637
80.58,4.15297,4.15297,-0.584856,-0.584856,-2.52304,3.35015
80.59,4.10685,4.10685,-0.718258,-0.718258,-2.3961,3.41187
80.6,4.04782,4.04782,-0.847213,-0.847213,-2.26317,3.46131
80.61,3.97598,3.97598,-0.971359,-0.971359,-2.12459,3.49829
80.62,3.89148,3.89148,-1.09036,-1.09036,-1.98069,3.52269
80.63,3.79451,3.79451,-1.20389,-1.20389,-1.83184,3.53441
80.64,3.68531,3.68531,-1.31167,-1.31167,-1.67842,3.5334
80.65,3.56416,3.56416,-1.41342,-1.41342,-1.5208,3.51968
80.66,3.43136,3.43136,-1.50891,-1.50891,-1.35938,3.49329
80.67,3.28727,3.28727,-1.5979,-1.5979,-1.19456,3.45434
80.68,3.13227,3.13227,-1.68022,-1.68022,-1.02676,3.40294
80.69,2.9668,2.9668,-1.75569,-1.75569,-0.856386,3.33931
80.7,2.79132,2.79132,-1.82418,-1.82418,-0.683875,3.26365
80.71,2.60633,2.60633,-1.88557,-1.88557,-0.509654,3.17625
80.72,2.41235,2.41235,-1.93978,-1.93978,-0.33416,3.07742
80.73,2.20995,2.20995,-1.98674,-1.98674,-0.15783,2.96751
80.74,1.99972,1.99972,-2.02644,-2.02644,0.0188938,2.84692
80.75,1.78227,1.78227,-2.05885,-2.05885,0.195571,2.71609
80.76,1.55827,1.55827,-2.08401,-2.08401,0.371759,2.57548
80.77,1.32836,1.32836,-2.10196,-2.10196,0.547018,2.4256
80.78,1.09325,1.09325,-2.11277,-2.11277,0.720909,2.267
80.79,0.853641,0.853641,-2.11653,-2.11653,0.892999,2.10023
80.8,0.610267,0.610267,-2.11337,-2.11337,1.06286,1.92591
80.81,0.363871,0.363871,-2.10344,-2.10344,1.23006,1.74465
80.82,0.115209,0.115209,-2.08688,-2.08688,1.39418,1.55712
80.83,-0.134951,-0.134951,-2.06391,-2.06391,1.55483,1.36398
80.84,-0.385834,-0.385834,-2.03471,-2.03471,1.71158,1.16593
80.85,-0.63666,-0.63666,-1.99952,-1.99952,1.86406,0.963687
80.86,-0.886643,-0.886643,-1.95858,-1.95858,2.01188,0.757975
80.87,-1.135,-1.135,-1.91216,-1.91216,2.15467,0.549536
80.88,-1.38095,-1.38095,-1.86053,-1.86053,2.29207,0.339119
80.89,-1.6237,-1.6237,-1.80399,-1.80399,2.42375,0.127481
80.9,-1.8625,-1.8625,-1.74284,-1.74284,2.54936,-0.084615
80.91,-2.09658,-2.09658,-1.6774,-1.6774,2.66861,-0.296407
80.92,-2.32519,-2.32519,-1.608,-1.608,2.78118,-0.507132
80.93,-2.54759,-2.54759,-1.53497,-1.53497,2.88681,-0.716032
80.94,-2.76307,-2.76307,-1.45866,-1.45866,2.98522,-0.922355
80.95,-2.97092,-2.97092,-1.37943,-1.37943,3.07616,-1.12536
80.96,-3.17048,-3.17048,-1.29762,-1.29762,3.15942,-1.32431
80.97,-3.36108,-3.36108,-1.21359,-1.21359,3.23478,-1.5185
80.98,-3.54209,-3.54209,-1.12772,-1.12772,3.30206,-1.70722
80.99,-3.71293,-3.71293,-1.04035,-1.04035,3.36108,-1.8898
81,-3.87302,-3.87302,-0.951852,-0.951852,3.4117,-2.06558
81.01,-4.02182,-4.02182,-0.86258,-0.86258,3.45379,-2.23392
81.02,-4.15883,-4.15883,-0.772888,-0.772888,3.48725,-2.39422
81.03,-4.28359,-4.28359,-0.683127,-0.683127,3.512,-2.54591
81.04,-4.39566,-4.39566,-0.593637,-0.593637,3.52796,-2.68843
81.05,-4.49465,-4.49465,-0.504753,-0.504753,3.53511,-2.82128
81.06,-4.58022,-4.58022,-0.416801,-0.416801,3.53342,-2.94398
81.07,-4.65204,-4.65204,-0.330096,-0.330096,3.5229,-3.05608
81.08,-4.70987,-4.70987,-0.244942,-0.244942,3.50358,-3.15718
81.09,-4.75347,-4.75347,-0.16163,-0.16163,3.4755,-3.24692
81.1,-4.78266,-4.78266,-0.0804381,-0.0804381,3.43873,-3.32497
81.11,-4.79731,-4.79731,-0.00163014,-0.00163014,3.39337,-3.39106
81.12,-4.79734,-4.79734,0.0745456,0.0745456,3.33952,-3.44494
81.13,-4.7827,-4.7827,0.147857,0.147857,3.27733,-3.48643
81.14,-4.75339,-4.75339,0.218088,0.218088,3.20694,-3.51537
81.15,-4.70947,-4.70947,0.285041,0.285041,3.12854,-3.53165
81.16,-4.65103,-4.65103,0.348536,0.348536,3.04232,-3.53523
81.17,-4.57822,-4.57822,0.408412,0.408412,2.9485,-3.52608
81.18,-4.49123,-4.49123,0.464526,0.464526,2.84731,-3.50424
81.19,-4.39028,-4.39028,0.516754,0.516754,2.739,-3.4698
81.2,-4.27566,-4.27566,0.564993,0.564993,2.62384,-3.42286
81.21,-4.1477,-4.1477,0.609159,0.609159,2.50213,-3.36361
81.22,-4.00675,-4.00675,0.649187,0.649187,2.37416,-3.29225
81.23,-3.85323,-3.85323,0.685033,0.685033,2.24025,-3.20904
81.24,-3.68758,-3.68758,0.716673,0.716673,2.10075,-3.11428
81.25,-3.5103,-3.5103,0.7441,0.7441,1.956,-3.00831
81.26,-3.3219,-3.3219,0.767328,0.767328,1.80636,-2.89152
81.27,-3.12295,-3.12295,0.78639,0.78639,1.6522,-2.76432
81.28,-2.91405,-2.91405,0.801338,0.801338,1.49391,-2.62718
81.29,-2.69582,-2.69582,0.81224,0.81224,1.33189,-2.48057
81.3,-2.46893,-2.46893,0.819184,0.819184,1.16654,-2.32504
81.31,-2.23405,-2.23405,0.822273,0.822273,0.998277,-2.16115
81.32,-1.99191,-1.99191,0.821626,0.821626,0.827517,-1.98947
81.33,-1.74325,-1.74325,0.817379,0.817379,0.654688,-1.81064
81.34,-1.48882,-1.48882,0.809682,0.809682,0.480223,-1.62529
81.35,-1.22941,-1.22941,0.798697,0.798697,0.304557,-1.43409
81.36,-0.965804,-0.965804,0.784601,0.784601,0.12813,-1.23772
81.37,-0.698827,-0.698827,0.767581,0.767581,-0.0486169,-1.03691
81.38,-0.429296,-0.429296,0.747837,0.747837,-0.225242,-0.832359
81.39,-0.158046,-0.158046,0.725577,0.725577,-0.401305,-0.624816
81.4,0.114085,0.114085,0.701017,0.701017,-0.576365,-0.415023
81.41,0.386254,0.386254,0.674383,0.674383,-0.749984,-0.203738
81.42,0.657616,0.657616,0.645904,0.645904,-0.921728,0.00828149
81.43,0.927328,0.927328,0.615818,0.615818,-1.09117,0.220271
81.44,1.19455,1.19455,0.584363,0.584363,-1.25788,0.431467
81.45,1.45845,1.45845,0.551783,0.551783,-1.42145,0.641111
81.46,1.71821,1.71821,0.518323,0.518323,-1.58147,0.848448
81.47,1.97301,1.97301,0.484227,0.484227,-1.73753,1.05273
81.48,2.22207,2.22207,0.449738,0.449738,-1.88925,1.25322
81.49,2.46459,2.46459,0.4151,0.4151,-2.03625,1.44921
81.5,2.69983,2.69983,0.380551,0.380551,-2.17816,1.63998
81.51,2.92704,2.92704,0.346326,0.346326,-2.31462,1.82484
81.52,3.14552,3.14552,0.312654,0.312654,-2.4453,2.00314
81.53,3.35459,3.35459,0.279758,0.279758,-2.56987,2.17423
81.54,3.55357,3.55357,0.247852,0.247852,-2.68801,2.3375
81.55,3.74186,3.74186,0.217145,0.217145,-2.79944,2.49235
81.56,3.91885,3.91885,0.187832,0.187832,-2.90387,2.63823
81.57,4.084,4.084,0.160101,0.160101,-3.00104,2.77462
81.58,4.23679,4.23679,0.134126,0.134126,-3.0907,2.90102
81.59,4.37673,4.37673,0.110072,0.110072,-3.17265,3.01698
81.6,4.50339,4.50339,0.0880883,0.0880883,-3.24666,3.12209
81.61,4.61636,4.61636,0.0683114,0.0683114,-3.31256,3.21595
81.62,4.71529,4.71529,0.0508639,0.0508639,-3.37018,3.29825
81.63,4.79987,4.79987,0.0358534,0.0358534,-3.41938,3.36867
81.64,4.86984,4.86984,0.0233722,0.0233722,-3.46002,3.42697
81.65,4.92497,4.92497,0.0134968,0.0134968,-3.49202,3.47294
81.66,4.96509,4.96509,0.00628757,0.00628757,-3.5153,3.50641
81.67,4.99008,4.99008,0.00178859,0.00178859,-3.52978,3.52725
81.68,4.99985,4.99985,2.72972e-05,2.72972e-05,-3.53545,3.53541
81.69,4.99437,4.99437,0.00101444,0.00101444,-3.53227,3.53084
81.7,4.97367,4.97367,0.004744,0.004744,-3.52027,3.51356
81.71,4.9378,4.9378,0.0111932,0.0111932,-3.49947,3.48364
81.72,4.88689,4.88689,0.0203227,0.0203227,-3.46992,3.44118
81.73,4.82108,4.82108,0.0320767,0.0320767,-3.4317,3.38634
81.74,4.74059,4.74059,0.0463831,0.0463831,-3.3849,3.31931
81.75,4.64567,4.64567,0.0631541,0.0631541,-3.32964,3.24033
81.76,4.53662,4.53662,0.0822863,0.0822863,-3.26606,3.14969
81.77,4.41378,4.41378,0.103661,0.103661,-3.19432,3.04772
81.78,4.27754,4.27754,0.127147,0.127147,-3.11459,2.93477
81.79,4.12833,4.12833,0.152596,0.152596,-3.02707,2.81127
81.8,3.96662,3.96662,0.179849,0.179849,-2.93199,2.67765
81.81,3.7929,3.7929,0.208735,0.208735,-2.82959,2.53439
81.82,3.60774,3.60774,0.239069,0.239069,-2.7201,2.38201
81.83,3.41171,3.41171,0.270657,0.270657,-2.60382,2.22106
81.84,3.20542,3.20542,0.303296,0.303296,-2.48104,2.05211
81.85,2.98953,2.98953,0.336772,0.336772,-2.35205,1.87578
81.86,2.7647,2.7647,0.370864,0.370864,-2.21718,1.6927
81.87,2.53165,2.53165,0.405345,0.405345,-2.07677,1.50352
81.88,2.2911,2.2911,0.439982,0.439982,-1.93117,1.30894
81.89,2.04381,2.04381,0.474537,0.474537,-1.78074,1.10964
81.9,1.79055,1.79055,0.508768,0.508768,-1.62586,0.906355
81.91,1.53211,1.53211,0.542433,0.542433,-1.46692,0.699804
81.92,1.26929,1.26929,0.575285,0.575285,-1.30431,0.490735
81.93,1.00292,1.00292,0.607082,0.607082,-1.13844,0.279899
81.94,0.733824,0.733824,0.637578,0.637578,-0.969728,0.0680559
81.95,0.462842,0.462842,0.666534,0.666534,-0.798589,-0.144032
81.96,0.190815,0.190815,0.693712,0.693712,-0.625455,-0.355602
81.97,-0.0814124,-0.0814124,0.718879,0.718879,-0.450757,-0.565892
81.98,-0.352996,-0.352996,0.74181,0.74181,-0.274933,-0.774145
81.99,-0.623096,-0.623096,0.762284,0.762284,-0.0984211,-0.979612
82,-0.890877,-0.890877,0.780092,0.780092,0.0783364,-1.18155
82.01,-1.15551,-1.15551,0.795032,0.795032,0.254898,-1.37924
82.02,-1.41619,-1.41619,0.806912,0.806912,0.430823,-1.57197
82.03,-1.6721,-1.6721,0.815553,0.815553,0.605671,-1.75904
82.04,-1.92247,-1.92247,0.820788,0.820788,0.779005,-1.93977
82.05,-2.16652,-2.16652,0.822463,0.822463,0.950392,-2.11353
82.06,-2.40351,-2.40351,0.82044,0.82044,1.1194,-2.27968
82.07,-2.63273,-2.63273,0.814594,0.814594,1.28562,-2.43763
82.08,-2.85347,-2.85347,0.804816,0.804816,1.44862,-2.5868
82.09,-3.06507,-3.06507,0.791016,0.791016,1.608,-2.72666
82.1,-3.26688,-3.26688,0.773119,0.773119,1.76336,-2.85671
82.11,-3.45831,-3.45831,0.751069,0.751069,1.91431,-2.97648
82.12,-3.63878,-3.63878,0.724828,0.724828,2.06048,-3.08554
82.13,-3.80776,-3.80776,0.694376,0.694376,2.20149,-3.18349
82.14,-3.96474,-3.96474,0.659713,0.659713,2.33701,-3.26998
82.15,-4.10928,-4.10928,0.62086,0.62086,2.46668,-3.34471
82.16,-4.24094,-4.24094,0.577854,0.577854,2.59019,-3.4074
82.17,-4.35935,-4.35935,0.530755,0.530755,2.70723,-3.45783
82.18,-4.46418,-4.46418,0.479641,0.479641,2.81749,-3.49581
82.19,-4.55513,-4.55513,0.424611,0.424611,2.92072,-3.52121
82.2,-4.63196,-4.63196,0.365782,0.365782,3.01664,-3.53394
82.21,-4.69447,-4.69447,0.303291,0.303291,3.10503,-3.53395
82.22,-4.74249,-4.74249,0.237295,0.237295,3.18565,-3.52124
82.23,-4.77592,-4.77592,0.167968,0.167968,3.25832,-3.49586
82.24,-4.7947,-4.7947,0.0955041,0.0955041,3.32283,-3.4579
82.25,-4.7988,-4.7988,0.0201128,0.0201128,3.37904,-3.40749
82.26,-4.78827,-4.78827,-0.0579778,-0.0579778,3.42681,-3.34482
82.27,-4.76316,-4.76316,-0.138524,-0.138524,3.46601,-3.27011
82.28,-4.7236,-4.7236,-0.221266,-0.221266,3.49655,-3.18363
82.29,-4.66977,-4.66977,-0.30593,-0.30593,3.51835,-3.0857
82.3,-4.60186,-4.60186,-0.392228,-0.392228,3.53135,-2.97666
82.31,-4.52014,-4.52014,-0.47986,-0.47986,3.53553,-2.85691
82.32,-4.42489,-4.42489,-0.568514,-0.568514,3.53087,-2.72687
82.33,-4.31647,-4.31647,-0.657866,-0.657866,3.51739,-2.58702
82.34,-4.19525,-4.19525,-0.747586,-0.747586,3.49511,-2.43786
82.35,-4.06164,-4.06164,-0.837332,-0.837332,3.4641,-2.27993
82.36,-3.91611,-3.91611,-0.926758,-0.926758,3.42443,-2.11379
82.37,-3.75915,-3.75915,-1.01551,-1.01551,3.3762,-1.94005
82.38,-3.59129,-3.59129,-1.10323,-1.10323,3.31953,-1.75932
82.39,-3.41308,-3.41308,-1.18957,-1.18957,3.25456,-1.57226
82.4,-3.22512,-3.22512,-1.27415,-1.27415,3.18146,-1.37955
82.41,-3.02803,-3.02803,-1.35662,-1.35662,3.10041,-1.18186
82.42,-2.82244,-2.82244,-1.43661,-1.43661,3.01161,-0.979929
82.43,-2.60904,-2.60904,-1.51378,-1.51378,2.91528,-0.774466
82.44,-2.38852,-2.38852,-1.58777,-1.58777,2.81166,-0.566217
82.45,-2.16159,-2.16159,-1.65823,-1.65823,2.70102,-0.35593
82.46,-1.92898,-1.92898,-1.72482,-1.72482,2.58363,-0.144361
82.47,-1.69143,-1.69143,-1.78721,-1.78721,2.45977,0.0677263
82.48,-1.44971,-1.44971,-1.84508,-1.84508,2.32977,0.27957
82.49,-1.20458,-1.20458,-1.89813,-1.89813,2.19395,0.490408
82.5,-0.956828,-0.956828,-1.94604,-1.94604,2.05264,0.699481
82.51,-0.707224,-0.707224,-1.98855,-1.98855,1.9062,0.906037
82.52,-0.456556,-0.456556,-2.02539,-2.02539,1.755,1.10933
82.53,-0.20561,-0.20561,-2.0563,-2.0563,1.59941,1.30863
82.54,0.0448328,0.0448328,-2.08105,-2.08105,1.43982,1.50323
82.55,0.293995,0.293995,-2.09943,-2.09943,1.27664,1.69241
82.56,0.541107,0.541107,-2.11125,-2.11125,1.11026,1.8755
82.57,0.785408,0.785408,-2.11634,-2.11634,0.941109,2.05184
82.58,1.02615,1.02615,-2.11454,-2.11454,0.769605,2.2208
82.59,1.2626,1.2626,-2.10572,-2.10572,0.596177,2.38177
82.6,1.49405,1.49405,-2.0898,-2.0898,0.42126,2.53416
82.61,1.71979,1.71979,-2.06668,-2.06668,0.245289,2.67743
82.62,1.93914,1.93914,-2.03631,-2.03631,0.0687051,2.81107
82.63,2.15147,2.15147,-1.99867,-1.99867,-0.10805,2.93459
82.64,2.35614,2.35614,-1.95375,-1.95375,-0.284536,3.04755
82.65,2.55255,2.55255,-1.90157,-1.90157,-0.46031,3.14954
82.66,2.74013,2.74013,-1.8422,-1.8422,-0.634934,3.2402
82.67,2.91834,2.91834,-1.7757,-1.7757,-0.807971,3.31919
82.68,3.08668,3.08668,-1.70219,-1.70219,-0.978988,3.38624
82.69,3.24467,3.24467,-1.62178,-1.62178,-1.14756,3.4411
82.7,3.39188,3.39188,-1.53465,-1.53465,-1.31326,3.48358
82.71,3.5279,3.5279,-1.44097,-1.44097,-1.47568,3.51352
82.72,3.65237,3.65237,-1.34096,-1.34096,-1.63441,3.53082
82.73,3.76497,3.76497,-1.23486,-1.23486,-1.78906,3.53541
82.74,3.8654,3.8654,-1.12292,-1.12292,-1.93923,3.52728
82.75,3.95344,3.95344,-1.00543,-1.00543,-2.08456,3.50645
82.76,4.02886,4.02886,-0.882699,-0.882699,-2.22467,3.473
82.77,4.09152,4.09152,-0.755063,-0.755063,-2.35923,3.42705
82.78,4.14129,4.14129,-0.622877,-0.622877,-2.48789,3.36877
82.79,4.17808,4.17808,-0.486514,-0.486514,-2.61033,3.29837
82.8,4.20187,4.20187,-0.346371,-0.346371,-2.72625,3.21609
82.81,4.21265,4.21265,-0.202862,-0.202862,-2.83535,3.12224
82.82,4.21048,4.21048,-0.0564192,-0.0564192,-2.93737,3.01715
82.83,4.19544,4.19544,0.0925107,0.0925107,-3.03204,2.90121
82.84,4.16766,4.16766,0.243465,0.243465,-3.11913,2.77482
82.85,4.1273,4.1273,0.395967,0.395967,-3.19843,2.63845
82.86,4.07458,4.07458,0.549532,0.549532,-3.26974,2.49258
82.87,4.00973,4.00973,0.70366,0.70366,-3.33287,2.33774
82.88,3.93304,3.93304,0.857847,0.857847,-3.38767,2.17449
82.89,3.84484,3.84484,1.01158,1.01158,-3.434,2.00341
82.9,3.74546,3.74546,1.16434,1.16434,-3.47176,1.82513
82.91,3.63531,3.63531,1.31561,1.31561,-3.50083,1.64027
82.92,3.51479,3.51479,1.46487,1.46487,-3.52115,1.44951
82.93,3.38436,3.38436,1.6116,1.6116,-3.53267,1.25353
82.94,3.2445,3.2445,1.75527,1.75527,-3.53537,1.05305
82.95,3.09571,3.09571,1.89537,1.89537,-3.52922,0.848768
82.96,2.93852,2.93852,2.03139,2.03139,-3.51425,0.641435
82.97,2.77348,2.77348,2.16284,2.16284,-3.49051,0.431795
82.98,2.60118,2.60118,2.28921,2.28921,-3.45803,0.2206
82.99,2.42221,2.42221,2.41003,2.41003,-3.41691,0.00861114
83,2.23718,2.23718,2.52484,2.52484,-3.36726,-0.203409
83.01,2.04671,2.04671,2.63318,2.63318,-3.30918,-0.414696
83.02,1.85145,1.85145,2.73461,2.73461,-3.24284,-0.624491
83.03,1.65205,1.65205,2.82873,2.82873,-3.16839,-0.832039
83.04,1.44916,1.44916,2.91512,2.91512,-3.08602,-1.03659
83.05,1.24346,1.24346,2.99343,2.99343,-2.99593,-1.23741
83.06,1.03561,1.03561,3.06329,3.06329,-2.89836,-1.43378
83.07,0.82629,0.82629,3.12438,3.12438,-2.79354,-1.62499
83.08,0.616166,0.616166,3.17639,3.17639,-2.68174,-1.81035
83.09,0.40591,0.40591,3.21906,3.21906,-2.56324,-1.9892
83.1,0.196186,0.196186,3.25214,3.25214,-2.43833,-2.16089
83.11,-0.0123491,-0.0123491,3.27541,3.27541,-2.30733,-2.3248
83.12,-0.219046,-0.219046,3.28868,3.28868,-2.17056,-2.48034
83.13,-0.423267,-0.423267,3.29181,3.29181,-2.02837,-2.62696
83.14,-0.624387,-0.624387,3.28467,3.28467,-1.8811,-2.76412
83.15,-0.821798,-0.821798,3.26716,3.26716,-1.72913,-2.89133
83.16,-1.01491,-1.01491,3.23925,3.23925,-1.57285,-3.00814
83.17,-1.20314,-1.20314,3.20089,3.20089,-1.41262,-3.11412
83.18,-1.38595,-1.38595,3.15212,3.15212,-1.24887,-3.2089
83.19,-1.56279,-1.56279,3.09297,3.09297,-1.082,-3.29213
83.2,-1.73318,-1.73318,3.02354,3.02354,-0.912424,-3.3635
83.21,-1.89661,-1.89661,2.94393,2.94393,-0.740567,-3.42278
83.22,-2.05264,-2.05264,2.8543,2.8543,-0.566858,-3.46973
83.23,-2.20085,-2.20085,2.75484,2.75484,-0.391732,-3.5042
83.24,-2.34083,-2.34083,2.64577,2.64577,-0.215628,-3.52606
83.25,-2.47222,-2.47222,2.52735,2.52735,-0.0389841,-3.53522
83.26,-2.59468,-2.59468,2.39986,2.39986,0.137757,-3.53167
83.27,-2.7079,-2.7079,2.26362,2.26362,0.314154,-3.5154
83.28,-2.81163,-2.81163,2.119,2.119,0.489765,-3.48648
83.29,-2.90562,-2.90562,1.96637,1.96637,0.664152,-3.44502
83.3,-2.98967,-2.98967,1.80614,1.80614,0.83688,-3.39115
83.31,-3.06361,-3.06361,1.63877,1.63877,1.00752,-3.32508
83.32,-3.12731,-3.12731,1.46471,1.46471,1.17563,-3.24705
83.33,-3.18067,-3.18067,1.28447,1.28447,1.34081,-3.15733
83.34,-3.22362,-3.22362,1.09856,1.09856,1.50264,-3.05624
83.35,-3.25614,-3.25614,0.907537,0.907537,1.66071,-2.94416
83.36,-3.27823,-3.27823,0.711951,0.711951,1.81463,-2.82148
83.37,-3.28993,-3.28993,0.512392,0.512392,1.96402,-2.68865
83.38,-3.29132,-3.29132,0.309463,0.309463,2.10849,-2.54614
83.39,-3.28251,-3.28251,0.10378,0.10378,2.2477,-2.39447
83.4,-3.26362,-3.26362,-0.104023,-0.104023,2.38129,-2.23418
83.41,-3.23485,-3.23485,-0.313303,-0.313303,2.50892,-2.06584
83.42,-3.19638,-3.19638,-0.523407,-0.523407,2.63029,-1.89008
83.43,-3.14845,-3.14845,-0.733671,-0.733671,2.74508,-1.70751
83.44,-3.09133,-3.09133,-0.943429,-0.943429,2.85301,-1.5188
83.45,-3.0253,-3.0253,-1.15201,-1.15201,2.95381,-1.32462
83.46,-2.95068,-2.95068,-1.35874,-1.35874,3.04722,-1.12567
83.47,-2.86781,-2.86781,-1.56295,-1.56295,3.13302,-0.922673
83.48,-2.77705,-2.77705,-1.76397,-1.76397,3.21099,-0.716355
83.49,-2.67879,-2.67879,-1.96114,-1.96114,3.28093,-0.507458
83.5,-2.57345,-2.57345,-2.1538,-2.1538,3.34267,-0.296735
83.51,-2.46144,-2.46144,-2.34131,-2.34131,3.39606,-0.0849445
83.52,-2.34321,-2.34321,-2.52303,-2.52303,3.44096,0.127152
83.53,-2.21923,-2.21923,-2.69835,-2.69835,3.47725,0.338791
83.54,-2.08996,-2.08996,-2.86666,-2.86666,3.50486,0.54921
83.55,-1.95589,-1.95589,-3.02738,-3.02738,3.52371,0.757653
83.56,-1.81753,-1.81753,-3.17994,-3.17994,3.53374,0.963369
83.57,-1.67537,-1.67537,-3.3238,-3.3238,3.53495,1.16562
83.58,-1.52993,-1.52993,-3.45845,-3.45845,3.52732,1.36367
83.59,-1.38173,-1.38173,-3.5834,-3.5834,3.51087,1.55682
83.6,-1.23128,-1.23128,-3.69818,-3.69818,3.48565,1.74436
83.61,-1.07911,-1.07911,-3.80236,-3.80236,3.45172,1.92563
83.62,-0.92574,-0.92574,-3.89554,-3.89554,3.40916,2.09996
83.63,-0.771689,-0.771689,-3.97735,-3.97735,3.35808,2.26674
83.64,-0.617472,-0.617472,-4.04745,-4.04745,3.2986,2.42536
83.65,-0.463597,-0.463597,-4.10556,-4.10556,3.23088,2.57525
83.66,-0.310566,-0.310566,-4.1514,-4.1514,3.15508,2.71588
83.67,-0.158869,-0.158869,-4.18475,-4.18475,3.0714,2.84673
83.68,-0.00898899,-0.00898899,-4.20543,-4.20543,2.98004,2.96733
83.69,0.138607,0.138607,-4.21329,-4.21329,2.88123,3.07725
83.7,0.283464,0.283464,-4.20823,-4.20823,2.77523,3.1761
83.71,0.425144,0.425144,-4.19018,-4.19018,2.66228,3.26352
83.72,0.563224,0.563224,-4.15912,-4.15912,2.54268,3.3392
83.73,0.6973,0.6973,-4.11506,-4.11506,2.41672,3.40286
83.74,0.826988,0.826988,-4.05808,-4.05808,2.28473,3.45427
83.75,0.951923,0.951923,-3.98827,-3.98827,2.14702,3.49324
83.76,1.07176,1.07176,-3.90577,-3.90577,2.00395,3.51965
83.77,1.18619,1.18619,-3.81078,-3.81078,1.85587,3.53339
83.78,1.2949,1.2949,-3.70351,-3.70351,1.70315,3.53441
83.79,1.39763,1.39763,-3.58424,-3.58424,1.54617,3.52272
83.8,1.49413,1.49413,-3.45328,-3.45328,1.38533,3.49834
83.81,1.58417,1.58417,-3.31096,-3.31096,1.22102,3.46138
83.82,1.66756,1.66756,-3.15767,-3.15767,1.05366,3.41195
83.83,1.74413,1.74413,-2.99384,-2.99384,0.883675,3.35025
83.84,1.81374,1.81374,-2.81992,-2.81992,0.711476,3.27649
83.85,1.87627,1.87627,-2.63641,-2.63641,0.537498,3.19094
83.86,1.93163,1.93163,-2.44382,-2.44382,0.362177,3.09391
83.87,1.97975,1.97975,-2.24272,-2.24272,0.185951,2.98574
83.88,2.0206,2.0206,-2.0337,-2.0337,0.00926046,2.86682
83.89,2.05418,2.05418,-1.81736,-1.81736,-0.167454,2.73759
83.9,2.08049,2.08049,-1.59436,-1.59436,-0.343749,2.59851
83.91,2.09958,2.09958,-1.36534,-1.36534,-0.519185,2.45007
83.92,2.11152,2.11152,-1.13101,-1.13101,-0.693324,2.29282
83.93,2.1164,2.1164,-0.892073,-0.892073,-0.86573,2.12731
83.94,2.11433,2.11433,-0.64925,-0.64925,-1.03597,1.95415
83.95,2.10547,2.10547,-0.403285,-0.403285,-1.20362,1.77395
83.96,2.08996,2.08996,-0.154933,-0.154933,-1.36827,1.58738
83.97,2.06799,2.06799,0.0950405,0.0950405,-1.52949,1.39508
83.98,2.03977,2.03977,0.345861,0.345861,-1.68689,1.19777
83.99,2.00551,2.00551,0.596748,0.596748,-1.84008,0.996148
84,1.96548,1.96548,0.846918,0.846918,-1.98866,0.79094
84.01,1.91991,1.91991,1.09559,1.09559,-2.13228,0.582885
84.02,1.86909,1.86909,1.34197,1.34197,-2.27056,0.372732
84.03,1.81331,1.81331,1.58529,1.58529,-2.40317,0.161238
84.04,1.75288,1.75288,1.82477,1.82477,-2.52978,-0.050836
84.05,1.6881,1.6881,2.05965,2.05965,-2.65006,-0.262727
84.06,1.6193,1.6193,2.28918,2.28918,-2.76371,-0.473673
84.07,1.54683,1.54683,2.51262,2.51262,-2.87046,-0.682914
84.08,1.47102,1.47102,2.72924,2.72924,-2.97004,-0.889698
84.09,1.39223,1.39223,2.93836,2.93836,-3.06219,-1.09328
84.1,1.3108,1.3108,3.13928,3.13928,-3.14668,-1.29293
84.11,1.22711,1.22711,3.33135,3.33135,-3.22331,-1.48792
84.12,1.1415,1.1415,3.51393,3.51393,-3.29189,-1.67756
84.13,1.05435,1.05435,3.68643,3.68643,-3.35224,-1.86116
84.14,0.966007,0.966007,3.84826,3.84826,-3.4042,-2.03806
84.15,0.876835,0.876835,3.9989,3.9989,-3.44766,-2.20763
84.16,0.787187,0.787187,4.13782,4.13782,-3.48251,-2.36925
84.17,0.697413,0.697413,4.26456,4.26456,-3.50864,-2.52235
84.18,0.607857,0.607857,4.37867,4.37867,-3.52601,-2.66637
84.19,0.518855,0.518855,4.47977,4.47977,-3.53456,-2.80079
84.2,0.430733,0.430733,4.5675,4.5675,-3.53428,-2.92514
84.21,0.343809,0.343809,4.64154,4.64154,-3.52517,-3.03895
84.22,0.258388,0.258388,4.70161,4.70161,-3.50725,-3.14183
84.23,0.174764,0.174764,4.74748,4.74748,-3.48055,-3.2334
84.24,0.0932161,0.0932161,4.77898,4.77898,-3.44516,-3.31334
84.25,0.0140115,0.0140115,4.79596,4.79596,-3.40116,-3.38135
84.26,-0.0625994,-0.0625994,4.79832,4.79832,-3.34866,-3.43719
84.27,-0.136382,-0.136382,4.78601,4.78601,-3.28779,-3.48066
84.28,-0.207117,-0.207117,4.75904,4.75904,-3.21869,-3.5116
84.29,-0.274605,-0.274605,4.71744,4.71744,-3.14156,-3.52991
84.3,-0.338662,-0.338662,4.66131,4.66131,-3.05657,-3.53551
84.31,-0.399124,-0.399124,4.59077,4.59077,-2.96394,-3.52839
84.32,-0.455846,-0.455846,4.50602,4.50602,-2.86391,-3.50857
84.33,-0.5087,-0.5087,4.40728,4.40728,-2.75671,-3.47612
84.34,-0.557581,-0.557581,4.29482,4.29482,-2.64263,-3.43117
84.35,-0.6024,-0.6024,4.16896,4.16896,-2.52194,-3.37386
84.36,-0.643091,-0.643091,4.03005,4.03005,-2.39494,-3.30441
84.37,-0.679606,-0.679606,3.87851,3.87851,-2.26196,-3.22307
84.38,-0.711916,-0.711916,3.71476,3.71476,-2.12333,-3.13013
84.39,-0.740013,-0.740013,3.53929,3.53929,-1.97939,-3.02593
84.4,-0.763908,-0.763908,3.35263,3.35263,-1.8305,-2.91083
84.41,-0.783631,-0.783631,3.15532,3.15532,-1.67704,-2.78526
84.42,-0.79923,-0.79923,2.94796,2.94796,-1.51938,-2.64967
84.43,-0.810772,-0.810772,2.73117,2.73117,-1.35793,-2.50453
84.44,-0.818339,-0.818339,2.50561,2.50561,-1.19308,-2.35039
84.45,-0.822034,-0.822034,2.27196,2.27196,-1.02525,-2.18779
84.46,-0.821974,-0.821974,2.03093,2.03093,-0.854863,-2.01731
84.47,-0.818291,-0.818291,1.78326,1.78326,-0.682334,-1.83957
84.48,-0.811132,-0.811132,1.5297,1.5297,-0.508101,-1.65521
84.49,-0.80066,-0.80066,1.27102,1.27102,-0.332597,-1.4649
84.5,-0.787047,-0.787047,1.00803,1.00803,-0.156262,-1.26931
84.51,-0.77048,-0.77048,0.741539,0.741539,0.0204639,-1.06916
84.52,-0.751156,-0.751156,0.47236,0.47236,0.197138,-0.865156
84.53,-0.729282,-0.729282,0.201327,0.201327,0.37332,-0.65804
84.54,-0.705074,-0.705074,-0.0707199,-0.0707199,0.548569,-0.448556
84.55,-0.678754,-0.678754,-0.342939,-0.342939,0.722446,-0.237457
84.56,-0.650554,-0.650554,-0.614486,-0.614486,0.894518,-0.0255036
84.57,-0.620707,-0.620707,-0.884517,-0.884517,1.06435,0.186542
84.58,-0.589454,-0.589454,-1.15219,-1.15219,1.23153,0.397915
84.59,-0.557038,-0.557038,-1.41668,-1.41668,1.39563,0.607857
84.6,-0.523701,-0.523701,-1.67715,-1.67715,1.55624,0.815611
84.61,-0.48969,-0.48969,-1.9328,-1.9328,1.71296,1.02043
84.62,-0.455247,-0.455247,-2.18282,-2.18282,1.86539,1.22158
84.63,-0.420617,-0.420617,-2.42643,-2.42643,2.01317,1.41833
84.64,-0.386038,-0.386038,-2.66288,-2.66288,2.15591,1.60997
84.65,-0.351746,-0.351746,-2.89142,-2.89142,2.29327,1.79582
84.66,-0.31797,-0.31797,-3.11134,-3.11134,2.42489,1.97521
84.67,-0.284936,-0.284936,-3.32195,-3.32195,2.55045,2.14749
84.68,-0.252859,-0.252859,-3.52258,-3.52258,2.66964,2.31204
84.69,-0.221947,-0.221947,-3.71261,-3.71261,2.78215,2.46827
84.7,-0.192399,-0.192399,-3.89144,-3.89144,2.88771,2.61562
84.71,-0.164404,-0.164404,-4.05852,-4.05852,2.98606,2.75355
84.72,-0.138139,-0.138139,-4.2133,-4.2133,3.07694,2.88158
84.73,-0.113768,-0.113768,-4.35532,-4.35532,3.16012,2.99923
84.74,-0.0914452,-0.0914452,-4.48412,-4.48412,3.23541,3.10609
84.75,-0.0713082,-0.0713082,-4.5993,-4.5993,3.30262,3.20177
84.76,-0.0534821,-0.0534821,-4.70049,-4.70049,3.36156,3.28593
84.77,-0.038077,-0.038077,-4.78737,-4.78737,3.41211,3.35826
84.78,-0.0251874,-0.0251874,-4.85969,-4.85969,3.45413,3.41851
84.79,-0.0148925,-0.0148925,-4.91719,-4.91719,3.48751,3.46645
84.8,-0.00725524,-0.00725524,-4.95971,-4.95971,3.51218,3.50192
84.81,-0.00232234,-0.00232234,-4.98712,-4.98712,3.52807,3.52478
84.82,-0.00012388,-0.00012388,-4.99931,-4.99931,3.53514,3.53496
84.83,-0.000673265,-0.000673265,-4.99627,-4.99627,3.53337,3.53242
84.84,-0.00396715,-0.00396715,-4.97798,-4.97798,3.52277,3.51716
84.85,-0.00998543,-0.00998543,-4.94453,-4.94453,3.50337,3.48925
84.86,-0.0186914,-0.0186914,-4.896,-4.896,3.47521,3.44878
84.87,-0.0300318,-0.0300318,-4.83255,-4.83255,3.43836,3.39589
84.88,-0.0439371,-0.0439371,-4.75438,-4.75438,3.39292,3.33079
84.89,-0.0603221,-0.0603221,-4.66174,-4.66174,3.339,3.2537
84.9,-0.0790858,-0.0790858,-4.55492,-4.55492,3.27674,3.16489
84.91,-0.100112,-0.100112,-4.43426,-4.43426,3.20628,3.0647
84.92,-0.123271,-0.123271,-4.30012,-4.30012,3.12781,2.95348
84.93,-0.148418,-0.148418,-4.15295,-4.15295,3.04152,2.83163
84.94,-0.175395,-0.175395,-3.99319,-3.99319,2.94763,2.69959
84.95,-0.204033,-0.204033,-3.82135,-3.82135,2.84638,2.55783
84.96,-0.234149,-0.234149,-3.63797,-3.63797,2.738,2.40687
84.97,-0.265551,-0.265551,-3.44363,-3.44363,2.62279,2.24724
84.98,-0.298036,-0.298036,-3.23893,-3.23893,2.50102,2.07953
84.99,-0.331393,-0.331393,-3.02453,-3.02453,2.37299,1.90433
85,-0.365402,-0.365402,-2.80108,-2.80108,2.23904,1.72228
85.01,-0.399837,-0.399837,-2.56929,-2.56929,2.09949,1.53403
85.02,-0.434465,-0.434465,-2.32988,-2.32988,1.95469,1.34026
85.03,-0.469049,-0.469049,-2.08362,-2.08362,1.80501,1.14167
85.04,-0.503348,-0.503348,-1.83125,-1.83125,1.65081,0.93897
85.05,-0.537119,-0.537119,-1.57358,-1.57358,1.49249,0.732889
85.06,-0.570118,-0.570118,-1.31141,-1.31141,1.33044,0.52417
85.07,-0.602098,-0.602098,-1.04555,-1.04555,1.16506,0.313565
85.08,-0.632818,-0.632818,-0.776829,-0.776829,0.996771,0.101831
85.09,-0.662035,-0.662035,-0.506092,-0.506092,0.82599,-0.110269
85.1,-0.689512,-0.689512,-0.234175,-0.234175,0.653145,-0.321972
85.11,-0.715015,-0.715015,0.0380772,0.0380772,0.478667,-0.532516
85.12,-0.738317,-0.738317,0.30982,0.30982,0.302993,-0.741144
85.13,-0.759197,-0.759197,0.580212,0.580212,0.126561,-0.947105
85.14,-0.777443,-0.777443,0.848418,0.848418,-0.0501868,-1.14966
85.15,-0.792852,-0.792852,1.11361,1.11361,-0.226809,-1.34807
85.16,-0.805232,-0.805232,1.37497,1.37497,-0.402865,-1.54163
85.17,-0.8144,-0.8144,1.63169,1.63169,-0.577914,-1.72965
85.18,-0.820188,-0.820188,1.883,1.883,-0.751518,-1.91144
85.19,-0.822441,-0.822441,2.1281,2.1281,-0.923244,-2.08635
85.2,-0.821015,-0.821015,2.36627,2.36627,-1.09266,-2.25375
85.21,-0.815785,-0.815785,2.59677,2.59677,-1.25935,-2.41304
85.22,-0.806641,-0.806641,2.81891,2.81891,-1.42289,-2.56365
85.23,-0.793487,-0.793487,3.032,3.032,-1.58287,-2.70503
85.24,-0.776246,-0.776246,3.23542,3.23542,-1.7389,-2.83668
85.25,-0.754861,-0.754861,3.42854,3.42854,-1.89058,-2.95811
85.26,-0.729289,-0.729289,3.61079,3.61079,-2.03753,-3.0689
85.27,-0.699508,-0.699508,3.78164,3.78164,-2.17939,-3.16865
85.28,-0.665515,-0.665515,3.94056,3.94056,-2.31581,-3.25699
85.29,-0.627327,-0.627327,4.08711,4.08711,-2.44644,-3.33361
85.3,-0.584979,-0.584979,4.22085,4.22085,-2.57095,-3.39823
85.31,-0.538527,-0.538527,4.34139,4.34139,-2.68903,-3.45062
85.32,-0.488047,-0.488047,4.44841,4.44841,-2.8004,-3.4906
85.33,-0.433633,-0.433633,4.54159,4.54159,-2.90476,-3.51801
85.34,-0.3754,-0.3754,4.62068,4.62068,-3.00187,-3.53276
85.35,-0.313483,-0.313483,4.68548,4.68548,-3.09147,-3.5348
85.36,-0.248034,-0.248034,4.73582,4.73582,-3.17334,-3.52411
85.37,-0.179225,-0.179225,4.77158,4.77158,-3.24728,-3.50075
85.38,-0.107247,-0.107247,4.79269,4.79269,-3.31311,-3.46478
85.39,-0.0323068,-0.0323068,4.79913,4.79913,-3.37065,-3.41634
85.4,0.0453698,0.0453698,4.79092,4.79092,-3.41977,-3.35561
85.41,0.125542,0.125542,4.76813,4.76813,-3.46035,-3.2828
85.42,0.207952,0.207952,4.73086,4.73086,-3.49227,-3.19818
85.43,0.292329,0.292329,4.67929,4.67929,-3.51546,-3.10205
85.44,0.378387,0.378387,4.61361,4.61361,-3.52987,-2.99475
85.45,0.465827,0.465827,4.53406,4.53406,-3.53546,-2.87668
85.46,0.554339,0.554339,4.44095,4.44095,-3.5322,-2.74825
85.47,0.643602,0.643602,4.3346,4.3346,-3.52012,-2.60993
85.48,0.733286,0.733286,4.21539,4.21539,-3.49925,-2.46222
85.49,0.823051,0.823051,4.08373,4.08373,-3.46962,-2.30565
85.5,0.912551,0.912551,3.94007,3.94007,-3.43132,-2.14078
85.51,1.00143,1.00143,3.7849,3.7849,-3.38445,-1.9682
85.52,1.08935,1.08935,3.61873,3.61873,-3.32911,-1.78855
85.53,1.17592,1.17592,3.44213,3.44213,-3.26546,-1.60245
85.54,1.26081,1.26081,3.25568,3.25568,-3.19364,-1.41059
85.55,1.34364,1.34364,3.06,3.06,-3.11384,-1.21365
85.56,1.42405,1.42405,2.85573,2.85573,-3.02626,-1.01235
85.57,1.5017,1.5017,2.64353,2.64353,-2.93112,-0.807395
85.58,1.57621,1.57621,2.42409,2.42409,-2.82864,-0.59954
85.59,1.64726,1.64726,2.19813,2.19813,-2.7191,-0.389527
85.6,1.71449,1.71449,1.96637,1.96637,-2.60276,-0.178111
85.61,1.77757,1.77757,1.72956,1.72956,-2.47992,0.0339446
85.62,1.83618,1.83618,1.48846,1.48846,-2.35087,0.245879
85.63,1.89001,1.89001,1.24382,1.24382,-2.21596,0.456928
85.64,1.93877,1.93877,0.996431,0.996431,-2.0755,0.666332
85.65,1.98216,1.98216,0.747069,0.747069,-1.92985,0.873339
85.66,2.01991,2.01991,0.496518,0.496518,-1.77938,1.0772
85.67,2.05178,2.05178,0.245564,0.245564,-1.62447,1.27719
85.68,2.07753,2.07753,-0.00501165,-0.00501165,-1.46549,1.47258
85.69,2.09694,2.09694,-0.25443,-0.25443,-1.30285,1.66267
85.7,2.10982,2.10982,-0.501919,-0.501919,-1.13696,1.84678
85.71,2.11598,2.11598,-0.746718,-0.746718,-0.968218,2.02424
85.72,2.11529,2.11529,-0.988077,-0.988077,-0.79706,2.19441
85.73,2.1076,2.1076,-1.22526,-1.22526,-0.623909,2.35669
85.74,2.09281,2.09281,-1.45755,-1.45755,-0.4492,2.51049
85.75,2.07084,2.07084,-1.68424,-1.68424,-0.273367,2.65525
85.76,2.04163,2.04163,-1.90466,-1.90466,-0.0968517,2.79045
85.77,2.00515,2.00515,-2.11815,-2.11815,0.0799061,2.91561
85.78,1.96139,1.96139,-2.32408,-2.32408,0.256464,3.03028
85.79,1.91037,1.91037,-2.52185,-2.52185,0.432381,3.13405
85.8,1.85213,1.85213,-2.71087,-2.71087,0.607217,3.22653
85.81,1.78677,1.78677,-2.89061,-2.89061,0.780536,3.3074
85.82,1.71436,1.71436,-3.06055,-3.06055,0.951904,3.37637
85.83,1.63504,1.63504,-3.22022,-3.22022,1.12089,3.43319
85.84,1.54897,1.54897,-3.36917,-3.36917,1.28708,3.47765
85.85,1.45632,1.45632,-3.507,-3.507,1.45005,3.5096
85.86,1.35731,1.35731,-3.63333,-3.63333,1.60939,3.52892
85.87,1.25216,1.25216,-3.74784,-3.74784,1.76472,3.53553
85.88,1.14112,1.14112,-3.85023,-3.85023,1.91563,3.52942
85.89,1.0245,1.0245,-3.94026,-3.94026,2.06175,3.51061
85.9,0.902582,0.902582,-4.0177,-4.0177,2.20272,3.47917
85.91,0.775705,0.775705,-4.0824,-4.0824,2.33819,3.4352
85.92,0.644219,0.644219,-4.13423,-4.13423,2.46781,3.37887
85.93,0.508495,0.508495,-4.17309,-4.17309,2.59126,3.31038
85.94,0.368927,0.368927,-4.19895,-4.19895,2.70824,3.22998
85.95,0.225926,0.225926,-4.2118,-4.2118,2.81844,3.13795
85.96,0.0799207,0.0799207,-4.21169,-4.21169,2.9216,3.03463
85.97,-0.0686436,-0.0686436,-4.19869,-4.19869,3.01746,2.92039
85.98,-0.219307,-0.219307,-4.17293,-4.17293,3.10578,2.79563
85.99,-0.371595,-0.371595,-4.13456,-4.13456,3.18633,2.66082
86,-0.525023,-0.525023,-4.08379,-4.08379,3.25892,2.51643
86.01,-0.679096,-0.679096,-4.02086,-4.02086,3.32337,2.36298
86.02,-0.833308,-0.833308,-3.94604,-3.94604,3.37951,2.20103
86.03,-0.987148,-0.987148,-3.85964,-3.85964,3.4272,2.03116
86.04,-1.1401,-1.1401,-3.76202,-3.76202,3.46632,1.85398
86.05,-1.29164,-1.29164,-3.65355,-3.65355,3.49678,1.67012
86.06,-1.44126,-1.44126,-3.53466,-3.53466,3.5185,1.48026
86.07,-1.58842,-1.58842,-3.40578,-3.40578,3.53143,1.28507
86.08,-1.73261,-1.73261,-3.26738,-3.26738,3.53553,1.08525
86.09,-1.87331,-1.87331,-3.11998,-3.11998,3.53079,0.881526
86.1,-2.01002,-2.01002,-2.96409,-2.96409,3.51723,0.67463
86.11,-2.14223,-2.14223,-2.80027,-2.80027,3.49487,0.465307
86.12,-2.26944,-2.26944,-2.62909,-2.62909,3.46378,0.254309
86.13,-2.39118,-2.39118,-2.45114,-2.45114,3.42404,0.0423954
86.14,-2.50698,-2.50698,-2.26703,-2.26703,3.37573,-0.16967
86.15,-2.61638,-2.61638,-2.07738,-2.07738,3.31899,-0.381126
86.16,-2.71894,-2.71894,-1.88284,-1.88284,3.25395,-0.591209
86.17,-2.81424,-2.81424,-1.68405,-1.68405,3.18078,-0.799165
86.18,-2.9019,-2.9019,-1.48168,-1.48168,3.09966,-1.00424
86.19,-2.98151,-2.98151,-1.27638,-1.27638,3.01079,-1.20571
86.2,-3.05274,-3.05274,-1.06883,-1.06883,2.91439,-1.40284
86.21,-3.11525,-3.11525,-0.859699,-0.859699,2.81071,-1.59491
86.22,-3.16873,-3.16873,-0.649658,-0.649658,2.70001,-1.78125
86.23,-3.2129,-3.2129,-0.439378,-0.439378,2.58255,-1.96118
86.24,-3.24752,-3.24752,-0.229525,-0.229525,2.45864,-2.13405
86.25,-3.27237,-3.27237,-0.0207568,-0.0207568,2.32859,-2.29924
86.26,-3.28725,-3.28725,0.186276,0.186276,2.19272,-2.45615
86.27,-3.292,-3.292,0.390933,0.390933,2.05136,-2.60422
86.28,-3.2865,-3.2865,0.592588,0.592588,1.90488,-2.74293
86.29,-3.27065,-3.27065,0.79063,0.79063,1.75364,-2.87176
86.3,-3.24439,-3.24439,0.984464,0.984464,1.59801,-2.99025
86.31,-3.2077,-3.2077,1.17351,1.17351,1.43839,-3.09799
86.32,-3.16059,-3.16059,1.35722,1.35722,1.27517,-3.19457
86.33,-3.10309,-3.10309,1.53505,1.53505,1.10877,-3.27966
86.34,-3.03528,-3.03528,1.70649,1.70649,0.939596,-3.35294
86.35,-2.95728,-2.95728,1.87106,1.87106,0.768073,-3.41416
86.36,-2.86924,-2.86924,2.02831,2.02831,0.59463,-3.46309
86.37,-2.77133,-2.77133,2.17778,2.17778,0.419701,-3.49955
86.38,-2.66378,-2.66378,2.3191,2.3191,0.243723,-3.52342
86.39,-2.54682,-2.54682,2.45188,2.45188,0.0671353,-3.53462
86.4,-2.42076,-2.42076,2.57578,2.57578,-0.10962,-3.53309
86.41,-2.28589,-2.28589,2.6905,2.6905,-0.286101,-3.51884
86.42,-2.14258,-2.14258,2.79576,2.79576,-0.461867,-3.49193
86.43,-1.9912,-1.9912,2.89131,2.89131,-0.636478,-3.45246
86.44,-1.83215,-1.83215,2.97696,2.97696,-0.809499,-3.40055
86.45,-1.66589,-1.66589,3.05252,3.05252,-0.980497,-3.33642
86.46,-1.49286,-1.49286,3.11785,3.11785,-1.14904,-3.26027
86.47,-1.31357,-1.31357,3.17286,3.17286,-1.31472,-3.17239
86.48,-1.12853,-1.12853,3.21747,3.21747,-1.47711,-3.07309
86.49,-0.938281,-0.938281,3.25166,3.25166,-1.6358,-2.96273
86.5,-0.743382,-0.743382,3.27541,3.27541,-1.79041,-2.84171
86.51,-0.544417,-0.544417,3.28876,3.28876,-1.94054,-2.71046
86.52,-0.341983,-0.341983,3.29179,3.29179,-2.08583,-2.56946
86.53,-0.136697,-0.136697,3.28459,3.28459,-2.22589,-2.41921
86.54,0.0708116,0.0708116,3.2673,3.2673,-2.3604,-2.26026
86.55,0.2799,0.2799,3.24009,3.24009,-2.48901,-2.09317
86.56,0.489917,0.489917,3.20315,3.20315,-2.61139,-1.91854
86.57,0.7002,0.7002,3.15671,3.15671,-2.72725,-1.73702
86.58,0.910083,0.910083,3.10103,3.10103,-2.83629,-1.54924
86.59,1.1189,1.1189,3.0364,3.0364,-2.93824,-1.35588
86.6,1.32597,1.32597,2.96313,2.96313,-3.03285,-1.15765
86.61,1.53062,1.53062,2.88154,2.88154,-3.11987,-0.955245
86.62,1.7322,1.7322,2.79202,2.79202,-3.1991,-0.749406
86.63,1.93002,1.93002,2.69493,2.69493,-3.27033,-0.54087
86.64,2.12345,2.12345,2.59068,2.59068,-3.33339,-0.330387
86.65,2.31182,2.31182,2.47971,2.47971,-3.38812,-0.118716
86.66,2.4945,2.4945,2.36244,2.36244,-3.43438,0.0933832
86.67,2.67088,2.67088,2.23934,2.23934,-3.47205,0.305146
86.68,2.84035,2.84035,2.11088,2.11088,-3.50105,0.515811
86.69,3.00231,3.00231,1.97755,1.97755,-3.52129,0.724619
86.7,3.15621,3.15621,1.83983,1.83983,-3.53274,0.930819
86.71,3.3015,3.3015,1.69824,1.69824,-3.53535,1.13367
86.72,3.43765,3.43765,1.55329,1.55329,-3.52913,1.33244
86.73,3.56417,3.56417,1.40549,1.40549,-3.51408,1.52642
86.74,3.6806,3.6806,1.25537,1.25537,-3.49026,1.7149
86.75,3.78649,3.78649,1.10344,1.10344,-3.4577,1.89721
86.76,3.88145,3.88145,0.950225,0.950225,-3.41651,2.07269
86.77,3.96509,3.96509,0.796249,0.796249,-3.36678,2.24071
86.78,4.03708,4.03708,0.642024,0.642024,-3.30863,2.40067
86.79,4.09712,4.09712,0.488061,0.488061,-3.24221,2.55199
86.8,4.14493,4.14493,0.334862,0.334862,-3.16769,2.69412
86.81,4.18028,4.18028,0.18292,0.18292,-3.08525,2.82656
86.82,4.20299,4.20299,0.0327188,0.0327188,-2.9951,2.94883
86.83,4.2129,4.2129,-0.115272,-0.115272,-2.89746,3.06048
86.84,4.2099,4.2099,-0.260595,-0.260595,-2.79258,3.16112
86.85,4.19392,4.19392,-0.40281,-0.40281,-2.68072,3.25038
86.86,4.16493,4.16493,-0.54149,-0.54149,-2.56216,3.32794
86.87,4.12295,4.12295,-0.67623,-0.67623,-2.4372,3.39353
86.88,4.06802,4.06802,-0.806642,-0.806642,-2.30614,3.44691
86.89,4.00024,4.00024,-0.932357,-0.932357,-2.16932,3.48787
86.9,3.91976,3.91976,-1.05303,-1.05303,-2.02708,3.51629
86.91,3.82674,3.82674,-1.16834,-1.16834,-1.87977,3.53205
86.92,3.72141,3.72141,-1.27798,-1.27798,-1.72776,3.5351
86.93,3.60403,3.60403,-1.38168,-1.38168,-1.57144,3.52543
86.94,3.4749,3.4749,-1.47919,-1.47919,-1.41119,3.50307
86.95,3.33437,3.33437,-1.57027,-1.57027,-1.2474,3.4681
86.96,3.1828,3.1828,-1.65473,-1.65473,-1.08051,3.42065
86.97,3.02062,3.02062,-1.7324,-1.7324,-0.910907,3.36089
86.98,2.84828,2.84828,-1.80313,-1.80313,-0.739031,3.28904
86.99,2.66626,2.66626,-1.86679,-1.86679,-0.565308,3.20535
87,2.47508,2.47508,-1.92329,-1.92329,-0.390172,3.11012
87.01,2.2753,2.2753,-1.97257,-1.97257,-0.214061,3.0037
87.02,2.0675,2.0675,-2.01458,-2.01458,-0.0374142,2.88647
87.03,1.85228,1.85228,-2.04932,-2.04932,0.139326,2.75885
87.04,1.63029,1.63029,-2.07678,-2.07678,0.315717,2.6213
87.05,1.40219,1.40219,-2.09702,-2.09702,0.49132,2.47432
87.06,1.16866,1.16866,-2.11009,-2.11009,0.665694,2.31843
87.07,0.930407,0.930407,-2.11609,-2.11609,0.838405,2.1542
87.08,0.688153,0.688153,-2.11512,-2.11512,1.00902,1.98222
87.09,0.442638,0.442638,-2.10733,-2.10733,1.17711,1.8031
87.1,0.194615,0.194615,-2.09286,-2.09286,1.34226,1.61749
87.11,-0.0551515,-0.0551515,-2.07191,-2.07191,1.50406,1.42606
87.12,-0.305889,-0.305889,-2.04467,-2.04467,1.6621,1.2295
87.13,-0.556818,-0.556818,-2.01136,-2.01136,1.81598,1.02852
87.14,-0.807155,-0.807155,-1.97223,-1.97223,1.96532,0.823832
87.15,-1.05611,-1.05611,-1.92753,-1.92753,2.10975,0.616181
87.16,-1.30291,-1.30291,-1.87753,-1.87753,2.24891,0.406312
87.17,-1.54677,-1.54677,-1.82252,-1.82252,2.38245,0.194981
87.18,-1.78692,-1.78692,-1.7628,-1.7628,2.51003,-0.0170524
87.19,-2.02258,-2.02258,-1.69869,-1.69869,2.63134,-0.229024
87.2,-2.25301,-2.25301,-1.63051,-1.63051,2.74607,-0.440171
87.21,-2.47747,-2.47747,-1.5586,-1.5586,2.85393,-0.649735
87.22,-2.69523,-2.69523,-1.4833,-1.4833,2.95467,-0.85696
87.23,-2.90558,-2.90558,-1.40496,-1.40496,3.04802,-1.0611
87.24,-3.10785,-3.10785,-1.32393,-1.32393,3.13375,-1.26142
87.25,-3.30137,-3.30137,-1.24058,-1.24058,3.21164,-1.4572
87.26,-3.48551,-3.48551,-1.15525,-1.15525,3.28151,-1.64774
87.27,-3.65965,-3.65965,-1.06832,-1.06832,3.34318,-1.83235
87.28,-3.82323,-3.82323,-0.980142,-0.980142,3.39649,-2.01036
87.29,-3.97568,-3.97568,-0.891078,-0.891078,3.44132,-2.18114
87.3,-4.1165,-4.1165,-0.801482,-0.801482,3.47754,-2.34407
87.31,-4.24521,-4.24521,-0.711705,-0.711705,3.50507,-2.49856
87.32,-4.36136,-4.36136,-0.622092,-0.622092,3.52383,-2.64406
87.33,-4.46456,-4.46456,-0.53298,-0.53298,3.53379,-2.78005
87.34,-4.55444,-4.55444,-0.444696,-0.444696,3.53492,-2.90603
87.35,-4.63067,-4.63067,-0.35756,-0.35756,3.52721,-3.02155
87.36,-4.69298,-4.69298,-0.27188,-0.27188,3.51069,-3.12619
87.37,-4.74114,-4.74114,-0.18795,-0.18795,3.48539,-3.21959
87.38,-4.77493,-4.77493,-0.106054,-0.106054,3.45138,-3.3014
87.39,-4.79423,-4.79423,-0.0264587,-0.0264587,3.40874,-3.37132
87.4,-4.79892,-4.79892,0.0505814,0.0505814,3.35758,-3.42912
87.41,-4.78895,-4.78895,0.124829,0.124829,3.29803,-3.47457
87.42,-4.76432,-4.76432,0.196064,0.196064,3.23024,-3.50752
87.43,-4.72504,-4.72504,0.264082,0.264082,3.15437,-3.52784
87.44,-4.67121,-4.67121,0.328697,0.328697,3.07062,-3.53547
87.45,-4.60296,-4.60296,0.389742,0.389742,2.9792,-3.53038
87.46,-4.52046,-4.52046,0.447068,0.447068,2.88032,-3.51257
87.47,-4.42393,-4.42393,0.500546,0.500546,2.77425,-3.48213
87.48,-4.31364,-4.31364,0.550066,0.550066,2.66125,-3.43916
87.49,-4.18989,-4.18989,0.595537,0.595537,2.54159,-3.38381
87.5,-4.05303,-4.05303,0.636889,0.636889,2.41558,-3.31628
87.51,-3.90347,-3.90347,0.674071,0.674071,2.28353,-3.23681
87.52,-3.74163,-3.74163,0.707052,0.707052,2.14577,-3.1457
87.53,-3.568,-3.568,0.73582,0.73582,2.00266,-3.04326
87.54,-3.38308,-3.38308,0.760383,0.760383,1.85453,-2.92987
87.55,-3.18743,-3.18743,0.780768,0.780768,1.70177,-2.80594
87.56,-2.98164,-2.98164,0.797019,0.797019,1.54476,-2.67191
87.57,-2.76631,-2.76631,0.809202,0.809202,1.38388,-2.52827
87.58,-2.5421,-2.5421,0.817396,0.817396,1.21955,-2.37552
87.59,-2.30969,-2.30969,0.821701,0.821701,1.05217,-2.21423
87.6,-2.06978,-2.06978,0.82223,0.82223,0.882154,-2.04496
87.61,-1.82312,-1.82312,0.819114,0.819114,0.709938,-1.86834
87.62,-1.57044,-1.57044,0.812499,0.812499,0.535946,-1.68499
87.63,-1.31253,-1.31253,0.802542,0.802542,0.360616,-1.49558
87.64,-1.05017,-1.05017,0.789417,0.789417,0.184383,-1.30079
87.65,-0.784184,-0.784184,0.773308,0.773308,0.00769041,-1.10131
87.66,-0.515377,-0.515377,0.75441,0.75441,-0.169022,-0.897875
87.67,-0.244583,-0.244583,0.732928,0.732928,-0.345312,-0.691205
87.68,0.0273589,0.0273589,0.709076,0.709076,-0.520738,-0.482047
87.69,0.299607,0.299607,0.683078,0.683078,-0.694863,-0.271155
87.7,0.571318,0.571318,0.655161,0.655161,-0.867252,-0.0592863
87.71,0.841646,0.841646,0.625561,0.625561,-1.03747,0.152795
87.72,1.10975,1.10975,0.594516,0.594516,-1.2051,0.364327
87.73,1.3748,1.3748,0.562268,0.562268,-1.36972,0.574548
87.74,1.63597,1.63597,0.529062,0.529062,-1.53091,0.782701
87.75,1.89244,1.89244,0.495141,0.495141,-1.68827,0.988036
87.76,2.14341,2.14341,0.460752,0.460752,-1.84142,1.18982
87.77,2.38809,2.38809,0.426135,0.426135,-1.98996,1.38731
87.78,2.62573,2.62573,0.391532,0.391532,-2.13353,1.57982
87.79,2.85558,2.85558,0.357179,0.357179,-2.27177,1.76664
87.8,3.07692,3.07692,0.323306,0.323306,-2.40432,1.9471
87.81,3.28906,3.28906,0.290139,0.290139,-2.53087,2.12055
87.82,3.49132,3.49132,0.257895,0.257895,-2.6511,2.28638
87.83,3.68308,3.68308,0.226784,0.226784,-2.76469,2.44397
87.84,3.86374,3.86374,0.197006,0.197006,-2.87138,2.59277
87.85,4.03272,4.03272,0.168751,0.168751,-2.97089,2.73224
87.86,4.1895,4.1895,0.142199,0.142199,-3.06297,2.86187
87.87,4.33358,4.33358,0.117516,0.117516,-3.1474,2.9812
87.88,4.46451,4.46451,0.0948575,0.0948575,-3.22396,3.08981
87.89,4.58188,4.58188,0.0743637,0.0743637,-3.29246,3.1873
87.9,4.68532,4.68532,0.0561618,0.0561618,-3.35273,3.27331
87.91,4.77451,4.77451,0.0403643,0.0403643,-3.40463,3.34754
87.92,4.84915,4.84915,0.0270684,0.0270684,-3.44801,3.40973
87.93,4.90903,4.90903,0.0163556,0.0163556,-3.48278,3.45965
87.94,4.95395,4.95395,0.00829155,0.00829155,-3.50884,3.49711
87.95,4.98377,4.98377,0.00292549,0.00292549,-3.52613,3.52199
87.96,4.99839,4.99839,0.000290199,0.000290199,-3.5346,3.53419
87.97,4.99777,4.99777,0.000401737,0.000401737,-3.53424,3.53367
87.98,4.98191,4.98191,0.00325943,0.00325943,-3.52505,3.52044
87.99,4.95087,4.95087,0.00884584,0.00884584,-3.50705,3.49454
88,4.90473,4.90473,0.0171269,0.0171269,-3.48028,3.45606
88.01,4.84365,4.84365,0.0280519,0.0280519,-3.44481,3.40514
88.02,4.76781,4.76781,0.0415541,0.0415541,-3.40073,3.34197
88.03,4.67745,4.67745,0.0575505,0.0575505,-3.34815,3.26677
88.04,4.57287,4.57287,0.0759427,0.0759427,-3.28721,3.17981
88.05,4.45439,4.45439,0.0966172,0.0966172,-3.21804,3.08141
88.06,4.32237,4.32237,0.119446,0.119446,-3.14084,2.97192
88.07,4.17724,4.17724,0.144286,0.144286,-3.05578,2.85173
88.08,4.01945,4.01945,0.170983,0.170983,-2.96309,2.72128
88.09,3.84951,3.84951,0.199368,0.199368,-2.86299,2.58104
88.1,3.66793,3.66793,0.229261,0.229261,-2.75573,2.4315
88.11,3.47529,3.47529,0.260472,0.260472,-2.64158,2.27322
88.12,3.2722,3.2722,0.292798,0.292798,-2.52084,2.10676
88.13,3.0593,3.0593,0.326031,0.326031,-2.39379,1.93271
88.14,2.83724,2.83724,0.359951,0.359951,-2.26076,1.75171
88.15,2.60673,2.60673,0.394334,0.394334,-2.12207,1.5644
88.16,2.36849,2.36849,0.428947,0.428947,-1.97809,1.37147
88.17,2.12327,2.12327,0.463554,0.463554,-1.82916,1.17359
88.18,1.87182,1.87182,0.497915,0.497915,-1.67566,0.971498
88.19,1.61494,1.61494,0.531786,0.531786,-1.51797,0.765906
88.2,1.35343,1.35343,0.564924,0.564924,-1.35648,0.557557
88.21,1.0881,1.0881,0.597083,0.597083,-1.19161,0.347202
88.22,0.819784,0.819784,0.62802,0.62802,-1.02375,0.135597
88.23,0.549311,0.549311,0.657492,0.657492,-0.853339,-0.0764954
88.24,0.277526,0.277526,0.685262,0.685262,-0.680794,-0.288313
88.25,0.00527079,0.00527079,0.711095,0.711095,-0.506547,-0.499093
88.26,-0.266609,-0.266609,0.734762,0.734762,-0.331034,-0.708077
88.27,-0.537273,-0.537273,0.756042,0.756042,-0.154693,-0.914512
88.28,-0.805882,-0.805882,0.774722,0.774722,0.0220339,-1.11766
88.29,-1.07161,-1.07161,0.790596,0.790596,0.198706,-1.31678
88.3,-1.33363,-1.33363,0.803471,0.803471,0.374881,-1.51116
88.31,-1.59115,-1.59115,0.813162,0.813162,0.55012,-1.7001
88.32,-1.84337,-1.84337,0.8195,0.8195,0.723983,-1.88293
88.33,-2.08951,-2.08951,0.822325,0.822325,0.896037,-2.05898
88.34,-2.32883,-2.32883,0.821494,0.821494,1.06585,-2.22762
88.35,-2.5606,-2.5606,0.816878,0.816878,1.233,-2.38824
88.36,-2.78412,-2.78412,0.808363,0.808363,1.39707,-2.54027
88.37,-2.9987,-2.9987,0.795853,0.795853,1.55765,-2.68315
88.38,-3.2037,-3.2037,0.779268,0.779268,1.71433,-2.81638
88.39,-3.3985,-3.3985,0.758546,0.758546,1.86673,-2.93947
88.4,-3.58252,-3.58252,0.733643,0.733643,2.01446,-3.05199
88.41,-3.75521,-3.75521,0.704533,0.704533,2.15716,-3.15352
88.42,-3.91607,-3.91607,0.67121,0.67121,2.29446,-3.2437
88.43,-4.06462,-4.06462,0.633689,0.633689,2.42603,-3.3222
88.44,-4.20042,-4.20042,0.592,0.592,2.55154,-3.38875
88.45,-4.32309,-4.32309,0.546197,0.546197,2.67067,-3.44311
88.46,-4.43228,-4.43228,0.496353,0.496353,2.78312,-3.48507
88.47,-4.52768,-4.52768,0.442558,0.442558,2.88862,-3.51449
88.48,-4.60903,-4.60903,0.384925,0.384925,2.9869,-3.53126
88.49,-4.67612,-4.67612,0.323585,0.323585,3.07771,-3.53533
88.5,-4.72877,-4.72877,0.258687,0.258687,3.16083,-3.52667
88.51,-4.76686,-4.76686,0.190401,0.190401,3.23605,-3.50531
88.52,-4.79031,-4.79031,0.118914,0.118914,3.30318,-3.47135
88.53,-4.79909,-4.79909,0.0444314,0.0444314,3.36205,-3.42489
88.54,-4.79321,-4.79321,-0.0328251,-0.0328251,3.41252,-3.3661
88.55,-4.77273,-4.77273,-0.112616,-0.112616,3.45446,-3.2952
88.56,-4.73776,-4.73776,-0.194688,-0.194688,3.48777,-3.21244
88.57,-4.68845,-4.68845,-0.278771,-0.278771,3.51236,-3.11812
88.58,-4.625,-4.625,-0.36458,-0.36458,3.52817,-3.01257
88.59,-4.54765,-4.54765,-0.451821,-0.451821,3.53516,-2.89619
88.6,-4.45668,-4.45668,-0.540184,-0.540184,3.53331,-2.76938
88.61,-4.35241,-4.35241,-0.629349,-0.629349,3.52264,-2.6326
88.62,-4.23522,-4.23522,-0.718988,-0.718988,3.50316,-2.48635
88.63,-4.10552,-4.10552,-0.808763,-0.808763,3.47492,-2.33116
88.64,-3.96373,-3.96373,-0.898329,-0.898329,3.438,-2.16757
88.65,-3.81036,-3.81036,-0.987335,-0.987335,3.39248,-1.99618
88.66,-3.64591,-3.64591,-1.07542,-1.07542,3.33849,-1.81761
88.67,-3.47093,-3.47093,-1.16224,-1.16224,3.27615,-1.63249
88.68,-3.28601,-3.28601,-1.24742,-1.24742,3.20562,-1.4415
88.69,-3.09176,-3.09176,-1.3306,-1.3306,3.12708,-1.24533
88.7,-2.88881,-2.88881,-1.41142,-1.41142,3.04072,-1.04467
88.71,-2.67783,-2.67783,-1.48953,-1.48953,2.94677,-0.84025
88.72,-2.4595,-2.4595,-1.56457,-1.56457,2.84544,-0.632808
88.73,-2.23453,-2.23453,-1.63619,-1.63619,2.73701,-0.423088
88.74,-2.00364,-2.00364,-1.70405,-1.70405,2.62173,-0.211845
88.75,-1.76759,-1.76759,-1.76781,-1.76781,2.49991,0.000159844
88.76,-1.52711,-1.52711,-1.82716,-1.82716,2.37183,0.212164
88.77,-1.28299,-1.28299,-1.88177,-1.88177,2.23782,0.423405
88.78,-1.03598,-1.03598,-1.93135,-1.93135,2.09823,0.633122
88.79,-0.786883,-0.786883,-1.97562,-1.97562,1.95338,0.840561
88.8,-0.536469,-0.536469,-2.01429,-2.01429,1.80366,1.04497
88.81,-0.285527,-0.285527,-2.04711,-2.04711,1.64942,1.24563
88.82,-0.0348389,-0.0348389,-2.07385,-2.07385,1.49107,1.4418
88.83,0.214815,0.214815,-2.09428,-2.09428,1.32898,1.63278
88.84,0.462663,0.462663,-2.10821,-2.10821,1.16358,1.81788
88.85,0.707941,0.707941,-2.11546,-2.11546,0.995265,1.99644
88.86,0.949898,0.949898,-2.11587,-2.11587,0.824464,2.16782
88.87,1.18779,1.18779,-2.1093,-2.1093,0.651602,2.3314
88.88,1.42091,1.42091,-2.09565,-2.09565,0.477111,2.48658
88.89,1.64854,1.64854,-2.07483,-2.07483,0.301429,2.63282
88.9,1.87,1.87,-2.04677,-2.04677,0.124992,2.76958
88.91,2.08464,2.08464,-2.01145,-2.01145,-0.0517567,2.89637
88.92,2.29182,2.29182,-1.96884,-1.96884,-0.228376,3.01274
88.93,2.49092,2.49092,-1.91898,-1.91898,-0.404425,3.11827
88.94,2.68137,2.68137,-1.86189,-1.86189,-0.579462,3.21257
88.95,2.86263,2.86263,-1.79765,-1.79765,-0.753052,3.29531
88.96,3.03416,3.03416,-1.72636,-1.72636,-0.924759,3.3662
88.97,3.1955,3.1955,-1.64813,-1.64813,-1.09415,3.42496
88.98,3.34619,3.34619,-1.56312,-1.56312,-1.26082,3.47141
88.99,3.48581,3.48581,-1.47151,-1.47151,-1.42433,3.50536
89,3.614,3.614,-1.37349,-1.37349,-1.58427,3.52669
89.01,3.73041,3.73041,-1.2693,-1.2693,-1.74026,3.53533
89.02,3.83475,3.83475,-1.15919,-1.15919,-1.8919,3.53125
89.03,3.92676,3.92676,-1.04344,-1.04344,-2.03882,3.51446
89.04,4.00622,4.00622,-0.92234,-0.92234,-2.18063,3.48502
89.05,4.07296,4.07296,-0.79623,-0.79623,-2.317,3.44303
89.06,4.12684,4.12684,-0.665454,-0.665454,-2.44757,3.38866
89.07,4.16777,4.16777,-0.530379,-0.530379,-2.57202,3.32209
89.08,4.1957,4.1957,-0.391396,-0.391396,-2.69005,3.24357
89.09,4.21063,4.21063,-0.248914,-0.248914,-2.80135,3.15337
89.1,4.21258,4.21258,-0.103357,-0.103357,-2.90566,3.05183
89.11,4.20162,4.20162,0.0448299,0.0448299,-3.00269,2.9393
89.12,4.17788,4.17788,0.19519,0.19519,-3.09223,2.81619
89.13,4.14151,4.14151,0.347252,0.347252,-3.17403,2.68294
89.14,4.0927,4.0927,0.500532,0.500532,-3.2479,2.54005
89.15,4.03168,4.03168,0.654535,0.654535,-3.31366,2.38801
89.16,3.95874,3.95874,0.808759,0.808759,-3.37113,2.22737
89.17,3.87416,3.87416,0.962692,0.962692,-3.42017,2.05872
89.18,3.7783,3.7783,1.11582,1.11582,-3.46067,1.88266
89.19,3.67154,3.67154,1.26762,1.26762,-3.49251,1.69982
89.2,3.55427,3.55427,1.41758,1.41758,-3.51563,1.51087
89.21,3.42695,3.42695,1.56517,1.56517,-3.52996,1.31648
89.22,3.29004,3.29004,1.70986,1.70986,-3.53547,1.11735
89.23,3.14404,3.14404,1.85116,1.85116,-3.53214,0.914203
89.24,2.98946,2.98946,1.98854,1.98854,-3.51998,0.707763
89.25,2.82687,2.82687,2.12149,2.12149,-3.49902,0.498776
89.26,2.65682,2.65682,2.24954,2.24954,-3.46932,0.287994
89.27,2.47991,2.47991,2.37218,2.37218,-3.43094,0.0761758
89.28,2.29674,2.29674,2.48895,2.48895,-3.38399,-0.135917
89.29,2.10793,2.10793,2.5994,2.5994,-3.32859,-0.34752
89.3,1.91413,1.91413,2.70308,2.70308,-3.26486,-0.557873
89.31,1.71597,1.71597,2.79957,2.79957,-3.19297,-0.766218
89.32,1.51412,1.51412,2.88846,2.88846,-3.1131,-0.971806
89.33,1.30925,1.30925,2.96939,2.96939,-3.02545,-1.1739
89.34,1.10201,1.10201,3.04197,3.04197,-2.93024,-1.37176
89.35,0.893084,0.893084,3.10589,3.10589,-2.8277,-1.56469
89.36,0.683143,0.683143,3.16083,3.16083,-2.7181,-1.75199
89.37,0.472857,0.472857,3.2065,3.2065,-2.6017,-1.93298
89.38,0.262891,0.262891,3.24266,3.24266,-2.4788,-2.10701
89.39,0.0539068,0.0539068,3.26907,3.26907,-2.3497,-2.27347
89.4,-0.153445,-0.153445,3.28555,3.28555,-2.21473,-2.43174
89.41,-0.358523,-0.358523,3.29192,3.29192,-2.07423,-2.58126
89.42,-0.560698,-0.560698,3.28806,3.28806,-1.92854,-2.72148
89.43,-0.759356,-0.759356,3.27387,3.27387,-1.77803,-2.85192
89.44,-0.953899,-0.953899,3.24927,3.24927,-1.62307,-2.97209
89.45,-1.14375,-1.14375,3.21424,3.21424,-1.46406,-3.08156
89.46,-1.32834,-1.32834,3.16879,3.16879,-1.30139,-3.17995
89.47,-1.50714,-1.50714,3.11294,3.11294,-1.13547,-3.26689
89.48,-1.67964,-1.67964,3.04677,3.04677,-0.966707,-3.34207
89.49,-1.84533,-1.84533,2.97038,2.97038,-0.79553,-3.40523
89.5,-2.00377,-2.00377,2.88393,2.88393,-0.622364,-3.45612
89.51,-2.15451,-2.15451,2.78758,2.78758,-0.447642,-3.49459
89.52,-2.29716,-2.29716,2.68154,2.68154,-0.271802,-3.52047
89.53,-2.43132,-2.43132,2.56607,2.56607,-0.0952822,-3.53368
89.54,-2.55666,-2.55666,2.44143,2.44143,0.0814757,-3.53418
89.55,-2.67286,-2.67286,2.30795,2.30795,0.25803,-3.52196
89.56,-2.77964,-2.77964,2.16596,2.16596,0.433939,-3.49706
89.57,-2.87675,-2.87675,2.01583,2.01583,0.608764,-3.45958
89.58,-2.96399,-2.96399,1.85798,1.85798,0.782067,-3.40965
89.59,-3.04116,-3.04116,1.69283,1.69283,0.953416,-3.34744
89.6,-3.10814,-3.10814,1.52085,1.52085,1.12238,-3.27319
89.61,-3.1648,-3.1648,1.34252,1.34252,1.28854,-3.18716
89.62,-3.21107,-3.21107,1.15836,1.15836,1.45148,-3.08965
89.63,-3.24691,-3.24691,0.968907,0.968907,1.61079,-2.98103
89.64,-3.27232,-3.27232,0.77471,0.77471,1.76608,-2.86168
89.65,-3.28733,-3.28733,0.576353,0.576353,1.91695,-2.73203
89.66,-3.29199,-3.29199,0.374431,0.374431,2.06303,-2.59255
89.67,-3.28641,-3.28641,0.169557,0.169557,2.20395,-2.44374
89.68,-3.27072,-3.27072,-0.0376402,-0.0376402,2.33936,-2.28613
89.69,-3.24508,-3.24508,-0.246521,-0.246521,2.46893,-2.1203
89.7,-3.20967,-3.20967,-0.456433,-0.456433,2.59233,-1.94683
89.71,-3.16473,-3.16473,-0.666718,-0.666718,2.70924,-1.76636
89.72,-3.11051,-3.11051,-0.87671,-0.87671,2.81939,-1.57953
89.73,-3.04728,-3.04728,-1.08574,-1.08574,2.92249,-1.38702
89.74,-2.97536,-2.97536,-1.29313,-1.29313,3.01828,-1.18952
89.75,-2.89508,-2.89508,-1.49822,-1.49822,3.10653,-0.987729
89.76,-2.80679,-2.80679,-1.70033,-1.70033,3.18701,-0.782389
89.77,-2.71088,-2.71088,-1.89879,-1.89879,3.25953,-0.574232
89.78,-2.60775,-2.60775,-2.09296,-2.09296,3.3239,-0.364009
89.79,-2.49781,-2.49781,-2.28218,-2.28218,3.37997,-0.152476
89.8,-2.38152,-2.38152,-2.46581,-2.46581,3.42758,0.0596059
89.81,-2.25932,-2.25932,-2.64324,-2.64324,3.46663,0.271473
89.82,-2.13168,-2.13168,-2.81384,-2.81384,3.49701,0.482364
89.83,-1.99909,-1.99909,-2.97704,-2.97704,3.51866,0.691518
89.84,-1.86204,-1.86204,-3.13226,-3.13226,3.5315,0.898184
89.85,-1.72103,-1.72103,-3.27895,-3.27895,3.53552,1.10162
89.86,-1.57658,-1.57658,-3.41659,-3.41659,3.53071,1.30109
89.87,-1.4292,-1.4292,-3.54468,-3.54468,3.51707,1.49587
89.88,-1.27941,-1.27941,-3.66275,-3.66275,3.49464,1.68527
89.89,-1.12773,-1.12773,-3.77035,-3.77035,3.46347,1.86861
89.9,-0.974691,-0.974691,-3.86707,-3.86707,3.42365,2.04522
89.91,-0.820802,-0.820802,-3.95254,-3.95254,3.37526,2.21448
89.92,-0.666582,-0.666582,-4.02641,-4.02641,3.31845,2.37576
89.93,-0.512544,-0.512544,-4.08837,-4.08837,3.25334,2.52849
89.94,-0.35919,-0.35919,-4.13814,-4.13814,3.18009,2.67212
89.95,-0.207015,-0.207015,-4.17549,-4.17549,3.0989,2.80614
89.96,-0.0565047,-0.0565047,-4.20023,-4.20023,3.00996,2.93005
89.97,0.091869,0.091869,-4.21218,-4.21218,2.9135,3.04342
89.98,0.237647,0.237647,-4.21125,-4.21125,2.80976,3.14584
89.99,0.380386,0.380386,-4.19734,-4.19734,2.69899,3.23694
90,0.519657,0.519657,-4.17042,-4.17042,2.58148,3.31639
90.01,0.655051,0.655051,-4.1305,-4.1305,2.45752,3.3839
90.02,0.786177,0.786177,-4.07763,-4.07763,2.32741,3.43923
90.03,0.912664,0.912664,-4.01189,-4.01189,2.19148,3.48219
90.04,1.03416,1.03416,-3.93342,-3.93342,2.05008,3.51261
90.05,1.15035,1.15035,-3.84238,-3.84238,1.90356,3.53039
90.06,1.26091,1.26091,-3.739,-3.739,1.75227,3.53547
90.07,1.36557,1.36557,-3.62352,-3.62352,1.59661,3.52782
90.08,1.46408,1.46408,-3.49624,-3.49624,1.43695,3.50748
90.09,1.5562,1.5562,-3.3575,-3.3575,1.27371,3.47451
90.1,1.64173,1.64173,-3.20766,-3.20766,1.10728,3.42904
90.11,1.72049,1.72049,-3.04714,-3.04714,0.938082,3.37123
90.12,1.79233,1.79233,-2.87638,-2.87638,0.76654,3.30128
90.13,1.85713,1.85713,-2.69587,-2.69587,0.593082,3.21946
90.14,1.91478,1.91478,-2.50612,-2.50612,0.418142,3.12604
90.15,1.96521,1.96521,-2.30767,-2.30767,0.242156,3.02138
90.16,2.00838,2.00838,-2.1011,-2.1011,0.0655655,2.90584
90.17,2.04427,2.04427,-1.88703,-1.88703,-0.111189,2.77985
90.18,2.07289,2.07289,-1.66607,-1.66607,-0.287666,2.64385
90.19,2.09428,2.09428,-1.4389,-1.4389,-0.463423,2.49834
90.2,2.10849,2.10849,-1.20619,-1.20619,-0.638023,2.34383
90.21,2.11561,2.11561,-0.968639,-0.968639,-0.811027,2.18089
90.22,2.11574,2.11574,-0.726973,-0.726973,-0.982005,2.0101
90.23,2.10902,2.10902,-0.481928,-0.481928,-1.15053,1.83208
90.24,2.09561,2.09561,-0.234253,-0.234253,-1.31618,1.64746
90.25,2.07567,2.07567,0.0152872,0.0152872,-1.47853,1.45691
90.26,2.04942,2.04942,0.265922,0.265922,-1.63719,1.26112
90.27,2.01706,2.01706,0.516873,0.516873,-1.79176,1.0608
90.28,1.97884,1.97884,0.767357,0.767357,-1.94186,0.856649
90.29,1.93501,1.93501,1.01659,1.01659,-2.08709,0.64942
90.3,1.88583,1.88583,1.26378,1.26378,-2.22711,0.439854
90.31,1.8316,1.8316,1.50816,1.50816,-2.36157,0.228705
90.32,1.77261,1.77261,1.74895,1.74895,-2.49012,0.0167327
90.33,1.70918,1.70918,1.98538,1.98538,-2.61245,-0.1953
90.34,1.64163,1.64163,2.21669,2.21669,-2.72825,-0.406629
90.35,1.57029,1.57029,2.44215,2.44215,-2.83723,-0.616496
90.36,1.49551,1.49551,2.66102,2.66102,-2.93911,-0.824143
90.37,1.41763,1.41763,2.87261,2.87261,-3.03365,-1.02882
90.38,1.337,1.337,3.07621,3.07621,-3.12061,-1.2298
90.39,1.25399,1.25399,3.27117,3.27117,-3.19977,-1.42636
90.4,1.16896,1.16896,3.45684,3.45684,-3.27093,-1.61778
90.41,1.08226,1.08226,3.63261,3.63261,-3.33392,-1.80337
90.42,0.994254,0.994254,3.7979,3.7979,-3.38857,-1.98248
90.43,0.905307,0.905307,3.95216,3.95216,-3.43475,-2.15445
90.44,0.815773,0.815773,4.09487,4.09487,-3.47235,-2.31867
90.45,0.726002,0.726002,4.22554,4.22554,-3.50127,-2.47454
90.46,0.636339,0.636339,4.34372,4.34372,-3.52143,-2.62151
90.47,0.547125,0.547125,4.44901,4.44901,-3.5328,-2.75905
90.48,0.458688,0.458688,4.54103,4.54103,-3.53533,-2.88665
90.49,0.371348,0.371348,4.61946,4.61946,-3.52903,-3.00387
90.5,0.285416,0.285416,4.684,4.684,-3.51391,-3.11027
90.51,0.201188,0.201188,4.73442,4.73442,-3.49,-3.20548
90.52,0.11895,0.11895,4.77052,4.77052,-3.45738,-3.28916
90.53,0.0389708,0.0389708,4.79213,4.79213,-3.41611,-3.36099
90.54,-0.0384926,-0.0384926,4.79916,4.79916,-3.3663,-3.42073
90.55,-0.1132,-0.1132,4.79152,4.79152,-3.30807,-3.46816
90.56,-0.184929,-0.184929,4.76922,4.76922,-3.24158,-3.50311
90.57,-0.253472,-0.253472,4.73227,4.73227,-3.16699,-3.52545
90.58,-0.318641,-0.318641,4.68076,4.68076,-3.08448,-3.53511
90.59,-0.380265,-0.380265,4.61479,4.61479,-2.99426,-3.53204
90.6,-0.438192,-0.438192,4.53455,4.53455,-2.89656,-3.51626
90.61,-0.492291,-0.492291,4.44023,4.44023,-2.79162,-3.48782
90.62,-0.542448,-0.542448,4.33211,4.33211,-2.6797,-3.44683
90.63,-0.588569,-0.588569,4.21048,4.21048,-2.56108,-3.39344
90.64,-0.630581,-0.630581,4.07569,4.07569,-2.43606,-3.32784
90.65,-0.66843,-0.66843,3.92812,3.92812,-2.30495,-3.25025
90.66,-0.702081,-0.702081,3.76821,3.76821,-2.16808,-3.16097
90.67,-0.73152,-0.73152,3.59642,3.59642,-2.02579,-3.06032
90.68,-0.756752,-0.756752,3.41327,3.41327,-1.87844,-2.94865
90.69,-0.777799,-0.777799,3.21929,3.21929,-1.72639,-2.82637
90.7,-0.794705,-0.794705,3.01507,3.01507,-1.57003,-2.69392
90.71,-0.807531,-0.807531,2.80121,2.80121,-1.40975,-2.55177
90.72,-0.816354,-0.816354,2.57837,2.57837,-1.24594,-2.40043
90.73,-0.821271,-0.821271,2.34722,2.34722,-1.07901,-2.24046
90.74,-0.822393,-0.822393,2.10846,2.10846,-0.90939,-2.07243
90.75,-0.819849,-0.819849,1.86283,1.86283,-0.737496,-1.89694
90.76,-0.81378,-0.81378,1.61105,1.61105,-0.563758,-1.71462
90.77,-0.804345,-0.804345,1.35392,1.35392,-0.388611,-1.52613
90.78,-0.791712,-0.791712,1.09222,1.09222,-0.212493,-1.33214
90.79,-0.776066,-0.776066,0.826757,0.826757,-0.0358442,-1.13337
90.8,-0.757598,-0.757598,0.558343,0.558343,0.140895,-0.930511
90.81,-0.736513,-0.736513,0.28781,0.28781,0.317281,-0.724306
90.82,-0.713025,-0.713025,0.0159944,0.0159944,0.492875,-0.515494
90.83,-0.687353,-0.687353,-0.256262,-0.256262,0.667236,-0.304827
90.84,-0.659726,-0.659726,-0.528114,-0.528114,0.83993,-0.0930636
90.85,-0.630378,-0.630378,-0.798719,-0.798719,1.01052,0.119035
90.86,-0.599547,-0.599547,-1.06724,-1.06724,1.17859,0.330706
90.87,-0.567475,-0.567475,-1.33283,-1.33283,1.34372,0.541186
90.88,-0.534405,-0.534405,-1.59467,-1.59467,1.50548,0.749718
90.89,-0.500582,-0.500582,-1.85194,-1.85194,1.66348,0.955553
90.9,-0.46625,-0.46625,-2.10384,-2.10384,1.81733,1.15795
90.91,-0.431654,-0.431654,-2.34958,-2.34958,1.96663,1.35618
90.92,-0.397033,-0.397033,-2.58839,-2.58839,2.11101,1.54952
90.93,-0.362624,-0.362624,-2.81953,-2.81953,2.25012,1.73729
90.94,-0.328659,-0.328659,-3.04227,-3.04227,2.38361,1.91881
90.95,-0.295365,-0.295365,-3.25591,-3.25591,2.51113,2.09342
90.96,-0.26296,-0.26296,-3.45979,-3.45979,2.63238,2.2605
90.97,-0.231654,-0.231654,-3.65327,-3.65327,2.74706,2.41945
90.98,-0.201651,-0.201651,-3.83573,-3.83573,2.85486,2.56968
90.99,-0.173142,-0.173142,-4.00661,-4.00661,2.95553,2.71067
91,-0.146307,-0.146307,-4.16536,-4.16536,3.04881,2.8419
91.01,-0.121316,-0.121316,-4.3115,-4.3115,3.13447,2.96291
91.02,-0.0983248,-0.0983248,-4.44455,-4.44455,3.2123,3.07325
91.03,-0.0774773,-0.0774773,-4.56411,-4.56411,3.2821,3.17253
91.04,-0.0589025,-0.0589025,-4.66979,-4.66979,3.34369,3.26039
91.05,-0.0427152,-0.0427152,-4.76127,-4.76127,3.39693,3.33652
91.06,-0.029015,-0.029015,-4.83825,-4.83825,3.44168,3.40064
91.07,-0.017886,-0.017886,-4.90049,-4.90049,3.47782,3.45252
91.08,-0.00939632,-0.00939632,-4.94781,-4.94781,3.50527,3.49198
91.09,-0.00359794,-0.00359794,-4.98003,-4.98003,3.52396,3.51887
91.1,-0.000526226,-0.000526226,-4.99708,-4.99708,3.53384,3.5331
91.11,-0.000199901,-0.000199901,-4.99889,-4.99889,3.53489,3.53461
91.12,-0.00262096,-0.00262096,-4.98546,-4.98546,3.5271,3.5234
91.13,-0.00777463,-0.00777463,-4.95683,-4.95683,3.5105,3.49951
91.14,-0.0156295,-0.0156295,-4.91308,-4.91308,3.48513,3.46302
91.15,-0.0261375,-0.0261375,-4.85437,-4.85437,3.45104,3.41407
91.16,-0.0392343,-0.0392343,-4.78086,-4.78086,3.40832,3.35284
91.17,-0.0548397,-0.0548397,-4.69281,-4.69281,3.35709,3.27954
91.18,-0.0728575,-0.0728575,-4.59047,-4.59047,3.29747,3.19443
91.19,-0.0931767,-0.0931767,-4.47417,-4.47417,3.2296,3.09783
91.2,-0.115671,-0.115671,-4.34428,-4.34428,3.15367,2.99008
91.21,-0.140201,-0.140201,-4.20121,-4.20121,3.06984,2.87157
91.22,-0.166613,-0.166613,-4.04541,-4.04541,2.97835,2.74272
91.23,-0.194741,-0.194741,-3.87736,-3.87736,2.87941,2.60401
91.24,-0.224407,-0.224407,-3.6976,-3.6976,2.77328,2.45592
91.25,-0.255421,-0.255421,-3.50669,-3.50669,2.66021,2.29899
91.26,-0.287583,-0.287583,-3.30522,-3.30522,2.5405,2.13379
91.27,-0.320686,-0.320686,-3.09384,-3.09384,2.41443,1.96091
91.28,-0.354512,-0.354512,-2.87319,-2.87319,2.28233,1.78098
91.29,-0.388836,-0.388836,-2.64398,-2.64398,2.14453,1.59463
91.3,-0.423428,-0.423428,-2.40692,-2.40692,2.00136,1.40254
91.31,-0.458052,-0.458052,-2.16276,-2.16276,1.85319,1.20541
91.32,-0.492469,-0.492469,-1.91225,-1.91225,1.70039,1.00394
91.33,-0.526434,-0.526434,-1.65618,-1.65618,1.54334,0.798854
91.34,-0.559705,-0.559705,-1.39536,-1.39536,1.38244,0.590894
91.35,-0.592037,-0.592037,-1.13058,-1.13058,1.21807,0.380808
91.36,-0.623185,-0.623185,-0.862683,-0.862683,1.05067,0.169351
91.37,-0.652906,-0.652906,-0.592498,-0.592498,0.880634,-0.0427151
91.38,-0.680963,-0.680963,-0.320865,-0.320865,0.708399,-0.254628
91.39,-0.70712,-0.70712,-0.0486283,-0.0486283,0.534394,-0.465624
91.4,-0.731147,-0.731147,0.223368,0.223368,0.359054,-0.674944
91.41,-0.752822,-0.752822,0.494282,0.494282,0.182815,-0.881835
91.42,-0.771929,-0.771929,0.763274,0.763274,0.00612036,-1.08555
91.43,-0.788264,-0.788264,1.02951,1.02951,-0.17059,-1.28536
91.44,-0.801629,-0.801629,1.29218,1.29218,-0.346874,-1.48055
91.45,-0.811839,-0.811839,1.55047,1.55047,-0.522291,-1.6704
91.46,-0.818721,-0.818721,1.80358,1.80358,-0.696403,-1.85425
91.47,-0.822116,-0.822116,2.05075,2.05075,-0.868774,-2.03142
91.48,-0.821876,-0.821876,2.29121,2.29121,-1.03897,-2.20128
91.49,-0.817871,-0.817871,2.52423,2.52423,-1.20658,-2.36322
91.5,-0.809984,-0.809984,2.7491,2.7491,-1.37116,-2.51665
91.51,-0.798117,-0.798117,2.96515,2.96515,-1.53232,-2.66103
91.52,-0.782185,-0.782185,3.17171,3.17171,-1.68965,-2.79583
91.53,-0.762126,-0.762126,3.36818,3.36818,-1.84276,-2.92057
91.54,-0.73789,-0.73789,3.55395,3.55395,-1.99126,-3.03479
91.55,-0.709451,-0.709451,3.72849,3.72849,-2.13478,-3.1381
91.56,-0.676799,-0.676799,3.89126,3.89126,-2.27297,-3.23011
91.57,-0.639945,-0.639945,4.0418,4.0418,-2.40548,-3.31049
91.58,-0.598917,-0.598917,4.17966,4.17966,-2.53197,-3.37896
91.59,-0.553765,-0.553765,4.30445,4.30445,-2.65213,-3.43528
91.6,-0.504558,-0.504558,4.41581,4.41581,-2.76567,-3.47922
91.61,-0.451386,-0.451386,4.51342,4.51342,-2.87229,-3.51065
91.62,-0.394356,-0.394356,4.59703,4.59703,-2.97174,-3.52944
91.63,-0.333596,-0.333596,4.6664,4.6664,-3.06375,-3.53553
91.64,-0.269255,-0.269255,4.72136,4.72136,-3.14811,-3.5289
91.65,-0.201496,-0.201496,4.76177,4.76177,-3.2246,-3.50956
91.66,-0.130506,-0.130506,4.78756,4.78756,-3.29303,-3.4776
91.67,-0.0564856,-0.0564856,4.79867,4.79867,-3.35323,-3.43312
91.68,0.0203448,0.0203448,4.79512,4.79512,-3.40505,-3.37628
91.69,0.099749,0.099749,4.77696,4.77696,-3.44836,-3.30729
91.7,0.181475,0.181475,4.74429,4.74429,-3.48305,-3.2264
91.71,0.265256,0.265256,4.69726,4.69726,-3.50903,-3.1339
91.72,0.35081,0.35081,4.63605,4.63605,-3.52624,-3.03012
91.73,0.437843,0.437843,4.56089,4.56089,-3.53464,-2.91543
91.74,0.526048,0.526048,4.47206,4.47206,-3.5342,-2.79026
91.75,0.615108,0.615108,4.36989,4.36989,-3.52493,-2.65504
91.76,0.704694,0.704694,4.25474,4.25474,-3.50685,-2.51026
91.77,0.79447,0.79447,4.12699,4.12699,-3.48,-2.35645
91.78,0.884093,0.884093,3.9871,3.9871,-3.44446,-2.19416
91.79,0.973211,0.973211,3.83554,3.83554,-3.4003,-2.02397
91.8,1.06147,1.06147,3.67282,3.67282,-3.34765,-1.8465
91.81,1.14851,1.14851,3.49948,3.49948,-3.28663,-1.66239
91.82,1.23398,1.23398,3.31611,3.31611,-3.21739,-1.47229
91.83,1.3175,1.3175,3.1233,3.1233,-3.14012,-1.27689
91.84,1.39872,1.39872,2.92169,2.92169,-3.05499,-1.0769
91.85,1.47729,1.47729,2.71194,2.71194,-2.96223,-0.873029
91.86,1.55284,1.55284,2.49473,2.49473,-2.86206,-0.666018
91.87,1.62503,1.62503,2.27077,2.27077,-2.75474,-0.456611
91.88,1.69351,1.69351,2.04078,2.04078,-2.64054,-0.24556
91.89,1.75795,1.75795,1.8055,1.8055,-2.51974,-0.0336249
91.9,1.81802,1.81802,1.56568,1.56568,-2.39263,0.178431
91.91,1.8734,1.8734,1.32208,1.32208,-2.25955,0.389844
91.92,1.92381,1.92381,1.07548,1.07548,-2.12082,0.599855
91.93,1.96893,1.96893,0.826665,0.826665,-1.97679,0.807707
91.94,2.00851,2.00851,0.576407,0.576407,-1.82781,1.01265
91.95,2.04228,2.04228,0.325496,0.325496,-1.67427,1.21395
91.96,2.07001,2.07001,0.0747157,0.0747157,-1.51655,1.41088
91.97,2.09146,2.09146,-0.175155,-0.175155,-1.35503,1.60274
91.98,2.10644,2.10644,-0.423342,-0.423342,-1.19013,1.78882
91.99,2.11476,2.11476,-0.66908,-0.66908,-1.02225,1.96847
92,2.11626,2.11626,-0.911615,-0.911615,-0.851815,2.14103
92.01,2.11082,2.11082,-1.15021,-1.15021,-0.679253,2.30589
92.02,2.0983,2.0983,-1.38413,-1.38413,-0.504993,2.46245
92.03,2.07862,2.07862,-1.61268,-1.61268,-0.329471,2.61015
92.04,2.05172,2.05172,-1.83517,-1.83517,-0.153125,2.74845
92.05,2.01756,2.01756,-2.05094,-2.05094,0.0236039,2.87686
92.06,1.97612,1.97612,-2.25934,-2.25934,0.200274,2.99492
92.07,1.9274,1.9274,-2.45977,-2.45977,0.376443,3.1022
92.08,1.87146,1.87146,-2.65164,-2.65164,0.551671,3.19832
92.09,1.80836,1.80836,-2.8344,-2.8344,0.72552,3.28292
92.1,1.73818,1.73818,-3.00751,-3.00751,0.897556,3.35571
92.11,1.66105,1.66105,-3.17051,-3.17051,1.06735,3.41643
92.12,1.57711,1.57711,-3.32292,-3.32292,1.23447,3.46484
92.13,1.48654,1.48654,-3.46433,-3.46433,1.39851,3.50079
92.14,1.38952,1.38952,-3.59436,-3.59436,1.55906,3.52414
92.15,1.2863,1.2863,-3.71267,-3.71267,1.7157,3.5348
92.16,1.17711,1.17711,-3.81895,-3.81895,1.86806,3.53275
92.17,1.06224,1.06224,-3.91294,-3.91294,2.01575,3.51798
92.18,0.941971,0.941971,-3.99441,-3.99441,2.1584,3.49055
92.19,0.816637,0.816637,-4.06318,-4.06318,2.29566,3.45056
92.2,0.686579,0.686579,-4.11912,-4.11912,2.42717,3.39814
92.21,0.552164,0.552164,-4.16212,-4.16212,2.55263,3.3335
92.22,0.413777,0.413777,-4.19213,-4.19213,2.6717,3.25686
92.23,0.271823,0.271823,-4.20912,-4.20912,2.78409,3.16851
92.24,0.126727,0.126727,-4.21313,-4.21313,2.88952,3.06874
92.25,-0.0210713,-0.0210713,-4.20423,-4.20423,2.98774,2.95794
92.26,-0.171117,-0.171117,-4.18251,-4.18251,3.07848,2.83648
92.27,-0.32294,-0.32294,-4.14814,-4.14814,3.16153,2.70482
92.28,-0.476058,-0.476058,-4.1013,-4.1013,3.23668,2.56343
92.29,-0.62998,-0.62998,-4.04221,-4.04221,3.30374,2.41281
92.3,-0.784202,-0.784202,-3.97114,-3.97114,3.36254,2.25351
92.31,-0.938217,-0.938217,-3.8884,-3.8884,3.41293,2.08609
92.32,-1.09151,-1.09151,-3.79431,-3.79431,3.4548,1.91117
92.33,-1.24356,-1.24356,-3.68926,-3.68926,3.48803,1.72937
92.34,-1.39384,-1.39384,-3.57364,-3.57364,3.51254,1.54135
92.35,-1.54184,-1.54184,-3.44788,-3.44788,3.52827,1.34778
92.36,-1.68703,-1.68703,-3.31247,-3.31247,3.53518,1.14935
92.37,-1.8289,-1.8289,-3.16788,-3.16788,3.53326,0.946797
92.38,-1.96694,-1.96694,-3.01463,-3.01463,3.5225,0.740832
92.39,-2.10063,-2.10063,-2.85328,-2.85328,3.50295,0.5322
92.4,-2.22949,-2.22949,-2.68438,-2.68438,3.47463,0.321654
92.41,-2.35303,-2.35303,-2.50852,-2.50852,3.43763,0.109949
92.42,-2.47077,-2.47077,-2.3263,-2.3263,3.39204,-0.102151
92.43,-2.58225,-2.58225,-2.13835,-2.13835,3.33797,-0.313883
92.44,-2.68704,-2.68704,-1.9453,-1.9453,3.27556,-0.524486
92.45,-2.7847,-2.7847,-1.7478,-1.7478,3.20496,-0.733201
92.46,-2.87483,-2.87483,-1.54649,-1.54649,3.12635,-0.939278
92.47,-2.95705,-2.95705,-1.34205,-1.34205,3.03992,-1.14197
92.48,-3.03098,-3.03098,-1.13515,-1.13515,2.9459,-1.34056
92.49,-3.0963,-3.0963,-0.926444,-0.926444,2.84451,-1.53432
92.5,-3.15269,-3.15269,-0.71662,-0.71662,2.73602,-1.72256
92.51,-3.19986,-3.19986,-0.506344,-0.506344,2.62068,-1.9046
92.52,-3.23755,-3.23755,-0.296283,-0.296283,2.4988,-2.07979
92.53,-3.26553,-3.26553,-0.0870983,-0.0870983,2.37066,-2.24749
92.54,-3.2836,-3.2836,0.120557,0.120557,2.23661,-2.4071
92.55,-3.29159,-3.29159,0.326039,0.326039,2.09696,-2.55805
92.56,-3.28937,-3.28937,0.528718,0.528718,1.95207,-2.69979
92.57,-3.27682,-3.27682,0.727977,0.727977,1.80231,-2.83182
92.58,-3.25389,-3.25389,0.923214,0.923214,1.64803,-2.95366
92.59,-3.22052,-3.22052,1.11385,1.11385,1.48964,-3.06486
92.6,-3.17672,-3.17672,1.29931,1.29931,1.32753,-3.16504
92.61,-3.12252,-3.12252,1.47907,1.47907,1.1621,-3.25382
92.62,-3.05799,-3.05799,1.65261,1.65261,0.993758,-3.3309
92.63,-2.98323,-2.98323,1.81942,1.81942,0.822937,-3.39598
92.64,-2.89836,-2.89836,1.97904,1.97904,0.650059,-3.44885
92.65,-2.80358,-2.80358,2.13104,2.13104,0.475556,-3.4893
92.66,-2.69907,-2.69907,2.275,2.275,0.299864,-3.51719
92.67,-2.58508,-2.58508,2.41053,2.41053,0.123423,-3.53243
92.68,-2.46188,-2.46188,2.5373,2.5373,-0.0533265,-3.53495
92.69,-2.32979,-2.32979,2.65497,2.65497,-0.229943,-3.52476
92.7,-2.18912,-2.18912,2.76327,2.76327,-0.405984,-3.50187
92.71,-2.04027,-2.04027,2.86194,2.86194,-0.581011,-3.46639
92.72,-1.88362,-1.88362,2.95076,2.95076,-0.754586,-3.41843
92.73,-1.7196,-1.7196,3.02955,3.02955,-0.926274,-3.35816
92.74,-1.54868,-1.54868,3.09816,3.09816,-1.09565,-3.28581
92.75,-1.37133,-1.37133,3.15647,3.15647,-1.26228,-3.20164
92.76,-1.18806,-1.18806,3.2044,3.2044,-1.42576,-3.10594
92.77,-0.999413,-0.999413,3.2419,3.2419,-1.58568,-2.99906
92.78,-0.805933,-0.805933,3.26897,3.26897,-1.74163,-2.88139
92.79,-0.608199,-0.608199,3.28563,3.28563,-1.89323,-2.75335
92.8,-0.406803,-0.406803,3.29194,3.29194,-2.0401,-2.6154
92.81,-0.202358,-0.202358,3.28798,3.28798,-2.18187,-2.46804
92.82,0.00451144,0.00451144,3.27389,3.27389,-2.31818,-2.3118
92.83,0.213167,0.213167,3.24982,3.24982,-2.4487,-2.14724
92.84,0.422959,0.422959,3.21596,3.21596,-2.5731,-1.97495
92.85,0.63323,0.63323,3.17252,3.17252,-2.69107,-1.79555
92.86,0.843313,0.843313,3.11975,3.11975,-2.80231,-1.60969
92.87,1.05254,1.05254,3.05794,3.05794,-2.90655,-1.41803
92.88,1.26024,1.26024,2.98738,2.98738,-3.00352,-1.22128
92.89,1.46574,1.46574,2.90841,2.90841,-3.09299,-1.02012
92.9,1.66836,1.66836,2.82137,2.82137,-3.17472,-0.8153
92.91,1.86746,1.86746,2.72665,2.72665,-3.24852,-0.607542
92.92,2.06235,2.06235,2.62464,2.62464,-3.3142,-0.397598
92.93,2.2524,2.2524,2.51576,2.51576,-3.3716,-0.186222
92.94,2.43697,2.43697,2.40045,2.40045,-3.42057,0.0258232
92.95,2.61542,2.61542,2.27916,2.27916,-3.46099,0.237776
92.96,2.78715,2.78715,2.15235,2.15235,-3.49276,0.448873
92.97,2.95157,2.95157,2.02052,2.02052,-3.5158,0.658354
92.98,3.1081,3.1081,1.88414,1.88414,-3.53005,0.865466
92.99,3.25618,3.25618,1.74373,1.74373,-3.53548,1.06946
93,3.3953,3.3953,1.5998,1.5998,-3.53207,1.26961
93.01,3.52494,3.52494,1.45285,1.45285,-3.51983,1.46519
93.02,3.64464,3.64464,1.30341,1.30341,-3.49879,1.6555
93.03,3.75393,3.75393,1.152,1.152,-3.46901,1.83985
93.04,3.85241,3.85241,0.999136,0.999136,-3.43056,2.01757
93.05,3.9397,3.9397,0.845346,0.845346,-3.38354,2.18804
93.06,4.01544,4.01544,0.691145,0.691145,-3.32806,2.35063
93.07,4.07931,4.07931,0.537044,0.537044,-3.26425,2.50476
93.08,4.13104,4.13104,0.383547,0.383547,-3.19229,2.64988
93.09,4.17038,4.17038,0.231152,0.231152,-3.11236,2.78546
93.1,4.19714,4.19714,0.0803448,0.0803448,-3.02464,2.91101
93.11,4.21114,4.21114,-0.0684003,-0.0684003,-2.92936,3.02609
93.12,4.21226,4.21226,-0.214622,-0.214622,-2.82676,3.13028
93.13,4.20042,4.20042,-0.357874,-0.357874,-2.71709,3.2232
93.14,4.17558,4.17558,-0.497725,-0.497725,-2.60064,3.30453
93.15,4.13773,4.13773,-0.633763,-0.633763,-2.47768,3.37396
93.16,4.08692,4.08692,-0.765594,-0.765594,-2.34853,3.43124
93.17,4.02322,4.02322,-0.892844,-0.892844,-2.21351,3.47618
93.18,3.94676,3.94676,-1.01516,-1.01516,-2.07296,3.50861
93.19,3.85771,3.85771,-1.13221,-1.13221,-1.92722,3.52841
93.2,3.75628,3.75628,-1.24369,-1.24369,-1.77667,3.53551
93.21,3.64271,3.64271,-1.34931,-1.34931,-1.62168,3.52989
93.22,3.51729,3.51729,-1.44881,-1.44881,-1.46263,3.51157
93.23,3.38035,3.38035,-1.54197,-1.54197,-1.29993,3.4806
93.24,3.23225,3.23225,-1.62856,-1.62856,-1.13398,3.43711
93.25,3.0734,3.0734,-1.70841,-1.70841,-0.965197,3.38125
93.26,2.90425,2.90425,-1.78136,-1.78136,-0.794,3.31322
93.27,2.72525,2.72525,-1.84728,-1.84728,-0.620818,3.23327
93.28,2.53694,2.53694,-1.90608,-1.90608,-0.446085,3.14168
93.29,2.33983,2.33983,-1.95766,-1.95766,-0.270237,3.03879
93.3,2.13452,2.13452,-2.00199,-2.00199,-0.0937127,2.92496
93.31,1.9216,1.9216,-2.03904,-2.03904,0.0830454,2.8006
93.32,1.7017,1.7017,-2.06882,-2.06882,0.259596,2.66616
93.33,1.47547,1.47547,-2.09136,-2.09136,0.435498,2.52213
93.34,1.24359,1.24359,-2.1067,-2.1067,0.610311,2.36902
93.35,1.00677,1.00677,-2.11494,-2.11494,0.783598,2.20738
93.36,0.765708,0.765708,-2.11618,-2.11618,0.954927,2.0378
93.37,0.521151,0.521151,-2.11054,-2.11054,1.12387,1.86089
93.38,0.273844,0.273844,-2.09818,-2.09818,1.29,1.67728
93.39,0.0245493,0.0245493,-2.07928,-2.07928,1.45291,1.48763
93.4,-0.225963,-0.225963,-2.05402,-2.05402,1.61219,1.29263
93.41,-0.476916,-0.476916,-2.02262,-2.02262,1.76744,1.09298
93.42,-0.727527,-0.727527,-1.98531,-1.98531,1.91827,0.889388
93.43,-0.97701,-0.97701,-1.94235,-1.94235,2.0643,0.682601
93.44,-1.22458,-1.22458,-1.89401,-1.89401,2.20518,0.473356
93.45,-1.46946,-1.46946,-1.84056,-1.84056,2.34054,0.262409
93.46,-1.71087,-1.71087,-1.78231,-1.78231,2.47006,0.0505164
93.47,-1.94805,-1.94805,-1.71957,-1.71957,2.5934,-0.161558
93.48,-2.18022,-2.18022,-1.65265,-1.65265,2.71025,-0.37305
93.49,-2.40666,-2.40666,-1.58189,-1.58189,2.82034,-0.5832
93.5,-2.62663,-2.62663,-1.50764,-1.50764,2.92337,-0.791251
93.51,-2.83942,-2.83942,-1.43022,-1.43022,3.0191,-0.996455
93.52,-3.04434,-3.04434,-1.35001,-1.35001,3.10728,-1.19807
93.53,-3.24072,-3.24072,-1.26736,-1.26736,3.18769,-1.39538
93.54,-3.42791,-3.42791,-1.18262,-1.18262,3.26014,-1.58766
93.55,-3.6053,-3.6053,-1.09616,-1.09616,3.32444,-1.77423
93.56,-3.7723,-3.7723,-1.00834,-1.00834,3.38043,-1.95442
93.57,-3.92836,-3.92836,-0.919522,-0.919522,3.42797,-2.12757
93.58,-4.07293,-4.07293,-0.830057,-0.830057,3.46694,-2.29306
93.59,-4.20555,-4.20555,-0.740301,-0.740301,3.49724,-2.4503
93.6,-4.32575,-4.32575,-0.650598,-0.650598,3.51881,-2.59872
93.61,-4.43312,-4.43312,-0.56129,-0.56129,3.53158,-2.73779
93.62,-4.52727,-4.52727,-0.472707,-0.472707,3.53552,-2.86701
93.63,-4.60789,-4.60789,-0.385172,-0.385172,3.53063,-2.98591
93.64,-4.67466,-4.67466,-0.298995,-0.298995,3.51691,-3.09406
93.65,-4.72735,-4.72735,-0.214477,-0.214477,3.4944,-3.19108
93.66,-4.76574,-4.76574,-0.131903,-0.131903,3.46315,-3.27661
93.67,-4.78966,-4.78966,-0.0515467,-0.0515467,3.42325,-3.35036
93.68,-4.79902,-4.79902,0.0263338,0.0263338,3.3748,-3.41204
93.69,-4.79372,-4.79372,0.101496,0.101496,3.31791,-3.46144
93.7,-4.77375,-4.77375,0.173713,0.173713,3.25272,-3.49839
93.71,-4.73914,-4.73914,0.242777,0.242777,3.17941,-3.52274
93.72,-4.68993,-4.68993,0.308495,0.308495,3.09814,-3.53442
93.73,-4.62626,-4.62626,0.370694,0.370694,3.00914,-3.53338
93.74,-4.54828,-4.54828,0.42922,0.42922,2.91261,-3.51962
93.75,-4.45619,-4.45619,0.483936,0.483936,2.80881,-3.49319
93.76,-4.35025,-4.35025,0.534728,0.534728,2.69798,-3.4542
93.77,-4.23074,-4.23074,0.581497,0.581497,2.58041,-3.40277
93.78,-4.09802,-4.09802,0.624168,0.624168,2.45639,-3.33909
93.79,-3.95246,-3.95246,0.662682,0.662682,2.32623,-3.2634
93.8,-3.79449,-3.79449,0.697004,0.697004,2.19025,-3.17596
93.81,-3.62456,-3.62456,0.727114,0.727114,2.0488,-3.0771
93.82,-3.44318,-3.44318,0.753014,0.753014,1.90223,-2.96716
93.83,-3.25088,-3.25088,0.774726,0.774726,1.75091,-2.84654
93.84,-3.04825,-3.04825,0.792288,0.792288,1.59521,-2.71567
93.85,-2.83589,-2.83589,0.805758,0.805758,1.43552,-2.57503
93.86,-2.61444,-2.61444,0.815213,0.815213,1.27224,-2.42513
93.87,-2.38457,-2.38457,0.820745,0.820745,1.10579,-2.2665
93.88,-2.14697,-2.14697,0.822463,0.822463,0.936568,-2.09971
93.89,-1.90238,-1.90238,0.820494,0.820494,0.765007,-1.92536
93.9,-1.65153,-1.65153,0.814976,0.814976,0.591534,-1.74408
93.91,-1.3952,-1.3952,0.806066,0.806066,0.416583,-1.55653
93.92,-1.13418,-1.13418,0.793931,0.793931,0.24059,-1.36338
93.93,-0.869255,-0.869255,0.778752,0.778752,0.0639957,-1.16532
93.94,-0.601255,-0.601255,0.76072,0.76072,-0.112758,-0.963062
93.95,-0.331004,-0.331004,0.740038,0.740038,-0.289231,-0.757341
93.96,-0.0593366,-0.0593366,0.716917,0.716917,-0.46498,-0.548894
93.97,0.212906,0.212906,0.691578,0.691578,-0.639567,-0.338473
93.98,0.484879,0.484879,0.664248,0.664248,-0.812556,-0.126832
93.99,0.75574,0.75574,0.635158,0.635158,-0.983513,0.0852641
94,1.02464,1.02464,0.604547,0.604547,-1.15201,0.297054
94.01,1.29076,1.29076,0.572656,0.572656,-1.31763,0.507774
94.02,1.55325,1.55325,0.539728,0.539728,-1.47996,0.716668
94.03,1.8113,1.8113,0.506009,0.506009,-1.63859,0.922982
94.04,2.06411,2.06411,0.471742,0.471742,-1.79312,1.12597
94.05,2.31088,2.31088,0.437172,0.437172,-1.94317,1.32491
94.06,2.55085,2.55085,0.402538,0.402538,-2.08836,1.51909
94.07,2.78326,2.78326,0.36808,0.36808,-2.22833,1.70779
94.08,3.00739,3.00739,0.334029,0.334029,-2.36274,1.89035
94.09,3.22252,3.22252,0.300613,0.300613,-2.49124,2.0661
94.1,3.428,3.428,0.268052,0.268052,-2.61351,2.23442
94.11,3.62318,3.62318,0.236558,0.236558,-2.72924,2.3947
94.12,3.80743,3.80743,0.206335,0.206335,-2.83816,2.54636
94.13,3.98019,3.98019,0.177575,0.177575,-2.93998,2.68886
94.14,4.14091,4.14091,0.150462,0.150462,-3.03446,2.82167
94.15,4.28909,4.28909,0.125166,0.125166,-3.12135,2.94434
94.16,4.42426,4.42426,0.101847,0.101847,-3.20044,3.0564
94.17,4.54599,4.54599,0.0806486,0.0806486,-3.27153,3.15747
94.18,4.6539,4.6539,0.0617038,0.0617038,-3.33444,3.24718
94.19,4.74766,4.74766,0.0451291,0.0451291,-3.38902,3.32519
94.2,4.82697,4.82697,0.0310268,0.0310268,-3.43512,3.39124
94.21,4.89158,4.89158,0.0194833,0.0194833,-3.47264,3.44509
94.22,4.94128,4.94128,0.0105694,0.0105694,-3.50148,3.48654
94.23,4.97592,4.97592,0.00433959,0.00433959,-3.52157,3.51544
94.24,4.99539,4.99539,0.000831926,0.000831926,-3.53286,3.53168
94.25,4.99962,4.99962,6.77877e-05,6.77877e-05,-3.53532,3.53522
94.26,4.98862,4.98862,0.00205184,0.00205184,-3.52894,3.52603
94.27,4.9624,4.9624,0.00677198,0.00677198,-3.51374,3.50416
94.28,4.92106,4.92106,0.0141994,0.0141994,-3.48975,3.46967
94.29,4.86471,4.86471,0.0242887,0.0242887,-3.45705,3.4227
94.3,4.79355,4.79355,0.0369782,0.0369782,-3.4157,3.36341
94.31,4.70779,4.70779,0.0521901,0.0521901,-3.36582,3.29201
94.32,4.60771,4.60771,0.0698308,0.0698308,-3.30752,3.20876
94.33,4.49361,4.49361,0.0897915,0.0897915,-3.24096,3.11397
94.34,4.36587,4.36587,0.111949,0.111949,-3.16629,3.00797
94.35,4.22487,4.22487,0.136164,0.136164,-3.08371,2.89115
94.36,4.07106,4.07106,0.162288,0.162288,-2.99343,2.76392
94.37,3.90493,3.90493,0.190154,0.190154,-2.89566,2.62674
94.38,3.72699,3.72699,0.219587,0.219587,-2.79065,2.48011
94.39,3.53782,3.53782,0.250399,0.250399,-2.67867,2.32456
94.4,3.33799,3.33799,0.282393,0.282393,-2.56,2.16063
94.41,3.12814,3.12814,0.31536,0.31536,-2.43492,1.98894
94.42,2.90892,2.90892,0.349085,0.349085,-2.30376,1.81008
94.43,2.68103,2.68103,0.383346,0.383346,-2.16684,1.62471
94.44,2.44517,2.44517,0.417911,0.417911,-2.02451,1.43349
94.45,2.20209,2.20209,0.452546,0.452546,-1.87711,1.23712
94.46,1.95254,1.95254,0.487011,0.487011,-1.72502,1.03629
94.47,1.69731,1.69731,0.521065,0.521065,-1.56863,0.831728
94.48,1.43718,1.43718,0.554463,0.554463,-1.40831,0.624177
94.49,1.17298,1.17298,0.586961,0.586961,-1.24447,0.414379
94.5,0.905525,0.905525,0.618313,0.618313,-1.07752,0.203089
94.51,0.635648,0.635648,0.648278,0.648278,-0.907873,-0.00893082
94.52,0.364189,0.364189,0.676616,0.676616,-0.73596,-0.220919
94.53,0.091992,0.091992,0.70309,0.70309,-0.562208,-0.432112
94.54,-0.180099,-0.180099,0.727472,0.727472,-0.387051,-0.64175
94.55,-0.451241,-0.451241,0.749536,0.749536,-0.210926,-0.849078
94.56,-0.720596,-0.720596,0.769067,0.769067,-0.0342742,-1.05335
94.57,-0.98733,-0.98733,0.785856,0.785856,0.142463,-1.25383
94.58,-1.25062,-1.25062,0.799707,0.799707,0.318845,-1.4498
94.59,-1.50966,-1.50966,0.810431,0.810431,0.494429,-1.64055
94.6,-1.76365,-1.76365,0.817855,0.817855,0.668778,-1.8254
94.61,-2.01181,-2.01181,0.821815,0.821815,0.841455,-2.00368
94.62,-2.25339,-2.25339,0.822163,0.822163,1.01203,-2.17474
94.63,-2.48764,-2.48764,0.818766,0.818766,1.18007,-2.33798
94.64,-2.71386,-2.71386,0.811505,0.811505,1.34517,-2.49281
94.65,-2.93136,-2.93136,0.800277,0.800277,1.5069,-2.63866
94.66,-3.13948,-3.13948,0.784998,0.784998,1.66487,-2.77502
94.67,-3.33759,-3.33759,0.765599,0.765599,1.81867,-2.90139
94.68,-3.52511,-3.52511,0.742031,0.742031,1.96793,-3.01732
94.69,-3.70147,-3.70147,0.714263,0.714263,2.11227,-3.12239
94.7,-3.86615,-3.86615,0.682281,0.682281,2.25133,-3.21622
94.71,-4.01866,-4.01866,0.646095,0.646095,2.38477,-3.29848
94.72,-4.15857,-4.15857,0.605729,0.605729,2.51224,-3.36887
94.73,-4.28546,-4.28546,0.56123,0.56123,2.63343,-3.42713
94.74,-4.39898,-4.39898,0.512663,0.512663,2.74804,-3.47306
94.75,-4.49881,-4.49881,0.460116,0.460116,2.85579,-3.50649
94.76,-4.58466,-4.58466,0.403692,0.403692,2.95639,-3.5273
94.77,-4.65631,-4.65631,0.343517,0.343517,3.04961,-3.53541
94.78,-4.71358,-4.71358,0.279735,0.279735,3.1352,-3.5308
94.79,-4.75631,-4.75631,0.212509,0.212509,3.21296,-3.51349
94.8,-4.78443,-4.78443,0.14202,0.14202,3.28268,-3.48353
94.81,-4.79788,-4.79788,0.0684685,0.0684685,3.3442,-3.44103
94.82,-4.79667,-4.79667,-0.00792971,-0.00792971,3.39736,-3.38615
94.83,-4.78083,-4.78083,-0.0869405,-0.0869405,3.44203,-3.31908
94.84,-4.75046,-4.75046,-0.168314,-0.168314,3.4781,-3.24007
94.85,-4.7057,-4.7057,-0.251786,-0.251786,3.50548,-3.1494
94.86,-4.64673,-4.64673,-0.337078,-0.337078,3.52409,-3.04739
94.87,-4.57378,-4.57378,-0.423895,-0.423895,3.53389,-2.93441
94.88,-4.48711,-4.48711,-0.511935,-0.511935,3.53486,-2.81088
94.89,-4.38705,-4.38705,-0.60088,-0.60088,3.527,-2.67722
94.9,-4.27393,-4.27393,-0.690404,-0.690404,3.51032,-2.53394
94.91,-4.14817,-4.14817,-0.780173,-0.780173,3.48486,-2.38153
94.92,-4.01018,-4.01018,-0.869844,-0.869844,3.4507,-2.22055
94.93,-3.86044,-3.86044,-0.959066,-0.959066,3.40791,-2.05158
94.94,-3.69946,-3.69946,-1.04749,-1.04749,3.3566,-1.87523
94.95,-3.52778,-3.52778,-1.13475,-1.13475,3.2969,-1.69213
94.96,-3.34596,-3.34596,-1.22049,-1.22049,3.22896,-1.50294
94.97,-3.15461,-3.15461,-1.30434,-1.30434,3.15296,-1.30834
94.98,-2.95436,-2.95436,-1.38596,-1.38596,3.06907,-1.10903
94.99,-2.74586,-2.74586,-1.46497,-1.46497,2.97751,-0.905728
95,-2.52979,-2.52979,-1.54102,-1.54102,2.8785,-0.699168
95.01,-2.30686,-2.30686,-1.61377,-1.61377,2.77231,-0.490092
95.02,-2.07778,-2.07778,-1.68286,-1.68286,2.65918,-0.279252
95.03,-1.84329,-1.84329,-1.74797,-1.74797,2.5394,-0.0674066
95.04,-1.60414,-1.60414,-1.80875,-1.80875,2.41328,0.144681
95.05,-1.3611,-1.3611,-1.86491,-1.86491,2.28113,0.356248
95.06,-1.11493,-1.11493,-1.91613,-1.91613,2.14328,0.566532
95.07,-0.86641,-0.86641,-1.96211,-1.96211,2.00007,0.774778
95.08,-0.616329,-0.616329,-2.00259,-2.00259,1.85186,0.980236
95.09,-0.365469,-0.365469,-2.0373,-2.0373,1.69902,1.18217
95.1,-0.114616,-0.114616,-2.066,-2.066,1.54193,1.37984
95.11,0.135452,0.135452,-2.08847,-2.08847,1.38099,1.57255
95.12,0.383958,0.383958,-2.10449,-2.10449,1.2166,1.7596
95.13,0.630137,0.630137,-2.11388,-2.11388,1.04917,1.94032
95.14,0.873233,0.873233,-2.11649,-2.11649,0.879113,2.11405
95.15,1.1125,1.1125,-2.11215,-2.11215,0.706861,2.28018
95.16,1.34722,1.34722,-2.10077,-2.10077,0.532842,2.4381
95.17,1.57667,1.57667,-2.08224,-2.08224,0.357492,2.58724
95.18,1.80017,1.80017,-2.05649,-2.05649,0.181248,2.72707
95.19,2.01705,2.01705,-2.02349,-2.02349,0.00455031,2.85709
95.2,2.22667,2.22667,-1.9832,-1.9832,-0.172158,2.97683
95.21,2.42841,2.42841,-1.93565,-1.93565,-0.348437,3.08585
95.22,2.62168,2.62168,-1.88085,-1.88085,-0.523844,3.18377
95.23,2.80592,2.80592,-1.81888,-1.81888,-0.697942,3.27023
95.24,2.98061,2.98061,-1.74982,-1.74982,-0.870296,3.34492
95.25,3.14524,3.14524,-1.67379,-1.67379,-1.04047,3.40757
95.26,3.29937,3.29937,-1.59093,-1.59093,-1.20805,3.45796
95.27,3.44256,3.44256,-1.5014,-1.5014,-1.37261,3.49591
95.28,3.57443,3.57443,-1.4054,-1.4054,-1.53374,3.52127
95.29,3.69462,3.69462,-1.30315,-1.30315,-1.69103,3.53396
95.3,3.80284,3.80284,-1.19489,-1.19489,-1.8441,3.53393
95.31,3.8988,3.8988,-1.0809,-1.0809,-1.99256,3.52118
95.32,3.98228,3.98228,-0.961473,-0.961473,-2.13603,3.49576
95.33,4.05309,4.05309,-0.836924,-0.836924,-2.27417,3.45776
95.34,4.11108,4.11108,-0.707595,-0.707595,-2.40663,3.40732
95.35,4.15614,4.15614,-0.573848,-0.573848,-2.53306,3.34461
95.36,4.18822,4.18822,-0.436066,-0.436066,-2.65317,3.26986
95.37,4.20728,4.20728,-0.294653,-0.294653,-2.76665,3.18335
95.38,4.21336,4.21336,-0.150029,-0.150029,-2.87321,3.08538
95.39,4.2065,4.2065,-0.00263027,-0.00263027,-2.97259,2.97631
95.4,4.18682,4.18682,0.147088,0.147088,-3.06454,2.85652
95.41,4.15445,4.15445,0.29866,0.29866,-3.14883,2.72646
95.42,4.10958,4.10958,0.451605,0.451605,-3.22525,2.58658
95.43,4.05243,4.05243,0.605432,0.605432,-3.2936,2.43739
95.44,3.98325,3.98325,0.759641,0.759641,-3.35373,2.27944
95.45,3.90234,3.90234,0.913722,0.913722,-3.40547,2.11327
95.46,3.81004,3.81004,1.06716,1.06716,-3.4487,1.93951
95.47,3.70671,3.70671,1.21944,1.21944,-3.48331,1.75876
95.48,3.59274,3.59274,1.37005,1.37005,-3.50922,1.57168
95.49,3.46857,3.46857,1.51844,1.51844,-3.52635,1.37895
95.5,3.33466,3.33466,1.66412,1.66412,-3.53467,1.18125
95.51,3.1915,3.1915,1.80655,1.80655,-3.53416,0.979305
95.52,3.0396,3.0396,1.94523,1.94523,-3.52481,0.773833
95.53,2.8795,2.8795,2.07965,2.07965,-3.50665,0.565576
95.54,2.71176,2.71176,2.20931,2.20931,-3.47972,0.355284
95.55,2.53697,2.53697,2.33373,2.33373,-3.4441,0.143713
95.56,2.35572,2.35572,2.45242,2.45242,-3.39987,-0.0683755
95.57,2.16864,2.16864,2.56493,2.56493,-3.34714,-0.280218
95.58,1.97636,1.97636,2.67081,2.67081,-3.28605,-0.491051
95.59,1.77952,1.77952,2.76964,2.76964,-3.21674,-0.700118
95.6,1.57878,1.57878,2.861,2.861,-3.1394,-0.906664
95.61,1.37479,1.37479,2.9445,2.9445,-3.0542,-1.10995
95.62,1.16824,1.16824,3.01978,3.01978,-2.96137,-1.30924
95.63,0.959776,0.959776,3.08649,3.08649,-2.86114,-1.50381
95.64,0.750085,0.750085,3.14432,3.14432,-2.75376,-1.69298
95.65,0.539837,0.539837,3.19297,3.19297,-2.6395,-1.87605
95.66,0.329697,0.329697,3.23219,3.23219,-2.51863,-2.05237
95.67,0.120329,0.120329,3.26173,3.26173,-2.39148,-2.22131
95.68,-0.0876136,-0.0876136,3.28139,3.28139,-2.25834,-2.38225
95.69,-0.293485,-0.293485,3.291,3.291,-2.11956,-2.53461
95.7,-0.496652,-0.496652,3.29041,3.29041,-1.97549,-2.67786
95.71,-0.696496,-0.696496,3.27951,3.27951,-1.82647,-2.81146
95.72,-0.892413,-0.892413,3.25824,3.25824,-1.67289,-2.93495
95.73,-1.08382,-1.08382,3.22653,3.22653,-1.51513,-3.04788
95.74,-1.27014,-1.27014,3.1844,3.1844,-1.35358,-3.14984
95.75,-1.45085,-1.45085,3.13185,3.13185,-1.18865,-3.24046
95.76,-1.62541,-1.62541,3.06896,3.06896,-1.02075,-3.31942
95.77,-1.79332,-1.79332,2.99581,2.99581,-0.850292,-3.38643
95.78,-1.95412,-1.95412,2.91255,2.91255,-0.677712,-3.44125
95.79,-2.10736,-2.10736,2.81933,2.81933,-0.503439,-3.48369
95.8,-2.25262,-2.25262,2.71635,2.71635,-0.327907,-3.5136
95.81,-2.38952,-2.38952,2.60386,2.60386,-0.151556,-3.53085
95.82,-2.51771,-2.51771,2.48211,2.48211,0.0251739,-3.5354
95.83,-2.63685,-2.63685,2.35141,2.35141,0.201841,-3.52723
95.84,-2.74666,-2.74666,2.21208,2.21208,0.378004,-3.50636
95.85,-2.84688,-2.84688,2.06451,2.06451,0.553221,-3.47288
95.86,-2.93729,-2.93729,1.90907,1.90907,0.727056,-3.42689
95.87,-3.01768,-3.01768,1.7462,1.7462,0.899074,-3.36857
95.88,-3.08792,-3.08792,1.57634,1.57634,1.06884,-3.29813
95.89,-3.14787,-3.14787,1.39998,1.39998,1.23594,-3.21582
95.9,-3.19746,-3.19746,1.21763,1.21763,1.39995,-3.12194
95.91,-3.23663,-3.23663,1.0298,1.0298,1.56046,-3.01682
95.92,-3.26536,-3.26536,0.837048,0.837048,1.71707,-2.90084
95.93,-3.28367,-3.28367,0.639951,0.639951,1.86939,-2.77442
95.94,-3.29162,-3.29162,0.439099,0.439099,2.01704,-2.63802
95.95,-3.28929,-3.28929,0.235098,0.235098,2.15964,-2.49212
95.96,-3.27681,-3.27681,0.028572,0.028572,2.29685,-2.33726
95.97,-3.25431,-3.25431,-0.179842,-0.179842,2.42832,-2.17398
95.98,-3.222,-3.222,-0.389497,-0.389497,2.55371,-2.00288
95.99,-3.18007,-3.18007,-0.599736,-0.599736,2.67272,-1.82457
96,-3.12877,-3.12877,-0.809894,-0.809894,2.78506,-1.63969
96.01,-3.06838,-3.06838,-1.0193,-1.0193,2.89043,-1.44892
96.02,-2.99919,-2.99919,-1.22729,-1.22729,2.98858,-1.25293
96.03,-2.92154,-2.92154,-1.43318,-1.43318,3.07925,-1.05243
96.04,-2.83576,-2.83576,-1.63631,-1.63631,3.16223,-0.848137
96.05,-2.74224,-2.74224,-1.83601,-1.83601,3.23731,-0.640797
96.06,-2.64136,-2.64136,-2.03162,-2.03162,3.30429,-0.43115
96.07,-2.53354,-2.53354,-2.22249,-2.22249,3.36302,-0.219952
96.08,-2.41923,-2.41923,-2.40797,-2.40797,3.41334,-0.0079618
96.09,-2.29886,-2.29886,-2.58743,-2.58743,3.45513,0.204057
96.1,-2.1729,-2.1729,-2.76028,-2.76028,3.48828,0.415341
96.11,-2.04183,-2.04183,-2.9259,-2.9259,3.51271,0.62513
96.12,-1.90615,-1.90615,-3.08372,-3.08372,3.52837,0.83267
96.13,-1.76635,-1.76635,-3.23319,-3.23319,3.5352,1.03721
96.14,-1.62294,-1.62294,-3.37377,-3.37377,3.5332,1.23802
96.15,-1.47643,-1.47643,-3.50495,-3.50495,3.52237,1.43438
96.16,-1.32735,-1.32735,-3.62626,-3.62626,3.50273,1.62557
96.17,-1.17622,-1.17622,-3.73724,-3.73724,3.47434,1.81091
96.18,-1.02356,-1.02356,-3.83747,-3.83747,3.43726,1.98974
96.19,-0.869881,-0.869881,-3.92656,-3.92656,3.3916,2.1614
96.2,-0.715711,-0.715711,-4.00416,-4.00416,3.33745,2.32529
96.21,-0.561559,-0.561559,-4.06994,-4.06994,3.27497,2.4808
96.22,-0.407933,-0.407933,-4.12362,-4.12362,3.20429,2.62739
96.23,-0.25533,-0.25533,-4.16496,-4.16496,3.12561,2.76452
96.24,-0.104237,-0.104237,-4.19373,-4.19373,3.03912,2.89171
96.25,0.0448676,0.0448676,-4.20977,-4.20977,2.94503,3.00848
96.26,0.191521,0.191521,-4.21295,-4.21295,2.84358,3.11443
96.27,0.335275,0.335275,-4.20318,-4.20318,2.73502,3.20917
96.28,0.475696,0.475696,-4.18041,-4.18041,2.61963,3.29236
96.29,0.612369,0.612369,-4.14463,-4.14463,2.49768,3.3637
96.3,0.744895,0.744895,-4.09587,-4.09587,2.3695,3.42294
96.31,0.872899,0.872899,-4.03422,-4.03422,2.23539,3.46986
96.32,0.996024,0.996024,-3.95979,-3.95979,2.0957,3.50429
96.33,1.11393,1.11393,-3.87273,-3.87273,1.95076,3.52611
96.34,1.22632,1.22632,-3.77325,-3.77325,1.80096,3.53523
96.35,1.33289,1.33289,-3.6616,-3.6616,1.64664,3.53164
96.36,1.43339,1.43339,-3.53804,-3.53804,1.48822,3.51533
96.37,1.52756,1.52756,-3.40291,-3.40291,1.32607,3.48638
96.38,1.61522,1.61522,-3.25657,-3.25657,1.16061,3.44487
96.39,1.69615,1.69615,-3.09941,-3.09941,0.992251,3.39097
96.4,1.77021,1.77021,-2.93186,-2.93186,0.82141,3.32486
96.41,1.83726,1.83726,-2.7544,-2.7544,0.648515,3.24679
96.42,1.89719,1.89719,-2.56753,-2.56753,0.474,3.15704
96.43,1.94993,1.94993,-2.37179,-2.37179,0.2983,3.05592
96.44,1.99542,1.99542,-2.16775,-2.16775,0.121854,2.9438
96.45,2.03363,2.03363,-1.95599,-1.95599,-0.0548964,2.82109
96.46,2.06457,2.06457,-1.73716,-1.73716,-0.23151,2.68823
96.47,2.08825,2.08825,-1.5119,-1.5119,-0.407544,2.54569
96.48,2.10474,2.10474,-1.28087,-1.28087,-0.58256,2.39399
96.49,2.1141,2.1141,-1.04479,-1.04479,-0.75612,2.23367
96.5,2.11645,2.11645,-0.804354,-0.804354,-0.927789,2.06532
96.51,2.11189,2.11189,-0.560304,-0.560304,-1.09714,1.88953
96.52,2.1006,2.1006,-0.313384,-0.313384,-1.26375,1.70694
96.53,2.08272,2.08272,-0.0643549,-0.0643549,-1.4272,1.51821
96.54,2.05846,2.05846,0.186016,0.186016,-1.58708,1.32402
96.55,2.02802,2.02802,0.436951,0.436951,-1.743,1.12506
96.56,1.99164,1.99164,0.687668,0.687668,-1.89456,0.922046
96.57,1.94956,1.94956,0.937384,0.937384,-2.04138,0.715719
96.58,1.90206,1.90206,1.18531,1.18531,-2.1831,0.506815
96.59,1.84941,1.84941,1.43067,1.43067,-2.31937,0.296088
96.6,1.7919,1.7919,1.67269,1.67269,-2.44983,0.0842954
96.61,1.72985,1.72985,1.91059,1.91059,-2.57418,-0.127801
96.62,1.66358,1.66358,2.14361,2.14361,-2.69209,-0.339437
96.63,1.59341,1.59341,2.37101,2.37101,-2.80327,-0.549852
96.64,1.51968,1.51968,2.59206,2.59206,-2.90744,-0.758287
96.65,1.44275,1.44275,2.80604,2.80604,-3.00435,-0.963994
96.66,1.36296,1.36296,3.01226,3.01226,-3.09375,-1.16623
96.67,1.28067,1.28067,3.21004,3.21004,-3.17541,-1.36427
96.68,1.19624,1.19624,3.39874,3.39874,-3.24914,-1.5574
96.69,1.11003,1.11003,3.57773,3.57773,-3.31475,-1.74493
96.7,1.02241,1.02241,3.74643,3.74643,-3.37207,-1.92617
96.71,0.93372,0.93372,3.90426,3.90426,-3.42097,-2.10049
96.72,0.844335,0.844335,4.0507,4.0507,-3.46131,-2.26724
96.73,0.754601,0.754601,4.18525,4.18525,-3.493,-2.42583
96.74,0.664867,0.664867,4.30745,4.30745,-3.51596,-2.5757
96.75,0.575474,0.575474,4.41689,4.41689,-3.53014,-2.71629
96.76,0.486754,0.486754,4.51318,4.51318,-3.53548,-2.84711
96.77,0.39903,0.39903,4.59597,4.59597,-3.532,-2.96768
96.78,0.312617,0.312617,4.66496,4.66496,-3.51968,-3.07757
96.79,0.227815,0.227815,4.71991,4.71991,-3.49857,-3.17639
96.8,0.144913,0.144913,4.76059,4.76059,-3.46871,-3.26377
96.81,0.0641854,0.0641854,4.78683,4.78683,-3.43018,-3.33941
96.82,-0.0141061,-0.0141061,4.79851,4.79851,-3.38308,-3.40303
96.83,-0.0897167,-0.0897167,4.79555,4.79555,-3.32753,-3.4544
96.84,-0.162417,-0.162417,4.77792,4.77792,-3.26365,-3.49334
96.85,-0.231997,-0.231997,4.74563,4.74563,-3.19162,-3.51971
96.86,-0.298259,-0.298259,4.69874,4.69874,-3.11161,-3.53341
96.87,-0.36103,-0.36103,4.63736,4.63736,-3.02382,-3.5344
96.88,-0.42015,-0.42015,4.56165,4.56165,-2.92848,-3.52266
96.89,-0.475482,-0.475482,4.47179,4.47179,-2.82582,-3.49825
96.9,-0.526905,-0.526905,4.36803,4.36803,-2.71609,-3.46124
96.91,-0.574321,-0.574321,4.25067,4.25067,-2.59957,-3.41178
96.92,-0.617649,-0.617649,4.12003,4.12003,-2.47656,-3.35005
96.93,-0.656828,-0.656828,3.97649,3.97649,-2.34735,-3.27625
96.94,-0.691819,-0.691819,3.82046,3.82046,-2.21228,-3.19066
96.95,-0.7226,-0.7226,3.6524,3.6524,-2.07168,-3.09359
96.96,-0.74917,-0.74917,3.47281,3.47281,-1.92591,-2.98539
96.97,-0.771547,-0.771547,3.28222,3.28222,-1.77531,-2.86644
96.98,-0.789766,-0.789766,3.08119,3.08119,-1.62028,-2.73718
96.99,-0.803884,-0.803884,2.87034,2.87034,-1.4612,-2.59807
97,-0.813973,-0.813973,2.65029,2.65029,-1.29847,-2.4496
97.01,-0.820122,-0.820122,2.42171,2.42171,-1.13249,-2.29232
97.02,-0.82244,-0.82244,2.1853,2.1853,-0.963687,-2.12679
97.03,-0.821049,-0.821049,1.94177,1.94177,-0.79247,-1.95361
97.04,-0.816086,-0.816086,1.69187,1.69187,-0.619273,-1.77339
97.05,-0.807706,-0.807706,1.43636,1.43636,-0.444527,-1.5868
97.06,-0.796072,-0.796072,1.17603,1.17603,-0.268671,-1.39449
97.07,-0.781365,-0.781365,0.911675,0.911675,-0.0921432,-1.19716
97.08,-0.763774,-0.763774,0.644111,0.644111,0.084615,-0.995525
97.09,-0.743501,-0.743501,0.374162,0.374162,0.261162,-0.790307
97.1,-0.720754,-0.720754,0.102664,0.102664,0.437056,-0.582245
97.11,-0.695753,-0.695753,-0.169543,-0.169543,0.611857,-0.372087
97.12,-0.668724,-0.668724,-0.441616,-0.441616,0.785129,-0.16059
97.13,-0.639899,-0.639899,-0.71271,-0.71271,0.956439,0.0514853
97.14,-0.609514,-0.609514,-0.981983,-0.981983,1.12536,0.263375
97.15,-0.577811,-0.577811,-1.2486,-1.2486,1.29146,0.474317
97.16,-0.545032,-0.545032,-1.51172,-1.51172,1.45434,0.683551
97.17,-0.511422,-0.511422,-1.77053,-1.77053,1.61359,0.890326
97.18,-0.477226,-0.477226,-2.02423,-2.02423,1.7688,1.0939
97.19,-0.442688,-0.442688,-2.27202,-2.27202,1.91959,1.29353
97.2,-0.408049,-0.408049,-2.51312,-2.51312,2.06558,1.48851
97.21,-0.373547,-0.373547,-2.74678,-2.74678,2.2064,1.67813
97.22,-0.339416,-0.339416,-2.97227,-2.97227,2.34172,1.86171
97.23,-0.305884,-0.305884,-3.18889,-3.18889,2.47118,2.03859
97.24,-0.273172,-0.273172,-3.39595,-3.39595,2.59446,2.20814
97.25,-0.241494,-0.241494,-3.59281,-3.59281,2.71126,2.36974
97.26,-0.211055,-0.211055,-3.77884,-3.77884,2.82128,2.52281
97.27,-0.18205,-0.18205,-3.95347,-3.95347,2.92425,2.6668
97.28,-0.154662,-0.154662,-4.11614,-4.11614,3.01991,2.80119
97.29,-0.129066,-0.129066,-4.26635,-4.26635,3.10803,2.9255
97.3,-0.105422,-0.105422,-4.40362,-4.40362,3.18837,3.03928
97.31,-0.0838771,-0.0838771,-4.52752,-4.52752,3.26075,3.14213
97.32,-0.0645652,-0.0645652,-4.63766,-4.63766,3.32497,3.23366
97.33,-0.0476058,-0.0476058,-4.73369,-4.73369,3.38089,3.31356
97.34,-0.0331035,-0.0331035,-4.81532,-4.81532,3.42835,3.38154
97.35,-0.0211473,-0.0211473,-4.88228,-4.88228,3.46725,3.43734
97.36,-0.0118106,-0.0118106,-4.93437,-4.93437,3.49747,3.48077
97.37,-0.00515032,-0.00515032,-4.97141,-4.97141,3.51896,3.51168
97.38,-0.00120725,-0.00120725,-4.9933,-4.9933,3.53165,3.52995
97.39,-5.41827e-06,-5.41827e-06,-4.99997,-4.99997,3.53552,3.53551
97.4,-0.00155215,-0.00155215,-4.99139,-4.99139,3.53054,3.52835
97.41,-0.00583803,-0.00583803,-4.96759,-4.96759,3.51675,3.50849
97.42,-0.0128369,-0.0128369,-4.92865,-4.92865,3.49416,3.476
97.43,-0.022506,-0.022506,-4.87468,-4.87468,3.46284,3.43101
97.44,-0.0347862,-0.0347862,-4.80587,-4.80587,3.42286,3.37367
97.45,-0.0496022,-0.0496022,-4.72242,-4.72242,3.37433,3.30418
97.46,-0.0668629,-0.0668629,-4.6246,-4.6246,3.31736,3.2228
97.47,-0.086462,-0.086462,-4.51271,-4.51271,3.2521,3.12983
97.48,-0.108278,-0.108278,-4.38711,-4.38711,3.17872,3.02559
97.49,-0.132176,-0.132176,-4.24819,-4.24819,3.09739,2.91046
97.5,-0.158006,-0.158006,-4.09639,-4.09639,3.00831,2.78486
97.51,-0.185606,-0.185606,-3.93219,-3.93219,2.91172,2.64924
97.52,-0.214802,-0.214802,-3.7561,-3.7561,2.80785,2.50408
97.53,-0.245407,-0.245407,-3.56867,-3.56867,2.69696,2.3499
97.54,-0.277226,-0.277226,-3.3705,-3.3705,2.57933,2.18728
97.55,-0.310053,-0.310053,-3.16221,-3.16221,2.45526,2.01678
97.56,-0.343673,-0.343673,-2.94444,-2.94444,2.32504,1.83902
97.57,-0.377863,-0.377863,-2.71788,-2.71788,2.18902,1.65464
97.58,-0.412395,-0.412395,-2.48324,-2.48324,2.04752,1.46431
97.59,-0.447034,-0.447034,-2.24126,-2.24126,1.90091,1.26871
97.6,-0.481543,-0.481543,-1.99269,-1.99269,1.74954,1.06854
97.61,-0.515679,-0.515679,-1.7383,-1.7383,1.59381,0.864527
97.62,-0.549198,-0.549198,-1.4789,-1.4789,1.43409,0.657402
97.63,-0.581855,-0.581855,-1.2153,-1.2153,1.27078,0.447912
97.64,-0.613406,-0.613406,-0.948305,-0.948305,1.1043,0.236809
97.65,-0.643608,-0.643608,-0.678758,-0.678758,0.935054,0.0248542
97.66,-0.672221,-0.672221,-0.407494,-0.407494,0.763474,-0.18719
97.67,-0.699008,-0.699008,-0.135358,-0.135358,0.589986,-0.398561
97.68,-0.723738,-0.723738,0.136806,0.136806,0.415023,-0.608497
97.69,-0.746186,-0.746186,0.408156,0.408156,0.239023,-0.816243
97.7,-0.766134,-0.766134,0.677851,0.677851,0.0624259,-1.02105
97.71,-0.783374,-0.783374,0.945058,0.945058,-0.114328,-1.22219
97.72,-0.797705,-0.797705,1.20895,1.20895,-0.290795,-1.41892
97.73,-0.80894,-0.80894,1.46872,1.46872,-0.466536,-1.61055
97.74,-0.8169,-0.8169,1.72357,1.72357,-0.641111,-1.79638
97.75,-0.821422,-0.821422,1.97271,1.97271,-0.814083,-1.97575
97.76,-0.822355,-0.822355,2.21539,2.21539,-0.985021,-2.14801
97.77,-0.819563,-0.819563,2.45085,2.45085,-1.1535,-2.31253
97.78,-0.812924,-0.812924,2.6784,2.6784,-1.31909,-2.46874
97.79,-0.802334,-0.802334,2.89733,2.89733,-1.48138,-2.61606
97.8,-0.787705,-0.787705,3.10698,3.10698,-1.63998,-2.75396
97.81,-0.768967,-0.768967,3.30673,3.30673,-1.79447,-2.88195
97.82,-0.746065,-0.746065,3.49597,3.49597,-1.94448,-2.99957
97.83,-0.718967,-0.718967,3.67415,3.67415,-2.08963,-3.1064
97.84,-0.687657,-0.687657,3.84072,3.84072,-2.22955,-3.20205
97.85,-0.652139,-0.652139,3.99521,3.99521,-2.3639,-3.28617
97.86,-0.612436,-0.612436,4.13715,4.13715,-2.49235,-3.35846
97.87,-0.568591,-0.568591,4.26614,4.26614,-2.61456,-3.41867
97.88,-0.520667,-0.520667,4.38181,4.38181,-2.73024,-3.46658
97.89,-0.468747,-0.468747,4.48384,4.48384,-2.8391,-3.50201
97.9,-0.412933,-0.412933,4.57193,4.57193,-2.94086,-3.52483
97.91,-0.353346,-0.353346,4.64586,4.64586,-3.03526,-3.53497
97.92,-0.290129,-0.290129,4.70543,4.70543,-3.12209,-3.53239
97.93,-0.223439,-0.223439,4.75048,4.75048,-3.2011,-3.5171
97.94,-0.153457,-0.153457,4.78094,4.78094,-3.27212,-3.48914
97.95,-0.0803791,-0.0803791,4.79672,4.79672,-3.33496,-3.44863
97.96,-0.00441903,-0.00441903,4.79784,4.79784,-3.38946,-3.39571
97.97,0.074192,0.074192,4.78433,4.78433,-3.43549,-3.33057
97.98,0.155207,0.155207,4.75627,4.75627,-3.47294,-3.25344
97.99,0.238363,0.238363,4.71379,4.71379,-3.5017,-3.1646
98,0.323384,0.323384,4.65707,4.65707,-3.52171,-3.06438
98.01,0.409978,0.409978,4.58633,4.58633,-3.53292,-2.95312
98.02,0.497844,0.497844,4.50182,4.50182,-3.5353,-2.83124
98.03,0.586667,0.586667,4.40387,4.40387,-3.52884,-2.69917
98.04,0.676121,0.676121,4.2928,4.2928,-3.51356,-2.55738
98.05,0.765874,0.765874,4.16903,4.16903,-3.4895,-2.40639
98.06,0.855583,0.855583,4.03295,4.03295,-3.45672,-2.24674
98.07,0.9449,0.9449,3.88506,3.88506,-3.4153,-2.079
98.08,1.03347,1.03347,3.72583,3.72583,-3.36534,-1.90379
98.09,1.12094,1.12094,3.55581,3.55581,-3.30697,-1.72172
98.1,1.20695,1.20695,3.37557,3.37557,-3.24033,-1.53345
98.11,1.29113,1.29113,3.1857,3.1857,-3.16559,-1.33966
98.12,1.37312,1.37312,2.98682,2.98682,-3.08295,-1.14106
98.13,1.45257,1.45257,2.77959,2.77959,-2.99259,-0.938344
98.14,1.52912,1.52912,2.56468,2.56468,-2.89476,-0.732253
98.15,1.60242,1.60242,2.3428,2.3428,-2.78969,-0.523528
98.16,1.67212,1.67212,2.11465,2.11465,-2.67765,-0.312918
98.17,1.73788,1.73788,1.88097,1.88097,-2.55891,-0.101182
98.18,1.79938,1.79938,1.64251,1.64251,-2.43378,0.110918
98.19,1.85629,1.85629,1.40004,1.40004,-2.30257,0.322619
98.2,1.90831,1.90831,1.15431,1.15431,-2.1656,0.533158
98.21,1.95515,1.95515,0.906115,0.906115,-2.02322,0.741779
98.22,1.99652,1.99652,0.65623,0.65623,-1.87578,0.947731
98.23,2.03217,2.03217,0.405442,0.405442,-1.72365,1.15027
98.24,2.06185,2.06185,0.154535,0.154535,-1.56722,1.34867
98.25,2.08532,2.08532,-0.0957095,-0.0957095,-1.40687,1.54222
98.26,2.10238,2.10238,-0.344516,-0.344516,-1.243,1.73022
98.27,2.11284,2.11284,-0.591117,-0.591117,-1.07602,1.91199
98.28,2.11653,2.11653,-0.834753,-0.834753,-0.906355,2.08687
98.29,2.11331,2.11331,-1.07468,-1.07468,-0.734424,2.25425
98.3,2.10306,2.10306,-1.31017,-1.31017,-0.560658,2.41352
98.31,2.08567,2.08567,-1.54051,-1.54051,-0.38549,2.5641
98.32,2.06108,2.06108,-1.765,-1.765,-0.209359,2.70545
98.33,2.02923,2.02923,-1.98298,-1.98298,-0.0327042,2.83706
98.34,1.99011,1.99011,-2.1938,-2.1938,0.144032,2.95847
98.35,1.94371,1.94371,-2.39683,-2.39683,0.320408,3.06922
98.36,1.89006,1.89006,-2.59149,-2.59149,0.495984,3.16894
98.37,1.82923,1.82923,-2.77721,-2.77721,0.67032,3.25724
98.38,1.76129,1.76129,-2.95345,-2.95345,0.84298,3.33383
98.39,1.68636,1.68636,-3.11972,-3.11972,1.01353,3.39841
98.4,1.60458,1.60458,-3.27554,-3.27554,1.18155,3.45077
98.41,1.51609,1.51609,-3.4205,-3.4205,1.34662,3.4907
98.42,1.42111,1.42111,-3.5542,-3.5542,1.50832,3.51808
98.43,1.31984,1.31984,-3.67628,-3.67628,1.66625,3.53279
98.44,1.21252,1.21252,-3.78642,-3.78642,1.82002,3.53479
98.45,1.09943,1.09943,-3.88435,-3.88435,1.96924,3.52406
98.46,0.980845,0.980845,-3.96983,-3.96983,2.11353,3.50065
98.47,0.857089,0.857089,-4.04267,-4.04267,2.25254,3.46465
98.48,0.728498,0.728498,-4.1027,-4.1027,2.38592,3.41618
98.49,0.595429,0.595429,-4.14983,-4.14983,2.51334,3.35541
98.5,0.458264,0.458264,-4.18398,-4.18398,2.63448,3.28256
98.51,0.317401,0.317401,-4.20512,-4.20512,2.74903,3.1979
98.52,0.173259,0.173259,-4.21326,-4.21326,2.85671,3.10174
98.53,0.026273,0.026273,-4.20846,-4.20846,2.95725,2.99441
98.54,-0.123107,-0.123107,-4.19081,-4.19081,3.0504,2.8763
98.55,-0.274416,-0.274416,-4.16045,-4.16045,3.13592,2.74784
98.56,-0.427174,-0.427174,-4.11756,-4.11756,3.21361,2.60949
98.57,-0.580894,-0.580894,-4.06234,-4.06234,3.28326,2.46176
98.58,-0.735076,-0.735076,-3.99506,-3.99506,3.34471,2.30516
98.59,-0.889212,-0.889212,-3.916,-3.916,3.3978,2.14026
98.6,-1.04279,-1.04279,-3.82549,-3.82549,3.44239,1.96767
98.61,-1.19529,-1.19529,-3.72389,-3.72389,3.47838,1.78799
98.62,-1.34619,-1.34619,-3.61158,-3.61158,3.50568,1.60187
98.63,-1.49498,-1.49498,-3.48901,-3.48901,3.52421,1.40999
98.64,-1.64112,-1.64112,-3.35662,-3.35662,3.53394,1.21304
98.65,-1.78411,-1.78411,-3.2149,-3.2149,3.53483,1.01172
98.66,-1.92342,-1.92342,-3.06435,-3.06435,3.52689,0.806763
98.67,-2.05855,-2.05855,-2.90552,-2.90552,3.51013,0.5989
98.68,-2.189,-2.189,-2.73896,-2.73896,3.4846,0.388881
98.69,-2.31428,-2.31428,-2.56525,-2.56525,3.45035,0.177463
98.7,-2.43392,-2.43392,-2.385,-2.385,3.40749,-0.0345939
98.71,-2.54745,-2.54745,-2.1988,-2.1988,3.35611,-0.246526
98.72,-2.65441,-2.65441,-2.00731,-2.00731,3.29633,-0.457571
98.73,-2.75439,-2.75439,-1.81115,-1.81115,3.22832,-0.66697
98.74,-2.84696,-2.84696,-1.61098,-1.61098,3.15224,-0.873968
98.75,-2.93174,-2.93174,-1.40747,-1.40747,3.06829,-1.07782
98.76,-3.00835,-3.00835,-1.20128,-1.20128,2.97666,-1.27779
98.77,-3.07645,-3.07645,-0.993076,-0.993076,2.87759,-1.47317
98.78,-3.13572,-3.13572,-0.783537,-0.783537,2.77133,-1.66324
98.79,-3.18585,-3.18585,-0.573332,-0.573332,2.65814,-1.84733
98.8,-3.22659,-3.22659,-0.36313,-0.36313,2.53831,-2.02477
98.81,-3.25768,-3.25768,-0.153595,-0.153595,2.41214,-2.19492
98.82,-3.27893,-3.27893,0.0546177,0.0546177,2.27993,-2.35717
98.83,-3.29015,-3.29015,0.260861,0.260861,2.14203,-2.51094
98.84,-3.29119,-3.29119,0.464501,0.464501,1.99877,-2.65568
98.85,-3.28194,-3.28194,0.664915,0.664915,1.85052,-2.79085
98.86,-3.26232,-3.26232,0.861497,0.861497,1.69764,-2.91598
98.87,-3.23228,-3.23228,1.05366,1.05366,1.54052,-3.03062
98.88,-3.1918,-3.1918,1.24083,1.24083,1.37955,-3.13435
98.89,-3.14091,-3.14091,1.42247,1.42247,1.21513,-3.2268
98.9,-3.07966,-3.07966,1.59804,1.59804,1.04767,-3.30763
98.91,-3.00814,-3.00814,1.76704,1.76704,0.877592,-3.37657
98.92,-2.92648,-2.92648,1.929,1.929,0.705323,-3.43335
98.93,-2.83483,-2.83483,2.08348,2.08348,0.53129,-3.47777
98.94,-2.7334,-2.7334,2.23004,2.23004,0.35593,-3.50968
98.95,-2.6224,-2.6224,2.3683,2.3683,0.17968,-3.52896
98.96,-2.50211,-2.50211,2.49789,2.49789,0.00298025,-3.53553
98.97,-2.37281,-2.37281,2.61849,2.61849,-0.173726,-3.52938
98.98,-2.23484,-2.23484,2.72981,2.72981,-0.349999,-3.51053
98.99,-2.08855,-2.08855,2.83157,2.83157,-0.525397,-3.47905
99,-1.93434,-1.93434,2.92355,2.92355,-0.699481,-3.43505
99.01,-1.77262,-1.77262,3.00556,3.00556,-0.871817,-3.37868
99.02,-1.60384,-1.60384,3.07742,3.07742,-1.04197,-3.31015
99.03,-1.42849,-1.42849,3.13902,3.13902,-1.20953,-3.22971
99.04,-1.24705,-1.24705,3.19026,3.19026,-1.37406,-3.13765
99.05,-1.06005,-1.06005,3.23109,3.23109,-1.53515,-3.0343
99.06,-0.868052,-0.868052,3.26148,3.26148,-1.69241,-2.92002
99.07,-0.671609,-0.671609,3.28145,3.28145,-1.84544,-2.79524
99.08,-0.471314,-0.471314,3.29105,3.29105,-1.99385,-2.66039
99.09,-0.267774,-0.267774,3.29035,3.29035,-2.13728,-2.51597
99.1,-0.0616074,-0.0616074,3.27947,3.27947,-2.27537,-2.3625
99.11,0.146549,0.146549,3.25856,3.25856,-2.40778,-2.20052
99.12,0.356051,0.356051,3.22779,3.22779,-2.53416,-2.03063
99.13,0.56624,0.56624,3.18738,3.18738,-2.65421,-1.85342
99.14,0.776456,0.776456,3.13756,3.13756,-2.76763,-1.66955
99.15,0.986029,0.986029,3.0786,3.0786,-2.87412,-1.47967
99.16,1.19429,1.19429,3.01079,3.01079,-2.97344,-1.28446
99.17,1.40056,1.40056,2.93446,2.93446,-3.06532,-1.08463
99.18,1.60417,1.60417,2.84995,2.84995,-3.14954,-0.880897
99.19,1.80446,1.80446,2.75763,2.75763,-3.22589,-0.673993
99.2,2.00077,2.00077,2.6579,2.6579,-3.29417,-0.464663
99.21,2.19243,2.19243,2.55116,2.55116,-3.35423,-0.253661
99.22,2.37881,2.37881,2.43785,2.43785,-3.40589,-0.0417461
99.23,2.55928,2.55928,2.31841,2.31841,-3.44905,0.170319
99.24,2.73322,2.73322,2.19331,2.19331,-3.48358,0.381771
99.25,2.90003,2.90003,2.06303,2.06303,-3.50941,0.591849
99.26,3.05913,3.05913,1.92805,1.92805,-3.52647,0.799798
99.27,3.20996,3.20996,1.78887,1.78887,-3.53471,1.00487
99.28,3.35199,3.35199,1.646,1.646,-3.53411,1.20632
99.29,3.48471,3.48471,1.49995,1.49995,-3.52468,1.40343
99.3,3.60762,3.60762,1.35125,1.35125,-3.50645,1.59549
99.31,3.72027,3.72027,1.20041,1.20041,-3.47945,1.78181
99.32,3.82224,3.82224,1.04795,1.04795,-3.44375,1.96172
99.33,3.91313,3.91313,0.894402,0.894402,-3.39944,2.13457
99.34,3.99258,3.99258,0.740276,0.740276,-3.34664,2.29973
99.35,4.06027,4.06027,0.586088,0.586088,-3.28547,2.45662
99.36,4.11589,4.11589,0.432345,0.432345,-3.21609,2.60466
99.37,4.15921,4.15921,0.279545,0.279545,-3.13867,2.74334
99.38,4.18999,4.18999,0.12818,0.12818,-3.05341,2.87214
99.39,4.20807,4.20807,-0.0212726,-0.0212726,-2.96051,2.9906
99.4,4.21331,4.21331,-0.168347,-0.168347,-2.86022,3.0983
99.41,4.2056,4.2056,-0.312592,-0.312592,-2.75278,3.19485
99.42,4.18491,4.18491,-0.453572,-0.453572,-2.63845,3.2799
99.43,4.1512,4.1512,-0.590869,-0.590869,-2.51753,3.35315
99.44,4.1045,4.1045,-0.724082,-0.724082,-2.39032,3.41433
99.45,4.0449,4.0449,-0.85283,-0.85283,-2.25713,3.46322
99.46,3.97249,3.97249,-0.976755,-0.976755,-2.11831,3.49965
99.47,3.88743,3.88743,-1.09552,-1.09552,-1.97418,3.52348
99.48,3.78992,3.78992,-1.2088,-1.2088,-1.82513,3.53463
99.49,3.68019,3.68019,-1.31632,-1.31632,-1.67151,3.53306
99.5,3.55851,3.55851,-1.4178,-1.4178,-1.51371,3.51878
99.51,3.4252,3.4252,-1.513,-1.513,-1.35213,3.49183
99.52,3.28061,3.28061,-1.6017,-1.6017,-1.18717,3.45232
99.53,3.12514,3.12514,-1.68372,-1.68372,-1.01924,3.40038
99.54,2.95922,2.95922,-1.75888,-1.75888,-0.848768,3.3362
99.55,2.78331,2.78331,-1.82705,-1.82705,-0.676171,3.26002
99.56,2.5979,2.5979,-1.88813,-1.88813,-0.501885,3.1721
99.57,2.40354,2.40354,-1.94202,-1.94202,-0.326344,3.07277
99.58,2.20077,2.20077,-1.98866,-1.98866,-0.149987,2.96238
99.59,1.99021,1.99021,-2.02803,-2.02803,0.0267439,2.84133
99.6,1.77246,1.77246,-2.06012,-2.06012,0.203409,2.71005
99.61,1.54818,1.54818,-2.08496,-2.08496,0.379565,2.56902
99.62,1.31802,1.31802,-2.10259,-2.10259,0.554772,2.41874
99.63,1.0827,1.0827,-2.11308,-2.11308,0.728593,2.25976
99.64,0.842908,0.842908,-2.11654,-2.11654,0.900593,2.09264
99.65,0.599384,0.599384,-2.11308,-2.11308,1.07034,1.918
99.66,0.352871,0.352871,-2.10284,-2.10284,1.23741,1.73645
99.67,0.104126,0.104126,-2.086,-2.086,1.4014,1.54865
99.68,-0.146082,-0.146082,-2.06274,-2.06274,1.56187,1.35528
99.69,-0.39698,-0.39698,-2.03327,-2.03327,1.71845,1.15703
99.7,-0.647785,-0.647785,-1.99782,-1.99782,1.87073,0.95462
99.71,-0.897712,-0.897712,-1.95663,-1.95663,2.01833,0.748771
99.72,-1.14598,-1.14598,-1.90998,-1.90998,2.16089,0.540228
99.73,-1.3918,-1.3918,-1.85812,-1.85812,2.29804,0.329741
99.74,-1.6344,-1.6344,-1.80137,-1.80137,2.42946,0.118067
99.75,-1.87301,-1.87301,-1.74002,-1.74002,2.5548,-0.0940323
99.76,-2.10686,-2.10686,-1.6744,-1.6744,2.67375,-0.305793
99.77,-2.3352,-2.3352,-1.60483,-1.60483,2.78602,-0.516453
99.78,-2.55731,-2.55731,-1.53165,-1.53165,2.89133,-0.725254
99.79,-2.77247,-2.77247,-1.4552,-1.4552,2.98941,-0.931446
99.8,-2.97997,-2.97997,-1.37585,-1.37585,3.08002,-1.13428
99.81,-3.17914,-3.17914,-1.29393,-1.29393,3.16293,-1.33304
99.82,-3.36932,-3.36932,-1.20982,-1.20982,3.23794,-1.527
99.83,-3.5499,-3.5499,-1.12387,-1.12387,3.30485,-1.71546
99.84,-3.72027,-3.72027,-1.03644,-1.03644,3.3635,-1.89775
99.85,-3.87987,-3.87987,-0.947901,-0.947901,3.41375,-2.07321
99.86,-4.02816,-4.02816,-0.858603,-0.858603,3.45546,-2.24121
99.87,-4.16463,-4.16463,-0.768901,-0.768901,3.48854,-2.40115
99.88,-4.28884,-4.28884,-0.679144,-0.679144,3.51289,-2.55244
99.89,-4.40033,-4.40033,-0.589674,-0.589674,3.52847,-2.69454
99.9,-4.49874,-4.49874,-0.500825,-0.500825,3.53522,-2.82695
99.91,-4.5837,-4.5837,-0.412922,-0.412922,3.53314,-2.94918
99.92,-4.65491,-4.65491,-0.326279,-0.326279,3.52223,-3.0608
99.93,-4.71211,-4.71211,-0.241201,-0.241201,3.50252,-3.16141
99.94,-4.75507,-4.75507,-0.157977,-0.157977,3.47405,-3.25064
99.95,-4.78362,-4.78362,-0.0768859,-0.0768859,3.4369,-3.32816
99.96,-4.79763,-4.79763,0.00181028,0.00181028,3.39115,-3.39371
99.97,-4.797,-4.797,0.0778636,0.0778636,3.33693,-3.44705
99.98,-4.78171,-4.78171,0.151042,0.151042,3.27437,-3.48798
99.99,-4.75175,-4.75175,0.221132,0.221132,3.20363,-3.51636
100,-4.70718,-4.70718,0.287936,0.287936,3.12488,-3.53208
