time,theta1,omega1,theta2,omega2,lensX,lensY
0,5,5,-5,-5,0,7.07107
0.033,4.93494,4.93494,-4.93494,-4.93494,0,6.97907
0.066,4.74147,4.74147,-4.74147,-4.74147,0,6.70545
0.099,4.42461,4.42461,-4.42461,-4.42461,0,6.25735
0.132,3.99262,3.99262,-3.99262,-3.99262,0,5.64641
0.165,3.45673,3.45673,-3.45673,-3.45673,0,4.88855
0.198,2.83088,2.83088,-2.83088,-2.83088,0,4.00347
0.231,2.13137,2.13137,-2.13137,-2.13137,0,3.01421
0.264,1.3764,1.3764,-1.3764,-1.3764,0,1.94652
0.297,0.585609,0.585609,-0.585609,-0.585609,0,0.828176
0.33,-0.22042,-0.22042,0.22042,0.22042,0,-0.311721
0.363,-1.02071,-1.02071,1.02071,1.02071,0,-1.44351
0.396,-1.79444,-1.79444,1.79444,1.79444,0,-2.53773
0.429,-2.52148,-2.52148,2.52148,2.52148,0,-3.56591
0.462,-3.1829,-3.1829,3.1829,3.1829,0,-4.5013
0.495,-3.7615,-3.7615,3.7615,3.7615,0,-5.31956
0.528,-4.24221,-4.24221,4.24221,4.24221,0,-5.99939
0.561,-4.61253,-4.61253,4.61253,4.61253,0,-6.52311
0.594,-4.86282,-4.86282,4.86282,4.86282,0,-6.87707
0.627,-4.98658,-4.98658,4.98658,4.98658,0,-7.05208
0.66,-4.98057,-4.98057,4.98057,4.98057,0,-7.04358
0.693,-4.84495,-4.84495,4.84495,4.84495,0,-6.85179
0.726,-4.58326,-4.58326,4.58326,4.58326,0,-6.48171
0.759,-4.2023,-4.2023,4.2023,4.2023,0,-5.94295
0.792,-3.71199,-3.71199,3.71199,3.71199,0,-5.24954
0.825,-3.12508,-3.12508,3.12508,3.12508,0,-4.41953
0.858,-2.45685,-2.45685,2.45685,2.45685,0,-3.47452
0.891,-1.72469,-1.72469,1.72469,1.72469,0,-2.43909
0.924,-0.947653,-0.947653,0.947653,0.947653,0,-1.34018
0.957,-0.145952,-0.145952,0.145952,0.145952,0,-0.206408
0.99,0.659546,0.659546,-0.659546,-0.659546,0,0.932739
1.023,1.44788,1.44788,-1.44788,-1.44788,0,2.04761
1.056,2.19854,2.19854,-2.19854,-2.19854,0,3.10921
1.089,2.89199,2.89199,-2.89199,-2.89199,0,4.08989
1.122,3.51018,3.51018,-3.51018,-3.51018,0,4.96415
1.155,4.03703,4.03703,-4.03703,-4.03703,0,5.70922
1.188,4.45883,4.45883,-4.45883,-4.45883,0,6.30573
1.221,4.76459,4.76459,-4.76459,-4.76459,0,6.73815
1.254,4.94638,4.94638,-4.94638,-4.94638,0,6.99523
1.287,4.99944,4.99944,-4.99944,-4.99944,0,7.07028
1.32,4.92242,4.92242,-4.92242,-4.92242,0,6.96135
1.353,4.71729,4.71729,-4.71729,-4.71729,0,6.67126
1.386,4.38942,4.38942,-4.38942,-4.38942,0,6.20757
1.419,3.94732,3.94732,-3.94732,-3.94732,0,5.58235
1.452,3.4025,3.4025,-3.4025,-3.4025,0,4.81186
1.485,2.76915,2.76915,-2.76915,-2.76915,0,3.91616
1.518,2.06373,2.06373,-2.06373,-2.06373,0,2.91855
1.551,1.30461,1.30461,-1.30461,-1.30461,0,1.845
1.584,0.511541,0.511541,-0.511541,-0.511541,0,0.723428
1.617,-0.294838,-0.294838,0.294838,0.294838,0,-0.416964
1.65,-1.09355,-1.09355,1.09355,1.09355,0,-1.54651
1.683,-1.8638,-1.8638,1.8638,1.8638,0,-2.63581
1.716,-2.58555,-2.58555,2.58555,2.58555,0,-3.65652
1.749,-3.24002,-3.24002,3.24002,3.24002,0,-4.58207
1.782,-3.81017,-3.81017,3.81017,3.81017,0,-5.3884
1.815,-4.28118,-4.28118,4.28118,4.28118,0,-6.0545
1.848,-4.64078,-4.64078,4.64078,4.64078,0,-6.56306
1.881,-4.87962,-4.87962,4.87962,4.87962,0,-6.90082
1.914,-4.99148,-4.99148,4.99148,4.99148,0,-7.05902
1.947,-4.97345,-4.97345,4.97345,4.97345,0,-7.03352
1.98,-4.826,-4.826,4.826,4.826,0,-6.82499
2.013,-4.55297,-4.55297,4.55297,4.55297,0,-6.43887
2.046,-4.16145,-4.16145,4.16145,4.16145,0,-5.88519
2.079,-3.66165,-3.66165,3.66165,3.66165,0,-5.17836
2.112,-3.06657,-3.06657,3.06657,3.06657,0,-4.33678
2.145,-2.39168,-2.39168,2.39168,2.39168,0,-3.38235
2.178,-1.65456,-1.65456,1.65456,1.65456,0,-2.3399
2.211,-0.874383,-0.874383,0.874383,0.874383,0,-1.23656
2.244,-0.0714526,-0.0714526,0.0714526,0.0714526,0,-0.101049
2.277,0.733337,0.733337,-0.733337,-0.733337,0,1.0371
2.31,1.51904,1.51904,-1.51904,-1.51904,0,2.14825
2.343,2.26522,2.26522,-2.26522,-2.26522,0,3.20351
2.376,2.95245,2.95245,-2.95245,-2.95245,0,4.1754
2.409,3.56286,3.56286,-3.56286,-3.56286,0,5.03864
2.442,4.08055,4.08055,-4.08055,-4.08055,0,5.77076
2.475,4.49205,4.49205,-4.49205,-4.49205,0,6.35272
2.508,4.78666,4.78666,-4.78666,-4.78666,0,6.76936
2.541,4.95671,4.95671,-4.95671,-4.95671,0,7.00985
2.574,4.99778,4.99778,-4.99778,-4.99778,0,7.06793
2.607,4.90879,4.90879,-4.90879,-4.90879,0,6.94208
2.64,4.69207,4.69207,-4.69207,-4.69207,0,6.63559
2.673,4.35325,4.35325,-4.35325,-4.35325,0,6.15642
2.706,3.90114,3.90114,-3.90114,-3.90114,0,5.51705
2.739,3.34752,3.34752,-3.34752,-3.34752,0,4.73411
2.772,2.70679,2.70679,-2.70679,-2.70679,0,3.82798
2.805,1.99563,1.99563,-1.99563,-1.99563,0,2.82224
2.838,1.23253,1.23253,-1.23253,-1.23253,0,1.74306
2.871,0.43736,0.43736,-0.43736,-0.43736,0,0.61852
2.904,-0.369191,-0.369191,0.369191,0.369191,0,-0.522115
2.937,-1.16614,-1.16614,1.16614,1.16614,0,-1.64916
2.97,-1.93273,-1.93273,1.93273,1.93273,0,-2.7333
3.003,-2.64904,-2.64904,2.64904,2.64904,0,-3.74631
3.036,-3.29641,-3.29641,3.29641,3.29641,0,-4.66183
3.069,-3.858,-3.858,3.858,3.858,0,-5.45604
3.102,-4.3192,-4.3192,4.3192,4.3192,0,-6.10827
3.135,-4.668,-4.668,4.668,4.668,0,-6.60155
3.168,-4.89533,-4.89533,4.89533,4.89533,0,-6.92304
3.201,-4.99527,-4.99527,4.99527,4.99527,0,-7.06438
3.234,-4.96523,-4.96523,4.96523,4.96523,0,-7.02189
3.267,-4.80598,-4.80598,4.80598,4.80598,0,-6.79668
3.3,-4.52166,-4.52166,4.52166,4.52166,0,-6.3946
3.333,-4.11969,-4.11969,4.11969,4.11969,0,-5.82612
3.366,-3.61051,-3.61051,3.61051,3.61051,0,-5.10603
3.399,-3.00737,-3.00737,3.00737,3.00737,0,-4.25307
3.432,-2.32598,-2.32598,2.32598,2.32598,0,-3.28943
3.465,-1.58406,-1.58406,1.58406,1.58406,0,-2.2402
3.498,-0.800919,-0.800919,0.800919,0.800919,0,-1.13267
3.531,0.00306313,0.00306313,-0.00306313,-0.00306313,0,0.00433191
3.564,0.806965,0.806965,-0.806965,-0.806965,0,1.14122
3.597,1.58987,1.58987,-1.58987,-1.58987,0,2.24841
3.63,2.3314,2.3314,-2.3314,-2.3314,0,3.2971
3.663,3.01226,3.01226,-3.01226,-3.01226,0,4.25998
3.696,3.61474,3.61474,-3.61474,-3.61474,0,5.11202
3.729,4.12315,4.12315,-4.12315,-4.12315,0,5.83102
3.762,4.52427,4.52427,-4.52427,-4.52427,0,6.39829
3.795,4.80766,4.80766,-4.80766,-4.80766,0,6.79906
3.828,4.96595,4.96595,-4.96595,-4.96595,0,7.02291
3.861,4.995,4.995,-4.995,-4.995,0,7.064
3.894,4.89408,4.89408,-4.89408,-4.89408,0,6.92127
3.927,4.6658,4.6658,-4.6658,-4.6658,0,6.59844
3.96,4.31611,4.31611,-4.31611,-4.31611,0,6.1039
3.993,3.8541,3.8541,-3.8541,-3.8541,0,5.45052
4.026,3.2918,3.2918,-3.2918,-3.2918,0,4.65531
4.059,2.64384,2.64384,-2.64384,-2.64384,0,3.73896
4.092,1.92708,1.92708,-1.92708,-1.92708,0,2.72531
4.125,1.16018,1.16018,-1.16018,-1.16018,0,1.64074
4.158,0.363082,0.363082,-0.363082,-0.363082,0,0.513475
4.191,-0.443462,-0.443462,0.443462,0.443462,0,-0.627151
4.224,-1.23847,-1.23847,1.23847,1.23847,0,-1.75146
4.257,-2.00124,-2.00124,2.00124,2.00124,0,-2.83018
4.29,-2.71194,-2.71194,2.71194,2.71194,0,-3.83527
4.323,-3.35207,-3.35207,3.35207,3.35207,0,-4.74054
4.356,-3.90497,-3.90497,3.90497,3.90497,0,-5.52246
4.389,-4.35626,-4.35626,4.35626,4.35626,0,-6.16068
4.422,-4.69418,-4.69418,4.69418,4.69418,0,-6.63858
4.455,-4.90995,-4.90995,4.90995,4.90995,0,-6.94372
4.488,-4.99796,-4.99796,4.99796,4.99796,0,-7.06818
4.521,-4.9559,-4.9559,4.9559,4.9559,0,-7.00871
4.554,-4.78489,-4.78489,4.78489,4.78489,0,-6.76685
4.587,-4.48936,-4.48936,4.48936,4.48936,0,-6.34891
4.62,-4.077,-4.077,4.077,4.077,0,-5.76575
4.653,-3.55856,-3.55856,3.55856,3.55856,0,-5.03256
4.686,-2.94751,-2.94751,2.94751,2.94751,0,-4.16841
4.719,-2.25976,-2.25976,2.25976,2.25976,0,-3.19578
4.752,-1.51321,-1.51321,1.51321,1.51321,0,-2.14
4.785,-0.727277,-0.727277,0.727277,0.727277,0,-1.02852
4.818,0.0775782,0.0775782,-0.0775782,-0.0775782,0,0.109712
4.851,0.880414,0.880414,-0.880414,-0.880414,0,1.24509
4.884,1.66034,1.66034,-1.66034,-1.66034,0,2.34808
4.917,2.39706,2.39706,-2.39706,-2.39706,0,3.38996
4.95,3.0714,3.0714,-3.0714,-3.0714,0,4.34362
4.983,3.66582,3.66582,-3.66582,-3.66582,0,5.18426
5.016,4.16485,4.16485,-4.16485,-4.16485,0,5.88998
5.049,4.55549,4.55549,-4.55549,-4.55549,0,6.44244
5.082,4.8276,4.8276,-4.8276,-4.8276,0,6.82725
5.115,4.97408,4.97408,-4.97408,-4.97408,0,7.03441
5.148,4.99112,4.99112,-4.99112,-4.99112,0,7.05851
5.181,4.87828,4.87828,-4.87828,-4.87828,0,6.89893
5.214,4.6385,4.6385,-4.6385,-4.6385,0,6.55983
5.247,4.27801,4.27801,-4.27801,-4.27801,0,6.05002
5.28,3.8062,3.8062,-3.8062,-3.8062,0,5.38278
5.313,3.23535,3.23535,-3.23535,-3.23535,0,4.57547
5.346,2.5803,2.5803,-2.5803,-2.5803,0,3.6491
5.379,1.85811,1.85811,-1.85811,-1.85811,0,2.62776
5.412,1.08757,1.08757,-1.08757,-1.08757,0,1.53805
5.445,0.288723,0.288723,-0.288723,-0.288723,0,0.408315
5.478,-0.517635,-0.517635,0.517635,0.517635,0,-0.732046
5.511,-1.31052,-1.31052,1.31052,1.31052,0,-1.85336
5.544,-2.06931,-2.06931,2.06931,2.06931,0,-2.92644
5.577,-2.77424,-2.77424,2.77424,2.77424,0,-3.92337
5.61,-3.40699,-3.40699,3.40699,3.40699,0,-4.81821
5.643,-3.95108,-3.95108,3.95108,3.95108,0,-5.58767
5.676,-4.39235,-4.39235,4.39235,4.39235,0,-6.21172
5.709,-4.71932,-4.71932,4.71932,4.71932,0,-6.67413
5.742,-4.92349,-4.92349,4.92349,4.92349,0,-6.96286
5.775,-4.99953,-4.99953,4.99953,4.99953,0,-7.07041
5.808,-4.94548,-4.94548,4.94548,4.94548,0,-6.99396
5.841,-4.76273,-4.76273,4.76273,4.76273,0,-6.73552
5.874,-4.45605,-4.45605,4.45605,4.45605,0,-6.30181
5.907,-4.03341,-4.03341,4.03341,4.03341,0,-5.70411
5.94,-3.50582,-3.50582,3.50582,3.50582,0,-4.95797
5.973,-2.88699,-2.88699,2.88699,2.88699,0,-4.08282
6.006,-2.19304,-2.19304,2.19304,2.19304,0,-3.10142
6.039,-1.44202,-1.44202,1.44202,1.44202,0,-2.03932
6.072,-0.653473,-0.653473,0.653473,0.653473,0,-0.92415
6.105,0.152076,0.152076,-0.152076,-0.152076,0,0.215068
6.138,0.953668,0.953668,-0.953668,-0.953668,0,1.34869
6.171,1.73044,1.73044,-1.73044,-1.73044,0,2.44722
6.204,2.46219,2.46219,-2.46219,-2.46219,0,3.48206
6.237,3.12986,3.12986,-3.12986,-3.12986,0,4.42629
6.27,3.71609,3.71609,-3.71609,-3.71609,0,5.25534
6.303,4.20562,4.20562,-4.20562,-4.20562,0,5.94764
6.336,4.5857,4.5857,-4.5857,-4.5857,0,6.48516
6.369,4.84646,4.84646,-4.84646,-4.84646,0,6.85393
6.402,4.9811,4.9811,-4.9811,-4.9811,0,7.04434
6.435,4.98612,4.98612,-4.98612,-4.98612,0,7.05144
6.468,4.8614,4.8614,-4.8614,-4.8614,0,6.87505
6.501,4.61016,4.61016,-4.61016,-4.61016,0,6.51976
6.534,4.23897,4.23897,-4.23897,-4.23897,0,5.9948
6.567,3.75746,3.75746,-3.75746,-3.75746,0,5.31385
6.6,3.17818,3.17818,-3.17818,-3.17818,0,4.49462
6.633,2.51619,2.51619,-2.51619,-2.51619,0,3.55843
6.666,1.78872,1.78872,-1.78872,-1.78872,0,2.52964
6.699,1.01471,1.01471,-1.01471,-1.01471,0,1.43502
6.732,0.214299,0.214299,-0.214299,-0.214299,0,0.303065
6.765,-0.591692,-0.591692,0.591692,0.591692,0,-0.836779
6.798,-1.38229,-1.38229,1.38229,1.38229,0,-1.95485
6.831,-2.13691,-2.13691,2.13691,2.13691,0,-3.02205
6.864,-2.83593,-2.83593,2.83593,2.83593,0,-4.01061
6.897,-3.46115,-3.46115,3.46115,3.46115,0,-4.8948
6.93,-3.9963,-3.9963,3.9963,3.9963,0,-5.65163
6.963,-4.42746,-4.42746,4.42746,4.42746,0,-6.26138
6.996,-4.74341,-4.74341,4.74341,4.74341,0,-6.7082
7.029,-4.93593,-4.93593,4.93593,4.93593,0,-6.98045
7.062,-5,-5,5,5,0,-7.07106
7.095,-4.93396,-4.93396,4.93396,4.93396,0,-6.97767
7.128,-4.73952,-4.73952,4.73952,4.73952,0,-6.7027
7.161,-4.42176,-4.42176,4.42176,4.42176,0,-6.25331
7.194,-3.98893,-3.98893,3.98893,3.98893,0,-5.64119
7.227,-3.4523,-3.4523,3.4523,3.4523,0,-4.88228
7.26,-2.82583,-2.82583,2.82583,2.82583,0,-3.99633
7.293,-2.12583,-2.12583,2.12583,2.12583,0,-3.00637
7.326,-1.37051,-1.37051,1.37051,1.37051,0,-1.93819
7.359,-0.579524,-0.579524,0.579524,0.579524,0,-0.819571
7.392,0.22654,0.22654,-0.22654,-0.22654,0,0.320376
7.425,1.02671,1.02671,-1.02671,-1.02671,0,1.45199
7.458,1.80016,1.80016,-1.80016,-1.80016,0,2.54581
7.491,2.52677,2.52677,-2.52677,-2.52677,0,3.57339
7.524,3.18762,3.18762,-3.18762,-3.18762,0,4.50798
7.557,3.76553,3.76553,-3.76553,-3.76553,0,5.32527
7.59,4.24545,4.24545,-4.24545,-4.24545,0,6.00397
7.623,4.61489,4.61489,-4.61489,-4.61489,0,6.52644
7.656,4.86425,4.86425,-4.86425,-4.86425,0,6.87908
7.689,4.98702,4.98702,-4.98702,-4.98702,0,7.05271
7.722,4.98002,4.98002,-4.98002,-4.98002,0,7.04282
7.755,4.84343,4.84343,-4.84343,-4.84343,0,6.84965
7.788,4.58081,4.58081,-4.58081,-4.58081,0,6.47824
7.821,4.19898,4.19898,-4.19898,-4.19898,0,5.93825
7.854,3.70788,3.70788,-3.70788,-3.70788,0,5.24374
7.887,3.1203,3.1203,-3.1203,-3.1203,0,4.41277
7.92,2.45152,2.45152,-2.45152,-2.45152,0,3.46697
7.953,1.71894,1.71894,-1.71894,-1.71894,0,2.43095
7.986,0.941637,0.941637,-0.941637,-0.941637,0,1.33168
8.019,0.139829,0.139829,-0.139829,-0.139829,0,0.197748
8.052,-0.665618,-0.665618,0.665618,0.665618,0,-0.941327
8.085,-1.45374,-1.45374,1.45374,1.45374,0,-2.05591
8.118,-2.20404,-2.20404,2.20404,2.20404,0,-3.11699
8.151,-2.89698,-2.89698,2.89698,2.89698,0,-4.09695
8.184,-3.51454,-3.51454,3.51454,3.51454,0,-4.97031
8.217,-4.04064,-4.04064,4.04064,4.04064,0,-5.71433
8.25,-4.4616,-4.4616,4.4616,4.4616,0,-6.30965
8.283,-4.76645,-4.76645,4.76645,4.76645,0,-6.74078
8.316,-4.94727,-4.94727,4.94727,4.94727,0,-6.99649
8.349,-4.99935,-4.99935,4.99935,4.99935,0,-7.07015
8.382,-4.92134,-4.92134,4.92134,4.92134,0,-6.95982
8.415,-4.71526,-4.71526,4.71526,4.71526,0,-6.66838
8.448,-4.38648,-4.38648,4.38648,4.38648,0,-6.20342
8.481,-3.94356,-3.94356,3.94356,3.94356,0,-5.57703
8.514,-3.39801,-3.39801,3.39801,3.39801,0,-4.80551
8.547,-2.76404,-2.76404,2.76404,2.76404,0,-3.90895
8.58,-2.05815,-2.05815,2.05815,2.05815,0,-2.91066
8.613,-1.29869,-1.29869,1.29869,1.29869,0,-1.83663
8.646,-0.505447,-0.505447,0.505447,0.505447,0,-0.71481
8.679,0.300954,0.300954,-0.300954,-0.300954,0,0.425613
8.712,1.09952,1.09952,-1.09952,-1.09952,0,1.55496
8.745,1.86948,1.86948,-1.86948,-1.86948,0,2.64384
8.778,2.59079,2.59079,-2.59079,-2.59079,0,3.66393
8.811,3.24468,3.24468,-3.24468,-3.24468,0,4.58867
8.844,3.81414,3.81414,-3.81414,-3.81414,0,5.394
8.877,4.28434,4.28434,-4.28434,-4.28434,0,6.05897
8.91,4.64306,4.64306,-4.64306,-4.64306,0,6.56628
8.943,4.88095,4.88095,-4.88095,-4.88095,0,6.90271
8.976,4.99183,4.99183,-4.99183,-4.99183,0,7.05952
9.009,4.97282,4.97282,-4.97282,-4.97282,0,7.03262
9.042,4.82439,4.82439,-4.82439,-4.82439,0,6.82272
9.075,4.55043,4.55043,-4.55043,-4.55043,0,6.43528
9.108,4.15806,4.15806,-4.15806,-4.15806,0,5.88038
9.141,3.65748,3.65748,-3.65748,-3.65748,0,5.17246
9.174,3.06173,3.06173,-3.06173,-3.06173,0,4.32993
9.207,2.3863,2.3863,-2.3863,-2.3863,0,3.37474
9.24,1.64878,1.64878,-1.64878,-1.64878,0,2.33172
9.273,0.868351,0.868351,-0.868351,-0.868351,0,1.22803
9.306,0.0653269,0.0653269,-0.0653269,-0.0653269,0,0.0923862
9.339,-0.739397,-0.739397,0.739397,0.739397,0,-1.04566
9.372,-1.52488,-1.52488,1.52488,1.52488,0,-2.15651
9.405,-2.27068,-2.27068,2.27068,2.27068,0,-3.21123
9.438,-2.9574,-2.9574,2.9574,2.9574,0,-4.18239
9.471,-3.56715,-3.56715,3.56715,3.56715,0,-5.04471
9.504,-4.08408,-4.08408,4.08408,4.08408,0,-5.77577
9.537,-4.49474,-4.49474,4.49474,4.49474,0,-6.35652
9.57,-4.78843,-4.78843,4.78843,4.78843,0,-6.77186
9.603,-4.95751,-4.95751,4.95751,4.95751,0,-7.01098
9.636,-4.99759,-4.99759,4.99759,4.99759,0,-7.06766
9.669,-4.90762,-4.90762,4.90762,4.90762,0,-6.94043
9.702,-4.68995,-4.68995,4.68995,4.68995,0,-6.63259
9.735,-4.35023,-4.35023,4.35023,4.35023,0,-6.15215
9.768,-3.89731,-3.89731,3.89731,3.89731,0,-5.51163
9.801,-3.34297,-3.34297,3.34297,3.34297,0,-4.72767
9.834,-2.70164,-2.70164,2.70164,2.70164,0,-3.8207
9.867,-1.99001,-1.99001,1.99001,1.99001,0,-2.8143
9.9,-1.22659,-1.22659,1.22659,1.22659,0,-1.73466
9.933,-0.431257,-0.431257,0.431257,0.431257,0,-0.609889
9.966,0.375301,0.375301,-0.375301,-0.375301,0,0.530755
9.999,1.17209,1.17209,-1.17209,-1.17209,0,1.65759
10.032,1.93838,1.93838,-1.93838,-1.93838,0,2.74129
10.065,2.65423,2.65423,-2.65423,-2.65423,0,3.75365
10.098,3.30101,3.30101,-3.30101,-3.30101,0,4.66834
10.131,3.86189,3.86189,-3.86189,-3.86189,0,5.46154
10.164,4.32228,4.32228,-4.32228,-4.32228,0,6.11263
10.197,4.67019,4.67019,-4.67019,-4.67019,0,6.60465
10.23,4.89657,4.89657,-4.89657,-4.89657,0,6.9248
10.263,4.99554,4.99554,-4.99554,-4.99554,0,7.06475
10.296,4.9645,4.9645,-4.9645,-4.9645,0,7.02087
10.329,4.80428,4.80428,-4.80428,-4.80428,0,6.79428
10.362,4.51904,4.51904,-4.51904,-4.51904,0,6.39089
10.395,4.11621,4.11621,-4.11621,-4.11621,0,5.8212
10.428,3.60626,3.60626,-3.60626,-3.60626,0,5.10003
10.461,3.00247,3.00247,-3.00247,-3.00247,0,4.24614
10.494,2.32055,2.32055,-2.32055,-2.32055,0,3.28176
10.527,1.57825,1.57825,-1.57825,-1.57825,0,2.23198
10.56,0.794871,0.794871,-0.794871,-0.794871,0,1.12412
10.593,-0.00918937,-0.00918937,0.00918937,0.00918937,0,-0.0129957
10.626,-0.813011,-0.813011,0.813011,0.813011,0,-1.14977
10.659,-1.59568,-1.59568,1.59568,1.59568,0,-2.25663
10.692,-2.33682,-2.33682,2.33682,2.33682,0,-3.30476
10.725,-3.01715,-3.01715,3.01715,3.01715,0,-4.2669
10.758,-3.61897,-3.61897,3.61897,3.61897,0,-5.118
10.791,-4.12662,-4.12662,4.12662,4.12662,0,-5.83592
10.824,-4.52688,-4.52688,4.52688,4.52688,0,-6.40197
10.857,-4.80934,-4.80934,4.80934,4.80934,0,-6.80144
10.89,-4.96666,-4.96666,4.96666,4.96666,0,-7.02391
10.923,-4.99473,-4.99473,4.99473,4.99473,0,-7.06361
10.956,-4.89282,-4.89282,4.89282,4.89282,0,-6.91949
10.989,-4.6636,-4.6636,4.6636,4.6636,0,-6.59532
11.022,-4.31301,-4.31301,4.31301,4.31301,0,-6.09952
11.055,-3.8502,-3.8502,3.8502,3.8502,0,-5.445
11.088,-3.28719,-3.28719,3.28719,3.28719,0,-4.64878
11.121,-2.63864,-2.63864,2.63864,2.63864,0,-3.7316
11.154,-1.92143,-1.92143,1.92143,1.92143,0,-2.71731
11.187,-1.15422,-1.15422,1.15422,1.15422,0,-1.63231
11.22,-0.356971,-0.356971,0.356971,0.356971,0,-0.504834
11.253,0.449564,0.449564,-0.449564,-0.449564,0,0.63578
11.286,1.2444,1.2444,-1.2444,-1.2444,0,1.75985
11.319,2.00686,2.00686,-2.00686,-2.00686,0,2.83812
11.352,2.71709,2.71709,-2.71709,-2.71709,0,3.84254
11.385,3.35661,3.35661,-3.35661,-3.35661,0,4.74697
11.418,3.9088,3.9088,-3.9088,-3.9088,0,5.52787
11.451,4.35926,4.35926,-4.35926,-4.35926,0,6.16493
11.484,4.69629,4.69629,-4.69629,-4.69629,0,6.64155
11.517,4.91111,4.91111,-4.91111,-4.91111,0,6.94535
11.55,4.99813,4.99813,-4.99813,-4.99813,0,7.06842
11.583,4.95509,4.95509,-4.95509,-4.95509,0,7.00755
11.616,4.78311,4.78311,-4.78311,-4.78311,0,6.76433
11.649,4.48666,4.48666,-4.48666,-4.48666,0,6.34509
11.682,4.07345,4.07345,-4.07345,-4.07345,0,5.76073
11.715,3.55425,3.55425,-3.55425,-3.55425,0,5.02647
11.748,2.94256,2.94256,-2.94256,-2.94256,0,4.1614
11.781,2.25429,2.25429,-2.25429,-2.25429,0,3.18805
11.814,1.50737,1.50737,-1.50737,-1.50737,0,2.13174
11.847,0.721215,0.721215,-0.721215,-0.721215,0,1.01995
11.88,-0.0837036,-0.0837036,0.0837036,0.0837036,0,-0.118375
11.913,-0.886444,-0.886444,0.886444,0.886444,0,-1.25362
11.946,-1.66612,-1.66612,1.66612,1.66612,0,-2.35625
11.979,-2.40243,-2.40243,2.40243,2.40243,0,-3.39756
12.012,-3.07624,-3.07624,3.07624,3.07624,0,-4.35045
12.045,-3.66999,-3.66999,3.66999,3.66999,0,-5.19014
12.078,-4.16823,-4.16823,4.16823,4.16823,0,-5.89477
12.111,-4.55802,-4.55802,4.55802,4.55802,0,-6.44601
12.144,-4.82919,-4.82919,4.82919,4.82919,0,-6.8295
12.177,-4.9747,-4.9747,4.9747,4.9747,0,-7.03528
12.21,-4.99075,-4.99075,4.99075,4.99075,0,-7.05799
12.243,-4.87693,-4.87693,4.87693,4.87693,0,-6.89702
12.276,-4.63621,-4.63621,4.63621,4.63621,0,-6.55659
12.309,-4.27484,-4.27484,4.27484,4.27484,0,-6.04553
12.342,-3.80223,-3.80223,3.80223,3.80223,0,-5.37716
12.375,-3.23067,-3.23067,3.23067,3.23067,0,-4.56886
12.408,-2.57505,-2.57505,2.57505,2.57505,0,-3.64167
12.441,-1.85242,-1.85242,1.85242,1.85242,0,-2.61972
12.474,-1.08159,-1.08159,1.08159,1.08159,0,-1.52959
12.507,-0.282606,-0.282606,0.282606,0.282606,0,-0.399666
12.54,0.523728,0.523728,-0.523728,-0.523728,0,0.740663
12.573,1.31643,1.31643,-1.31643,-1.31643,0,1.86172
12.606,2.07488,2.07488,-2.07488,-2.07488,0,2.93433
12.639,2.77934,2.77934,-2.77934,-2.77934,0,3.93058
12.672,3.41147,3.41147,-3.41147,-3.41147,0,4.82455
12.705,3.95483,3.95483,-3.95483,-3.95483,0,5.59297
12.738,4.39527,4.39527,-4.39527,-4.39527,0,6.21585
12.771,4.72134,4.72134,-4.72134,-4.72134,0,6.67698
12.804,4.92455,4.92455,-4.92455,-4.92455,0,6.96437
12.837,4.99961,4.99961,-4.99961,-4.99961,0,7.07052
12.87,4.94457,4.94457,-4.94457,-4.94457,0,6.99268
12.903,4.76087,4.76087,-4.76087,-4.76087,0,6.73288
12.936,4.45327,4.45327,-4.45327,-4.45327,0,6.29787
12.969,4.02979,4.02979,-4.02979,-4.02979,0,5.69898
13.002,3.50144,3.50144,-3.50144,-3.50144,0,4.95179
13.035,2.88199,2.88199,-2.88199,-2.88199,0,4.07574
13.068,2.18753,2.18753,-2.18753,-2.18753,0,3.09363
13.101,1.43615,1.43615,-1.43615,-1.43615,0,2.03102
13.134,0.647399,0.647399,-0.647399,-0.647399,0,0.91556
13.167,-0.158199,-0.158199,0.158199,0.158199,0,-0.223728
13.2,-0.959681,-0.959681,0.959681,0.959681,0,-1.35719
13.233,-1.73619,-1.73619,1.73619,1.73619,0,-2.45534
13.266,-2.46752,-2.46752,2.46752,2.46752,0,-3.4896
13.299,-3.13464,-3.13464,3.13464,3.13464,0,-4.43305
13.332,-3.72019,-3.72019,3.72019,3.72019,0,-5.26114
13.365,-4.20893,-4.20893,4.20893,4.20893,0,-5.95232
13.398,-4.58814,-4.58814,4.58814,4.58814,0,-6.48861
13.431,-4.84796,-4.84796,4.84796,4.84796,0,-6.85606
13.464,-4.98163,-4.98163,4.98163,4.98163,0,-7.04509
13.497,-4.98566,-4.98566,4.98566,4.98566,0,-7.05079
13.53,-4.85996,-4.85996,4.85996,4.85996,0,-6.87302
13.563,-4.60779,-4.60779,4.60779,4.60779,0,-6.5164
13.596,-4.23571,-4.23571,4.23571,4.23571,0,-5.9902
13.629,-3.75341,-3.75341,3.75341,3.75341,0,-5.30813
13.662,-3.17344,-3.17344,3.17344,3.17344,0,-4.48793
13.695,-2.51089,-2.51089,2.51089,2.51089,0,-3.55094
13.728,-1.783,-1.783,1.783,1.783,0,-2.52155
13.761,-1.00872,-1.00872,1.00872,1.00872,0,-1.42654
13.794,-0.208179,-0.208179,0.208179,0.208179,0,-0.294409
13.827,0.597775,0.597775,-0.597775,-0.597775,0,0.845382
13.86,1.38817,1.38817,-1.38817,-1.38817,0,1.96317
13.893,2.14245,2.14245,-2.14245,-2.14245,0,3.02988
13.926,2.84097,2.84097,-2.84097,-2.84097,0,4.01774
13.959,3.46557,3.46557,-3.46557,-3.46557,0,4.90105
13.992,3.99998,3.99998,-3.99998,-3.99998,0,5.65683
14.025,4.43031,4.43031,-4.43031,-4.43031,0,6.2654
14.058,4.74535,4.74535,-4.74535,-4.74535,0,6.71093
14.091,4.9369,4.9369,-4.9369,-4.9369,0,6.98183
14.124,4.99998,4.99998,-4.99998,-4.99998,0,7.07105
14.157,4.93296,4.93296,-4.93296,-4.93296,0,6.97626
14.19,4.73757,4.73757,-4.73757,-4.73757,0,6.69993
14.223,4.41889,4.41889,-4.41889,-4.41889,0,6.24926
14.256,3.98523,3.98523,-3.98523,-3.98523,0,5.63597
14.289,3.44786,3.44786,-3.44786,-3.44786,0,4.87601
14.322,2.82077,2.82077,-2.82077,-2.82077,0,3.98918
14.355,2.12028,2.12028,-2.12028,-2.12028,0,2.99853
14.388,1.36462,1.36462,-1.36462,-1.36462,0,1.92986
14.421,0.573439,0.573439,-0.573439,-0.573439,0,0.810965
14.454,-0.23266,-0.23266,0.23266,0.23266,0,-0.329031
14.487,-1.0327,-1.0327,1.0327,1.0327,0,-1.46046
14.52,-1.80588,-1.80588,1.80588,1.80588,0,-2.55389
14.553,-2.53205,-2.53205,2.53205,2.53205,0,-3.58086
14.586,-3.19234,-3.19234,3.19234,3.19234,0,-4.51465
14.619,-3.76956,-3.76956,3.76956,3.76956,0,-5.33096
14.652,-4.24868,-4.24868,4.24868,4.24868,0,-6.00855
14.685,-4.61725,-4.61725,4.61725,4.61725,0,-6.52977
14.718,-4.86566,-4.86566,4.86566,4.86566,0,-6.88108
14.751,-4.98746,-4.98746,4.98746,4.98746,0,-7.05333
14.784,-4.97947,-4.97947,4.97947,4.97947,0,-7.04204
14.817,-4.84191,-4.84191,4.84191,4.84191,0,-6.84749
14.85,-4.57835,-4.57835,4.57835,4.57835,0,-6.47476
14.883,-4.19565,-4.19565,4.19565,4.19565,0,-5.93354
14.916,-3.70377,-3.70377,3.70377,3.70377,0,-5.23792
14.949,-3.11551,-3.11551,3.11551,3.11551,0,-4.40599
14.982,-2.44618,-2.44618,2.44618,2.44618,0,-3.45941
15.015,-1.71319,-1.71319,1.71319,1.71319,0,-2.42281
15.048,-0.93562,-0.93562,0.93562,0.93562,0,-1.32317
15.081,-0.133705,-0.133705,0.133705,0.133705,0,-0.189087
15.114,0.67169,0.67169,-0.67169,-0.67169,0,0.949913
15.147,1.45961,1.45961,-1.45961,-1.45961,0,2.06419
15.18,2.20954,2.20954,-2.20954,-2.20954,0,3.12476
15.213,2.90198,2.90198,-2.90198,-2.90198,0,4.10401
15.246,3.5189,3.5189,-3.5189,-3.5189,0,4.97647
15.279,4.04425,4.04425,-4.04425,-4.04425,0,5.71943
15.312,4.46436,4.46436,-4.46436,-4.46436,0,6.31355
15.345,4.7683,4.7683,-4.7683,-4.7683,0,6.74339
15.378,4.94815,4.94815,-4.94815,-4.94815,0,6.99774
15.411,4.99925,4.99925,-4.99925,-4.99925,0,7.07
15.444,4.92025,4.92025,-4.92025,-4.92025,0,6.95828
15.477,4.71322,4.71322,-4.71322,-4.71322,0,6.6655
15.51,4.38354,4.38354,-4.38354,-4.38354,0,6.19926
15.543,3.93979,3.93979,-3.93979,-3.93979,0,5.5717
15.576,3.39351,3.39351,-3.39351,-3.39351,0,4.79915
15.609,2.75893,2.75893,-2.75893,-2.75893,0,3.90172
15.642,2.05256,2.05256,-2.05256,-2.05256,0,2.90276
15.675,1.29278,1.29278,-1.29278,-1.29278,0,1.82826
15.708,0.499351,0.499351,-0.499351,-0.499351,0,0.70619
15.741,-0.307069,-0.307069,0.307069,0.307069,0,-0.434261
15.774,-1.1055,-1.1055,1.1055,1.1055,0,-1.56341
15.807,-1.87516,-1.87516,1.87516,1.87516,0,-2.65188
15.84,-2.59603,-2.59603,2.59603,2.59603,0,-3.67134
15.873,-3.24934,-3.24934,3.24934,3.24934,0,-4.59526
15.906,-3.81809,-3.81809,3.81809,3.81809,0,-5.3996
15.939,-4.2875,-4.2875,4.2875,4.2875,0,-6.06344
15.972,-4.64533,-4.64533,4.64533,4.64533,0,-6.56949
16.005,-4.88228,-4.88228,4.88228,4.88228,0,-6.90458
16.038,-4.99218,-4.99218,4.99218,4.99218,0,-7.06001
16.071,-4.97217,-4.97217,4.97217,4.97217,0,-7.03172
16.104,-4.82278,-4.82278,4.82278,4.82278,0,-6.82044
16.137,-4.54789,-4.54789,4.54789,4.54789,0,-6.43169
16.17,-4.15465,-4.15465,4.15465,4.15465,0,-5.87556
16.203,-3.6533,-3.6533,3.6533,3.6533,0,-5.16654
16.236,-3.05688,-3.05688,3.05688,3.05688,0,-4.32308
16.269,-2.38092,-2.38092,2.38092,2.38092,0,-3.36712
16.302,-1.64299,-1.64299,1.64299,1.64299,0,-2.32354
16.335,-0.862317,-0.862317,0.862317,0.862317,0,-1.2195
16.368,-0.0592012,-0.0592012,0.0592012,0.0592012,0,-0.0837231
16.401,0.745455,0.745455,-0.745455,-0.745455,0,1.05423
16.434,1.53071,1.53071,-1.53071,-1.53071,0,2.16475
16.467,2.27614,2.27614,-2.27614,-2.27614,0,3.21895
16.5,2.96233,2.96233,-2.96233,-2.96233,0,4.18937
16.533,3.57144,3.57144,-3.57144,-3.57144,0,5.05078
16.566,4.08761,4.08761,-4.08761,-4.08761,0,5.78076
16.599,4.49742,4.49742,-4.49742,-4.49742,0,6.36031
16.632,4.79019,4.79019,-4.79019,-4.79019,0,6.77435
16.665,4.95831,4.95831,-4.95831,-4.95831,0,7.0121
16.698,4.9974,4.9974,-4.9974,-4.9974,0,7.06739
16.731,4.90645,4.90645,-4.90645,-4.90645,0,6.93877
16.764,4.68782,4.68782,-4.68782,-4.68782,0,6.62958
16.797,4.34721,4.34721,-4.34721,-4.34721,0,6.14788
16.83,3.89347,3.89347,-3.89347,-3.89347,0,5.50619
16.863,3.33841,3.33841,-3.33841,-3.33841,0,4.72123
16.896,2.69648,2.69648,-2.69648,-2.69648,0,3.8134
16.929,1.98439,1.98439,-1.98439,-1.98439,0,2.80635
16.962,1.22065,1.22065,-1.22065,-1.22065,0,1.72626
16.995,0.425153,0.425153,-0.425153,-0.425153,0,0.601257
17.028,-0.381409,-0.381409,0.381409,0.381409,0,-0.539394
17.061,-1.17805,-1.17805,1.17805,1.17805,0,-1.66601
17.094,-1.94403,-1.94403,1.94403,1.94403,0,-2.74927
17.127,-2.65942,-2.65942,2.65942,2.65942,0,-3.76099
17.16,-3.30561,-3.30561,3.30561,3.30561,0,-4.67484
17.193,-3.86578,-3.86578,3.86578,3.86578,0,-5.46704
17.226,-4.32536,-4.32536,4.32536,4.32536,0,-6.11698
17.259,-4.67238,-4.67238,4.67238,4.67238,0,-6.60774
17.292,-4.89781,-4.89781,4.89781,4.89781,0,-6.92655
17.325,-4.99579,-4.99579,4.99579,4.99579,0,-7.06512
17.358,-4.96377,-4.96377,4.96377,4.96377,0,-7.01983
17.391,-4.80258,-4.80258,4.80258,4.80258,0,-6.79188
17.424,-4.51642,-4.51642,4.51642,4.51642,0,-6.38718
17.457,-4.11273,-4.11273,4.11273,4.11273,0,-5.81628
17.49,-3.60202,-3.60202,3.60202,3.60202,0,-5.09402
17.523,-2.99757,-2.99757,2.99757,2.99757,0,-4.23921
17.556,-2.31513,-2.31513,2.31513,2.31513,0,-3.27408
17.589,-1.57243,-1.57243,1.57243,1.57243,0,-2.22376
17.622,-0.788822,-0.788822,0.788822,0.788822,0,-1.11556
17.655,0.0153156,0.0153156,-0.0153156,-0.0153156,0,0.0216595
17.688,0.819055,0.819055,-0.819055,-0.819055,0,1.15832
17.721,1.60148,1.60148,-1.60148,-1.60148,0,2.26484
17.754,2.34223,2.34223,-2.34223,-2.34223,0,3.31242
17.787,3.02203,3.02203,-3.02203,-3.02203,0,4.2738
17.82,3.6232,3.6232,-3.6232,-3.6232,0,5.12397
17.853,4.13007,4.13007,-4.13007,-4.13007,0,5.84081
17.886,4.52948,4.52948,-4.52948,-4.52948,0,6.40565
17.919,4.81101,4.81101,-4.81101,-4.81101,0,6.8038
17.952,4.96736,4.96736,-4.96736,-4.96736,0,7.02491
17.985,4.99444,4.99444,-4.99444,-4.99444,0,7.06321
18.018,4.89156,4.89156,-4.89156,-4.89156,0,6.91771
18.051,4.66138,4.66138,-4.66138,-4.66138,0,6.59219
18.084,4.30991,4.30991,-4.30991,-4.30991,0,6.09513
18.117,3.84628,3.84628,-3.84628,-3.84628,0,5.43947
18.15,3.28257,3.28257,-3.28257,-3.28257,0,4.64225
18.183,2.63343,2.63343,-2.63343,-2.63343,0,3.72424
18.216,1.91577,1.91577,-1.91577,-1.91577,0,2.70931
18.249,1.14826,1.14826,-1.14826,-1.14826,0,1.62388
18.282,0.35086,0.35086,-0.35086,-0.35086,0,0.496191
18.315,-0.455665,-0.455665,0.455665,0.455665,0,-0.644408
18.348,-1.25033,-1.25033,1.25033,1.25033,0,-1.76824
18.381,-2.01247,-2.01247,2.01247,2.01247,0,-2.84606
18.414,-2.72223,-2.72223,2.72223,2.72223,0,-3.84981
18.447,-3.36115,-3.36115,3.36115,3.36115,0,-4.75339
18.48,-3.91261,-3.91261,3.91261,3.91261,0,-5.53327
18.513,-4.36226,-4.36226,4.36226,4.36226,0,-6.16916
18.546,-4.69839,-4.69839,4.69839,4.69839,0,-6.64452
18.579,-4.91225,-4.91225,4.91225,4.91225,0,-6.94698
18.612,-4.99829,-4.99829,4.99829,4.99829,0,-7.06865
18.645,-4.95427,-4.95427,4.95427,4.95427,0,-7.00639
18.678,-4.78132,-4.78132,4.78132,4.78132,0,-6.7618
18.711,-4.48395,-4.48395,4.48395,4.48395,0,-6.34126
18.744,-4.0699,-4.0699,4.0699,4.0699,0,-5.7557
18.777,-3.54994,-3.54994,3.54994,3.54994,0,-5.02037
18.81,-2.9376,-2.9376,2.9376,2.9376,0,-4.1544
18.843,-2.24882,-2.24882,2.24882,2.24882,0,-3.18032
18.876,-1.50152,-1.50152,1.50152,1.50152,0,-2.12348
18.909,-0.715152,-0.715152,0.715152,0.715152,0,-1.01138
18.942,0.089829,0.089829,-0.089829,-0.089829,0,0.127037
18.975,0.892473,0.892473,-0.892473,-0.892473,0,1.26215
19.008,1.67189,1.67189,-1.67189,-1.67189,0,2.36441
19.041,2.40781,2.40781,-2.40781,-2.40781,0,3.40515
19.074,3.08106,3.08106,-3.08106,-3.08106,0,4.35728
19.107,3.67414,3.67414,-3.67414,-3.67414,0,5.19602
19.14,4.17161,4.17161,-4.17161,-4.17161,0,5.89955
19.173,4.56053,4.56053,-4.56053,-4.56053,0,6.44957
19.206,4.83077,4.83077,-4.83077,-4.83077,0,6.83174
19.239,4.97531,4.97531,-4.97531,-4.97531,0,7.03615
19.272,4.99037,4.99037,-4.99037,-4.99037,0,7.05745
19.305,4.87558,4.87558,-4.87558,-4.87558,0,6.89511
19.338,4.63391,4.63391,-4.63391,-4.63391,0,6.55334
19.371,4.27166,4.27166,-4.27166,-4.27166,0,6.04103
19.404,3.79825,3.79825,-3.79825,-3.79825,0,5.37153
19.437,3.226,3.226,-3.226,-3.226,0,4.56225
19.47,2.5698,2.5698,-2.5698,-2.5698,0,3.63424
19.503,1.84673,1.84673,-1.84673,-1.84673,0,2.61167
19.536,1.0756,1.0756,-1.0756,-1.0756,0,1.52113
19.569,0.27649,0.27649,-0.27649,-0.27649,0,0.391015
19.602,-0.52982,-0.52982,0.52982,0.52982,0,-0.749279
19.635,-1.32234,-1.32234,1.32234,1.32234,0,-1.87007
19.668,-2.08045,-2.08045,2.08045,2.08045,0,-2.94221
19.701,-2.78443,-2.78443,2.78443,2.78443,0,-3.93778
19.734,-3.41595,-3.41595,3.41595,3.41595,0,-4.83088
19.767,-3.95857,-3.95857,3.95857,3.95857,0,-5.59827
19.8,-4.39819,-4.39819,4.39819,4.39819,0,-6.21998
19.833,-4.72335,-4.72335,4.72335,4.72335,0,-6.67983
19.866,-4.92561,-4.92561,4.92561,4.92561,0,-6.96586
19.899,-4.99968,-4.99968,4.99968,4.99968,0,-7.07062
19.932,-4.94366,-4.94366,4.94366,4.94366,0,-6.99139
19.965,-4.75899,-4.75899,4.75899,4.75899,0,-6.73023
19.998,-4.45048,-4.45048,4.45048,4.45048,0,-6.29393
20.031,-4.02616,-4.02616,4.02616,4.02616,0,-5.69385
20.064,-3.49707,-3.49707,3.49707,3.49707,0,-4.9456
20.097,-2.87698,-2.87698,2.87698,2.87698,0,-4.06866
20.13,-2.18202,-2.18202,2.18202,2.18202,0,-3.08584
20.163,-1.43028,-1.43028,1.43028,1.43028,0,-2.02272
20.196,-0.641324,-0.641324,0.641324,0.641324,0,-0.906969
20.229,0.164322,0.164322,-0.164322,-0.164322,0,0.232387
20.262,0.965692,0.965692,-0.965692,-0.965692,0,1.3657
20.295,1.74193,1.74193,-1.74193,-1.74193,0,2.46347
20.328,2.47284,2.47284,-2.47284,-2.47284,0,3.49713
20.361,3.13941,3.13941,-3.13941,-3.13941,0,4.43979
20.394,3.72428,3.72428,-3.72428,-3.72428,0,5.26692
20.427,4.21223,4.21223,-4.21223,-4.21223,0,5.95699
20.46,4.59057,4.59057,-4.59057,-4.59057,0,6.49205
20.493,4.84946,4.84946,-4.84946,-4.84946,0,6.85817
20.526,4.98215,4.98215,-4.98215,-4.98215,0,7.04583
20.559,4.9852,4.9852,-4.9852,-4.9852,0,7.05013
20.592,4.85852,4.85852,-4.85852,-4.85852,0,6.87098
20.625,4.60541,4.60541,-4.60541,-4.60541,0,6.51303
20.658,4.23245,4.23245,-4.23245,-4.23245,0,5.98559
20.691,3.74936,3.74936,-3.74936,-3.74936,0,5.3024
20.724,3.16871,3.16871,-3.16871,-3.16871,0,4.48123
20.757,2.50559,2.50559,-2.50559,-2.50559,0,3.54344
20.79,1.77728,1.77728,-1.77728,-1.77728,0,2.51345
20.823,1.00271,1.00271,-1.00271,-1.00271,0,1.41805
20.856,0.202058,0.202058,-0.202058,-0.202058,0,0.285753
20.889,-0.603857,-0.603857,0.603857,0.603857,0,-0.853983
20.922,-1.39406,-1.39406,1.39406,1.39406,0,-1.9715
20.955,-2.14798,-2.14798,2.14798,2.14798,0,-3.03771
20.988,-2.84601,-2.84601,2.84601,2.84601,0,-4.02487
21.021,-3.46998,-3.46998,3.46998,3.46998,0,-4.90729
21.054,-4.00365,-4.00365,4.00365,4.00365,0,-5.66202
21.087,-4.43314,-4.43314,4.43314,4.43314,0,-6.26941
21.12,-4.74727,-4.74727,4.74727,4.74727,0,-6.71366
21.153,-4.93787,-4.93787,4.93787,4.93787,0,-6.9832
21.186,-4.99997,-4.99997,4.99997,4.99997,0,-7.07102
21.219,-4.93196,-4.93196,4.93196,4.93196,0,-6.97484
21.252,-4.73561,-4.73561,4.73561,4.73561,0,-6.69716
21.285,-4.41602,-4.41602,4.41602,4.41602,0,-6.2452
21.318,-3.98153,-3.98153,3.98153,3.98153,0,-5.63073
21.351,-3.44342,-3.44342,3.44342,3.44342,0,-4.86974
21.384,-2.81571,-2.81571,2.81571,2.81571,0,-3.98202
21.417,-2.11473,-2.11473,2.11473,2.11473,0,-2.99068
21.45,-1.35872,-1.35872,1.35872,1.35872,0,-1.92152
21.483,-0.567353,-0.567353,0.567353,0.567353,0,-0.802358
21.516,0.238779,0.238779,-0.238779,-0.238779,0,0.337685
21.549,1.0387,1.0387,-1.0387,-1.0387,0,1.46894
21.582,1.81159,1.81159,-1.81159,-1.81159,0,2.56197
21.615,2.53733,2.53733,-2.53733,-2.53733,0,3.58833
21.648,3.19705,3.19705,-3.19705,-3.19705,0,4.52132
21.681,3.77358,3.77358,-3.77358,-3.77358,0,5.33665
21.714,4.25191,4.25191,-4.25191,-4.25191,0,6.01311
21.747,4.61959,4.61959,-4.61959,-4.61959,0,6.53309
21.78,4.86707,4.86707,-4.86707,-4.86707,0,6.88307
21.813,4.98789,4.98789,-4.98789,-4.98789,0,7.05394
21.846,4.97891,4.97891,-4.97891,-4.97891,0,7.04125
21.879,4.84038,4.84038,-4.84038,-4.84038,0,6.84533
21.912,4.57588,4.57588,-4.57588,-4.57588,0,6.47127
21.945,4.19231,4.19231,-4.19231,-4.19231,0,5.92882
21.978,3.69965,3.69965,-3.69965,-3.69965,0,5.23209
22.011,3.11071,3.11071,-3.11071,-3.11071,0,4.39921
22.044,2.44083,2.44083,-2.44083,-2.44083,0,3.45186
22.077,1.70743,1.70743,-1.70743,-1.70743,0,2.41467
22.11,0.929601,0.929601,-0.929601,-0.929601,0,1.31465
22.143,0.127581,0.127581,-0.127581,-0.127581,0,0.180426
22.176,-0.67776,-0.67776,0.67776,0.67776,0,-0.958497
22.209,-1.46546,-1.46546,1.46546,1.46546,0,-2.07248
22.242,-2.21503,-2.21503,2.21503,2.21503,0,-3.13253
22.275,-2.90696,-2.90696,2.90696,2.90696,0,-4.11106
22.308,-3.52325,-3.52325,3.52325,3.52325,0,-4.98262
22.341,-4.04785,-4.04785,4.04785,4.04785,0,-5.72452
22.374,-4.46711,-4.46711,4.46711,4.46711,0,-6.31745
22.407,-4.77014,-4.77014,4.77014,4.77014,0,-6.74599
22.44,-4.94903,-4.94903,4.94903,4.94903,0,-6.99898
22.473,-4.99914,-4.99914,4.99914,4.99914,0,-7.06985
22.506,-4.91916,-4.91916,4.91916,4.91916,0,-6.95674
22.539,-4.71117,-4.71117,4.71117,4.71117,0,-6.6626
22.572,-4.38059,-4.38059,4.38059,4.38059,0,-6.19508
22.605,-3.93601,-3.93601,3.93601,3.93601,0,-5.56636
22.638,-3.38901,-3.38901,3.38901,3.38901,0,-4.79279
22.671,-2.75382,-2.75382,2.75382,2.75382,0,-3.89449
22.704,-2.04697,-2.04697,2.04697,2.04697,0,-2.89486
22.737,-1.28686,-1.28686,1.28686,1.28686,0,-1.81989
22.77,-0.493255,-0.493255,0.493255,0.493255,0,-0.697569
22.803,0.313183,0.313183,-0.313183,-0.313183,0,0.442908
22.836,1.11147,1.11147,-1.11147,-1.11147,0,1.57186
22.869,1.88084,1.88084,-1.88084,-1.88084,0,2.65991
22.902,2.60126,2.60126,-2.60126,-2.60126,0,3.67874
22.935,3.25399,3.25399,-3.25399,-3.25399,0,4.60184
22.968,3.82205,3.82205,-3.82205,-3.82205,0,5.40519
23.001,4.29065,4.29065,-4.29065,-4.29065,0,6.06789
23.034,4.64759,4.64759,-4.64759,-4.64759,0,6.57269
23.067,4.8836,4.8836,-4.8836,-4.8836,0,6.90645
23.1,4.99252,4.99252,-4.99252,-4.99252,0,7.06049
23.133,4.97152,4.97152,-4.97152,-4.97152,0,7.0308
23.166,4.82116,4.82116,-4.82116,-4.82116,0,6.81815
23.199,4.54534,4.54534,-4.54534,-4.54534,0,6.42808
23.232,4.15124,4.15124,-4.15124,-4.15124,0,5.87074
23.265,3.64911,3.64911,-3.64911,-3.64911,0,5.16063
23.298,3.05203,3.05203,-3.05203,-3.05203,0,4.31622
23.331,2.37553,2.37553,-2.37553,-2.37553,0,3.3595
23.364,1.63721,1.63721,-1.63721,-1.63721,0,2.31536
23.397,0.856282,0.856282,-0.856282,-0.856282,0,1.21097
23.43,0.0530753,0.0530753,-0.0530753,-0.0530753,0,0.0750598
23.463,-0.751512,-0.751512,0.751512,0.751512,0,-1.0628
23.496,-1.53654,-1.53654,1.53654,1.53654,0,-2.173
23.529,-2.28159,-2.28159,2.28159,2.28159,0,-3.22666
23.562,-2.96727,-2.96727,2.96727,2.96727,0,-4.19635
23.595,-3.57573,-3.57573,3.57573,3.57573,0,-5.05684
23.628,-4.09114,-4.09114,4.09114,4.09114,0,-5.78574
23.661,-4.50009,-4.50009,4.50009,4.50009,0,-6.36409
23.694,-4.79194,-4.79194,4.79194,4.79194,0,-6.77683
23.727,-4.95909,-4.95909,4.95909,4.95909,0,-7.01321
23.76,-4.9972,-4.9972,4.9972,4.9972,0,-7.0671
23.793,-4.90527,-4.90527,4.90527,4.90527,0,-6.93709
23.826,-4.68569,-4.68569,4.68569,4.68569,0,-6.62656
23.859,-4.34418,-4.34418,4.34418,4.34418,0,-6.14359
23.892,-3.88962,-3.88962,3.88962,3.88962,0,-5.50075
23.925,-3.33385,-3.33385,3.33385,3.33385,0,-4.71477
23.958,-2.69132,-2.69132,2.69132,2.69132,0,-3.80611
23.991,-1.97876,-1.97876,1.97876,1.97876,0,-2.79839
24.024,-1.21471,-1.21471,1.21471,1.21471,0,-1.71786
24.057,-0.419049,-0.419049,0.419049,0.419049,0,-0.592624
24.09,0.387517,0.387517,-0.387517,-0.387517,0,0.548032
24.123,1.184,1.184,-1.184,-1.184,0,1.67443
24.156,1.94967,1.94967,-1.94967,-1.94967,0,2.75725
24.189,2.66461,2.66461,-2.66461,-2.66461,0,3.76833
24.222,3.31021,3.31021,-3.31021,-3.31021,0,4.68134
24.255,3.86967,3.86967,-3.86967,-3.86967,0,5.47253
24.288,4.32843,4.32843,-4.32843,-4.32843,0,6.12132
24.321,4.67455,4.67455,-4.67455,-4.67455,0,6.61082
24.354,4.89904,4.89904,-4.89904,-4.89904,0,6.92829
24.387,4.99604,4.99604,-4.99604,-4.99604,0,7.06547
24.42,4.96303,4.96303,-4.96303,-4.96303,0,7.01879
24.453,4.80087,4.80087,-4.80087,-4.80087,0,6.78946
24.486,4.51379,4.51379,-4.51379,-4.51379,0,6.38346
24.519,4.10924,4.10924,-4.10924,-4.10924,0,5.81135
24.552,3.59777,3.59777,-3.59777,-3.59777,0,5.08801
24.585,2.99267,2.99267,-2.99267,-2.99267,0,4.23227
24.618,2.30969,2.30969,-2.30969,-2.30969,0,3.2664
24.651,1.56662,1.56662,-1.56662,-1.56662,0,2.21553
24.684,0.782772,0.782772,-0.782772,-0.782772,0,1.10701
24.717,-0.0214418,-0.0214418,0.0214418,0.0214418,0,-0.0303233
24.75,-0.825098,-0.825098,0.825098,0.825098,0,-1.16686
24.783,-1.60728,-1.60728,1.60728,1.60728,0,-2.27304
24.816,-2.34764,-2.34764,2.34764,2.34764,0,-3.32007
24.849,-3.02691,-3.02691,3.02691,3.02691,0,-4.2807
24.882,-3.62741,-3.62741,3.62741,3.62741,0,-5.12994
24.915,-4.13352,-4.13352,4.13352,4.13352,0,-5.84568
24.948,-4.53207,-4.53207,4.53207,4.53207,0,-6.40931
24.981,-4.81268,-4.81268,4.81268,4.81268,0,-6.80616
25.014,-4.96805,-4.96805,4.96805,4.96805,0,-7.02589
25.047,-4.99415,-4.99415,4.99415,4.99415,0,-7.06279
25.08,-4.89028,-4.89028,4.89028,4.89028,0,-6.91591
25.113,-4.65916,-4.65916,4.65916,4.65916,0,-6.58905
25.146,-4.3068,-4.3068,4.3068,4.3068,0,-6.09074
25.179,-3.84237,-3.84237,3.84237,3.84237,0,-5.43393
25.212,-3.27795,-3.27795,3.27795,3.27795,0,-4.63571
25.245,-2.62822,-2.62822,2.62822,2.62822,0,-3.71687
25.278,-1.91011,-1.91011,1.91011,1.91011,0,-2.7013
25.311,-1.14229,-1.14229,1.14229,1.14229,0,-1.61545
25.344,-0.344749,-0.344749,0.344749,0.344749,0,-0.487549
25.377,0.461766,0.461766,-0.461766,-0.461766,0,0.653035
25.41,1.25626,1.25626,-1.25626,-1.25626,0,1.77663
25.443,2.01807,2.01807,-2.01807,-2.01807,0,2.85398
25.476,2.72736,2.72736,-2.72736,-2.72736,0,3.85708
25.509,3.36569,3.36569,-3.36569,-3.36569,0,4.7598
25.542,3.91642,3.91642,-3.91642,-3.91642,0,5.53866
25.575,4.36525,4.36525,-4.36525,-4.36525,0,6.17339
25.608,4.70048,4.70048,-4.70048,-4.70048,0,6.64748
25.641,4.91339,4.91339,-4.91339,-4.91339,0,6.94859
25.674,4.99845,4.99845,-4.99845,-4.99845,0,7.06887
25.707,4.95344,4.95344,-4.95344,-4.95344,0,7.00522
25.74,4.77952,4.77952,-4.77952,-4.77952,0,6.75926
25.773,4.48123,4.48123,-4.48123,-4.48123,0,6.33742
25.806,4.06634,4.06634,-4.06634,-4.06634,0,5.75067
25.839,3.54562,3.54562,-3.54562,-3.54562,0,5.01427
25.872,2.93264,2.93264,-2.93264,-2.93264,0,4.14738
25.905,2.24335,2.24335,-2.24335,-2.24335,0,3.17257
25.938,1.49568,1.49568,-1.49568,-1.49568,0,2.11521
25.971,0.709089,0.709089,-0.709089,-0.709089,0,1.0028
26.004,-0.0959542,-0.0959542,0.0959542,0.0959542,0,-0.1357
26.037,-0.8985,-0.8985,0.8985,0.8985,0,-1.27067
26.07,-1.67766,-1.67766,1.67766,1.67766,0,-2.37258
26.103,-2.41317,-2.41317,2.41317,2.41317,0,-3.41274
26.136,-3.08589,-3.08589,3.08589,3.08589,0,-4.3641
26.169,-3.6783,-3.6783,3.6783,3.6783,0,-5.2019
26.202,-4.17499,-4.17499,4.17499,4.17499,0,-5.90433
26.235,-4.56304,-4.56304,4.56304,4.56304,0,-6.45311
26.268,-4.83235,-4.83235,4.83235,4.83235,0,-6.83397
26.301,-4.97591,-4.97591,4.97591,4.97591,0,-7.037
26.334,-4.98999,-4.98999,4.98999,4.98999,0,-7.05691
26.367,-4.87422,-4.87422,4.87422,4.87422,0,-6.89318
26.4,-4.63161,-4.63161,4.63161,4.63161,0,-6.55008
26.433,-4.26847,-4.26847,4.26847,4.26847,0,-6.03653
26.466,-3.79426,-3.79426,3.79426,3.79426,0,-5.36589
26.499,-3.22131,-3.22131,3.22131,3.22131,0,-4.55562
26.532,-2.56454,-2.56454,2.56454,2.56454,0,-3.62681
26.565,-1.84104,-1.84104,1.84104,1.84104,0,-2.60362
26.598,-1.06962,-1.06962,1.06962,1.06962,0,-1.51267
26.631,-0.270373,-0.270373,0.270373,0.270373,0,-0.382365
26.664,0.535911,0.535911,-0.535911,-0.535911,0,0.757893
26.697,1.32825,1.32825,-1.32825,-1.32825,0,1.87843
26.73,2.08602,2.08602,-2.08602,-2.08602,0,2.95008
26.763,2.78952,2.78952,-2.78952,-2.78952,0,3.94497
26.796,3.42042,3.42042,-3.42042,-3.42042,0,4.8372
26.829,3.96231,3.96231,-3.96231,-3.96231,0,5.60356
26.862,4.4011,4.4011,-4.4011,-4.4011,0,6.22409
26.895,4.72536,4.72536,-4.72536,-4.72536,0,6.68267
26.928,4.92666,4.92666,-4.92666,-4.92666,0,6.96734
26.961,4.99975,4.99975,-4.99975,-4.99975,0,7.07071
26.994,4.94274,4.94274,-4.94274,-4.94274,0,6.99009
27.027,4.75711,4.75711,-4.75711,-4.75711,0,6.72757
27.06,4.44768,4.44768,-4.44768,-4.44768,0,6.28998
27.093,4.02252,4.02252,-4.02252,-4.02252,0,5.68871
27.126,3.49269,3.49269,-3.49269,-3.49269,0,4.93941
27.159,2.87196,2.87196,-2.87196,-2.87196,0,4.06157
27.192,2.17651,2.17651,-2.17651,-2.17651,0,3.07804
27.225,1.42441,1.42441,-1.42441,-1.42441,0,2.01442
27.258,0.635248,0.635248,-0.635248,-0.635248,0,0.898376
27.291,-0.170445,-0.170445,0.170445,0.170445,0,-0.241046
27.324,-0.971703,-0.971703,0.971703,0.971703,0,-1.37419
27.357,-1.74767,-1.74767,1.74767,1.74767,0,-2.47158
27.39,-2.47817,-2.47817,2.47817,2.47817,0,-3.50466
27.423,-3.14417,-3.14417,3.14417,3.14417,0,-4.44653
27.456,-3.72836,-3.72836,3.72836,3.72836,0,-5.2727
27.489,-4.21553,-4.21553,4.21553,4.21553,0,-5.96166
27.522,-4.593,-4.593,4.593,4.593,0,-6.49548
27.555,-4.85095,-4.85095,4.85095,4.85095,0,-6.86028
27.588,-4.98266,-4.98266,4.98266,4.98266,0,-7.04655
27.621,-4.98472,-4.98472,4.98472,4.98472,0,-7.04946
27.654,-4.85707,-4.85707,4.85707,4.85707,0,-6.86893
27.687,-4.60302,-4.60302,4.60302,4.60302,0,-6.50965
27.72,-4.22919,-4.22919,4.22919,4.22919,0,-5.98098
27.753,-3.74531,-3.74531,3.74531,3.74531,0,-5.29667
27.786,-3.16397,-3.16397,3.16397,3.16397,0,-4.47452
27.819,-2.50029,-2.50029,2.50029,2.50029,0,-3.53594
27.852,-1.77155,-1.77155,1.77155,1.77155,0,-2.50535
27.885,-0.996712,-0.996712,0.996712,0.996712,0,-1.40956
27.918,-0.195936,-0.195936,0.195936,0.195936,0,-0.277096
27.951,0.609938,0.609938,-0.609938,-0.609938,0,0.862583
27.984,1.39994,1.39994,-1.39994,-1.39994,0,1.97981
28.017,2.15351,2.15351,-2.15351,-2.15351,0,3.04553
28.05,2.85105,2.85105,-2.85105,-2.85105,0,4.03199
28.083,3.47439,3.47439,-3.47439,-3.47439,0,4.91353
28.116,4.00732,4.00732,-4.00732,-4.00732,0,5.66721
28.149,4.43597,4.43597,-4.43597,-4.43597,0,6.27341
28.182,4.74919,4.74919,-4.74919,-4.74919,0,6.71637
28.215,4.93883,4.93883,-4.93883,-4.93883,0,6.98455
28.248,4.99994,4.99994,-4.99994,-4.99994,0,7.07098
28.281,4.93095,4.93095,-4.93095,-4.93095,0,6.97341
28.314,4.73364,4.73364,-4.73364,-4.73364,0,6.69437
28.347,4.41315,4.41315,-4.41315,-4.41315,0,6.24113
28.38,3.97782,3.97782,-3.97782,-3.97782,0,5.62549
28.413,3.43898,3.43898,-3.43898,-3.43898,0,4.86345
28.446,2.81065,2.81065,-2.81065,-2.81065,0,3.97486
28.479,2.10918,2.10918,-2.10918,-2.10918,0,2.98283
28.512,1.35282,1.35282,-1.35282,-1.35282,0,1.91318
28.545,0.561265,0.561265,-0.561265,-0.561265,0,0.793749
28.578,-0.244898,-0.244898,0.244898,0.244898,0,-0.346339
28.611,-1.04469,-1.04469,1.04469,1.04469,0,-1.47741
28.644,-1.8173,-1.8173,1.8173,1.8173,0,-2.57004
28.677,-2.54261,-2.54261,2.54261,2.54261,0,-3.5958
28.71,-3.20176,-3.20176,3.20176,3.20176,0,-4.52798
28.743,-3.7776,-3.7776,3.7776,3.7776,0,-5.34233
28.776,-4.25513,-4.25513,4.25513,4.25513,0,-6.01766
28.809,-4.62194,-4.62194,4.62194,4.62194,0,-6.5364
28.842,-4.86847,-4.86847,4.86847,4.86847,0,-6.88505
28.875,-4.98831,-4.98831,4.98831,4.98831,0,-7.05454
28.908,-4.97835,-4.97835,4.97835,4.97835,0,-7.04045
28.941,-4.83884,-4.83884,4.83884,4.83884,0,-6.84315
28.974,-4.57341,-4.57341,4.57341,4.57341,0,-6.46778
29.007,-4.18897,-4.18897,4.18897,4.18897,0,-5.9241
29.04,-3.69553,-3.69553,3.69553,3.69553,0,-5.22626
29.073,-3.10592,-3.10592,3.10592,3.10592,0,-4.39243
29.106,-2.43548,-2.43548,2.43548,2.43548,0,-3.44429
29.139,-1.70167,-1.70167,1.70167,1.70167,0,-2.40653
29.172,-0.923581,-0.923581,0.923581,0.923581,0,-1.30614
29.205,-0.121456,-0.121456,0.121456,0.121456,0,-0.171765
29.238,0.683829,0.683829,-0.683829,-0.683829,0,0.96708
29.271,1.47132,1.47132,-1.47132,-1.47132,0,2.08076
29.304,2.22052,2.22052,-2.22052,-2.22052,0,3.14029
29.337,2.91194,2.91194,-2.91194,-2.91194,0,4.11811
29.37,3.52759,3.52759,-3.52759,-3.52759,0,4.98876
29.403,4.05144,4.05144,-4.05144,-4.05144,0,5.7296
29.436,4.46986,4.46986,-4.46986,-4.46986,0,6.32134
29.469,4.77197,4.77197,-4.77197,-4.77197,0,6.74858
29.502,4.9499,4.9499,-4.9499,-4.9499,0,7.00021
29.535,4.99902,4.99902,-4.99902,-4.99902,0,7.06968
29.568,4.91806,4.91806,-4.91806,-4.91806,0,6.95518
29.601,4.70911,4.70911,-4.70911,-4.70911,0,6.65969
29.634,4.37763,4.37763,-4.37763,-4.37763,0,6.1909
29.667,3.93223,3.93223,-3.93223,-3.93223,0,5.56101
29.7,3.38451,3.38451,-3.38451,-3.38451,0,4.78641
29.733,2.74871,2.74871,-2.74871,-2.74871,0,3.88726
29.766,2.04138,2.04138,-2.04138,-2.04138,0,2.88695
29.799,1.28094,1.28094,-1.28094,-1.28094,0,1.81152
29.832,0.487159,0.487159,-0.487159,-0.487159,0,0.688946
29.865,-0.319297,-0.319297,0.319297,0.319297,0,-0.451554
29.898,-1.11744,-1.11744,1.11744,1.11744,0,-1.5803
29.931,-1.88651,-1.88651,1.88651,1.88651,0,-2.66793
29.964,-2.60649,-2.60649,2.60649,2.60649,0,-3.68613
29.997,-3.25864,-3.25864,3.25864,3.25864,0,-4.60841
30.03,-3.82599,-3.82599,3.82599,3.82599,0,-5.41077
30.063,-4.29379,-4.29379,4.29379,4.29379,0,-6.07233
30.096,-4.64985,-4.64985,4.64985,4.64985,0,-6.57588
30.129,-4.88491,-4.88491,4.88491,4.88491,0,-6.9083
30.162,-4.99285,-4.99285,4.99285,4.99285,0,-7.06096
30.195,-4.97087,-4.97087,4.97087,4.97087,0,-7.02987
30.228,-4.81953,-4.81953,4.81953,4.81953,0,-6.81585
30.261,-4.54278,-4.54278,4.54278,4.54278,0,-6.42447
30.294,-4.14782,-4.14782,4.14782,4.14782,0,-5.8659
30.327,-3.64492,-3.64492,3.64492,3.64492,0,-5.1547
30.36,-3.04718,-3.04718,3.04718,3.04718,0,-4.30936
30.393,-2.37013,-2.37013,2.37013,2.37013,0,-3.35188
30.426,-1.63142,-1.63142,1.63142,1.63142,0,-2.30717
30.459,-0.850245,-0.850245,0.850245,0.850245,0,-1.20243
30.492,-0.0469493,-0.0469493,0.0469493,0.0469493,0,-0.0663964
30.525,0.757568,0.757568,-0.757568,-0.757568,0,1.07136
30.558,1.54237,1.54237,-1.54237,-1.54237,0,2.18124
30.591,2.28704,2.28704,-2.28704,-2.28704,0,3.23436
30.624,2.9722,2.9722,-2.9722,-2.9722,0,4.20332
30.657,3.58001,3.58001,-3.58001,-3.58001,0,5.06289
30.69,4.09466,4.09466,-4.09466,-4.09466,0,5.79072
30.723,4.50276,4.50276,-4.50276,-4.50276,0,6.36786
30.756,4.79368,4.79368,-4.79368,-4.79368,0,6.77929
30.789,4.95987,4.95987,-4.95987,-4.95987,0,7.01432
30.822,4.99699,4.99699,-4.99699,-4.99699,0,7.06681
30.855,4.90407,4.90407,-4.90407,-4.90407,0,6.93541
30.888,4.68355,4.68355,-4.68355,-4.68355,0,6.62353
30.921,4.34114,4.34114,-4.34114,-4.34114,0,6.1393
30.954,3.88577,3.88577,-3.88577,-3.88577,0,5.49531
30.987,3.32928,3.32928,-3.32928,-3.32928,0,4.70831
31.02,2.68616,2.68616,-2.68616,-2.68616,0,3.7988
31.053,1.97313,1.97313,-1.97313,-1.97313,0,2.79043
31.086,1.20877,1.20877,-1.20877,-1.20877,0,1.70945
31.119,0.412944,0.412944,-0.412944,-0.412944,0,0.583991
31.152,-0.393625,-0.393625,0.393625,0.393625,0,-0.55667
31.185,-1.18995,-1.18995,1.18995,1.18995,0,-1.68284
31.218,-1.95531,-1.95531,1.95531,1.95531,0,-2.76523
31.251,-2.66979,-2.66979,2.66979,2.66979,0,-3.77565
31.284,-3.3148,-3.3148,3.3148,3.3148,0,-4.68783
31.317,-3.87354,-3.87354,3.87354,3.87354,0,-5.47802
31.35,-4.33149,-4.33149,4.33149,4.33149,0,-6.12565
31.383,-4.67672,-4.67672,4.67672,4.67672,0,-6.61389
31.416,-4.90026,-4.90026,4.90026,4.90026,0,-6.93001
31.449,-4.99628,-4.99628,4.99628,4.99628,0,-7.0658
31.482,-4.96228,-4.96228,4.96228,4.96228,0,-7.01773
31.515,-4.79916,-4.79916,4.79916,4.79916,0,-6.78704
31.548,-4.51115,-4.51115,4.51115,4.51115,0,-6.37973
31.581,-4.10575,-4.10575,4.10575,4.10575,0,-5.80641
31.614,-3.59351,-3.59351,3.59351,3.59351,0,-5.08199
31.647,-2.98776,-2.98776,2.98776,2.98776,0,-4.22533
31.68,-2.30426,-2.30426,2.30426,2.30426,0,-3.25871
31.713,-1.5608,-1.5608,1.5608,1.5608,0,-2.2073
31.746,-0.776721,-0.776721,0.776721,0.776721,0,-1.09845
31.779,0.027568,0.027568,-0.027568,-0.027568,0,0.038987
31.812,0.831139,0.831139,-0.831139,-0.831139,0,1.17541
31.845,1.61308,1.61308,-1.61308,-1.61308,0,2.28124
31.878,2.35305,2.35305,-2.35305,-2.35305,0,3.32772
31.911,3.03179,3.03179,-3.03179,-3.03179,0,4.28759
31.944,3.63163,3.63163,-3.63163,-3.63163,0,5.1359
31.977,4.13697,4.13697,-4.13697,-4.13697,0,5.85055
32.01,4.53465,4.53465,-4.53465,-4.53465,0,6.41297
32.043,4.81434,4.81434,-4.81434,-4.81434,0,6.8085
32.076,4.96874,4.96874,-4.96874,-4.96874,0,7.02686
32.109,4.99385,4.99385,-4.99385,-4.99385,0,7.06237
32.142,4.889,4.889,-4.889,-4.889,0,6.9141
32.175,4.65694,4.65694,-4.65694,-4.65694,0,6.5859
32.208,4.30369,4.30369,-4.30369,-4.30369,0,6.08633
32.241,3.83844,3.83844,-3.83844,-3.83844,0,5.42838
32.274,3.27332,3.27332,-3.27332,-3.27332,0,4.62917
32.307,2.62301,2.62301,-2.62301,-2.62301,0,3.7095
32.34,1.90445,1.90445,-1.90445,-1.90445,0,2.6933
32.373,1.13633,1.13633,-1.13633,-1.13633,0,1.60701
32.406,0.338637,0.338637,-0.338637,-0.338637,0,0.478905
32.439,-0.467865,-0.467865,0.467865,0.467865,0,-0.661662
32.472,-1.26219,-1.26219,1.26219,1.26219,0,-1.78501
32.505,-2.02368,-2.02368,2.02368,2.02368,0,-2.86191
32.538,-2.7325,-2.7325,2.7325,2.7325,0,-3.86433
32.571,-3.37021,-3.37021,3.37021,3.37021,0,-4.7662
32.604,-3.92023,-3.92023,3.92023,3.92023,0,-5.54404
32.637,-4.36823,-4.36823,4.36823,4.36823,0,-6.17761
32.67,-4.70256,-4.70256,4.70256,4.70256,0,-6.65043
32.703,-4.91452,-4.91452,4.91452,4.91452,0,-6.95019
32.736,-4.9986,-4.9986,4.9986,4.9986,0,-7.06909
32.769,-4.9526,-4.9526,4.9526,4.9526,0,-7.00403
32.802,-4.77772,-4.77772,4.77772,4.77772,0,-6.75671
32.835,-4.47851,-4.47851,4.47851,4.47851,0,-6.33357
32.868,-4.06277,-4.06277,4.06277,4.06277,0,-5.74562
32.901,-3.5413,-3.5413,3.5413,3.5413,0,-5.00815
32.934,-2.92768,-2.92768,2.92768,2.92768,0,-4.14036
32.967,-2.23787,-2.23787,2.23787,2.23787,0,-3.16483
33,-1.48983,-1.48983,1.48983,1.48983,0,-2.10694
33.033,-0.703024,-0.703024,0.703024,0.703024,0,-0.994226
33.066,0.102079,0.102079,-0.102079,-0.102079,0,0.144362
33.099,0.904526,0.904526,-0.904526,-0.904526,0,1.27919
33.132,1.68343,1.68343,-1.68343,-1.68343,0,2.38074
33.165,2.41854,2.41854,-2.41854,-2.41854,0,3.42033
33.198,3.0907,3.0907,-3.0907,-3.0907,0,4.37091
33.231,3.68244,3.68244,-3.68244,-3.68244,0,5.20776
33.264,4.17836,4.17836,-4.17836,-4.17836,0,5.90909
33.297,4.56554,4.56554,-4.56554,-4.56554,0,6.45665
33.33,4.83392,4.83392,-4.83392,-4.83392,0,6.83619
33.363,4.97651,4.97651,-4.97651,-4.97651,0,7.03785
33.396,4.9896,4.9896,-4.9896,-4.9896,0,7.05636
33.429,4.87285,4.87285,-4.87285,-4.87285,0,6.89125
33.462,4.62929,4.62929,-4.62929,-4.62929,0,6.54681
33.495,4.26528,4.26528,-4.26528,-4.26528,0,6.03201
33.528,3.79027,3.79027,-3.79027,-3.79027,0,5.36025
33.561,3.21663,3.21663,-3.21663,-3.21663,0,4.549
33.594,2.55928,2.55928,-2.55928,-2.55928,0,3.61937
33.627,1.83534,1.83534,-1.83534,-1.83534,0,2.59556
33.66,1.06364,1.06364,-1.06364,-1.06364,0,1.50421
33.693,0.264255,0.264255,-0.264255,-0.264255,0,0.373713
33.726,-0.542002,-0.542002,0.542002,0.542002,0,-0.766506
33.759,-1.33415,-1.33415,1.33415,1.33415,0,-1.88678
33.792,-2.09159,-2.09159,2.09159,2.09159,0,-2.95795
33.825,-2.7946,-2.7946,2.7946,2.7946,0,-3.95216
33.858,-3.42488,-3.42488,3.42488,3.42488,0,-4.84352
33.891,-3.96605,-3.96605,3.96605,3.96605,0,-5.60884
33.924,-4.404,-4.404,4.404,4.404,0,-6.2282
33.957,-4.72736,-4.72736,4.72736,4.72736,0,-6.68549
33.99,-4.9277,-4.9277,4.9277,4.9277,0,-6.96882
34.023,-4.99981,-4.99981,4.99981,4.99981,0,-7.0708
34.056,-4.94181,-4.94181,4.94181,4.94181,0,-6.98878
34.089,-4.75522,-4.75522,4.75522,4.75522,0,-6.72489
34.122,-4.44488,-4.44488,4.44488,4.44488,0,-6.28601
34.155,-4.01888,-4.01888,4.01888,4.01888,0,-5.68356
34.188,-3.4883,-3.4883,3.4883,3.4883,0,-4.9332
34.221,-2.86695,-2.86695,2.86695,2.86695,0,-4.05448
34.254,-2.17099,-2.17099,2.17099,2.17099,0,-3.07024
34.287,-1.41854,-1.41854,1.41854,1.41854,0,-2.00611
34.32,-0.62917,-0.62917,0.62917,0.62917,0,-0.889781
34.353,0.176568,0.176568,-0.176568,-0.176568,0,0.249704
34.386,0.977711,0.977711,-0.977711,-0.977711,0,1.38269
34.419,1.75341,1.75341,-1.75341,-1.75341,0,2.4797
34.452,2.48349,2.48349,-2.48349,-2.48349,0,3.51218
34.485,3.14893,3.14893,-3.14893,-3.14893,0,4.45327
34.518,3.73244,3.73244,-3.73244,-3.73244,0,5.27847
34.551,4.21882,4.21882,-4.21882,-4.21882,0,5.96631
34.584,4.59542,4.59542,-4.59542,-4.59542,0,6.4989
34.617,4.85243,4.85243,-4.85243,-4.85243,0,6.86237
34.65,4.98317,4.98317,-4.98317,-4.98317,0,7.04727
34.683,4.98424,4.98424,-4.98424,-4.98424,0,7.04878
34.716,4.85561,4.85561,-4.85561,-4.85561,0,6.86687
34.749,4.60062,4.60062,-4.60062,-4.60062,0,6.50626
34.782,4.22592,4.22592,-4.22592,-4.22592,0,5.97635
34.815,3.74125,3.74125,-3.74125,-3.74125,0,5.29092
34.848,3.15922,3.15922,-3.15922,-3.15922,0,4.46781
34.881,2.49498,2.49498,-2.49498,-2.49498,0,3.52844
34.914,1.76582,1.76582,-1.76582,-1.76582,0,2.49725
34.947,0.990708,0.990708,-0.990708,-0.990708,0,1.40107
34.98,0.189814,0.189814,-0.189814,-0.189814,0,0.268438
35.013,-0.616018,-0.616018,0.616018,0.616018,0,-0.871181
35.046,-1.40582,-1.40582,1.40582,1.40582,0,-1.98813
35.079,-2.15904,-2.15904,2.15904,2.15904,0,-3.05334
35.112,-2.85608,-2.85608,2.85608,2.85608,0,-4.0391
35.145,-3.47879,-3.47879,3.47879,3.47879,0,-4.91976
35.178,-4.01098,-4.01098,4.01098,4.01098,0,-5.67238
35.211,-4.4388,-4.4388,4.4388,4.4388,0,-6.27741
35.244,-4.7511,-4.7511,4.7511,4.7511,0,-6.71908
35.277,-4.93978,-4.93978,4.93978,4.93978,0,-6.9859
35.31,-4.99991,-4.99991,4.99991,4.99991,0,-7.07094
35.343,-4.92993,-4.92993,4.92993,4.92993,0,-6.97197
35.376,-4.73166,-4.73166,4.73166,4.73166,0,-6.69158
35.409,-4.41026,-4.41026,4.41026,4.41026,0,-6.23706
35.442,-3.9741,-3.9741,3.9741,3.9741,0,-5.62023
35.475,-3.43453,-3.43453,3.43453,3.43453,0,-4.85716
35.508,-2.80558,-2.80558,2.80558,2.80558,0,-3.96769
35.541,-2.10362,-2.10362,2.10362,2.10362,0,-2.97497
35.574,-1.34693,-1.34693,1.34693,1.34693,0,-1.90484
35.607,-0.555178,-0.555178,0.555178,0.555178,0,-0.78514
35.64,0.251017,0.251017,-0.251017,-0.251017,0,0.354992
35.673,1.05068,1.05068,-1.05068,-1.05068,0,1.48589
35.706,1.823,1.823,-1.823,-1.823,0,2.57811
35.739,2.54788,2.54788,-2.54788,-2.54788,0,3.60325
35.772,3.20647,3.20647,-3.20647,-3.20647,0,4.53463
35.805,3.78161,3.78161,-3.78161,-3.78161,0,5.348
35.838,4.25834,4.25834,-4.25834,-4.25834,0,6.02221
35.871,4.62427,4.62427,-4.62427,-4.62427,0,6.5397
35.904,4.86986,4.86986,-4.86986,-4.86986,0,6.88702
35.937,4.98873,4.98873,-4.98873,-4.98873,0,7.05512
35.97,4.97777,4.97777,-4.97777,-4.97777,0,7.03964
36.003,4.83729,4.83729,-4.83729,-4.83729,0,6.84096
36.036,4.57093,4.57093,-4.57093,-4.57093,0,6.46427
36.069,4.18562,4.18562,-4.18562,-4.18562,0,5.91936
36.102,3.6914,3.6914,-3.6914,-3.6914,0,5.22042
36.135,3.10111,3.10111,-3.10111,-3.10111,0,4.38563
36.168,2.43013,2.43013,-2.43013,-2.43013,0,3.43672
36.201,1.69591,1.69591,-1.69591,-1.69591,0,2.39838
36.234,0.91756,0.91756,-0.91756,-0.91756,0,1.29763
36.267,0.115332,0.115332,-0.115332,-0.115332,0,0.163104
36.3,-0.689897,-0.689897,0.689897,0.689897,0,-0.975662
36.333,-1.47717,-1.47717,1.47717,1.47717,0,-2.08904
36.366,-2.22601,-2.22601,2.22601,2.22601,0,-3.14805
36.399,-2.91692,-2.91692,2.91692,2.91692,0,-4.12515
36.432,-3.53193,-3.53193,3.53193,3.53193,0,-4.9949
36.465,-4.05503,-4.05503,4.05503,4.05503,0,-5.73467
36.498,-4.4726,-4.4726,4.4726,4.4726,0,-6.32522
36.531,-4.77379,-4.77379,4.77379,4.77379,0,-6.75116
36.564,-4.95076,-4.95076,4.95076,4.95076,0,-7.00143
36.597,-4.99889,-4.99889,4.99889,4.99889,0,-7.0695
36.63,-4.91695,-4.91695,4.91695,4.91695,0,-6.95361
36.663,-4.70705,-4.70705,4.70705,4.70705,0,-6.65678
36.696,-4.37467,-4.37467,4.37467,4.37467,0,-6.18671
36.729,-3.92844,-3.92844,3.92844,3.92844,0,-5.55566
36.762,-3.37999,-3.37999,3.37999,3.37999,0,-4.78003
36.795,-2.74359,-2.74359,2.74359,2.74359,0,-3.88002
36.828,-2.03579,-2.03579,2.03579,2.03579,0,-2.87904
36.861,-1.27501,-1.27501,1.27501,1.27501,0,-1.80314
36.894,-0.481061,-0.481061,0.481061,0.481061,0,-0.680323
36.927,0.325411,0.325411,-0.325411,-0.325411,0,0.4602
36.96,1.12341,1.12341,-1.12341,-1.12341,0,1.58875
36.993,1.89218,1.89218,-1.89218,-1.89218,0,2.67595
37.026,2.61172,2.61172,-2.61172,-2.61172,0,3.69352
37.059,3.26328,3.26328,-3.26328,-3.26328,0,4.61498
37.092,3.82994,3.82994,-3.82994,-3.82994,0,5.41635
37.125,4.29692,4.29692,-4.29692,-4.29692,0,6.07677
37.158,4.65209,4.65209,-4.65209,-4.65209,0,6.57906
37.191,4.88621,4.88621,-4.88621,-4.88621,0,6.91014
37.224,4.99317,4.99317,-4.99317,-4.99317,0,7.06141
37.257,4.9702,4.9702,-4.9702,-4.9702,0,7.02893
37.29,4.8179,4.8179,-4.8179,-4.8179,0,6.81354
37.323,4.54022,4.54022,-4.54022,-4.54022,0,6.42084
37.356,4.1444,4.1444,-4.1444,-4.1444,0,5.86106
37.389,3.64073,3.64073,-3.64073,-3.64073,0,5.14876
37.422,3.04232,3.04232,-3.04232,-3.04232,0,4.30248
37.455,2.36474,2.36474,-2.36474,-2.36474,0,3.34424
37.488,1.62562,1.62562,-1.62562,-1.62562,0,2.29898
37.521,0.844208,0.844208,-0.844208,-0.844208,0,1.19389
37.554,0.0408233,0.0408233,-0.0408233,-0.0408233,0,0.0577329
37.587,-0.763623,-0.763623,0.763623,0.763623,0,-1.07993
37.62,-1.5482,-1.5482,1.5482,1.5482,0,-2.18948
37.653,-2.29249,-2.29249,2.29249,2.29249,0,-3.24207
37.686,-2.97712,-2.97712,2.97712,2.97712,0,-4.21028
37.719,-3.58428,-3.58428,3.58428,3.58428,0,-5.06894
37.752,-4.09817,-4.09817,4.09817,4.09817,0,-5.79569
37.785,-4.50542,-4.50542,4.50542,4.50542,0,-6.37162
37.818,-4.79542,-4.79542,4.79542,4.79542,0,-6.78175
37.851,-4.96064,-4.96064,4.96064,4.96064,0,-7.01541
37.884,-4.99677,-4.99677,4.99677,4.99677,0,-7.0665
37.917,-4.90288,-4.90288,4.90288,4.90288,0,-6.93371
37.95,-4.6814,-4.6814,4.6814,4.6814,0,-6.6205
37.983,-4.3381,-4.3381,4.3381,4.3381,0,-6.135
38.016,-3.88191,-3.88191,3.88191,3.88191,0,-5.48985
38.049,-3.32471,-3.32471,3.32471,3.32471,0,-4.70185
38.082,-2.68099,-2.68099,2.68099,2.68099,0,-3.79149
38.115,-1.9675,-1.9675,1.9675,1.9675,0,-2.78247
38.148,-1.20282,-1.20282,1.20282,1.20282,0,-1.70105
38.181,-0.406838,-0.406838,0.406838,0.406838,0,-0.575356
38.214,0.399732,0.399732,-0.399732,-0.399732,0,0.565306
38.247,1.1959,1.1959,-1.1959,-1.1959,0,1.69126
38.28,1.96095,1.96095,-1.96095,-1.96095,0,2.7732
38.313,2.67497,2.67497,-2.67497,-2.67497,0,3.78298
38.346,3.31938,3.31938,-3.31938,-3.31938,0,4.69431
38.379,3.87741,3.87741,-3.87741,-3.87741,0,5.48349
38.412,4.33455,4.33455,-4.33455,-4.33455,0,6.12998
38.445,4.67889,4.67889,-4.67889,-4.67889,0,6.61695
38.478,4.90147,4.90147,-4.90147,-4.90147,0,6.93173
38.511,4.99651,4.99651,-4.99651,-4.99651,0,7.06613
38.544,4.96153,4.96153,-4.96153,-4.96153,0,7.01666
38.577,4.79744,4.79744,-4.79744,-4.79744,0,6.7846
38.61,4.5085,4.5085,-4.5085,-4.5085,0,6.37599
38.643,4.10225,4.10225,-4.10225,-4.10225,0,5.80146
38.676,3.58925,3.58925,-3.58925,-3.58925,0,5.07596
38.709,2.98284,2.98284,-2.98284,-2.98284,0,4.21838
38.742,2.29882,2.29882,-2.29882,-2.29882,0,3.25102
38.775,1.55498,1.55498,-1.55498,-1.55498,0,2.19907
38.808,0.770668,0.770668,-0.770668,-0.770668,0,1.08989
38.841,-0.0336941,-0.0336941,0.0336941,0.0336941,0,-0.0476507
38.874,-0.83718,-0.83718,0.83718,0.83718,0,-1.18395
38.907,-1.61888,-1.61888,1.61888,1.61888,0,-2.28944
38.94,-2.35845,-2.35845,2.35845,2.35845,0,-3.33536
38.973,-3.03666,-3.03666,3.03666,3.03666,0,-4.29448
39.006,-3.63584,-3.63584,3.63584,3.63584,0,-5.14185
39.039,-4.1404,-4.1404,4.1404,4.1404,0,-5.85542
39.072,-4.53723,-4.53723,4.53723,4.53723,0,-6.41661
39.105,-4.81599,-4.81599,4.81599,4.81599,0,-6.81083
39.138,-4.96942,-4.96942,4.96942,4.96942,0,-7.02782
39.171,-4.99354,-4.99354,4.99354,4.99354,0,-7.06193
39.204,-4.88772,-4.88772,4.88772,4.88772,0,-6.91227
39.237,-4.6547,-4.6547,4.6547,4.6547,0,-6.58274
39.27,-4.30056,-4.30056,4.30056,4.30056,0,-6.08192
39.303,-3.83451,-3.83451,3.83451,3.83451,0,-5.42282
39.336,-3.26868,-3.26868,3.26868,3.26868,0,-4.62262
39.369,-2.61779,-2.61779,2.61779,2.61779,0,-3.70212
39.402,-1.89878,-1.89878,1.89878,1.89878,0,-2.68528
39.435,-1.13036,-1.13036,1.13036,1.13036,0,-1.59857
39.468,-0.332525,-0.332525,0.332525,0.332525,0,-0.470261
39.501,0.473964,0.473964,-0.473964,-0.473964,0,0.670287
39.534,1.26812,1.26812,-1.26812,-1.26812,0,1.79339
39.567,2.02928,2.02928,-2.02928,-2.02928,0,2.86983
39.6,2.73763,2.73763,-2.73763,-2.73763,0,3.87159
39.633,3.37474,3.37474,-3.37474,-3.37474,0,4.7726
39.666,3.92403,3.92403,-3.92403,-3.92403,0,5.54942
39.699,4.37121,4.37121,-4.37121,-4.37121,0,6.18182
39.732,4.70464,4.70464,-4.70464,-4.70464,0,6.65337
39.765,4.91565,4.91565,-4.91565,-4.91565,0,6.95178
39.798,4.99874,4.99874,-4.99874,-4.99874,0,7.06929
39.831,4.95175,4.95175,-4.95175,-4.95175,0,7.00283
39.864,4.77591,4.77591,-4.77591,-4.77591,0,6.75415
39.897,4.47579,4.47579,-4.47579,-4.47579,0,6.32972
39.93,4.05919,4.05919,-4.05919,-4.05919,0,5.74057
39.963,3.53697,3.53697,-3.53697,-3.53697,0,5.00203
39.996,2.92271,2.92271,-2.92271,-2.92271,0,4.13334
40.029,2.23239,2.23239,-2.23239,-2.23239,0,3.15708
40.062,1.48398,1.48398,-1.48398,-1.48398,0,2.09867
40.095,0.696958,0.696958,-0.696958,-0.696958,0,0.985647
40.128,-0.108204,-0.108204,0.108204,0.108204,0,-0.153024
40.161,-0.91055,-0.91055,0.91055,0.91055,0,-1.28771
40.194,-1.6892,-1.6892,1.6892,1.6892,0,-2.38889
40.227,-2.4239,-2.4239,2.4239,2.4239,0,-3.42791
40.26,-3.09552,-3.09552,3.09552,3.09552,0,-4.37772
40.293,-3.68658,-3.68658,3.68658,3.68658,0,-5.21362
40.326,-4.18172,-4.18172,4.18172,4.18172,0,-5.91384
40.359,-4.56804,-4.56804,4.56804,4.56804,0,-6.46018
40.392,-4.83548,-4.83548,4.83548,4.83548,0,-6.8384
40.425,-4.9771,-4.9771,4.9771,4.9771,0,-7.03868
40.458,-4.9892,-4.9892,4.9892,4.9892,0,-7.05579
40.491,-4.87147,-4.87147,4.87147,4.87147,0,-6.8893
40.524,-4.62698,-4.62698,4.62698,4.62698,0,-6.54353
40.557,-4.26208,-4.26208,4.26208,4.26208,0,-6.02749
40.59,-3.78627,-3.78627,3.78627,3.78627,0,-5.35459
40.623,-3.21193,-3.21193,3.21193,3.21193,0,-4.54236
40.656,-2.55402,-2.55402,2.55402,2.55402,0,-3.61192
40.689,-1.82964,-1.82964,1.82964,1.82964,0,-2.5875
40.722,-1.05765,-1.05765,1.05765,1.05765,0,-1.49574
40.755,-0.258137,-0.258137,0.258137,0.258137,0,-0.365061
40.788,0.548092,0.548092,-0.548092,-0.548092,0,0.775119
40.821,1.34006,1.34006,-1.34006,-1.34006,0,1.89513
40.854,2.09715,2.09715,-2.09715,-2.09715,0,2.96582
40.887,2.79968,2.79968,-2.79968,-2.79968,0,3.95934
40.92,3.42934,3.42934,-3.42934,-3.42934,0,4.84982
40.953,3.96977,3.96977,-3.96977,-3.96977,0,5.61411
40.986,4.4069,4.4069,-4.4069,-4.4069,0,6.2323
41.019,4.72935,4.72935,-4.72935,-4.72935,0,6.68831
41.052,4.92873,4.92873,-4.92873,-4.92873,0,6.97028
41.085,4.99986,4.99986,-4.99986,-4.99986,0,7.07087
41.118,4.94088,4.94088,-4.94088,-4.94088,0,6.98745
41.151,4.75332,4.75332,-4.75332,-4.75332,0,6.72221
41.184,4.44207,4.44207,-4.44207,-4.44207,0,6.28204
41.217,4.01523,4.01523,-4.01523,-4.01523,0,5.6784
41.25,3.48391,3.48391,-3.48391,-3.48391,0,4.92699
41.283,2.86193,2.86193,-2.86193,-2.86193,0,4.04737
41.316,2.16547,2.16547,-2.16547,-2.16547,0,3.06243
41.349,1.41266,1.41266,-1.41266,-1.41266,0,1.9978
41.382,0.623092,0.623092,-0.623092,-0.623092,0,0.881186
41.415,-0.18269,-0.18269,0.18269,0.18269,0,-0.258363
41.448,-0.983719,-0.983719,0.983719,0.983719,0,-1.39119
41.481,-1.75915,-1.75915,1.75915,1.75915,0,-2.48781
41.514,-2.4888,-2.4888,2.4888,2.4888,0,-3.5197
41.547,-3.15369,-3.15369,3.15369,3.15369,0,-4.45999
41.58,-3.73651,-3.73651,3.73651,3.73651,0,-5.28423
41.613,-4.2221,-4.2221,4.2221,4.2221,0,-5.97096
41.646,-4.59783,-4.59783,4.59783,4.59783,0,-6.50231
41.679,-4.8539,-4.8539,4.8539,4.8539,0,-6.86445
41.712,-4.98367,-4.98367,4.98367,4.98367,0,-7.04797
41.745,-4.98375,-4.98375,4.98375,4.98375,0,-7.04809
41.778,-4.85414,-4.85414,4.85414,4.85414,0,-6.86479
41.811,-4.59822,-4.59822,4.59822,4.59822,0,-6.50286
41.844,-4.22264,-4.22264,4.22264,4.22264,0,-5.97172
41.877,-3.73718,-3.73718,3.73718,3.73718,0,-5.28517
41.91,-3.15447,-3.15447,3.15447,3.15447,0,-4.46109
41.943,-2.48967,-2.48967,2.48967,2.48967,0,-3.52093
41.976,-1.76009,-1.76009,1.76009,1.76009,0,-2.48914
42.009,-0.984702,-0.984702,0.984702,0.984702,0,-1.39258
42.042,-0.183693,-0.183693,0.183693,0.183693,0,-0.25978
42.075,0.622097,0.622097,-0.622097,-0.622097,0,0.879778
42.108,1.4117,1.4117,-1.4117,-1.4117,0,1.99644
42.141,2.16456,2.16456,-2.16456,-2.16456,0,3.06116
42.174,2.8611,2.8611,-2.8611,-2.8611,0,4.04621
42.207,3.48319,3.48319,-3.48319,-3.48319,0,4.92597
42.24,4.01464,4.01464,-4.01464,-4.01464,0,5.67755
42.273,4.44161,4.44161,-4.44161,-4.44161,0,6.28139
42.306,4.75301,4.75301,-4.75301,-4.75301,0,6.72177
42.339,4.94072,4.94072,-4.94072,-4.94072,0,6.98723
42.372,4.99986,4.99986,-4.99986,-4.99986,0,7.07088
42.405,4.9289,4.9289,-4.9289,-4.9289,0,6.97052
42.438,4.72968,4.72968,-4.72968,-4.72968,0,6.68877
42.471,4.40737,4.40737,-4.40737,-4.40737,0,6.23297
42.504,3.97038,3.97038,-3.97038,-3.97038,0,5.61497
42.537,3.43007,3.43007,-3.43007,-3.43007,0,4.85086
42.57,2.80051,2.80051,-2.80051,-2.80051,0,3.96051
42.603,2.09806,2.09806,-2.09806,-2.09806,0,2.96711
42.636,1.34102,1.34102,-1.34102,-1.34102,0,1.89649
42.669,0.549089,0.549089,-0.549089,-0.549089,0,0.776529
42.702,-0.257135,-0.257135,0.257135,0.257135,0,-0.363644
42.735,-1.05667,-1.05667,1.05667,1.05667,0,-1.49435
42.768,-1.8287,-1.8287,1.8287,1.8287,0,-2.58618
42.801,-2.55315,-2.55315,2.55315,2.55315,0,-3.6107
42.834,-3.21116,-3.21116,3.21116,3.21116,0,-4.54127
42.867,-3.78561,-3.78561,3.78561,3.78561,0,-5.35366
42.9,-4.26155,-4.26155,4.26155,4.26155,0,-6.02674
42.933,-4.62659,-4.62659,4.62659,4.62659,0,-6.54299
42.966,-4.87124,-4.87124,4.87124,4.87124,0,-6.88898
42.999,-4.98913,-4.98913,4.98913,4.98913,0,-7.0557
43.032,-4.97719,-4.97719,4.97719,4.97719,0,-7.03881
43.065,-4.83574,-4.83574,4.83574,4.83574,0,-6.83876
43.098,-4.56844,-4.56844,4.56844,4.56844,0,-6.46075
43.131,-4.18227,-4.18227,4.18227,4.18227,0,-5.91462
43.164,-3.68726,-3.68726,3.68726,3.68726,0,-5.21458
43.197,-3.0963,-3.0963,3.0963,3.0963,0,-4.37884
43.23,-2.42477,-2.42477,2.42477,2.42477,0,-3.42915
43.263,-1.69015,-1.69015,1.69015,1.69015,0,-2.39023
43.296,-0.911537,-0.911537,0.911537,0.911537,0,-1.28911
43.329,-0.109207,-0.109207,0.109207,0.109207,0,-0.154442
43.362,0.695964,0.695964,-0.695964,-0.695964,0,0.984242
43.395,1.48303,1.48303,-1.48303,-1.48303,0,2.09731
43.428,2.23149,2.23149,-2.23149,-2.23149,0,3.15581
43.461,2.9219,2.9219,-2.9219,-2.9219,0,4.13218
43.494,3.53626,3.53626,-3.53626,-3.53626,0,5.00103
43.527,4.05861,4.05861,-4.05861,-4.05861,0,5.73974
43.56,4.47534,4.47534,-4.47534,-4.47534,0,6.32908
43.593,4.77561,4.77561,-4.77561,-4.77561,0,6.75373
43.626,4.95161,4.95161,-4.95161,-4.95161,0,7.00264
43.659,4.99876,4.99876,-4.99876,-4.99876,0,7.06932
43.692,4.91583,4.91583,-4.91583,-4.91583,0,6.95204
43.725,4.70498,4.70498,-4.70498,-4.70498,0,6.65385
43.758,4.3717,4.3717,-4.3717,-4.3717,0,6.18251
43.791,3.92465,3.92465,-3.92465,-3.92465,0,5.55029
43.824,3.37548,3.37548,-3.37548,-3.37548,0,4.77364
43.857,2.73847,2.73847,-2.73847,-2.73847,0,3.87277
43.89,2.03019,2.03019,-2.03019,-2.03019,0,2.87113
43.923,1.26909,1.26909,-1.26909,-1.26909,0,1.79476
43.956,0.474963,0.474963,-0.474963,-0.474963,0,0.671699
43.989,-0.331524,-0.331524,0.331524,0.331524,0,-0.468845
44.022,-1.12938,-1.12938,1.12938,1.12938,0,-1.59719
44.055,-1.89785,-1.89785,1.89785,1.89785,0,-2.68397
44.088,-2.61694,-2.61694,2.61694,2.61694,0,-3.70091
44.121,-3.26792,-3.26792,3.26792,3.26792,0,-4.62154
44.154,-3.83387,-3.83387,3.83387,3.83387,0,-5.42191
44.187,-4.30005,-4.30005,4.30005,4.30005,0,-6.08119
44.22,-4.65434,-4.65434,4.65434,4.65434,0,-6.58223
44.253,-4.8875,-4.8875,4.8875,4.8875,0,-6.91198
44.286,-4.99349,-4.99349,4.99349,4.99349,0,-7.06186
44.319,-4.96953,-4.96953,4.96953,4.96953,0,-7.02798
44.352,-4.81626,-4.81626,4.81626,4.81626,0,-6.81122
44.385,-4.53765,-4.53765,4.53765,4.53765,0,-6.41721
44.418,-4.14097,-4.14097,4.14097,4.14097,0,-5.85621
44.451,-3.63652,-3.63652,3.63652,3.63652,0,-5.14282
44.484,-3.03745,-3.03745,3.03745,3.03745,0,-4.29561
44.517,-2.35934,-2.35934,2.35934,2.35934,0,-3.33661
44.55,-1.61983,-1.61983,1.61983,1.61983,0,-2.29078
44.583,-0.838169,-0.838169,0.838169,0.838169,0,-1.18535
44.616,-0.0346972,-0.0346972,0.0346972,0.0346972,0,-0.0490693
44.649,0.769677,0.769677,-0.769677,-0.769677,0,1.08849
44.682,1.55402,1.55402,-1.55402,-1.55402,0,2.19772
44.715,2.29793,2.29793,-2.29793,-2.29793,0,3.24976
44.748,2.98204,2.98204,-2.98204,-2.98204,0,4.21724
44.781,3.58855,3.58855,-3.58855,-3.58855,0,5.07497
44.814,4.10168,4.10168,-4.10168,-4.10168,0,5.80065
44.847,4.50807,4.50807,-4.50807,-4.50807,0,6.37537
44.88,4.79715,4.79715,-4.79715,-4.79715,0,6.7842
44.913,4.9614,4.9614,-4.9614,-4.9614,0,7.01649
44.946,4.99655,4.99655,-4.99655,-4.99655,0,7.06619
44.979,4.90167,4.90167,-4.90167,-4.90167,0,6.93201
45.012,4.67924,4.67924,-4.67924,-4.67924,0,6.61745
45.045,4.33505,4.33505,-4.33505,-4.33505,0,6.13068
45.078,3.87805,3.87805,-3.87805,-3.87805,0,5.48439
45.111,3.32013,3.32013,-3.32013,-3.32013,0,4.69537
45.144,2.67582,2.67582,-2.67582,-2.67582,0,3.78417
45.177,1.96187,1.96187,-1.96187,-1.96187,0,2.7745
45.21,1.19687,1.19687,-1.19687,-1.19687,0,1.69264
45.243,0.400732,0.400732,-0.400732,-0.400732,0,0.56672
45.276,-0.405838,-0.405838,0.405838,0.405838,0,-0.573942
45.309,-1.20185,-1.20185,1.20185,1.20185,0,-1.69967
45.342,-1.96658,-1.96658,1.96658,1.96658,0,-2.78117
45.375,-2.68014,-2.68014,2.68014,2.68014,0,-3.79029
45.408,-3.32396,-3.32396,3.32396,3.32396,0,-4.70079
45.441,-3.88128,-3.88128,3.88128,3.88128,0,-5.48896
45.474,-4.3376,-4.3376,4.3376,4.3376,0,-6.13429
45.507,-4.68104,-4.68104,4.68104,4.68104,0,-6.62
45.54,-4.90268,-4.90268,4.90268,4.90268,0,-6.93344
45.573,-4.99674,-4.99674,4.99674,4.99674,0,-7.06645
45.606,-4.96077,-4.96077,4.96077,4.96077,0,-7.01558
45.639,-4.79571,-4.79571,4.79571,4.79571,0,-6.78215
45.672,-4.50585,-4.50585,4.50585,4.50585,0,-6.37224
45.705,-4.09875,-4.09875,4.09875,4.09875,0,-5.7965
45.738,-3.58498,-3.58498,3.58498,3.58498,0,-5.06993
45.771,-2.97793,-2.97793,2.97793,2.97793,0,-4.21142
45.804,-2.29338,-2.29338,2.29338,2.29338,0,-3.24333
45.837,-1.54915,-1.54915,1.54915,1.54915,0,-2.19083
45.87,-0.764615,-0.764615,0.764615,0.764615,0,-1.08133
45.903,0.0398202,0.0398202,-0.0398202,-0.0398202,0,0.0563143
45.936,0.843219,0.843219,-0.843219,-0.843219,0,1.19249
45.969,1.62468,1.62468,-1.62468,-1.62468,0,2.29764
46.002,2.36385,2.36385,-2.36385,-2.36385,0,3.34299
46.035,3.04152,3.04152,-3.04152,-3.04152,0,4.30136
46.068,3.64004,3.64004,-3.64004,-3.64004,0,5.14779
46.101,4.14384,4.14384,-4.14384,-4.14384,0,5.86027
46.134,4.5398,4.5398,-4.5398,-4.5398,0,6.42025
46.167,4.81763,4.81763,-4.81763,-4.81763,0,6.81316
46.2,4.97009,4.97009,-4.97009,-4.97009,0,7.02877
46.233,4.99323,4.99323,-4.99323,-4.99323,0,7.06149
46.266,4.88642,4.88642,-4.88642,-4.88642,0,6.91044
46.299,4.65246,4.65246,-4.65246,-4.65246,0,6.57958
46.332,4.29744,4.29744,-4.29744,-4.29744,0,6.07749
46.365,3.83058,3.83058,-3.83058,-3.83058,0,5.41726
46.398,3.26404,3.26404,-3.26404,-3.26404,0,4.61606
46.431,2.61257,2.61257,-2.61257,-2.61257,0,3.69473
46.464,1.89311,1.89311,-1.89311,-1.89311,0,2.67727
46.497,1.12439,1.12439,-1.12439,-1.12439,0,1.59013
46.53,0.326412,0.326412,-0.326412,-0.326412,0,0.461616
46.563,-0.480063,-0.480063,0.480063,0.480063,0,-0.678911
46.596,-1.27404,-1.27404,1.27404,1.27404,0,-1.80177
46.629,-2.03487,-2.03487,2.03487,2.03487,0,-2.87775
46.662,-2.74275,-2.74275,2.74275,2.74275,0,-3.87883
46.695,-3.37925,-3.37925,3.37925,3.37925,0,-4.77899
46.728,-3.92782,-3.92782,3.92782,3.92782,0,-5.55478
46.761,-4.37418,-4.37418,4.37418,4.37418,0,-6.18603
46.794,-4.70671,-4.70671,4.70671,4.70671,0,-6.6563
46.827,-4.91677,-4.91677,4.91677,4.91677,0,-6.95336
46.86,-4.99887,-4.99887,4.99887,4.99887,0,-7.06947
46.893,-4.9509,-4.9509,4.9509,4.9509,0,-7.00163
46.926,-4.77409,-4.77409,4.77409,4.77409,0,-6.75159
46.959,-4.47305,-4.47305,4.47305,4.47305,0,-6.32585
46.992,-4.05561,-4.05561,4.05561,4.05561,0,-5.7355
47.025,-3.53264,-3.53264,3.53264,3.53264,0,-4.99591
47.058,-2.91774,-2.91774,2.91774,2.91774,0,-4.1263
47.091,-2.22691,-2.22691,2.22691,2.22691,0,-3.14932
47.124,-1.47813,-1.47813,1.47813,1.47813,0,-2.09039
47.157,-0.690891,-0.690891,0.690891,0.690891,0,-0.977067
47.19,0.114329,0.114329,-0.114329,-0.114329,0,0.161685
47.223,0.916573,0.916573,-0.916573,-0.916573,0,1.29623
47.256,1.69497,1.69497,-1.69497,-1.69497,0,2.39704
47.289,2.42925,2.42925,-2.42925,-2.42925,0,3.43548
47.322,3.10033,3.10033,-3.10033,-3.10033,0,4.38452
47.355,3.69072,3.69072,-3.69072,-3.69072,0,5.21947
47.388,4.18507,4.18507,-4.18507,-4.18507,0,5.91859
47.421,4.57052,4.57052,-4.57052,-4.57052,0,6.4637
47.454,4.83704,4.83704,-4.83704,-4.83704,0,6.8406
47.487,4.97768,4.97768,-4.97768,-4.97768,0,7.0395
47.52,4.98879,4.98879,-4.98879,-4.98879,0,7.05522
47.553,4.87009,4.87009,-4.87009,-4.87009,0,6.88734
47.586,4.62465,4.62465,-4.62465,-4.62465,0,6.54024
47.619,4.25887,4.25887,-4.25887,-4.25887,0,6.02295
47.652,3.78226,3.78226,-3.78226,-3.78226,0,5.34893
47.685,3.20724,3.20724,-3.20724,-3.20724,0,4.53572
47.718,2.54875,2.54875,-2.54875,-2.54875,0,3.60447
47.751,1.82394,1.82394,-1.82394,-1.82394,0,2.57943
47.784,1.05166,1.05166,-1.05166,-1.05166,0,1.48727
47.817,0.252019,0.252019,-0.252019,-0.252019,0,0.356409
47.85,-0.554181,-0.554181,0.554181,0.554181,0,-0.78373
47.883,-1.34596,-1.34596,1.34596,1.34596,0,-1.90347
47.916,-2.10271,-2.10271,2.10271,2.10271,0,-2.97368
47.949,-2.80475,-2.80475,2.80475,2.80475,0,-3.96651
47.982,-3.4338,-3.4338,3.4338,3.4338,0,-4.85613
48.015,-3.9735,-3.9735,3.9735,3.9735,0,-5.61937
48.048,-4.40979,-4.40979,4.40979,4.40979,0,-6.23639
48.081,-4.73134,-4.73134,4.73134,4.73134,0,-6.69112
48.114,-4.92976,-4.92976,4.92976,4.92976,0,-6.97173
48.147,-4.9999,-4.9999,4.9999,4.9999,0,-7.07093
48.18,-4.93993,-4.93993,4.93993,4.93993,0,-6.98612
48.213,-4.75142,-4.75142,4.75142,4.75142,0,-6.71952
48.246,-4.43926,-4.43926,4.43926,4.43926,0,-6.27806
48.279,-4.01158,-4.01158,4.01158,4.01158,0,-5.67323
48.312,-3.47951,-3.47951,3.47951,3.47951,0,-4.92077
48.345,-2.8569,-2.8569,2.8569,2.8569,0,-4.04027
48.378,-2.15994,-2.15994,2.15994,2.15994,0,-3.05462
48.411,-1.40678,-1.40678,1.40678,1.40678,0,-1.98949
48.444,-0.617014,-0.617014,0.617014,0.617014,0,-0.872589
48.477,0.188812,0.188812,-0.188812,-0.188812,0,0.267021
48.51,0.989724,0.989724,-0.989724,-0.989724,0,1.39968
48.543,1.76488,1.76488,-1.76488,-1.76488,0,2.49592
48.576,2.49411,2.49411,-2.49411,-2.49411,0,3.52721
48.609,3.15844,3.15844,-3.15844,-3.15844,0,4.46671
48.642,3.74058,3.74058,-3.74058,-3.74058,0,5.28998
48.675,4.22538,4.22538,-4.22538,-4.22538,0,5.97559
48.708,4.60023,4.60023,-4.60023,-4.60023,0,6.50571
48.741,4.85537,4.85537,-4.85537,-4.85537,0,6.86653
48.774,4.98416,4.98416,-4.98416,-4.98416,0,7.04867
48.807,4.98325,4.98325,-4.98325,-4.98325,0,7.04738
48.84,4.85267,4.85267,-4.85267,-4.85267,0,6.86271
48.873,4.59581,4.59581,-4.59581,-4.59581,0,6.49946
48.906,4.21936,4.21936,-4.21936,-4.21936,0,5.96707
48.939,3.73311,3.73311,-3.73311,-3.73311,0,5.27941
48.972,3.14971,3.14971,-3.14971,-3.14971,0,4.45437
49.005,2.48436,2.48436,-2.48436,-2.48436,0,3.51341
49.038,1.75435,1.75435,-1.75435,-1.75435,0,2.48103
49.071,0.978695,0.978695,-0.978695,-0.978695,0,1.38408
49.104,0.17757,0.17757,-0.17757,-0.17757,0,0.251122
49.137,-0.628175,-0.628175,0.628175,0.628175,0,-0.888374
49.17,-1.41757,-1.41757,1.41757,1.41757,0,-2.00475
49.203,-2.17008,-2.17008,2.17008,2.17008,0,-3.06896
49.236,-2.86613,-2.86613,2.86613,2.86613,0,-4.05331
49.269,-3.48758,-3.48758,3.48758,3.48758,0,-4.93219
49.302,-4.01829,-4.01829,4.01829,4.01829,0,-5.68271
49.335,-4.44442,-4.44442,4.44442,4.44442,0,-6.28536
49.368,-4.75491,-4.75491,4.75491,4.75491,0,-6.72445
49.401,-4.94166,-4.94166,4.94166,4.94166,0,-6.98856
49.434,-4.99982,-4.99982,4.99982,4.99982,0,-7.07081
49.467,-4.92787,-4.92787,4.92787,4.92787,0,-6.96906
49.5,-4.72769,-4.72769,4.72769,4.72769,0,-6.68596
49.533,-4.40448,-4.40448,4.40448,4.40448,0,-6.22887
49.566,-3.96666,-3.96666,3.96666,3.96666,0,-5.6097
49.599,-3.42561,-3.42561,3.42561,3.42561,0,-4.84455
49.632,-2.79543,-2.79543,2.79543,2.79543,0,-3.95333
49.665,-2.0925,-2.0925,2.0925,2.0925,0,-2.95924
49.698,-1.33512,-1.33512,1.33512,1.33512,0,-1.88815
49.731,-0.542999,-0.542999,0.542999,0.542999,0,-0.767917
49.764,0.263253,0.263253,-0.263253,-0.263253,0,0.372296
49.797,1.06266,1.06266,-1.06266,-1.06266,0,1.50282
49.83,1.8344,1.8344,-1.8344,-1.8344,0,2.59424
49.863,2.55842,2.55842,-2.55842,-2.55842,0,3.61815
49.896,3.21586,3.21586,-3.21586,-3.21586,0,4.54791
49.929,3.78961,3.78961,-3.78961,-3.78961,0,5.35932
49.962,4.26475,4.26475,-4.26475,-4.26475,0,6.03127
49.995,4.62891,4.62891,-4.62891,-4.62891,0,6.54627
50.028,4.87262,4.87262,-4.87262,-4.87262,0,6.89093
50.061,4.98953,4.98953,-4.98953,-4.98953,0,7.05627
50.094,4.97661,4.97661,-4.97661,-4.97661,0,7.03798
50.127,4.83418,4.83418,-4.83418,-4.83418,0,6.83656
50.16,4.56595,4.56595,-4.56595,-4.56595,0,6.45723
50.193,4.17891,4.17891,-4.17891,-4.17891,0,5.90987
50.226,3.68312,3.68312,-3.68312,-3.68312,0,5.20872
50.259,3.09149,3.09149,-3.09149,-3.09149,0,4.37203
50.292,2.41941,2.41941,-2.41941,-2.41941,0,3.42157
50.325,1.68438,1.68438,-1.68438,-1.68438,0,2.38207
50.358,0.905512,0.905512,-0.905512,-0.905512,0,1.28059
50.391,0.103082,0.103082,-0.103082,-0.103082,0,0.14578
50.424,-0.702031,-0.702031,0.702031,0.702031,0,-0.992821
50.457,-1.48887,-1.48887,1.48887,1.48887,0,-2.10559
50.49,-2.23698,-2.23698,2.23698,2.23698,0,-3.16356
50.523,-2.92686,-2.92686,2.92686,2.92686,0,-4.13921
50.556,-3.54059,-3.54059,3.54059,3.54059,0,-5.00715
50.589,-4.06218,-4.06218,4.06218,4.06218,0,-5.74479
50.622,-4.47807,-4.47807,4.47807,4.47807,0,-6.33294
50.655,-4.77742,-4.77742,4.77742,4.77742,0,-6.7563
50.688,-4.95246,-4.95246,4.95246,4.95246,0,-7.00384
50.721,-4.99862,-4.99862,4.99862,4.99862,0,-7.06912
50.754,-4.91471,-4.91471,4.91471,4.91471,0,-6.95045
50.787,-4.7029,-4.7029,4.7029,4.7029,0,-6.65091
50.82,-4.36872,-4.36872,4.36872,4.36872,0,-6.1783
50.853,-3.92085,-3.92085,3.92085,3.92085,0,-5.54492
50.886,-3.37095,-3.37095,3.37095,3.37095,0,-4.76725
50.919,-2.73334,-2.73334,2.73334,2.73334,0,-3.86552
50.952,-2.02459,-2.02459,2.02459,2.02459,0,-2.86321
50.985,-1.26316,-1.26316,1.26316,1.26316,0,-1.78638
51.018,-0.468864,-0.468864,0.468864,0.468864,0,-0.663074
51.051,0.337636,0.337636,-0.337636,-0.337636,0,0.47749
51.084,1.13535,1.13535,-1.13535,-1.13535,0,1.60563
51.117,1.90352,1.90352,-1.90352,-1.90352,0,2.69198
51.15,2.62216,2.62216,-2.62216,-2.62216,0,3.70829
51.183,3.27256,3.27256,-3.27256,-3.27256,0,4.6281
51.216,3.8378,3.8378,-3.8378,-3.8378,0,5.42747
51.249,4.30318,4.30318,-4.30318,-4.30318,0,6.08561
51.282,4.65657,4.65657,-4.65657,-4.65657,0,6.58539
51.315,4.88879,4.88879,-4.88879,-4.88879,0,6.9138
51.348,4.9938,4.9938,-4.9938,-4.9938,0,7.0623
51.381,4.96885,4.96885,-4.96885,-4.96885,0,7.02702
51.414,4.81461,4.81461,-4.81461,-4.81461,0,6.80888
51.447,4.53508,4.53508,-4.53508,-4.53508,0,6.41356
51.48,4.13753,4.13753,-4.13753,-4.13753,0,5.85135
51.513,3.63232,3.63232,-3.63232,-3.63232,0,5.13687
51.546,3.03258,3.03258,-3.03258,-3.03258,0,4.28872
51.579,2.35394,2.35394,-2.35394,-2.35394,0,3.32897
51.612,1.61403,1.61403,-1.61403,-1.61403,0,2.28259
51.645,0.832129,0.832129,-0.832129,-0.832129,0,1.17681
51.678,0.0285711,0.0285711,-0.0285711,-0.0285711,0,0.0404057
51.711,-0.77573,-0.77573,0.77573,0.77573,0,-1.09705
51.744,-1.55984,-1.55984,1.55984,1.55984,0,-2.20595
51.777,-2.30337,-2.30337,2.30337,2.30337,0,-3.25746
51.81,-2.98695,-2.98695,2.98695,2.98695,0,-4.22419
51.843,-3.59281,-3.59281,3.59281,3.59281,0,-5.081
51.876,-4.10518,-4.10518,4.10518,4.10518,0,-5.8056
51.909,-4.51072,-4.51072,4.51072,4.51072,0,-6.37912
51.942,-4.79888,-4.79888,4.79888,4.79888,0,-6.78664
51.975,-4.96216,-4.96216,4.96216,4.96216,0,-7.01755
52.008,-4.99632,-4.99632,4.99632,4.99632,0,-7.06586
52.041,-4.90046,-4.90046,4.90046,4.90046,0,-6.93029
52.074,-4.67708,-4.67708,4.67708,4.67708,0,-6.61439
52.107,-4.33199,-4.33199,4.33199,4.33199,0,-6.12636
52.14,-3.87418,-3.87418,3.87418,3.87418,0,-5.47891
52.173,-3.31555,-3.31555,3.31555,3.31555,0,-4.68889
52.206,-2.67064,-2.67064,2.67064,2.67064,0,-3.77685
52.239,-1.95623,-1.95623,1.95623,1.95623,0,-2.76653
52.272,-1.19092,-1.19092,1.19092,1.19092,0,-1.68422
52.305,-0.394625,-0.394625,0.394625,0.394625,0,-0.558084
52.338,0.411944,0.411944,-0.411944,-0.411944,0,0.582577
52.371,1.20779,1.20779,-1.20779,-1.20779,0,1.70808
52.404,1.97221,1.97221,-1.97221,-1.97221,0,2.78913
52.437,2.68531,2.68531,-2.68531,-2.68531,0,3.7976
52.47,3.32853,3.32853,-3.32853,-3.32853,0,4.70726
52.503,3.88514,3.88514,-3.88514,-3.88514,0,5.49441
52.536,4.34064,4.34064,-4.34064,-4.34064,0,6.1386
52.569,4.68319,4.68319,-4.68319,-4.68319,0,6.62304
52.602,4.90388,4.90388,-4.90388,-4.90388,0,6.93513
52.635,4.99695,4.99695,-4.99695,-4.99695,0,7.06676
52.668,4.96,4.96,-4.96,-4.96,0,7.01449
52.701,4.79397,4.79397,-4.79397,-4.79397,0,6.7797
52.734,4.50319,4.50319,-4.50319,-4.50319,0,6.36848
52.767,4.09523,4.09523,-4.09523,-4.09523,0,5.79153
52.8,3.58071,3.58071,-3.58071,-3.58071,0,5.06388
52.833,2.973,2.973,-2.973,-2.973,0,4.20446
52.866,2.28793,2.28793,-2.28793,-2.28793,0,3.23563
52.899,1.54333,1.54333,-1.54333,-1.54333,0,2.18259
52.932,0.75856,0.75856,-0.75856,-0.75856,0,1.07277
52.965,-0.0459462,-0.0459462,0.0459462,0.0459462,0,-0.0649778
52.998,-0.849257,-0.849257,0.849257,0.849257,0,-1.20103
53.031,-1.63047,-1.63047,1.63047,1.63047,0,-2.30583
53.064,-2.36925,-2.36925,2.36925,2.36925,0,-3.35063
53.097,-3.04638,-3.04638,3.04638,3.04638,0,-4.30823
53.13,-3.64424,-3.64424,3.64424,3.64424,0,-5.15373
53.163,-4.14726,-4.14726,4.14726,4.14726,0,-5.86511
53.196,-4.54236,-4.54236,4.54236,4.54236,0,-6.42387
53.229,-4.81927,-4.81927,4.81927,4.81927,0,-6.81547
53.262,-4.97076,-4.97076,4.97076,4.97076,0,-7.02972
53.295,-4.9929,-4.9929,4.9929,4.9929,0,-7.06103
53.328,-4.88512,-4.88512,4.88512,4.88512,0,-6.9086
53.361,-4.65021,-4.65021,4.65021,4.65021,0,-6.5764
53.394,-4.2943,-4.2943,4.2943,4.2943,0,-6.07306
53.427,-3.82664,-3.82664,3.82664,3.82664,0,-5.41169
53.46,-3.2594,-3.2594,3.2594,3.2594,0,-4.60949
53.493,-2.60735,-2.60735,2.60735,2.60735,0,-3.68734
53.526,-1.88744,-1.88744,1.88744,1.88744,0,-2.66925
53.559,-1.11842,-1.11842,1.11842,1.11842,0,-1.58169
53.592,-0.320298,-0.320298,0.320298,0.320298,0,-0.45297
53.625,0.48616,0.48616,-0.48616,-0.48616,0,0.687535
53.658,1.27997,1.27997,-1.27997,-1.27997,0,1.81015
53.691,2.04047,2.04047,-2.04047,-2.04047,0,2.88566
53.724,2.74787,2.74787,-2.74787,-2.74787,0,3.88608
53.757,3.38377,3.38377,-3.38377,-3.38377,0,4.78537
53.79,3.93161,3.93161,-3.93161,-3.93161,0,5.56014
53.823,4.37715,4.37715,-4.37715,-4.37715,0,6.19022
53.856,4.70878,4.70878,-4.70878,-4.70878,0,6.65922
53.889,4.91787,4.91787,-4.91787,-4.91787,0,6.95493
53.922,4.999,4.999,-4.999,-4.999,0,7.06965
53.955,4.95004,4.95004,-4.95004,-4.95004,0,7.00041
53.988,4.77227,4.77227,-4.77227,-4.77227,0,6.74901
54.021,4.47031,4.47031,-4.47031,-4.47031,0,6.32197
54.054,4.05203,4.05203,-4.05203,-4.05203,0,5.73043
54.087,3.5283,3.5283,-3.5283,-3.5283,0,4.98977
54.12,2.91276,2.91276,-2.91276,-2.91276,0,4.11926
54.153,2.22142,2.22142,-2.22142,-2.22142,0,3.14157
54.186,1.47228,1.47228,-1.47228,-1.47228,0,2.08212
54.219,0.684823,0.684823,-0.684823,-0.684823,0,0.968486
54.252,-0.120453,-0.120453,0.120453,0.120453,0,-0.170347
54.285,-0.922595,-0.922595,0.922595,0.922595,0,-1.30475
54.318,-1.70073,-1.70073,1.70073,1.70073,0,-2.40519
54.351,-2.43461,-2.43461,2.43461,2.43461,0,-3.44305
54.384,-3.10513,-3.10513,3.10513,3.10513,0,-4.39132
54.417,-3.69485,-3.69485,3.69485,3.69485,0,-5.22531
54.45,-4.18842,-4.18842,4.18842,4.18842,0,-5.92332
54.483,-4.573,-4.573,4.573,4.573,0,-6.4672
54.516,-4.83858,-4.83858,4.83858,4.83858,0,-6.84279
54.549,-4.97825,-4.97825,4.97825,4.97825,0,-7.04031
54.582,-4.98838,-4.98838,4.98838,4.98838,0,-7.05463
54.615,-4.8687,-4.8687,4.8687,4.8687,0,-6.88538
54.648,-4.62232,-4.62232,4.62232,4.62232,0,-6.53694
54.681,-4.25566,-4.25566,4.25566,4.25566,0,-6.01841
54.714,-3.77825,-3.77825,3.77825,3.77825,0,-5.34326
54.747,-3.20253,-3.20253,3.20253,3.20253,0,-4.52907
54.78,-2.54347,-2.54347,2.54347,2.54347,0,-3.59702
54.813,-1.81823,-1.81823,1.81823,1.81823,0,-2.57137
54.846,-1.04567,-1.04567,1.04567,1.04567,0,-1.4788
54.879,-0.2459,-0.2459,0.2459,0.2459,0,-0.347756
54.912,0.560269,0.560269,-0.560269,-0.560269,0,0.79234
54.945,1.35186,1.35186,-1.35186,-1.35186,0,1.91182
54.978,2.10827,2.10827,-2.10827,-2.10827,0,2.98154
55.011,2.80982,2.80982,-2.80982,-2.80982,0,3.97368
55.044,3.43825,3.43825,-3.43825,-3.43825,0,4.86242
55.077,3.97721,3.97721,-3.97721,-3.97721,0,5.62463
55.11,4.41268,4.41268,-4.41268,-4.41268,0,6.24047
55.143,4.73331,4.73331,-4.73331,-4.73331,0,6.69392
55.176,4.93078,4.93078,-4.93078,-4.93078,0,6.97317
55.209,4.99993,4.99993,-4.99993,-4.99993,0,7.07098
55.242,4.93898,4.93898,-4.93898,-4.93898,0,6.98477
55.275,4.74951,4.74951,-4.74951,-4.74951,0,6.71681
55.308,4.43644,4.43644,-4.43644,-4.43644,0,6.27407
55.341,4.00792,4.00792,-4.00792,-4.00792,0,5.66806
55.374,3.47511,3.47511,-3.47511,-3.47511,0,4.91455
55.407,2.85187,2.85187,-2.85187,-2.85187,0,4.03315
55.44,2.15442,2.15442,-2.15442,-2.15442,0,3.04681
55.473,1.4009,1.4009,-1.4009,-1.4009,0,1.98118
55.506,0.610934,0.610934,-0.610934,-0.610934,0,0.863991
55.539,-0.194934,-0.194934,0.194934,0.194934,0,-0.275678
55.572,-0.995729,-0.995729,0.995729,0.995729,0,-1.40817
55.605,-1.77061,-1.77061,1.77061,1.77061,0,-2.50402
55.638,-2.49942,-2.49942,2.49942,2.49942,0,-3.53471
55.671,-3.16319,-3.16319,3.16319,3.16319,0,-4.47342
55.704,-3.74464,-3.74464,3.74464,3.74464,0,-5.29573
55.737,-4.22865,-4.22865,4.22865,4.22865,0,-5.98022
55.77,-4.60263,-4.60263,4.60263,4.60263,0,-6.5091
55.803,-4.85683,-4.85683,4.85683,4.85683,0,-6.86859
55.836,-4.98464,-4.98464,4.98464,4.98464,0,-7.04935
55.869,-4.98275,-4.98275,4.98275,4.98275,0,-7.04667
55.902,-4.85119,-4.85119,4.85119,4.85119,0,-6.86062
55.935,-4.59339,-4.59339,4.59339,4.59339,0,-6.49604
55.968,-4.21607,-4.21607,4.21607,4.21607,0,-5.96242
56.001,-3.72903,-3.72903,3.72903,3.72903,0,-5.27364
56.034,-3.14495,-3.14495,3.14495,3.14495,0,-4.44764
56.067,-2.47904,-2.47904,2.47904,2.47904,0,-3.50589
56.1,-1.74861,-1.74861,1.74861,1.74861,0,-2.47291
56.133,-0.972687,-0.972687,0.972687,0.972687,0,-1.37559
56.166,-0.171448,-0.171448,0.171448,0.171448,0,-0.242464
56.199,0.634253,0.634253,-0.634253,-0.634253,0,0.896969
56.232,1.42345,1.42345,-1.42345,-1.42345,0,2.01306
56.265,2.1756,2.1756,-2.1756,-2.1756,0,3.07677
56.298,2.87114,2.87114,-2.87114,-2.87114,0,4.06041
56.331,3.49197,3.49197,-3.49197,-3.49197,0,4.93839
56.364,4.02193,4.02193,-4.02193,-4.02193,0,5.68786
56.397,4.44723,4.44723,-4.44723,-4.44723,0,6.28933
56.43,4.7568,4.7568,-4.7568,-4.7568,0,6.72713
56.463,4.94259,4.94259,-4.94259,-4.94259,0,6.98987
56.496,4.99976,4.99976,-4.99976,-4.99976,0,7.07073
56.529,4.92683,4.92683,-4.92683,-4.92683,0,6.96759
56.562,4.72569,4.72569,-4.72569,-4.72569,0,6.68313
56.595,4.40158,4.40158,-4.40158,-4.40158,0,6.22477
56.628,3.96292,3.96292,-3.96292,-3.96292,0,5.60442
56.661,3.42115,3.42115,-3.42115,-3.42115,0,4.83824
56.694,2.79035,2.79035,-2.79035,-2.79035,0,3.94615
56.727,2.08694,2.08694,-2.08694,-2.08694,0,2.95137
56.76,1.32922,1.32922,-1.32922,-1.32922,0,1.8798
56.793,0.536909,0.536909,-0.536909,-0.536909,0,0.759304
56.826,-0.269371,-0.269371,0.269371,0.269371,0,-0.380948
56.859,-1.06864,-1.06864,1.06864,1.06864,0,-1.51129
56.892,-1.8401,-1.8401,1.8401,1.8401,0,-2.6023
56.925,-2.56368,-2.56368,2.56368,2.56368,0,-3.62559
56.958,-3.22055,-3.22055,3.22055,3.22055,0,-4.55454
56.991,-3.79361,-3.79361,3.79361,3.79361,0,-5.36497
57.024,-4.26795,-4.26795,4.26795,4.26795,0,-6.03579
57.057,-4.63123,-4.63123,4.63123,4.63123,0,-6.54954
57.09,-4.87399,-4.87399,4.87399,4.87399,0,-6.89287
57.123,-4.98993,-4.98993,4.98993,4.98993,0,-7.05682
57.156,-4.97601,-4.97601,4.97601,4.97601,0,-7.03714
57.189,-4.83261,-4.83261,4.83261,4.83261,0,-6.83434
57.222,-4.56345,-4.56345,4.56345,4.56345,0,-6.45369
57.255,-4.17554,-4.17554,4.17554,4.17554,0,-5.90511
57.288,-3.67898,-3.67898,3.67898,3.67898,0,-5.20286
57.321,-3.08667,-3.08667,3.08667,3.08667,0,-4.36522
57.354,-2.41405,-2.41405,2.41405,2.41405,0,-3.41398
57.387,-1.67861,-1.67861,1.67861,1.67861,0,-2.37391
57.42,-0.899487,-0.899487,0.899487,0.899487,0,-1.27207
57.453,-0.0969571,-0.0969571,0.0969571,0.0969571,0,-0.137118
57.486,0.708096,0.708096,-0.708096,-0.708096,0,1.0014
57.519,1.49472,1.49472,-1.49472,-1.49472,0,2.11386
57.552,2.24245,2.24245,-2.24245,-2.24245,0,3.17131
57.585,2.93183,2.93183,-2.93183,-2.93183,0,4.14623
57.618,3.54491,3.54491,-3.54491,-3.54491,0,5.01326
57.651,4.06575,4.06575,-4.06575,-4.06575,0,5.74984
57.684,4.48079,4.48079,-4.48079,-4.48079,0,6.33679
57.717,4.77923,4.77923,-4.77923,-4.77923,0,6.75885
57.75,4.9533,4.9533,-4.9533,-4.9533,0,7.00502
57.783,4.99847,4.99847,-4.99847,-4.99847,0,7.06891
57.816,4.91358,4.91358,-4.91358,-4.91358,0,6.94885
57.849,4.70082,4.70082,-4.70082,-4.70082,0,6.64796
57.882,4.36574,4.36574,-4.36574,-4.36574,0,6.17408
57.915,3.91705,3.91705,-3.91705,-3.91705,0,5.53954
57.948,3.36643,3.36643,-3.36643,-3.36643,0,4.76085
57.981,2.72821,2.72821,-2.72821,-2.72821,0,3.85827
58.014,2.01899,2.01899,-2.01899,-2.01899,0,2.85528
58.047,1.25724,1.25724,-1.25724,-1.25724,0,1.778
58.08,0.462765,0.462765,-0.462765,-0.462765,0,0.654448
58.113,-0.343748,-0.343748,0.343748,0.343748,0,-0.486133
58.146,-1.14132,-1.14132,1.14132,1.14132,0,-1.61406
58.179,-1.90918,-1.90918,1.90918,1.90918,0,-2.69999
58.212,-2.62737,-2.62737,2.62737,2.62737,0,-3.71566
58.245,-3.27719,-3.27719,3.27719,3.27719,0,-4.63464
58.278,-3.84172,-3.84172,3.84172,3.84172,0,-5.43302
58.311,-4.30629,-4.30629,4.30629,4.30629,0,-6.09002
58.344,-4.6588,-4.6588,4.6588,4.6588,0,-6.58854
58.377,-4.89007,-4.89007,4.89007,4.89007,0,-6.91561
58.41,-4.9941,-4.9941,4.9941,4.9941,0,-7.06272
58.443,-4.96817,-4.96817,4.96817,4.96817,0,-7.02605
58.476,-4.81295,-4.81295,4.81295,4.81295,0,-6.80654
58.509,-4.53249,-4.53249,4.53249,4.53249,0,-6.40991
58.542,-4.13409,-4.13409,4.13409,4.13409,0,-5.84648
58.575,-3.6281,-3.6281,3.6281,3.6281,0,-5.13091
58.608,-3.02771,-3.02771,3.02771,3.02771,0,-4.28183
58.641,-2.34853,-2.34853,2.34853,2.34853,0,-3.32132
58.674,-1.60823,-1.60823,1.60823,1.60823,0,-2.27438
58.707,-0.826087,-0.826087,0.826087,0.826087,0,-1.16826
58.74,-0.0224449,-0.0224449,0.0224449,0.0224449,0,-0.031742
58.773,0.781781,0.781781,-0.781781,-0.781781,0,1.10561
58.806,1.56566,1.56566,-1.56566,-1.56566,0,2.21418
58.839,2.3088,2.3088,-2.3088,-2.3088,0,3.26514
58.872,2.99186,2.99186,-2.99186,-2.99186,0,4.23114
58.905,3.59707,3.59707,-3.59707,-3.59707,0,5.08703
58.938,4.10867,4.10867,-4.10867,-4.10867,0,5.81054
58.971,4.51336,4.51336,-4.51336,-4.51336,0,6.38285
59.004,4.80059,4.80059,-4.80059,-4.80059,0,6.78906
59.037,4.96291,4.96291,-4.96291,-4.96291,0,7.01861
59.07,4.99608,4.99608,-4.99608,-4.99608,0,7.06552
59.103,4.89924,4.89924,-4.89924,-4.89924,0,6.92857
59.136,4.67491,4.67491,-4.67491,-4.67491,0,6.61132
59.169,4.32893,4.32893,-4.32893,-4.32893,0,6.12203
59.202,3.8703,3.8703,-3.8703,-3.8703,0,5.47343
59.235,3.31096,3.31096,-3.31096,-3.31096,0,4.6824
59.268,2.66546,2.66546,-2.66546,-2.66546,0,3.76953
59.301,1.9506,1.9506,-1.9506,-1.9506,0,2.75856
59.334,1.18497,1.18497,-1.18497,-1.18497,0,1.67581
59.367,0.388518,0.388518,-0.388518,-0.388518,0,0.549447
59.4,-0.418049,-0.418049,0.418049,0.418049,0,-0.591211
59.433,-1.21374,-1.21374,1.21374,1.21374,0,-1.71648
59.466,-1.97784,-1.97784,1.97784,1.97784,0,-2.79709
59.499,-2.69048,-2.69048,2.69048,2.69048,0,-3.80491
59.532,-3.3331,-3.3331,3.3331,3.3331,0,-4.71372
59.565,-3.88899,-3.88899,3.88899,3.88899,0,-5.49986
59.598,-4.34368,-4.34368,4.34368,4.34368,0,-6.14289
59.631,-4.68534,-4.68534,4.68534,4.68534,0,-6.62607
59.664,-4.90507,-4.90507,4.90507,4.90507,0,-6.93682
59.697,-4.99716,-4.99716,4.99716,4.99716,0,-7.06706
59.73,-4.95922,-4.95922,4.95922,4.95922,0,-7.0134
59.763,-4.79223,-4.79223,4.79223,4.79223,0,-6.77723
59.796,-4.50053,-4.50053,4.50053,4.50053,0,-6.36471
59.829,-4.09172,-4.09172,4.09172,4.09172,0,-5.78656
59.862,-3.57643,-3.57643,3.57643,3.57643,0,-5.05783
59.895,-2.96807,-2.96807,2.96807,2.96807,0,-4.19749
59.928,-2.28248,-2.28248,2.28248,2.28248,0,-3.22792
59.961,-1.5375,-1.5375,1.5375,1.5375,0,-2.17435
59.994,-0.752504,-0.752504,0.752504,0.752504,0,-1.0642
60.027,0.0520722,0.0520722,-0.0520722,-0.0520722,0,0.0736412
60.06,0.855293,0.855293,-0.855293,-0.855293,0,1.20957
60.093,1.63626,1.63626,-1.63626,-1.63626,0,2.31402
60.126,2.37464,2.37464,-2.37464,-2.37464,0,3.35825
60.159,3.05124,3.05124,-3.05124,-3.05124,0,4.3151
60.192,3.64843,3.64843,-3.64843,-3.64843,0,5.15966
60.225,4.15068,4.15068,-4.15068,-4.15068,0,5.86995
60.258,4.54492,4.54492,-4.54492,-4.54492,0,6.42749
60.291,4.82089,4.82089,-4.82089,-4.82089,0,6.81777
60.324,4.97142,4.97142,-4.97142,-4.97142,0,7.03065
60.357,4.99257,4.99257,-4.99257,-4.99257,0,7.06056
60.39,4.88381,4.88381,-4.88381,-4.88381,0,6.90675
60.423,4.64796,4.64796,-4.64796,-4.64796,0,6.57321
60.456,4.29116,4.29116,-4.29116,-4.29116,0,6.06862
60.489,3.82269,3.82269,-3.82269,-3.82269,0,5.40611
60.522,3.25475,3.25475,-3.25475,-3.25475,0,4.60292
60.555,2.60212,2.60212,-2.60212,-2.60212,0,3.67995
60.588,1.88177,1.88177,-1.88177,-1.88177,0,2.66122
60.621,1.11245,1.11245,-1.11245,-1.11245,0,1.57324
60.654,0.314184,0.314184,-0.314184,-0.314184,0,0.444324
60.687,-0.492257,-0.492257,0.492257,0.492257,0,-0.696157
60.72,-1.28589,-1.28589,1.28589,1.28589,0,-1.81852
60.753,-2.04606,-2.04606,2.04606,2.04606,0,-2.89356
60.786,-2.75299,-2.75299,2.75299,2.75299,0,-3.89331
60.819,-3.38827,-3.38827,3.38827,3.38827,0,-4.79174
60.852,-3.93539,-3.93539,3.93539,3.93539,0,-5.56549
60.885,-4.3801,-4.3801,4.3801,4.3801,0,-6.1944
60.918,-4.71083,-4.71083,4.71083,4.71083,0,-6.66212
60.951,-4.91898,-4.91898,4.91898,4.91898,0,-6.95648
60.984,-4.99912,-4.99912,4.99912,4.99912,0,-7.06982
61.017,-4.94917,-4.94917,4.94917,4.94917,0,-6.99919
61.05,-4.77044,-4.77044,4.77044,4.77044,0,-6.74642
61.083,-4.46756,-4.46756,4.46756,4.46756,0,-6.31809
61.116,-4.04843,-4.04843,4.04843,4.04843,0,-5.72535
61.149,-3.52396,-3.52396,3.52396,3.52396,0,-4.98363
61.182,-2.90778,-2.90778,2.90778,2.90778,0,-4.11222
61.215,-2.21593,-2.21593,2.21593,2.21593,0,-3.1338
61.248,-1.46642,-1.46642,1.46642,1.46642,0,-2.07383
61.281,-0.678754,-0.678754,0.678754,0.678754,0,-0.959903
61.314,0.126578,0.126578,-0.126578,-0.126578,0,0.179008
61.347,0.928616,0.928616,-0.928616,-0.928616,0,1.31326
61.38,1.70649,1.70649,-1.70649,-1.70649,0,2.41334
61.413,2.43996,2.43996,-2.43996,-2.43996,0,3.45062
61.446,3.10993,3.10993,-3.10993,-3.10993,0,4.3981
61.479,3.69897,3.69897,-3.69897,-3.69897,0,5.23114
61.512,4.19177,4.19177,-4.19177,-4.19177,0,5.92805
61.545,4.57548,4.57548,-4.57548,-4.57548,0,6.4707
61.578,4.84012,4.84012,-4.84012,-4.84012,0,6.84497
61.611,4.97882,4.97882,-4.97882,-4.97882,0,7.04112
61.644,4.98796,4.98796,-4.98796,-4.98796,0,7.05404
61.677,4.8673,4.8673,-4.8673,-4.8673,0,6.8834
61.71,4.61998,4.61998,-4.61998,-4.61998,0,6.53364
61.743,4.25244,4.25244,-4.25244,-4.25244,0,6.01385
61.776,3.77424,3.77424,-3.77424,-3.77424,0,5.33758
61.809,3.19783,3.19783,-3.19783,-3.19783,0,4.52241
61.842,2.5382,2.5382,-2.5382,-2.5382,0,3.58955
61.875,1.81252,1.81252,-1.81252,-1.81252,0,2.56329
61.908,1.03968,1.03968,-1.03968,-1.03968,0,1.47033
61.941,0.239781,0.239781,-0.239781,-0.239781,0,0.339102
61.974,-0.566356,-0.566356,0.566356,0.566356,0,-0.800948
62.007,-1.35776,-1.35776,1.35776,1.35776,0,-1.92016
62.04,-2.11382,-2.11382,2.11382,2.11382,0,-2.9894
62.073,-2.81488,-2.81488,2.81488,2.81488,0,-3.98085
62.106,-3.4427,-3.4427,3.4427,3.4427,0,-4.86871
62.139,-3.98092,-3.98092,3.98092,3.98092,0,-5.62987
62.172,-4.41555,-4.41555,4.41555,4.41555,0,-6.24454
62.205,-4.73528,-4.73528,4.73528,4.73528,0,-6.6967
62.238,-4.93179,-4.93179,4.93179,4.93179,0,-6.97461
62.271,-4.99996,-4.99996,4.99996,4.99996,0,-7.07101
62.304,-4.93802,-4.93802,4.93802,4.93802,0,-6.98342
62.337,-4.74759,-4.74759,4.74759,4.74759,0,-6.7141
62.37,-4.43361,-4.43361,4.43361,4.43361,0,-6.27007
62.403,-4.00425,-4.00425,4.00425,4.00425,0,-5.66287
62.436,-3.4707,-3.4707,3.4707,3.4707,0,-4.90832
62.469,-2.84684,-2.84684,2.84684,2.84684,0,-4.02603
62.502,-2.14889,-2.14889,2.14889,2.14889,0,-3.03899
62.535,-1.39502,-1.39502,1.39502,1.39502,0,-1.97286
62.568,-0.604853,-0.604853,0.604853,0.604853,0,-0.855391
62.601,0.201055,0.201055,-0.201055,-0.201055,0,0.284335
62.634,1.00173,1.00173,-1.00173,-1.00173,0,1.41666
62.667,1.77634,1.77634,-1.77634,-1.77634,0,2.51212
62.7,2.50472,2.50472,-2.50472,-2.50472,0,3.54222
62.733,3.16793,3.16793,-3.16793,-3.16793,0,4.48013
62.766,3.7487,3.7487,-3.7487,-3.7487,0,5.30146
62.799,4.23192,4.23192,-4.23192,-4.23192,0,5.98484
62.832,4.60502,4.60502,-4.60502,-4.60502,0,6.51248
62.865,4.85828,4.85828,-4.85828,-4.85828,0,6.87064
62.898,4.98512,4.98512,-4.98512,-4.98512,0,7.05002
62.931,4.98224,4.98224,-4.98224,-4.98224,0,7.04595
62.964,4.8497,4.8497,-4.8497,-4.8497,0,6.85852
62.997,4.59097,4.59097,-4.59097,-4.59097,0,6.49261
63.03,4.21277,4.21277,-4.21277,-4.21277,0,5.95776
63.063,3.72494,3.72494,-3.72494,-3.72494,0,5.26787
63.096,3.14019,3.14019,-3.14019,-3.14019,0,4.4409
63.129,2.47372,2.47372,-2.47372,-2.47372,0,3.49836
63.162,1.74287,1.74287,-1.74287,-1.74287,0,2.46479
63.195,0.966677,0.966677,-0.966677,-0.966677,0,1.36709
63.228,0.165325,0.165325,-0.165325,-0.165325,0,0.233805
63.261,-0.640329,-0.640329,0.640329,0.640329,0,-0.905562
63.294,-1.42932,-1.42932,1.42932,1.42932,0,-2.02136
63.327,-2.18112,-2.18112,2.18112,2.18112,0,-3.08456
63.36,-2.87616,-2.87616,2.87616,2.87616,0,-4.0675
63.393,-3.49635,-3.49635,3.49635,3.49635,0,-4.94459
63.426,-4.02556,-4.02556,4.02556,4.02556,0,-5.69301
63.459,-4.45002,-4.45002,4.45002,4.45002,0,-6.29328
63.492,-4.75868,-4.75868,4.75868,4.75868,0,-6.72979
63.525,-4.94351,-4.94351,4.94351,4.94351,0,-6.99118
63.558,-4.9997,-4.9997,4.9997,4.9997,0,-7.07064
63.591,-4.92578,-4.92578,4.92578,4.92578,0,-6.9661
63.624,-4.72368,-4.72368,4.72368,4.72368,0,-6.6803
63.657,-4.39867,-4.39867,4.39867,4.39867,0,-6.22065
63.69,-3.95919,-3.95919,3.95919,3.95919,0,-5.59913
63.723,-3.41668,-3.41668,3.41668,3.41668,0,-4.83191
63.756,-2.78526,-2.78526,2.78526,2.78526,0,-3.93896
63.789,-2.08137,-2.08137,2.08137,2.08137,0,-2.9435
63.822,-1.32331,-1.32331,1.32331,1.32331,0,-1.87144
63.855,-0.530817,-0.530817,0.530817,0.530817,0,-0.750689
63.888,0.275488,0.275488,-0.275488,-0.275488,0,0.389599
63.921,1.07462,1.07462,-1.07462,-1.07462,0,1.51975
63.954,1.8458,1.8458,-1.8458,-1.8458,0,2.61035
63.987,2.56894,2.56894,-2.56894,-2.56894,0,3.63303
64.02,3.22523,3.22523,-3.22523,-3.22523,0,4.56116
64.053,3.79759,3.79759,-3.79759,-3.79759,0,5.37061
64.086,4.27114,4.27114,-4.27114,-4.27114,0,6.0403
64.119,4.63353,4.63353,-4.63353,-4.63353,0,6.5528
64.152,4.87536,4.87536,-4.87536,-4.87536,0,6.89479
64.185,4.99031,4.99031,-4.99031,-4.99031,0,7.05736
64.218,4.97541,4.97541,-4.97541,-4.97541,0,7.03629
64.251,4.83103,4.83103,-4.83103,-4.83103,0,6.83211
64.284,4.56094,4.56094,-4.56094,-4.56094,0,6.45015
64.317,4.17217,4.17217,-4.17217,-4.17217,0,5.90034
64.35,3.67482,3.67482,-3.67482,-3.67482,0,5.19699
64.383,3.08185,3.08185,-3.08185,-3.08185,0,4.3584
64.416,2.40868,2.40868,-2.40868,-2.40868,0,3.40639
64.449,1.67284,1.67284,-1.67284,-1.67284,0,2.36575
64.482,0.89346,0.89346,-0.89346,-0.89346,0,1.26354
64.515,0.0908319,0.0908319,-0.0908319,-0.0908319,0,0.128456
64.548,-0.71416,-0.71416,0.71416,0.71416,0,-1.00997
64.581,-1.50057,-1.50057,1.50057,1.50057,0,-2.12212
64.614,-2.24793,-2.24793,2.24793,2.24793,0,-3.17905
64.647,-2.93679,-2.93679,2.93679,2.93679,0,-4.15325
64.68,-3.54923,-3.54923,3.54923,3.54923,0,-5.01937
64.713,-4.06931,-4.06931,4.06931,4.06931,0,-5.75488
64.746,-4.4835,-4.4835,4.4835,4.4835,0,-6.34063
64.779,-4.78102,-4.78102,4.78102,4.78102,0,-6.76139
64.812,-4.95413,-4.95413,4.95413,4.95413,0,-7.0062
64.845,-4.99832,-4.99832,4.99832,4.99832,0,-7.06869
64.878,-4.91244,-4.91244,4.91244,4.91244,0,-6.94724
64.911,-4.69873,-4.69873,4.69873,4.69873,0,-6.64501
64.944,-4.36275,-4.36275,4.36275,4.36275,0,-6.16986
64.977,-3.91324,-3.91324,3.91324,3.91324,0,-5.53415
65.01,-3.3619,-3.3619,3.3619,3.3619,0,-4.75444
65.043,-2.72307,-2.72307,2.72307,2.72307,0,-3.851
65.076,-2.01338,-2.01338,2.01338,2.01338,0,-2.84735
65.109,-1.2513,-1.2513,1.2513,1.2513,0,-1.76961
65.142,-0.456664,-0.456664,0.456664,0.456664,0,-0.645821
65.175,0.34986,0.34986,-0.34986,-0.34986,0,0.494776
65.208,1.14728,1.14728,-1.14728,-1.14728,0,1.6225
65.241,1.91484,1.91484,-1.91484,-1.91484,0,2.708
65.274,2.63258,2.63258,-2.63258,-2.63258,0,3.72303
65.307,3.28181,3.28181,-3.28181,-3.28181,0,4.64118
65.34,3.84564,3.84564,-3.84564,-3.84564,0,5.43856
65.373,4.3094,4.3094,-4.3094,-4.3094,0,6.09441
65.406,4.66102,4.66102,-4.66102,-4.66102,0,6.59168
65.439,4.89135,4.89135,-4.89135,-4.89135,0,6.91741
65.472,4.99439,4.99439,-4.99439,-4.99439,0,7.06314
65.505,4.96747,4.96747,-4.96747,-4.96747,0,7.02507
65.538,4.81129,4.81129,-4.81129,-4.81129,0,6.80419
65.571,4.5299,4.5299,-4.5299,-4.5299,0,6.40625
65.604,4.13064,4.13064,-4.13064,-4.13064,0,5.8416
65.637,3.62389,3.62389,-3.62389,-3.62389,0,5.12495
65.67,3.02283,3.02283,-3.02283,-3.02283,0,4.27493
65.703,2.34312,2.34312,-2.34312,-2.34312,0,3.31367
65.736,1.60243,1.60243,-1.60243,-1.60243,0,2.26618
65.769,0.820044,0.820044,-0.820044,-0.820044,0,1.15972
65.802,0.0163187,0.0163187,-0.0163187,-0.0163187,0,0.0230782
65.835,-0.787832,-0.787832,0.787832,0.787832,0,-1.11416
65.868,-1.57148,-1.57148,1.57148,1.57148,0,-2.22241
65.901,-2.31424,-2.31424,2.31424,2.31424,0,-3.27282
65.934,-2.99677,-2.99677,2.99677,2.99677,0,-4.23807
65.967,-3.60132,-3.60132,3.60132,3.60132,0,-5.09304
66,-4.11216,-4.11216,4.11216,4.11216,0,-5.81547
66.033,-4.51599,-4.51599,4.51599,4.51599,0,-6.38657
66.066,-4.8023,-4.8023,4.8023,4.8023,0,-6.79148
66.099,-4.96365,-4.96365,4.96365,4.96365,0,-7.01966
66.132,-4.99583,-4.99583,4.99583,4.99583,0,-7.06517
66.165,-4.89801,-4.89801,4.89801,4.89801,0,-6.92683
66.198,-4.67273,-4.67273,4.67273,4.67273,0,-6.60824
66.231,-4.32586,-4.32586,4.32586,4.32586,0,-6.11769
66.264,-3.86642,-3.86642,3.86642,3.86642,0,-5.46794
66.297,-3.30637,-3.30637,3.30637,3.30637,0,-4.67591
66.33,-2.66027,-2.66027,2.66027,2.66027,0,-3.76219
66.363,-1.94495,-1.94495,1.94495,1.94495,0,-2.75058
66.396,-1.17902,-1.17902,1.17902,1.17902,0,-1.66739
66.429,-0.38241,-0.38241,0.38241,0.38241,0,-0.540809
66.462,0.424154,0.424154,-0.424154,-0.424154,0,0.599844
66.495,1.21968,1.21968,-1.21968,-1.21968,0,1.72489
66.528,1.98347,1.98347,-1.98347,-1.98347,0,2.80504
66.561,2.69564,2.69564,-2.69564,-2.69564,0,3.81221
66.594,3.33767,3.33767,-3.33767,-3.33767,0,4.72017
66.627,3.89284,3.89284,-3.89284,-3.89284,0,5.5053
66.66,4.34671,4.34671,-4.34671,-4.34671,0,6.14718
66.693,4.68747,4.68747,-4.68747,-4.68747,0,6.62909
66.726,4.90625,4.90625,-4.90625,-4.90625,0,6.93849
66.759,4.99737,4.99737,-4.99737,-4.99737,0,7.06734
66.792,4.95844,4.95844,-4.95844,-4.95844,0,7.01229
66.825,4.79047,4.79047,-4.79047,-4.79047,0,6.77475
66.858,4.49786,4.49786,-4.49786,-4.49786,0,6.36093
66.891,4.08819,4.08819,-4.08819,-4.08819,0,5.78158
66.924,3.57214,3.57214,-3.57214,-3.57214,0,5.05177
66.957,2.96314,2.96314,-2.96314,-2.96314,0,4.19051
66.99,2.27703,2.27703,-2.27703,-2.27703,0,3.22021
67.023,1.53167,1.53167,-1.53167,-1.53167,0,2.16611
67.056,0.746447,0.746447,-0.746447,-0.746447,0,1.05564
67.089,-0.0581981,-0.0581981,0.0581981,0.0581981,0,-0.0823045
67.122,-0.861329,-0.861329,0.861329,0.861329,0,-1.2181
67.155,-1.64205,-1.64205,1.64205,1.64205,0,-2.3222
67.188,-2.38003,-2.38003,2.38003,2.38003,0,-3.36587
67.221,-3.05609,-3.05609,3.05609,3.05609,0,-4.32196
67.254,-3.65261,-3.65261,3.65261,3.65261,0,-5.16558
67.287,-4.15409,-4.15409,4.15409,4.15409,0,-5.87477
67.32,-4.54747,-4.54747,4.54747,4.54747,0,-6.4311
67.353,-4.82252,-4.82252,4.82252,4.82252,0,-6.82007
67.386,-4.97207,-4.97207,4.97207,4.97207,0,-7.03157
67.419,-4.99224,-4.99224,4.99224,4.99224,0,-7.06009
67.452,-4.88249,-4.88249,4.88249,4.88249,0,-6.90489
67.485,-4.6457,-4.6457,4.6457,4.6457,0,-6.57001
67.518,-4.28801,-4.28801,4.28801,4.28801,0,-6.06417
67.551,-3.81874,-3.81874,3.81874,3.81874,0,-5.40052
67.584,-3.2501,-3.2501,3.2501,3.2501,0,-4.59634
67.617,-2.59688,-2.59688,2.59688,2.59688,0,-3.67255
67.65,-1.87609,-1.87609,1.87609,1.87609,0,-2.65319
67.683,-1.10648,-1.10648,1.10648,1.10648,0,-1.56479
67.716,-0.30807,-0.30807,0.30807,0.30807,0,-0.435677
67.749,0.498353,0.498353,-0.498353,-0.498353,0,0.704778
67.782,1.29181,1.29181,-1.29181,-1.29181,0,1.82689
67.815,2.05165,2.05165,-2.05165,-2.05165,0,2.90147
67.848,2.7581,2.7581,-2.7581,-2.7581,0,3.90054
67.881,3.39278,3.39278,-3.39278,-3.39278,0,4.79811
67.914,3.93917,3.93917,-3.93917,-3.93917,0,5.57083
67.947,4.38305,4.38305,-4.38305,-4.38305,0,6.19857
67.98,4.71288,4.71288,-4.71288,-4.71288,0,6.66502
68.013,4.92007,4.92007,-4.92007,-4.92007,0,6.95803
68.046,4.99923,4.99923,-4.99923,-4.99923,0,7.06998
68.079,4.9483,4.9483,-4.9483,-4.9483,0,6.99795
68.112,4.7686,4.7686,-4.7686,-4.7686,0,6.74382
68.145,4.46481,4.46481,-4.46481,-4.46481,0,6.31419
68.178,4.04484,4.04484,-4.04484,-4.04484,0,5.72026
68.211,3.51961,3.51961,-3.51961,-3.51961,0,4.97748
68.244,2.90279,2.90279,-2.90279,-2.90279,0,4.10517
68.277,2.21044,2.21044,-2.21044,-2.21044,0,3.12603
68.31,1.46056,1.46056,-1.46056,-1.46056,0,2.06555
68.343,0.672684,0.672684,-0.672684,-0.672684,0,0.951318
68.376,-0.132702,-0.132702,0.132702,0.132702,0,-0.187669
68.409,-0.934635,-0.934635,0.934635,0.934635,0,-1.32177
68.442,-1.71225,-1.71225,1.71225,1.71225,0,-2.42148
68.475,-2.4453,-2.4453,2.4453,2.4453,0,-3.45818
68.508,-3.11472,-3.11472,3.11472,3.11472,0,-4.40488
68.541,-3.70309,-3.70309,3.70309,3.70309,0,-5.23697
68.574,-4.1951,-4.1951,4.1951,4.1951,0,-5.93277
68.607,-4.57794,-4.57794,4.57794,4.57794,0,-6.47419
68.64,-4.84166,-4.84166,4.84166,4.84166,0,-6.84714
68.673,-4.97938,-4.97938,4.97938,4.97938,0,-7.04191
68.706,-4.98753,-4.98753,4.98753,4.98753,0,-7.05343
68.739,-4.86589,-4.86589,4.86589,4.86589,0,-6.88141
68.772,-4.61763,-4.61763,4.61763,4.61763,0,-6.53032
68.805,-4.24921,-4.24921,4.24921,4.24921,0,-6.00929
68.838,-3.77022,-3.77022,3.77022,3.77022,0,-5.33189
68.871,-3.19311,-3.19311,3.19311,3.19311,0,-4.51575
68.904,-2.53292,-2.53292,2.53292,2.53292,0,-3.58209
68.937,-1.80681,-1.80681,1.80681,1.80681,0,-2.55522
68.97,-1.03369,-1.03369,1.03369,1.03369,0,-1.46185
69.003,-0.233662,-0.233662,0.233662,0.233662,0,-0.330448
69.036,0.572442,0.572442,-0.572442,-0.572442,0,0.809556
69.069,1.36365,1.36365,-1.36365,-1.36365,0,1.92849
69.102,2.11937,2.11937,-2.11937,-2.11937,0,2.99725
69.135,2.81994,2.81994,-2.81994,-2.81994,0,3.988
69.168,3.44714,3.44714,-3.44714,-3.44714,0,4.87499
69.201,3.98462,3.98462,-3.98462,-3.98462,0,5.63511
69.234,4.41842,4.41842,-4.41842,-4.41842,0,6.2486
69.267,4.73725,4.73725,-4.73725,-4.73725,0,6.69948
69.3,4.9328,4.9328,-4.9328,-4.9328,0,6.97603
69.333,4.99998,4.99998,-4.99998,-4.99998,0,7.07104
69.366,4.93706,4.93706,-4.93706,-4.93706,0,6.98206
69.399,4.74566,4.74566,-4.74566,-4.74566,0,6.71138
69.432,4.43077,4.43077,-4.43077,-4.43077,0,6.26606
69.465,4.00058,4.00058,-4.00058,-4.00058,0,5.65768
69.498,3.46629,3.46629,-3.46629,-3.46629,0,4.90208
69.531,2.8418,2.8418,-2.8418,-2.8418,0,4.01891
69.564,2.14335,2.14335,-2.14335,-2.14335,0,3.03116
69.597,1.38914,1.38914,-1.38914,-1.38914,0,1.96454
69.63,0.598771,0.598771,-0.598771,-0.598771,0,0.84679
69.663,-0.207176,-0.207176,0.207176,0.207176,0,-0.292992
69.696,-1.00773,-1.00773,1.00773,1.00773,0,-1.42515
69.729,-1.78207,-1.78207,1.78207,1.78207,0,-2.52022
69.762,-2.51003,-2.51003,2.51003,2.51003,0,-3.54971
69.795,-3.17267,-3.17267,3.17267,3.17267,0,-4.48683
69.828,-3.75275,-3.75275,3.75275,3.75275,0,-5.30719
69.861,-4.23518,-4.23518,4.23518,4.23518,0,-5.98945
69.894,-4.6074,-4.6074,4.6074,4.6074,0,-6.51585
69.927,-4.85972,-4.85972,4.85972,4.85972,0,-6.87269
69.96,-4.98559,-4.98559,4.98559,4.98559,0,-7.05069
69.993,-4.98172,-4.98172,4.98172,4.98172,0,-7.04521
70.026,-4.84821,-4.84821,4.84821,4.84821,0,-6.8564
70.059,-4.58854,-4.58854,4.58854,4.58854,0,-6.48918
70.092,-4.20947,-4.20947,4.20947,4.20947,0,-5.95309
70.125,-3.72086,-3.72086,3.72086,3.72086,0,-5.26208
70.158,-3.13542,-3.13542,3.13542,3.13542,0,-4.43415
70.191,-2.46839,-2.46839,2.46839,2.46839,0,-3.49083
70.224,-1.73713,-1.73713,1.73713,1.73713,0,-2.45667
70.257,-0.960665,-0.960665,0.960665,0.960665,0,-1.35859
70.29,-0.159202,-0.159202,0.159202,0.159202,0,-0.225146
70.323,0.646404,0.646404,-0.646404,-0.646404,0,0.914154
70.356,1.43519,1.43519,-1.43519,-1.43519,0,2.02966
70.389,2.18663,2.18663,-2.18663,-2.18663,0,3.09236
70.422,2.88117,2.88117,-2.88117,-2.88117,0,4.07458
70.455,3.50073,3.50073,-3.50073,-3.50073,0,4.95078
70.488,4.02919,4.02919,-4.02919,-4.02919,0,5.69814
70.521,4.45281,4.45281,-4.45281,-4.45281,0,6.29723
70.554,4.76056,4.76056,-4.76056,-4.76056,0,6.73245
70.587,4.94442,4.94442,-4.94442,-4.94442,0,6.99247
70.62,4.99962,4.99962,-4.99962,-4.99962,0,7.07054
70.653,4.92472,4.92472,-4.92472,-4.92472,0,6.96461
70.686,4.72167,4.72167,-4.72167,-4.72167,0,6.67745
70.719,4.39575,4.39575,-4.39575,-4.39575,0,6.21653
70.752,3.95544,3.95544,-3.95544,-3.95544,0,5.59384
70.785,3.4122,3.4122,-3.4122,-3.4122,0,4.82558
70.818,2.78017,2.78017,-2.78017,-2.78017,0,3.93176
70.851,2.0758,2.0758,-2.0758,-2.0758,0,2.93562
70.884,1.3174,1.3174,-1.3174,-1.3174,0,1.86309
70.917,0.524725,0.524725,-0.524725,-0.524725,0,0.742074
70.95,-0.281605,-0.281605,0.281605,0.281605,0,-0.398249
70.983,-1.08061,-1.08061,1.08061,1.08061,0,-1.52821
71.016,-1.85149,-1.85149,1.85149,1.85149,0,-2.6184
71.049,-2.57419,-2.57419,2.57419,2.57419,0,-3.64046
71.082,-3.22991,-3.22991,3.22991,3.22991,0,-4.56778
71.115,-3.80158,-3.80158,3.80158,3.80158,0,-5.37624
71.148,-4.27432,-4.27432,4.27432,4.27432,0,-6.0448
71.181,-4.63583,-4.63583,4.63583,4.63583,0,-6.55606
71.214,-4.87671,-4.87671,4.87671,4.87671,0,-6.89671
71.247,-4.99069,-4.99069,4.99069,4.99069,0,-7.0579
71.28,-4.9748,-4.9748,4.9748,4.9748,0,-7.03542
71.313,-4.82945,-4.82945,4.82945,4.82945,0,-6.82987
71.346,-4.55843,-4.55843,4.55843,4.55843,0,-6.44659
71.379,-4.16879,-4.16879,4.16879,4.16879,0,-5.89556
71.412,-3.67067,-3.67067,3.67067,3.67067,0,-5.19111
71.445,-3.07703,-3.07703,3.07703,3.07703,0,-4.35157
71.478,-2.40331,-2.40331,2.40331,2.40331,0,-3.3988
71.511,-1.66706,-1.66706,1.66706,1.66706,0,-2.35758
71.544,-0.887431,-0.887431,0.887431,0.887431,0,-1.25502
71.577,-0.0847066,-0.0847066,0.0847066,0.0847066,0,-0.119793
71.61,0.720222,0.720222,-0.720222,-0.720222,0,1.01855
71.643,1.50641,1.50641,-1.50641,-1.50641,0,2.13039
71.676,2.2534,2.2534,-2.2534,-2.2534,0,3.18678
71.709,2.94175,2.94175,-2.94175,-2.94175,0,4.16026
71.742,3.55354,3.55354,-3.55354,-3.55354,0,5.02547
71.775,4.07287,4.07287,-4.07287,-4.07287,0,5.75991
71.808,4.48621,4.48621,-4.48621,-4.48621,0,6.34446
71.841,4.78281,4.78281,-4.78281,-4.78281,0,6.76392
71.874,4.95495,4.95495,-4.95495,-4.95495,0,7.00736
71.907,4.99816,4.99816,-4.99816,-4.99816,0,7.06846
71.94,4.9113,4.9113,-4.9113,-4.9113,0,6.94562
71.973,4.69663,4.69663,-4.69663,-4.69663,0,6.64204
72.006,4.35975,4.35975,-4.35975,-4.35975,0,6.16562
72.039,3.90942,3.90942,-3.90942,-3.90942,0,5.52876
72.072,3.35736,3.35736,-3.35736,-3.35736,0,4.74802
72.105,2.71793,2.71793,-2.71793,-2.71793,0,3.84373
72.138,2.00777,2.00777,-2.00777,-2.00777,0,2.83942
72.171,1.24537,1.24537,-1.24537,-1.24537,0,1.76122
72.204,0.450563,0.450563,-0.450563,-0.450563,0,0.637193
72.237,-0.355971,-0.355971,0.355971,0.355971,0,-0.503419
72.27,-1.15324,-1.15324,1.15324,1.15324,0,-1.63093
72.303,-1.9205,-1.9205,1.9205,1.9205,0,-2.716
72.336,-2.63779,-2.63779,2.63779,2.63779,0,-3.73039
72.369,-3.28643,-3.28643,3.28643,3.28643,0,-4.64772
72.402,-3.84956,-3.84956,3.84956,3.84956,0,-5.44409
72.435,-4.3125,-4.3125,4.3125,4.3125,0,-6.0988
72.468,-4.66323,-4.66323,4.66323,4.66323,0,-6.59481
72.501,-4.89261,-4.89261,4.89261,4.89261,0,-6.9192
72.534,-4.99468,-4.99468,4.99468,4.99468,0,-7.06354
72.567,-4.96677,-4.96677,4.96677,4.96677,0,-7.02408
72.6,-4.80962,-4.80962,4.80962,4.80962,0,-6.80183
72.633,-4.52731,-4.52731,4.52731,4.52731,0,-6.40258
72.666,-4.12718,-4.12718,4.12718,4.12718,0,-5.83672
72.699,-3.61966,-3.61966,3.61966,3.61966,0,-5.11898
72.732,-3.01795,-3.01795,3.01795,3.01795,0,-4.26803
72.765,-2.3377,-2.3377,2.3377,2.3377,0,-3.30601
72.798,-1.59663,-1.59663,1.59663,1.59663,0,-2.25797
72.831,-0.814001,-0.814001,0.814001,0.814001,0,-1.15117
72.864,-0.0101925,-0.0101925,0.0101925,0.0101925,0,-0.0144144
72.897,0.793881,0.793881,-0.793881,-0.793881,0,1.12272
72.93,1.5773,1.5773,-1.5773,-1.5773,0,2.23063
72.963,2.31967,2.31967,-2.31967,-2.31967,0,3.2805
72.996,3.00167,3.00167,-3.00167,-3.00167,0,4.24501
73.029,3.60557,3.60557,-3.60557,-3.60557,0,5.09905
73.062,4.11564,4.11564,-4.11564,-4.11564,0,5.8204
73.095,4.51862,4.51862,-4.51862,-4.51862,0,6.39029
73.128,4.80401,4.80401,-4.80401,-4.80401,0,6.79389
73.161,4.96438,4.96438,-4.96438,-4.96438,0,7.0207
73.194,4.99558,4.99558,-4.99558,-4.99558,0,7.06481
73.227,4.89678,4.89678,-4.89678,-4.89678,0,6.92509
73.26,4.67055,4.67055,-4.67055,-4.67055,0,6.60515
73.293,4.32279,4.32279,-4.32279,-4.32279,0,6.11334
73.326,3.86253,3.86253,-3.86253,-3.86253,0,5.46244
73.359,3.30177,3.30177,-3.30177,-3.30177,0,4.6694
73.392,2.65508,2.65508,-2.65508,-2.65508,0,3.75485
73.425,1.93931,1.93931,-1.93931,-1.93931,0,2.7426
73.458,1.17307,1.17307,-1.17307,-1.17307,0,1.65897
73.491,0.376301,0.376301,-0.376301,-0.376301,0,0.53217
73.524,-0.430257,-0.430257,0.430257,0.430257,0,-0.608476
73.557,-1.22562,-1.22562,1.22562,1.22562,0,-1.73329
73.59,-1.98909,-1.98909,1.98909,1.98909,0,-2.813
73.623,-2.7008,-2.7008,2.7008,2.7008,0,-3.8195
73.656,-3.34222,-3.34222,3.34222,3.34222,0,-4.72662
73.689,-3.89668,-3.89668,3.89668,3.89668,0,-5.51074
73.722,-4.34973,-4.34973,4.34973,4.34973,0,-6.15145
73.755,-4.6896,-4.6896,4.6896,4.6896,0,-6.6321
73.788,-4.90743,-4.90743,4.90743,4.90743,0,-6.94016
73.821,-4.99756,-4.99756,4.99756,4.99756,0,-7.06762
73.854,-4.95764,-4.95764,4.95764,4.95764,0,-7.01117
73.887,-4.78872,-4.78872,4.78872,4.78872,0,-6.77227
73.92,-4.49518,-4.49518,4.49518,4.49518,0,-6.35714
73.953,-4.08466,-4.08466,4.08466,4.08466,0,-5.77658
73.986,-3.56785,-3.56785,3.56785,3.56785,0,-5.04571
74.019,-2.9582,-2.9582,2.9582,2.9582,0,-4.18353
74.052,-2.27158,-2.27158,2.27158,2.27158,0,-3.21249
74.085,-1.52584,-1.52584,1.52584,1.52584,0,-2.15786
74.118,-0.740389,-0.740389,0.740389,0.740389,0,-1.04707
74.151,0.0643239,0.0643239,-0.0643239,-0.0643239,0,0.0909677
74.184,0.867363,0.867363,-0.867363,-0.867363,0,1.22664
74.217,1.64783,1.64783,-1.64783,-1.64783,0,2.33038
74.25,2.38542,2.38542,-2.38542,-2.38542,0,3.37349
74.283,3.06093,3.06093,-3.06093,-3.06093,0,4.32881
74.316,3.65679,3.65679,-3.65679,-3.65679,0,5.17149
74.349,4.1575,4.1575,-4.1575,-4.1575,0,5.87959
74.382,4.55002,4.55002,-4.55002,-4.55002,0,6.43469
74.415,4.82413,4.82413,-4.82413,-4.82413,0,6.82235
74.448,4.97271,4.97271,-4.97271,-4.97271,0,7.03247
74.481,4.99189,4.99189,-4.99189,-4.99189,0,7.0596
74.514,4.88117,4.88117,-4.88117,-4.88117,0,6.90302
74.547,4.64343,4.64343,-4.64343,-4.64343,0,6.5668
74.58,4.28486,4.28486,-4.28486,-4.28486,0,6.0597
74.613,3.81479,3.81479,-3.81479,-3.81479,0,5.39492
74.646,3.24544,3.24544,-3.24544,-3.24544,0,4.58975
74.679,2.59165,2.59165,-2.59165,-2.59165,0,3.66514
74.712,1.87041,1.87041,-1.87041,-1.87041,0,2.64516
74.745,1.1005,1.1005,-1.1005,-1.1005,0,1.55634
74.778,0.301955,0.301955,-0.301955,-0.301955,0,0.427029
74.811,-0.504449,-0.504449,0.504449,0.504449,0,-0.713398
74.844,-1.29773,-1.29773,1.29773,1.29773,0,-1.83526
74.877,-2.05723,-2.05723,2.05723,2.05723,0,-2.90937
74.91,-2.76321,-2.76321,2.76321,2.76321,0,-3.90776
74.943,-3.39727,-3.39727,3.39727,3.39727,0,-4.80447
74.976,-3.94294,-3.94294,3.94294,3.94294,0,-5.57616
75.009,-4.386,-4.386,4.386,4.386,0,-6.20274
75.042,-4.71493,-4.71493,4.71493,4.71493,0,-6.66791
75.075,-4.92116,-4.92116,4.92116,4.92116,0,-6.95957
75.108,-4.99933,-4.99933,4.99933,4.99933,0,-7.07013
75.141,-4.94741,-4.94741,4.94741,4.94741,0,-6.9967
75.174,-4.76675,-4.76675,4.76675,4.76675,0,-6.7412
75.207,-4.46205,-4.46205,4.46205,4.46205,0,-6.31029
75.24,-4.04123,-4.04123,4.04123,4.04123,0,-5.71517
75.273,-3.51525,-3.51525,3.51525,3.51525,0,-4.97132
75.306,-2.8978,-2.8978,2.8978,2.8978,0,-4.09811
75.339,-2.20494,-2.20494,2.20494,2.20494,0,-3.11826
75.372,-1.4547,-1.4547,1.4547,1.4547,0,-2.05726
75.405,-0.666613,-0.666613,0.666613,0.666613,0,-0.942733
75.438,0.138826,0.138826,-0.138826,-0.138826,0,0.19633
75.471,0.940652,0.940652,-0.940652,-0.940652,0,1.33028
75.504,1.718,1.718,-1.718,-1.718,0,2.42962
75.537,2.45064,2.45064,-2.45064,-2.45064,0,3.46573
75.57,3.11951,3.11951,-3.11951,-3.11951,0,4.41166
75.603,3.70721,3.70721,-3.70721,-3.70721,0,5.24278
75.636,4.19843,4.19843,-4.19843,-4.19843,0,5.93748
75.669,4.5804,4.5804,-4.5804,-4.5804,0,6.47767
75.702,4.84318,4.84318,-4.84318,-4.84318,0,6.8493
75.735,4.97993,4.97993,-4.97993,-4.97993,0,7.04269
75.768,4.98709,4.98709,-4.98709,-4.98709,0,7.05282
75.801,4.86448,4.86448,-4.86448,-4.86448,0,6.87941
75.834,4.61528,4.61528,-4.61528,-4.61528,0,6.52699
75.867,4.24598,4.24598,-4.24598,-4.24598,0,6.00472
75.9,3.76619,3.76619,-3.76619,-3.76619,0,5.3262
75.933,3.1884,3.1884,-3.1884,-3.1884,0,4.50907
75.966,2.52763,2.52763,-2.52763,-2.52763,0,3.57461
75.999,1.8011,1.8011,-1.8011,-1.8011,0,2.54714
76.032,1.02769,1.02769,-1.02769,-1.02769,0,1.45337
76.065,0.227542,0.227542,-0.227542,-0.227542,0,0.321793
76.098,-0.578528,-0.578528,0.578528,0.578528,0,-0.818162
76.131,-1.36954,-1.36954,1.36954,1.36954,0,-1.93683
76.164,-2.12492,-2.12492,2.12492,2.12492,0,-3.00509
76.197,-2.825,-2.825,2.825,2.825,0,-3.99516
76.23,-3.45157,-3.45157,3.45157,3.45157,0,-4.88126
76.263,-3.98832,-3.98832,3.98832,3.98832,0,-5.64034
76.296,-4.42129,-4.42129,4.42129,4.42129,0,-6.25265
76.329,-4.7392,-4.7392,4.7392,4.7392,0,-6.70225
76.362,-4.93379,-4.93379,4.93379,4.93379,0,-6.97744
76.395,-4.99999,-4.99999,4.99999,4.99999,0,-7.07106
76.428,-4.93609,-4.93609,4.93609,4.93609,0,-6.98068
76.461,-4.74373,-4.74373,4.74373,4.74373,0,-6.70865
76.494,-4.42793,-4.42793,4.42793,4.42793,0,-6.26204
76.527,-3.99691,-3.99691,3.99691,3.99691,0,-5.65248
76.56,-3.46187,-3.46187,3.46187,3.46187,0,-4.89583
76.593,-2.83676,-2.83676,2.83676,2.83676,0,-4.01178
76.626,-2.13782,-2.13782,2.13782,2.13782,0,-3.02333
76.659,-1.38325,-1.38325,1.38325,1.38325,0,-1.95621
76.692,-0.592688,-0.592688,0.592688,0.592688,0,-0.838188
76.725,0.213297,0.213297,-0.213297,-0.213297,0,0.301648
76.758,1.01373,1.01373,-1.01373,-1.01373,0,1.43363
76.791,1.78779,1.78779,-1.78779,-1.78779,0,2.52831
76.824,2.51532,2.51532,-2.51532,-2.51532,0,3.5572
76.857,3.1774,3.1774,-3.1774,-3.1774,0,4.49352
76.89,3.7568,3.7568,-3.7568,-3.7568,0,5.31291
76.923,4.23843,4.23843,-4.23843,-4.23843,0,5.99405
76.956,4.60978,4.60978,-4.60978,-4.60978,0,6.51921
76.989,4.86116,4.86116,-4.86116,-4.86116,0,6.87472
77.022,4.98605,4.98605,-4.98605,-4.98605,0,7.05134
77.055,4.98119,4.98119,-4.98119,-4.98119,0,7.04446
77.088,4.84671,4.84671,-4.84671,-4.84671,0,6.85428
77.121,4.5861,4.5861,-4.5861,-4.5861,0,6.48573
77.154,4.20616,4.20616,-4.20616,-4.20616,0,5.94841
77.187,3.71676,3.71676,-3.71676,-3.71676,0,5.25629
77.22,3.13064,3.13064,-3.13064,-3.13064,0,4.4274
77.253,2.46306,2.46306,-2.46306,-2.46306,0,3.48329
77.286,1.73138,1.73138,-1.73138,-1.73138,0,2.44855
77.319,0.954652,0.954652,-0.954652,-0.954652,0,1.35008
77.352,0.153079,0.153079,-0.153079,-0.153079,0,0.216486
77.385,-0.652479,-0.652479,0.652479,0.652479,0,-0.922744
77.418,-1.44106,-1.44106,1.44106,1.44106,0,-2.03796
77.451,-2.19214,-2.19214,2.19214,2.19214,0,-3.10015
77.484,-2.88617,-2.88617,2.88617,2.88617,0,-4.08166
77.517,-3.5051,-3.5051,3.5051,3.5051,0,-4.95696
77.55,-4.03282,-4.03282,4.03282,4.03282,0,-5.70327
77.583,-4.4556,-4.4556,4.4556,4.4556,0,-6.30116
77.616,-4.76243,-4.76243,4.76243,4.76243,0,-6.73509
77.649,-4.94533,-4.94533,4.94533,4.94533,0,-6.99375
77.682,-4.99955,-4.99955,4.99955,4.99955,0,-7.07043
77.715,-4.92366,-4.92366,4.92366,4.92366,0,-6.96311
77.748,-4.71965,-4.71965,4.71965,4.71965,0,-6.6746
77.781,-4.39283,-4.39283,4.39283,4.39283,0,-6.2124
77.814,-3.95169,-3.95169,3.95169,3.95169,0,-5.58853
77.847,-3.40772,-3.40772,3.40772,3.40772,0,-4.81925
77.88,-2.77508,-2.77508,2.77508,2.77508,0,-3.92455
77.913,-2.07022,-2.07022,2.07022,2.07022,0,-2.92773
77.946,-1.31149,-1.31149,1.31149,1.31149,0,-1.85473
77.979,-0.518633,-0.518633,0.518633,0.518633,0,-0.733457
78.012,0.287721,0.287721,-0.287721,-0.287721,0,0.406899
78.045,1.08659,1.08659,-1.08659,-1.08659,0,1.53667
78.078,1.85718,1.85718,-1.85718,-1.85718,0,2.62645
78.111,2.57944,2.57944,-2.57944,-2.57944,0,3.64788
78.144,3.23458,3.23458,-3.23458,-3.23458,0,4.57439
78.177,3.80555,3.80555,-3.80555,-3.80555,0,5.38186
78.21,4.27749,4.27749,-4.27749,-4.27749,0,6.04929
78.243,4.63812,4.63812,-4.63812,-4.63812,0,6.5593
78.276,4.87806,4.87806,-4.87806,-4.87806,0,6.89862
78.309,4.99106,4.99106,-4.99106,-4.99106,0,7.05842
78.342,4.97418,4.97418,-4.97418,-4.97418,0,7.03455
78.375,4.82786,4.82786,-4.82786,-4.82786,0,6.82762
78.408,4.55591,4.55591,-4.55591,-4.55591,0,6.44303
78.441,4.1654,4.1654,-4.1654,-4.1654,0,5.89077
78.474,3.6665,3.6665,-3.6665,-3.6665,0,5.18522
78.507,3.0722,3.0722,-3.0722,-3.0722,0,4.34474
78.54,2.39794,2.39794,-2.39794,-2.39794,0,3.3912
78.573,1.66129,1.66129,-1.66129,-1.66129,0,2.34941
78.606,0.881402,0.881402,-0.881402,-0.881402,0,1.24649
78.639,0.0785812,0.0785812,-0.0785812,-0.0785812,0,0.111131
78.672,-0.726284,-0.726284,0.726284,0.726284,0,-1.02712
78.705,-1.51225,-1.51225,1.51225,1.51225,0,-2.13864
78.738,-2.25886,-2.25886,2.25886,2.25886,0,-3.19452
78.771,-2.9467,-2.9467,2.9467,2.9467,0,-4.16726
78.804,-3.55785,-3.55785,3.55785,3.55785,0,-5.03156
78.837,-4.07642,-4.07642,4.07642,4.07642,0,-5.76493
78.87,-4.48891,-4.48891,4.48891,4.48891,0,-6.34828
78.903,-4.7846,-4.7846,4.7846,4.7846,0,-6.76644
78.936,-4.95577,-4.95577,4.95577,4.95577,0,-7.00852
78.969,-4.99799,-4.99799,4.99799,4.99799,0,-7.06822
79.002,-4.91014,-4.91014,4.91014,4.91014,0,-6.94399
79.035,-4.69453,-4.69453,4.69453,4.69453,0,-6.63906
79.068,-4.35675,-4.35675,4.35675,4.35675,0,-6.16137
79.101,-3.9056,-3.9056,3.9056,3.9056,0,-5.52335
79.134,-3.35282,-3.35282,3.35282,3.35282,0,-4.7416
79.167,-2.71279,-2.71279,2.71279,2.71279,0,-3.83646
79.2,-2.00216,-2.00216,2.00216,2.00216,0,-2.83148
79.233,-1.23944,-1.23944,1.23944,1.23944,0,-1.75283
79.266,-0.444462,-0.444462,0.444462,0.444462,0,-0.628564
79.299,0.362081,0.362081,-0.362081,-0.362081,0,0.51206
79.332,1.1592,1.1592,-1.1592,-1.1592,0,1.63936
79.365,1.92616,1.92616,-1.92616,-1.92616,0,2.724
79.398,2.64299,2.64299,-2.64299,-2.64299,0,3.73775
79.431,3.29105,3.29105,-3.29105,-3.29105,0,4.65424
79.464,3.85346,3.85346,-3.85346,-3.85346,0,5.44962
79.497,4.3156,4.3156,-4.3156,-4.3156,0,6.10318
79.53,4.66544,4.66544,-4.66544,-4.66544,0,6.59793
79.563,4.89387,4.89387,-4.89387,-4.89387,0,6.92098
79.596,4.99496,4.99496,-4.99496,-4.99496,0,7.06394
79.629,4.96606,4.96606,-4.96606,-4.96606,0,7.02307
79.662,4.80794,4.80794,-4.80794,-4.80794,0,6.79945
79.695,4.5247,4.5247,-4.5247,-4.5247,0,6.39889
79.728,4.12372,4.12372,-4.12372,-4.12372,0,5.83182
79.761,3.61543,3.61543,-3.61543,-3.61543,0,5.113
79.794,3.01306,3.01306,-3.01306,-3.01306,0,4.26112
79.827,2.33229,2.33229,-2.33229,-2.33229,0,3.29835
79.86,1.59082,1.59082,-1.59082,-1.59082,0,2.24976
79.893,0.807955,0.807955,-0.807955,-0.807955,0,1.14262
79.926,0.00406627,0.00406627,-0.00406627,-0.00406627,0,0.00575057
79.959,-0.799929,-0.799929,0.799929,0.799929,0,-1.13127
79.992,-1.58311,-1.58311,1.58311,1.58311,0,-2.23885
80.025,-2.32509,-2.32509,2.32509,2.32509,0,-3.28817
80.058,-3.00657,-3.00657,3.00657,3.00657,0,-4.25193
80.091,-3.60981,-3.60981,3.60981,3.60981,0,-5.10504
80.124,-4.11912,-4.11912,4.11912,4.11912,0,-5.82531
80.157,-4.52123,-4.52123,4.52123,4.52123,0,-6.39399
80.19,-4.8057,-4.8057,4.8057,4.8057,0,-6.79629
80.223,-4.96511,-4.96511,4.96511,4.96511,0,-7.02173
80.256,-4.99532,-4.99532,4.99532,4.99532,0,-7.06444
80.289,-4.89553,-4.89553,4.89553,4.89553,0,-6.92333
80.322,-4.66836,-4.66836,4.66836,4.66836,0,-6.60206
80.355,-4.3197,-4.3197,4.3197,4.3197,0,-6.10898
80.388,-3.85864,-3.85864,3.85864,3.85864,0,-5.45694
80.421,-3.29716,-3.29716,3.29716,3.29716,0,-4.66289
80.454,-2.64989,-2.64989,2.64989,2.64989,0,-3.74751
80.487,-1.93366,-1.93366,1.93366,1.93366,0,-2.73461
80.52,-1.16711,-1.16711,1.16711,1.16711,0,-1.65054
80.553,-0.370192,-0.370192,0.370192,0.370192,0,-0.52353
80.586,0.436361,0.436361,-0.436361,-0.436361,0,0.617107
80.619,1.23156,1.23156,-1.23156,-1.23156,0,1.74169
80.652,1.99471,1.99471,-1.99471,-1.99471,0,2.82094
80.685,2.70595,2.70595,-2.70595,-2.70595,0,3.82679
80.718,3.34678,3.34678,-3.34678,-3.34678,0,4.73306
80.751,3.90052,3.90052,-3.90052,-3.90052,0,5.51616
80.784,4.35275,4.35275,-4.35275,-4.35275,0,6.15572
80.817,4.69172,4.69172,-4.69172,-4.69172,0,6.6351
80.85,4.9086,4.9086,-4.9086,-4.9086,0,6.94181
80.883,4.99775,4.99775,-4.99775,-4.99775,0,7.06788
80.916,4.95684,4.95684,-4.95684,-4.95684,0,7.01004
80.949,4.78695,4.78695,-4.78695,-4.78695,0,6.76977
80.982,4.49249,4.49249,-4.49249,-4.49249,0,6.35334
81.015,4.08112,4.08112,-4.08112,-4.08112,0,5.77158
81.048,3.56356,3.56356,-3.56356,-3.56356,0,5.03964
81.081,2.95326,2.95326,-2.95326,-2.95326,0,4.17655
81.114,2.26612,2.26612,-2.26612,-2.26612,0,3.20477
81.147,1.52,1.52,-1.52,-1.52,0,2.1496
81.18,0.73433,0.73433,-0.73433,-0.73433,0,1.0385
81.213,-0.0704496,-0.0704496,0.0704496,0.0704496,0,-0.0996307
81.246,-0.873395,-0.873395,0.873395,0.873395,0,-1.23517
81.279,-1.65361,-1.65361,1.65361,1.65361,0,-2.33856
81.312,-2.3908,-2.3908,2.3908,2.3908,0,-3.3811
81.345,-3.06577,-3.06577,3.06577,3.06577,0,-4.33566
81.378,-3.66097,-3.66097,3.66097,3.66097,0,-5.17739
81.411,-4.1609,-4.1609,4.1609,4.1609,0,-5.8844
81.444,-4.55255,-4.55255,4.55255,4.55255,0,-6.43828
81.477,-4.82574,-4.82574,4.82574,4.82574,0,-6.82462
81.51,-4.97335,-4.97335,4.97335,4.97335,0,-7.03337
81.543,-4.99154,-4.99154,4.99154,4.99154,0,-7.0591
81.576,-4.87984,-4.87984,4.87984,4.87984,0,-6.90113
81.609,-4.64115,-4.64115,4.64115,4.64115,0,-6.56358
81.642,-4.2817,-4.2817,4.2817,4.2817,0,-6.05524
81.675,-3.81082,-3.81082,3.81082,3.81082,0,-5.38932
81.708,-3.24078,-3.24078,3.24078,3.24078,0,-4.58315
81.741,-2.58641,-2.58641,2.58641,2.58641,0,-3.65773
81.774,-1.86473,-1.86473,1.86473,1.86473,0,-2.63712
81.807,-1.09452,-1.09452,1.09452,1.09452,0,-1.54789
81.84,-0.29584,-0.29584,0.29584,0.29584,0,-0.418381
81.873,0.510543,0.510543,-0.510543,-0.510543,0,0.722017
81.906,1.30364,1.30364,-1.30364,-1.30364,0,1.84363
81.939,2.06281,2.06281,-2.06281,-2.06281,0,2.91726
81.972,2.76831,2.76831,-2.76831,-2.76831,0,3.91498
82.005,3.40177,3.40177,-3.40177,-3.40177,0,4.81083
82.038,3.9467,3.9467,-3.9467,-3.9467,0,5.58148
82.071,4.38894,4.38894,-4.38894,-4.38894,0,6.20689
82.104,4.71696,4.71696,-4.71696,-4.71696,0,6.67079
82.137,4.92224,4.92224,-4.92224,-4.92224,0,6.9611
82.17,4.99943,4.99943,-4.99943,-4.99943,0,7.07026
82.203,4.94652,4.94652,-4.94652,-4.94652,0,6.99544
82.236,4.7649,4.7649,-4.7649,-4.7649,0,6.73858
82.269,4.45928,4.45928,-4.45928,-4.45928,0,6.30637
82.302,4.03762,4.03762,-4.03762,-4.03762,0,5.71006
82.335,3.5109,3.5109,-3.5109,-3.5109,0,4.96516
82.368,2.89281,2.89281,-2.89281,-2.89281,0,4.09105
82.401,2.19944,2.19944,-2.19944,-2.19944,0,3.11048
82.434,1.44884,1.44884,-1.44884,-1.44884,0,2.04897
82.467,0.660541,0.660541,-0.660541,-0.660541,0,0.934146
82.5,-0.14495,-0.14495,0.14495,0.14495,0,-0.20499
82.533,-0.946668,-0.946668,0.946668,0.946668,0,-1.33879
82.566,-1.72375,-1.72375,1.72375,1.72375,0,-2.43775
82.599,-2.45598,-2.45598,2.45598,2.45598,0,-3.47328
82.632,-3.1243,-3.1243,3.1243,3.1243,0,-4.41843
82.665,-3.71132,-3.71132,3.71132,3.71132,0,-5.24859
82.698,-4.20176,-4.20176,4.20176,4.20176,0,-5.94218
82.731,-4.58286,-4.58286,4.58286,4.58286,0,-6.48114
82.764,-4.8447,-4.8447,4.8447,4.8447,0,-6.85144
82.797,-4.98048,-4.98048,4.98048,4.98048,0,-7.04346
82.83,-4.98665,-4.98665,4.98665,4.98665,0,-7.05219
82.863,-4.86306,-4.86306,4.86306,4.86306,0,-6.8774
82.896,-4.61292,-4.61292,4.61292,4.61292,0,-6.52365
82.929,-4.24274,-4.24274,4.24274,4.24274,0,-6.00014
82.962,-3.76216,-3.76216,3.76216,3.76216,0,-5.3205
82.995,-3.18368,-3.18368,3.18368,3.18368,0,-4.5024
83.028,-2.52235,-2.52235,2.52235,2.52235,0,-3.56714
83.061,-1.79538,-1.79538,1.79538,1.79538,0,-2.53905
83.094,-1.02169,-1.02169,1.02169,1.02169,0,-1.44489
83.127,-0.221422,-0.221422,0.221422,0.221422,0,-0.313138
83.16,0.584613,0.584613,-0.584613,-0.584613,0,0.826767
83.193,1.37543,1.37543,-1.37543,-1.37543,0,1.94516
83.226,2.13046,2.13046,-2.13046,-2.13046,0,3.01293
83.259,2.83005,2.83005,-2.83005,-2.83005,0,4.0023
83.292,3.456,3.456,-3.456,-3.456,0,4.88752
83.325,3.99201,3.99201,-3.99201,-3.99201,0,5.64556
83.358,4.42415,4.42415,-4.42415,-4.42415,0,6.25669
83.391,4.74115,4.74115,-4.74115,-4.74115,0,6.705
83.424,4.93478,4.93478,-4.93478,-4.93478,0,6.97884
83.457,5,5,-5,-5,0,7.07107
83.49,4.93511,4.93511,-4.93511,-4.93511,0,6.97929
83.523,4.74179,4.74179,-4.74179,-4.74179,0,6.7059
83.556,4.42508,4.42508,-4.42508,-4.42508,0,6.25801
83.589,3.99322,3.99322,-3.99322,-3.99322,0,5.64727
83.622,3.45745,3.45745,-3.45745,-3.45745,0,4.88957
83.655,2.83171,2.83171,-2.83171,-2.83171,0,4.00464
83.688,2.13228,2.13228,-2.13228,-2.13228,0,3.0155
83.721,1.37736,1.37736,-1.37736,-1.37736,0,1.94789
83.754,0.586605,0.586605,-0.586605,-0.586605,0,0.829585
83.787,-0.219418,-0.219418,0.219418,0.219418,0,-0.310304
83.82,-1.01973,-1.01973,1.01973,1.01973,0,-1.44212
83.853,-1.79351,-1.79351,1.79351,1.79351,0,-2.5364
83.886,-2.52061,-2.52061,2.52061,2.52061,0,-3.56469
83.919,-3.18213,-3.18213,3.18213,3.18213,0,-4.50021
83.952,-3.76084,-3.76084,3.76084,3.76084,0,-5.31863
83.985,-4.24168,-4.24168,4.24168,4.24168,0,-5.99864
84.018,-4.61214,-4.61214,4.61214,4.61214,0,-6.52256
84.051,-4.86259,-4.86259,4.86259,4.86259,0,-6.87674
84.084,-4.9865,-4.9865,4.9865,4.9865,0,-7.05198
84.117,-4.98065,-4.98065,4.98065,4.98065,0,-7.04371
84.15,-4.8452,-4.8452,4.8452,4.8452,0,-6.85214
84.183,-4.58366,-4.58366,4.58366,4.58366,0,-6.48227
84.216,-4.20284,-4.20284,4.20284,4.20284,0,-5.94372
84.249,-3.71266,-3.71266,3.71266,3.71266,0,-5.25049
84.282,-3.12586,-3.12586,3.12586,3.12586,0,-4.42064
84.315,-2.45773,-2.45773,2.45773,2.45773,0,-3.47575
84.348,-1.72564,-1.72564,1.72564,1.72564,0,-2.44042
84.381,-0.948638,-0.948638,0.948638,0.948638,0,-1.34158
84.414,-0.146955,-0.146955,0.146955,0.146955,0,-0.207826
84.447,0.658552,0.658552,-0.658552,-0.658552,0,0.931333
84.48,1.44692,1.44692,-1.44692,-1.44692,0,2.04626
84.513,2.19764,2.19764,-2.19764,-2.19764,0,3.10793
84.546,2.89117,2.89117,-2.89117,-2.89117,0,4.08873
84.579,3.50947,3.50947,-3.50947,-3.50947,0,4.96313
84.612,4.03644,4.03644,-4.03644,-4.03644,0,5.70839
84.645,4.45837,4.45837,-4.45837,-4.45837,0,6.30509
84.678,4.76429,4.76429,-4.76429,-4.76429,0,6.73772
84.711,4.94623,4.94623,-4.94623,-4.94623,0,6.99503
84.744,4.99946,4.99946,-4.99946,-4.99946,0,7.0703
84.777,4.92259,4.92259,-4.92259,-4.92259,0,6.9616
84.81,4.71763,4.71763,-4.71763,-4.71763,0,6.67173
84.843,4.3899,4.3899,-4.3899,-4.3899,0,6.20825
84.876,3.94793,3.94793,-3.94793,-3.94793,0,5.58322
84.909,3.40324,3.40324,-3.40324,-3.40324,0,4.8129
84.942,2.76998,2.76998,-2.76998,-2.76998,0,3.91734
84.975,2.06464,2.06464,-2.06464,-2.06464,0,2.91985
85.008,1.30558,1.30558,-1.30558,-1.30558,0,1.84637
85.041,0.512539,0.512539,-0.512539,-0.512539,0,0.72484
85.074,-0.293837,-0.293837,0.293837,0.293837,0,-0.415548
85.107,-1.09257,-1.09257,1.09257,1.09257,0,-1.54512
85.14,-1.86287,-1.86287,1.86287,1.86287,0,-2.63449
85.173,-2.58469,-2.58469,2.58469,2.58469,0,-3.6553
85.206,-3.23925,-3.23925,3.23925,3.23925,0,-4.58099
85.239,-3.80952,-3.80952,3.80952,3.80952,0,-5.38748
85.272,-4.28066,-4.28066,4.28066,4.28066,0,-6.05377
85.305,-4.64041,-4.64041,4.64041,4.64041,0,-6.56253
85.338,-4.8794,-4.8794,4.8794,4.8794,0,-6.90051
85.371,-4.99142,-4.99142,4.99142,4.99142,0,-7.05893
85.404,-4.97355,-4.97355,4.97355,4.97355,0,-7.03367
85.437,-4.82626,-4.82626,4.82626,4.82626,0,-6.82536
85.47,-4.55338,-4.55338,4.55338,4.55338,0,-6.43945
85.503,-4.16201,-4.16201,4.16201,4.16201,0,-5.88597
85.536,-3.66234,-3.66234,3.66234,3.66234,0,-5.17933
85.569,-3.06736,-3.06736,3.06736,3.06736,0,-4.3379
85.602,-2.39256,-2.39256,2.39256,2.39256,0,-3.3836
85.635,-1.65551,-1.65551,1.65551,1.65551,0,-2.34124
85.668,-0.875371,-0.875371,0.875371,0.875371,0,-1.23796
85.701,-0.0724556,-0.0724556,0.0724556,0.0724556,0,-0.102468
85.734,0.732345,0.732345,-0.732345,-0.732345,0,1.03569
85.767,1.51809,1.51809,-1.51809,-1.51809,0,2.1469
85.8,2.26433,2.26433,-2.26433,-2.26433,0,3.20224
85.833,2.95164,2.95164,-2.95164,-2.95164,0,4.17426
85.866,3.56215,3.56215,-3.56215,-3.56215,0,5.03764
85.899,4.07997,4.07997,-4.07997,-4.07997,0,5.76994
85.932,4.49161,4.49161,-4.49161,-4.49161,0,6.35209
85.965,4.78637,4.78637,-4.78637,-4.78637,0,6.76895
85.998,4.95658,4.95658,-4.95658,-4.95658,0,7.00966
86.031,4.99781,4.99781,-4.99781,-4.99781,0,7.06797
86.064,4.90898,4.90898,-4.90898,-4.90898,0,6.94235
86.097,4.69241,4.69241,-4.69241,-4.69241,0,6.63608
86.13,4.35374,4.35374,-4.35374,-4.35374,0,6.15712
86.163,3.90177,3.90177,-3.90177,-3.90177,0,5.51794
86.196,3.34827,3.34827,-3.34827,-3.34827,0,4.73517
86.229,2.70764,2.70764,-2.70764,-2.70764,0,3.82918
86.262,1.99655,1.99655,-1.99655,-1.99655,0,2.82354
86.295,1.2335,1.2335,-1.2335,-1.2335,0,1.74444
86.328,0.438359,0.438359,-0.438359,-0.438359,0,0.619934
86.361,-0.368191,-0.368191,0.368191,0.368191,0,-0.520701
86.394,-1.16516,-1.16516,1.16516,1.16516,0,-1.64779
86.427,-1.93181,-1.93181,1.93181,1.93181,0,-2.73199
86.46,-2.64819,-2.64819,2.64819,2.64819,0,-3.7451
86.493,-3.29566,-3.29566,3.29566,3.29566,0,-4.66076
86.526,-3.85736,-3.85736,3.85736,3.85736,0,-5.45513
86.559,-4.31869,-4.31869,4.31869,4.31869,0,-6.10755
86.592,-4.66764,-4.66764,4.66764,4.66764,0,-6.60104
86.625,-4.89513,-4.89513,4.89513,4.89513,0,-6.92275
86.658,-4.99523,-4.99523,4.99523,4.99523,0,-7.06432
86.691,-4.96535,-4.96535,4.96535,4.96535,0,-7.02206
86.724,-4.80625,-4.80625,4.80625,4.80625,0,-6.79707
86.757,-4.52209,-4.52209,4.52209,4.52209,0,-6.3952
86.79,-4.12025,-4.12025,4.12025,4.12025,0,-5.82692
86.823,-3.6112,-3.6112,3.6112,3.6112,0,-5.10701
86.856,-3.00817,-3.00817,3.00817,3.00817,0,-4.2542
86.889,-2.32687,-2.32687,2.32687,2.32687,0,-3.29069
86.922,-1.58501,-1.58501,1.58501,1.58501,0,-2.24154
86.955,-0.801909,-0.801909,0.801909,0.801909,0,-1.13407
86.988,0.00205998,0.00205998,-0.00205998,-0.00205998,0,0.00291326
87.021,0.805975,0.805975,-0.805975,-0.805975,0,1.13982
87.054,1.58892,1.58892,-1.58892,-1.58892,0,2.24707
87.087,2.33051,2.33051,-2.33051,-2.33051,0,3.29584
87.12,3.01146,3.01146,-3.01146,-3.01146,0,4.25885
87.153,3.61405,3.61405,-3.61405,-3.61405,0,5.11104
87.186,4.12259,4.12259,-4.12259,-4.12259,0,5.83022
87.219,4.52385,4.52385,-4.52385,-4.52385,0,6.39769
87.252,4.80739,4.80739,-4.80739,-4.80739,0,6.79867
87.285,4.96583,4.96583,-4.96583,-4.96583,0,7.02274
87.318,4.99505,4.99505,-4.99505,-4.99505,0,7.06406
87.351,4.89428,4.89428,-4.89428,-4.89428,0,6.92156
87.384,4.66616,4.66616,-4.66616,-4.66616,0,6.59895
87.417,4.31661,4.31661,-4.31661,-4.31661,0,6.10462
87.45,3.85474,3.85474,-3.85474,-3.85474,0,5.45143
87.483,3.29256,3.29256,-3.29256,-3.29256,0,4.65638
87.516,2.64469,2.64469,-2.64469,-2.64469,0,3.74016
87.549,1.92801,1.92801,-1.92801,-1.92801,0,2.72662
87.582,1.16115,1.16115,-1.16115,-1.16115,0,1.64212
87.615,0.364082,0.364082,-0.364082,-0.364082,0,0.51489
87.648,-0.442463,-0.442463,0.442463,0.442463,0,-0.625737
87.681,-1.23749,-1.23749,1.23749,1.23749,0,-1.75008
87.714,-2.00032,-2.00032,2.00032,2.00032,0,-2.82888
87.747,-2.7111,-2.7111,2.7111,2.7111,0,-3.83407
87.78,-3.35133,-3.35133,3.35133,3.35133,0,-4.73949
87.813,-3.90435,-3.90435,3.90435,3.90435,0,-5.52158
87.846,-4.35576,-4.35576,4.35576,4.35576,0,-6.15998
87.879,-4.69384,-4.69384,4.69384,4.69384,0,-6.63809
87.912,-4.90976,-4.90976,4.90976,4.90976,0,-6.94345
87.945,-4.99793,-4.99793,4.99793,4.99793,0,-7.06814
87.978,-4.95604,-4.95604,4.95604,4.95604,0,-7.00889
88.011,-4.78518,-4.78518,4.78518,4.78518,0,-6.76726
88.044,-4.4898,-4.4898,4.4898,4.4898,0,-6.34953
88.077,-4.07758,-4.07758,4.07758,4.07758,0,-5.76657
88.11,-3.55926,-3.55926,3.55926,3.55926,0,-5.03355
88.143,-2.94832,-2.94832,2.94832,2.94832,0,-4.16955
88.176,-2.26065,-2.26065,2.26065,2.26065,0,-3.19705
88.209,-1.51416,-1.51416,1.51416,1.51416,0,-2.14135
88.242,-0.728269,-0.728269,0.728269,0.728269,0,-1.02993
88.275,0.0765752,0.0765752,-0.0765752,-0.0765752,0,0.108294
88.308,0.879427,0.879427,-0.879427,-0.879427,0,1.2437
88.341,1.65939,1.65939,-1.65939,-1.65939,0,2.34674
88.374,2.39618,2.39618,-2.39618,-2.39618,0,3.38871
88.407,3.07061,3.07061,-3.07061,-3.07061,0,4.3425
88.44,3.66514,3.66514,-3.66514,-3.66514,0,5.18329
88.473,4.16429,4.16429,-4.16429,-4.16429,0,5.8892
88.506,4.55508,4.55508,-4.55508,-4.55508,0,6.44186
88.539,4.82734,4.82734,-4.82734,-4.82734,0,6.82689
88.572,4.97397,4.97397,-4.97397,-4.97397,0,7.03426
88.605,4.99118,4.99118,-4.99118,-4.99118,0,7.05859
88.638,4.8785,4.8785,-4.8785,-4.8785,0,6.89924
88.671,4.63887,4.63887,-4.63887,-4.63887,0,6.56036
88.704,4.27853,4.27853,-4.27853,-4.27853,0,6.05076
88.737,3.80685,3.80685,-3.80685,-3.80685,0,5.3837
88.77,3.23611,3.23611,-3.23611,-3.23611,0,4.57655
88.803,2.58116,2.58116,-2.58116,-2.58116,0,3.65031
88.836,1.85904,1.85904,-1.85904,-1.85904,0,2.62908
88.869,1.08855,1.08855,-1.08855,-1.08855,0,1.53944
88.902,0.289724,0.289724,-0.289724,-0.289724,0,0.409732
88.935,-0.516637,-0.516637,0.516637,0.516637,0,-0.730635
88.968,-1.30955,-1.30955,1.30955,1.30955,0,-1.85199
89.001,-2.06839,-2.06839,2.06839,2.06839,0,-2.92515
89.034,-2.77341,-2.77341,2.77341,2.77341,0,-3.92219
89.067,-3.40625,-3.40625,3.40625,3.40625,0,-4.81717
89.1,-3.95046,-3.95046,3.95046,3.95046,0,-5.5868
89.133,-4.39187,-4.39187,4.39187,4.39187,0,-6.21104
89.166,-4.71899,-4.71899,4.71899,4.71899,0,-6.67366
89.199,-4.92331,-4.92331,4.92331,4.92331,0,-6.96261
89.232,-4.99952,-4.99952,4.99952,4.99952,0,-7.07039
89.265,-4.94563,-4.94563,4.94563,4.94563,0,-6.99417
89.298,-4.76304,-4.76304,4.76304,4.76304,0,-6.73595
89.331,-4.45651,-4.45651,4.45651,4.45651,0,-6.30245
89.364,-4.03401,-4.03401,4.03401,4.03401,0,-5.70494
89.397,-3.50653,-3.50653,3.50653,3.50653,0,-4.95898
89.43,-2.88781,-2.88781,2.88781,2.88781,0,-4.08398
89.463,-2.19394,-2.19394,2.19394,2.19394,0,-3.1027
89.496,-1.44298,-1.44298,1.44298,1.44298,0,-2.04068
89.529,-0.654468,-0.654468,0.654468,0.654468,0,-0.925557
89.562,0.151073,0.151073,-0.151073,-0.151073,0,0.21365
89.595,0.952683,0.952683,-0.952683,-0.952683,0,1.3473
89.628,1.7295,1.7295,-1.7295,-1.7295,0,2.44588
89.661,2.46131,2.46131,-2.46131,-2.46131,0,3.48082
89.694,3.12908,3.12908,-3.12908,-3.12908,0,4.42519
89.727,3.71542,3.71542,-3.71542,-3.71542,0,5.25439
89.76,4.20507,4.20507,-4.20507,-4.20507,0,5.94687
89.793,4.5853,4.5853,-4.5853,-4.5853,0,6.4846
89.826,4.84621,4.84621,-4.84621,-4.84621,0,6.85358
89.859,4.98101,4.98101,-4.98101,-4.98101,0,7.04422
89.892,4.9862,4.9862,-4.9862,-4.9862,0,7.05155
89.925,4.86163,4.86163,-4.86163,-4.86163,0,6.87538
89.958,4.61055,4.61055,-4.61055,-4.61055,0,6.52031
89.991,4.2395,4.2395,-4.2395,-4.2395,0,5.99555
90.024,3.75812,3.75812,-3.75812,-3.75812,0,5.31479
90.057,3.17895,3.17895,-3.17895,-3.17895,0,4.49571
90.09,2.51706,2.51706,-2.51706,-2.51706,0,3.55965
90.123,1.78966,1.78966,-1.78966,-1.78966,0,2.53096
90.156,1.0157,1.0157,-1.0157,-1.0157,0,1.43641
90.189,0.215302,0.215302,-0.215302,-0.215302,0,0.304483
90.222,-0.590696,-0.590696,0.590696,0.590696,0,-0.835371
90.255,-1.38132,-1.38132,1.38132,1.38132,0,-1.95349
90.288,-2.136,-2.136,2.136,2.136,0,-3.02077
90.321,-2.8351,-2.8351,2.8351,2.8351,0,-4.00944
90.354,-3.46043,-3.46043,3.46043,3.46043,0,-4.89378
90.387,-3.9957,-3.9957,3.9957,3.9957,0,-5.65077
90.42,-4.427,-4.427,4.427,4.427,0,-6.26072
90.453,-4.74309,-4.74309,4.74309,4.74309,0,-6.70775
90.486,-4.93577,-4.93577,4.93577,4.93577,0,-6.98023
90.519,-5,-5,5,5,0,-7.07106
90.552,-4.93412,-4.93412,4.93412,4.93412,0,-6.9779
90.585,-4.73984,-4.73984,4.73984,4.73984,0,-6.70315
90.618,-4.42223,-4.42223,4.42223,4.42223,0,-6.25397
90.651,-3.98953,-3.98953,3.98953,3.98953,0,-5.64205
90.684,-3.45302,-3.45302,3.45302,3.45302,0,-4.88331
90.717,-2.82666,-2.82666,2.82666,2.82666,0,-3.9975
90.75,-2.12674,-2.12674,2.12674,2.12674,0,-3.00766
90.783,-1.37147,-1.37147,1.37147,1.37147,0,-1.93956
90.816,-0.580521,-0.580521,0.580521,0.580521,0,-0.82098
90.849,0.225538,0.225538,-0.225538,-0.225538,0,0.318959
90.882,1.02573,1.02573,-1.02573,-1.02573,0,1.4506
90.915,1.79923,1.79923,-1.79923,-1.79923,0,2.54449
90.948,2.5259,2.5259,-2.5259,-2.5259,0,3.57217
90.981,3.18685,3.18685,-3.18685,-3.18685,0,4.50689
91.014,3.76487,3.76487,-3.76487,-3.76487,0,5.32433
91.047,4.24492,4.24492,-4.24492,-4.24492,0,6.00322
91.08,4.61451,4.61451,-4.61451,-4.61451,0,6.5259
91.113,4.86401,4.86401,-4.86401,-4.86401,0,6.87875
91.146,4.98695,4.98695,-4.98695,-4.98695,0,7.05261
91.179,4.98011,4.98011,-4.98011,-4.98011,0,7.04294
91.212,4.84368,4.84368,-4.84368,-4.84368,0,6.85
91.245,4.58121,4.58121,-4.58121,-4.58121,0,6.47881
91.278,4.19952,4.19952,-4.19952,-4.19952,0,5.93902
91.311,3.70855,3.70855,-3.70855,-3.70855,0,5.24469
91.344,3.12108,3.12108,-3.12108,-3.12108,0,4.41388
91.377,2.45239,2.45239,-2.45239,-2.45239,0,3.4682
91.41,1.71988,1.71988,-1.71988,-1.71988,0,2.43228
91.443,0.942622,0.942622,-0.942622,-0.942622,0,1.33307
91.476,0.140831,0.140831,-0.140831,-0.140831,0,0.199166
91.509,-0.664624,-0.664624,0.664624,0.664624,0,-0.939921
91.542,-1.45279,-1.45279,1.45279,1.45279,0,-2.05455
91.575,-2.20314,-2.20314,2.20314,2.20314,0,-3.11571
91.608,-2.89617,-2.89617,2.89617,2.89617,0,-4.0958
91.641,-3.51383,-3.51383,3.51383,3.51383,0,-4.9693
91.674,-4.04005,-4.04005,4.04005,4.04005,0,-5.71349
91.707,-4.46114,-4.46114,4.46114,4.46114,0,-6.30901
91.74,-4.76615,-4.76615,4.76615,4.76615,0,-6.74035
91.773,-4.94712,-4.94712,4.94712,4.94712,0,-6.99629
91.806,-4.99937,-4.99937,4.99937,4.99937,0,-7.07017
91.839,-4.92151,-4.92151,4.92151,4.92151,0,-6.96007
91.872,-4.71559,-4.71559,4.71559,4.71559,0,-6.66886
91.905,-4.38696,-4.38696,4.38696,4.38696,0,-6.2041
91.938,-3.94417,-3.94417,3.94417,3.94417,0,-5.5779
91.971,-3.39875,-3.39875,3.39875,3.39875,0,-4.80655
92.004,-2.76488,-2.76488,2.76488,2.76488,0,-3.91013
92.037,-2.05906,-2.05906,2.05906,2.05906,0,-2.91195
92.07,-1.29966,-1.29966,1.29966,1.29966,0,-1.838
92.103,-0.506445,-0.506445,0.506445,0.506445,0,-0.716221
92.136,0.299952,0.299952,-0.299952,-0.299952,0,0.424197
92.169,1.09854,1.09854,-1.09854,-1.09854,0,1.55358
92.202,1.86855,1.86855,-1.86855,-1.86855,0,2.64253
92.235,2.58993,2.58993,-2.58993,-2.58993,0,3.66271
92.268,3.24392,3.24392,-3.24392,-3.24392,0,4.58759
92.301,3.81349,3.81349,-3.81349,-3.81349,0,5.39309
92.334,4.28382,4.28382,-4.28382,-4.28382,0,6.05824
92.367,4.64269,4.64269,-4.64269,-4.64269,0,6.56575
92.4,4.88073,4.88073,-4.88073,-4.88073,0,6.9024
92.433,4.99178,4.99178,-4.99178,-4.99178,0,7.05944
92.466,4.97292,4.97292,-4.97292,-4.97292,0,7.03277
92.499,4.82466,4.82466,-4.82466,-4.82466,0,6.8231
92.532,4.55085,4.55085,-4.55085,-4.55085,0,6.43587
92.565,4.15861,4.15861,-4.15861,-4.15861,0,5.88117
92.598,3.65816,3.65816,-3.65816,-3.65816,0,5.17342
92.631,3.06252,3.06252,-3.06252,-3.06252,0,4.33106
92.664,2.38718,2.38718,-2.38718,-2.38718,0,3.37599
92.697,1.64972,1.64972,-1.64972,-1.64972,0,2.33306
92.73,0.869339,0.869339,-0.869339,-0.869339,0,1.22943
92.763,0.06633,0.06633,-0.06633,-0.06633,0,0.0938048
92.796,-0.738405,-0.738405,0.738405,0.738405,0,-1.04426
92.829,-1.52392,-1.52392,1.52392,1.52392,0,-2.15515
92.862,-2.26979,-2.26979,2.26979,2.26979,0,-3.20997
92.895,-2.95659,-2.95659,2.95659,2.95659,0,-4.18125
92.928,-3.56645,-3.56645,3.56645,3.56645,0,-5.04372
92.961,-4.0835,-4.0835,4.0835,4.0835,0,-5.77495
92.994,-4.4943,-4.4943,4.4943,4.4943,0,-6.3559
93.027,-4.78814,-4.78814,4.78814,4.78814,0,-6.77145
93.06,-4.95738,-4.95738,4.95738,4.95738,0,-7.0108
93.093,-4.99762,-4.99762,4.99762,4.99762,0,-7.06771
93.126,-4.90782,-4.90782,4.90782,4.90782,0,-6.9407
93.159,-4.6903,-4.6903,4.6903,4.6903,0,-6.63308
93.192,-4.35072,-4.35072,4.35072,4.35072,0,-6.15285
93.225,-3.89794,-3.89794,3.89794,3.89794,0,-5.51251
93.258,-3.34372,-3.34372,3.34372,3.34372,0,-4.72873
93.291,-2.70248,-2.70248,2.70248,2.70248,0,-3.82189
93.324,-1.99093,-1.99093,1.99093,1.99093,0,-2.8156
93.357,-1.22756,-1.22756,1.22756,1.22756,0,-1.73604
93.39,-0.432256,-0.432256,0.432256,0.432256,0,-0.611303
93.423,0.3743,0.3743,-0.3743,-0.3743,0,0.529341
93.456,1.17112,1.17112,-1.17112,-1.17112,0,1.65621
93.489,1.93746,1.93746,-1.93746,-1.93746,0,2.73998
93.522,2.65338,2.65338,-2.65338,-2.65338,0,3.75245
93.555,3.30026,3.30026,-3.30026,-3.30026,0,4.66727
93.588,3.86126,3.86126,-3.86126,-3.86126,0,5.46064
93.621,4.32178,4.32178,-4.32178,-4.32178,0,6.11191
93.654,4.66983,4.66983,-4.66983,-4.66983,0,6.60414
93.687,4.89637,4.89637,-4.89637,-4.89637,0,6.92451
93.72,4.99549,4.99549,-4.99549,-4.99549,0,7.06469
93.753,4.96462,4.96462,-4.96462,-4.96462,0,7.02104
93.786,4.80456,4.80456,-4.80456,-4.80456,0,6.79468
93.819,4.51947,4.51947,-4.51947,-4.51947,0,6.3915
93.852,4.11678,4.11678,-4.11678,-4.11678,0,5.82201
93.885,3.60696,3.60696,-3.60696,-3.60696,0,5.10101
93.918,3.00328,3.00328,-3.00328,-3.00328,0,4.24727
93.951,2.32144,2.32144,-2.32144,-2.32144,0,3.28302
93.984,1.5792,1.5792,-1.5792,-1.5792,0,2.23332
94.017,0.795862,0.795862,-0.795862,-0.795862,0,1.12552
94.05,-0.00818623,-0.00818623,0.00818623,0.00818623,0,-0.0115771
94.083,-0.812021,-0.812021,0.812021,0.812021,0,-1.14837
94.116,-1.59473,-1.59473,1.59473,1.59473,0,-2.25528
94.149,-2.33593,-2.33593,2.33593,2.33593,0,-3.30351
94.182,-3.01635,-3.01635,3.01635,3.01635,0,-4.26576
94.215,-3.61828,-3.61828,3.61828,3.61828,0,-5.11702
94.248,-4.12605,-4.12605,4.12605,4.12605,0,-5.83512
94.281,-4.52645,-4.52645,4.52645,4.52645,0,-6.40137
94.314,-4.80907,-4.80907,4.80907,4.80907,0,-6.80105
94.347,-4.96654,-4.96654,4.96654,4.96654,0,-7.02375
94.38,-4.99477,-4.99477,4.99477,4.99477,0,-7.06367
94.413,-4.89303,-4.89303,4.89303,4.89303,0,-6.91979
94.446,-4.66396,-4.66396,4.66396,4.66396,0,-6.59583
94.479,-4.31352,-4.31352,4.31352,4.31352,0,-6.10024
94.512,-3.85084,-3.85084,3.85084,3.85084,0,-5.4459
94.545,-3.28794,-3.28794,3.28794,3.28794,0,-4.64985
94.578,-2.63949,-2.63949,2.63949,2.63949,0,-3.7328
94.611,-1.92235,-1.92235,1.92235,1.92235,0,-2.71862
94.644,-1.15519,-1.15519,1.15519,1.15519,0,-1.63369
94.677,-0.357972,-0.357972,0.357972,0.357972,0,-0.506249
94.71,0.448565,0.448565,-0.448565,-0.448565,0,0.634367
94.743,1.24343,1.24343,-1.24343,-1.24343,0,1.75847
94.776,2.00594,2.00594,-2.00594,-2.00594,0,2.83682
94.809,2.71625,2.71625,-2.71625,-2.71625,0,3.84135
94.842,3.35587,3.35587,-3.35587,-3.35587,0,4.74592
94.875,3.90817,3.90817,-3.90817,-3.90817,0,5.52699
94.908,4.35877,4.35877,-4.35877,-4.35877,0,6.16423
94.941,4.69594,4.69594,-4.69594,-4.69594,0,6.64107
94.974,4.91092,4.91092,-4.91092,-4.91092,0,6.94509
95.007,4.9981,4.9981,-4.9981,-4.9981,0,7.06838
95.04,4.95522,4.95522,-4.95522,-4.95522,0,7.00774
95.073,4.7834,4.7834,-4.7834,-4.7834,0,6.76475
95.106,4.4871,4.4871,-4.4871,-4.4871,0,6.34571
95.139,4.07403,4.07403,-4.07403,-4.07403,0,5.76155
95.172,3.55495,3.55495,-3.55495,-3.55495,0,5.02747
95.205,2.94337,2.94337,-2.94337,-2.94337,0,4.16255
95.238,2.25519,2.25519,-2.25519,-2.25519,0,3.18932
95.271,1.50832,1.50832,-1.50832,-1.50832,0,2.13309
95.304,0.722208,0.722208,-0.722208,-0.722208,0,1.02136
95.337,-0.0827006,-0.0827006,0.0827006,0.0827006,0,-0.116956
95.37,-0.885457,-0.885457,0.885457,0.885457,0,-1.25223
95.403,-1.66517,-1.66517,1.66517,1.66517,0,-2.35491
95.436,-2.40156,-2.40156,2.40156,2.40156,0,-3.39631
95.469,-3.07544,-3.07544,3.07544,3.07544,0,-4.34934
95.502,-3.6693,-3.6693,3.6693,3.6693,0,-5.18918
95.535,-4.16768,-4.16768,4.16768,4.16768,0,-5.89399
95.568,-4.5576,-4.5576,4.5576,4.5576,0,-6.44543
95.601,-4.82893,-4.82893,4.82893,4.82893,0,-6.82914
95.634,-4.97459,-4.97459,4.97459,4.97459,0,-7.03514
95.667,-4.99081,-4.99081,4.99081,4.99081,0,-7.05807
95.7,-4.87715,-4.87715,4.87715,4.87715,0,-6.89734
95.733,-4.63658,-4.63658,4.63658,4.63658,0,-6.55712
95.766,-4.27536,-4.27536,4.27536,4.27536,0,-6.04627
95.799,-3.80288,-3.80288,3.80288,3.80288,0,-5.37808
95.832,-3.23144,-3.23144,3.23144,3.23144,0,-4.56995
95.865,-2.57591,-2.57591,2.57591,2.57591,0,-3.64289
95.898,-1.85335,-1.85335,1.85335,1.85335,0,-2.62104
95.931,-1.08257,-1.08257,1.08257,1.08257,0,-1.53098
95.964,-0.283608,-0.283608,0.283608,0.283608,0,-0.401082
95.997,0.52273,0.52273,-0.52273,-0.52273,0,0.739252
96.03,1.31547,1.31547,-1.31547,-1.31547,0,1.86035
96.063,2.07397,2.07397,-2.07397,-2.07397,0,2.93304
96.096,2.7785,2.7785,-2.7785,-2.7785,0,3.9294
96.129,3.41074,3.41074,-3.41074,-3.41074,0,4.82351
96.162,3.95421,3.95421,-3.95421,-3.95421,0,5.5921
96.195,4.39479,4.39479,-4.39479,-4.39479,0,6.21518
96.228,4.72101,4.72101,-4.72101,-4.72101,0,6.67652
96.261,4.92438,4.92438,-4.92438,-4.92438,0,6.96412
96.294,4.9996,4.9996,-4.9996,-4.9996,0,7.0705
96.327,4.94472,4.94472,-4.94472,-4.94472,0,6.99289
96.36,4.76117,4.76117,-4.76117,-4.76117,0,6.73331
96.393,4.45373,4.45373,-4.45373,-4.45373,0,6.29852
96.426,4.03038,4.03038,-4.03038,-4.03038,0,5.69982
96.459,3.50216,3.50216,-3.50216,-3.50216,0,4.9528
96.492,2.8828,2.8828,-2.8828,-2.8828,0,4.0769
96.525,2.18843,2.18843,-2.18843,-2.18843,0,3.09491
96.558,1.43711,1.43711,-1.43711,-1.43711,0,2.03238
96.591,0.648394,0.648394,-0.648394,-0.648394,0,0.916967
96.624,-0.157197,-0.157197,0.157197,0.157197,0,-0.22231
96.657,-0.958696,-0.958696,0.958696,0.958696,0,-1.3558
96.69,-1.73525,-1.73525,1.73525,1.73525,0,-2.45401
96.723,-2.46665,-2.46665,2.46665,2.46665,0,-3.48836
96.756,-3.13386,-3.13386,3.13386,3.13386,0,-4.43194
96.789,-3.71951,-3.71951,3.71951,3.71951,0,-5.26019
96.822,-4.20838,-4.20838,4.20838,4.20838,0,-5.95155
96.855,-4.58774,-4.58774,4.58774,4.58774,0,-6.48805
96.888,-4.84772,-4.84772,4.84772,4.84772,0,-6.85571
96.921,-4.98154,-4.98154,4.98154,4.98154,0,-7.04497
96.954,-4.98574,-4.98574,4.98574,4.98574,0,-7.0509
96.987,-4.8602,-4.8602,4.8602,4.8602,0,-6.87335
97.02,-4.60818,-4.60818,4.60818,4.60818,0,-6.51695
97.053,-4.23625,-4.23625,4.23625,4.23625,0,-5.99096
97.086,-3.75408,-3.75408,3.75408,3.75408,0,-5.30907
97.119,-3.17422,-3.17422,3.17422,3.17422,0,-4.48902
97.152,-2.51176,-2.51176,2.51176,2.51176,0,-3.55217
97.185,-1.78394,-1.78394,1.78394,1.78394,0,-2.52287
97.218,-1.0097,-1.0097,1.0097,1.0097,0,-1.42793
97.251,-0.209181,-0.209181,0.209181,0.209181,0,-0.295827
97.284,0.596779,0.596779,-0.596779,-0.596779,0,0.843973
97.317,1.38721,1.38721,-1.38721,-1.38721,0,1.96181
97.35,2.14154,2.14154,-2.14154,-2.14154,0,3.0286
97.383,2.84015,2.84015,-2.84015,-2.84015,0,4.01657
97.416,3.46484,3.46484,-3.46484,-3.46484,0,4.90003
97.449,3.99938,3.99938,-3.99938,-3.99938,0,5.65598
97.482,4.42984,4.42984,-4.42984,-4.42984,0,6.26474
97.515,4.74503,4.74503,-4.74503,-4.74503,0,6.71048
97.548,4.93674,4.93674,-4.93674,-4.93674,0,6.98161
97.581,4.99999,4.99999,-4.99999,-4.99999,0,7.07105
97.614,4.93312,4.93312,-4.93312,-4.93312,0,6.97649
97.647,4.73789,4.73789,-4.73789,-4.73789,0,6.70039
97.68,4.41936,4.41936,-4.41936,-4.41936,0,6.24992
97.713,3.98584,3.98584,-3.98584,-3.98584,0,5.63682
97.746,3.44859,3.44859,-3.44859,-3.44859,0,4.87704
97.779,2.8216,2.8216,-2.8216,-2.8216,0,3.99035
97.812,2.12119,2.12119,-2.12119,-2.12119,0,2.99982
97.845,1.36558,1.36558,-1.36558,-1.36558,0,1.93122
97.878,0.574435,0.574435,-0.574435,-0.574435,0,0.812374
97.911,-0.231658,-0.231658,0.231658,0.231658,0,-0.327614
97.944,-1.03172,-1.03172,1.03172,1.03172,0,-1.45908
97.977,-1.80494,-1.80494,1.80494,1.80494,0,-2.55257
98.01,-2.53119,-2.53119,2.53119,2.53119,0,-3.57964
98.043,-3.19157,-3.19157,3.19157,3.19157,0,-4.51356
98.076,-3.7689,-3.7689,3.7689,3.7689,0,-5.33003
98.109,-4.24815,-4.24815,4.24815,4.24815,0,-6.0078
98.142,-4.61686,-4.61686,4.61686,4.61686,0,-6.52923
98.175,-4.86543,-4.86543,4.86543,4.86543,0,-6.88076
98.208,-4.98739,-4.98739,4.98739,4.98739,0,-7.05323
98.241,-4.97956,-4.97956,4.97956,4.97956,0,-7.04216
98.274,-4.84216,-4.84216,4.84216,4.84216,0,-6.84785
98.307,-4.57875,-4.57875,4.57875,4.57875,0,-6.47533
98.34,-4.19619,-4.19619,4.19619,4.19619,0,-5.93431
98.373,-3.70444,-3.70444,3.70444,3.70444,0,-5.23887
98.406,-3.11629,-3.11629,3.11629,3.11629,0,-4.4071
98.439,-2.44705,-2.44705,2.44705,2.44705,0,-3.46065
98.472,-1.71413,-1.71413,1.71413,1.71413,0,-2.42415
98.505,-0.936605,-0.936605,0.936605,0.936605,0,-1.32456
98.538,-0.134708,-0.134708,0.134708,0.134708,0,-0.190505
98.571,0.670696,0.670696,-0.670696,-0.670696,0,0.948507
98.604,1.45865,1.45865,-1.45865,-1.45865,0,2.06284
98.637,2.20864,2.20864,-2.20864,-2.20864,0,3.12349
98.67,2.90116,2.90116,-2.90116,-2.90116,0,4.10286
98.703,3.51818,3.51818,-3.51818,-3.51818,0,4.97546
98.736,4.04366,4.04366,-4.04366,-4.04366,0,5.71859
98.769,4.46391,4.46391,-4.46391,-4.46391,0,6.31292
98.802,4.76799,4.76799,-4.76799,-4.76799,0,6.74296
98.835,4.94801,4.94801,-4.94801,-4.94801,0,6.99754
98.868,4.99926,4.99926,-4.99926,-4.99926,0,7.07003
98.901,4.92043,4.92043,-4.92043,-4.92043,0,6.95854
98.934,4.71355,4.71355,-4.71355,-4.71355,0,6.66597
98.967,4.38402,4.38402,-4.38402,-4.38402,0,6.19994
99,3.9404,3.9404,-3.9404,-3.9404,0,5.57257
99.033,3.39425,3.39425,-3.39425,-3.39425,0,4.8002
99.066,2.75977,2.75977,-2.75977,-2.75977,0,3.90291
99.099,2.05348,2.05348,-2.05348,-2.05348,0,2.90405
99.132,1.29375,1.29375,-1.29375,-1.29375,0,1.82963
99.165,0.50035,0.50035,-0.50035,-0.50035,0,0.707601
99.198,-0.306067,-0.306067,0.306067,0.306067,0,-0.432845
99.231,-1.10452,-1.10452,1.10452,1.10452,0,-1.56203
99.264,-1.87423,-1.87423,1.87423,1.87423,0,-2.65056
99.297,-2.59517,-2.59517,2.59517,2.59517,0,-3.67012
99.33,-3.24858,-3.24858,3.24858,3.24858,0,-4.59418
99.363,-3.81745,-3.81745,3.81745,3.81745,0,-5.39869
99.396,-4.28698,-4.28698,4.28698,4.28698,0,-6.06271
99.429,-4.64496,-4.64496,4.64496,4.64496,0,-6.56896
99.462,-4.88206,-4.88206,4.88206,4.88206,0,-6.90428
99.495,-4.99212,-4.99212,4.99212,4.99212,0,-7.05993
99.528,-4.97228,-4.97228,4.97228,4.97228,0,-7.03186
99.561,-4.82305,-4.82305,4.82305,4.82305,0,-6.82082
99.594,-4.54831,-4.54831,4.54831,4.54831,0,-6.43228
99.627,-4.15521,-4.15521,4.15521,4.15521,0,-5.87635
99.66,-3.65398,-3.65398,3.65398,3.65398,0,-5.16751
99.693,-3.05767,-3.05767,3.05767,3.05767,0,-4.3242
99.726,-2.3818,-2.3818,2.3818,2.3818,0,-3.36837
99.759,-1.64394,-1.64394,1.64394,1.64394,0,-2.32488
99.792,-0.863305,-0.863305,0.863305,0.863305,0,-1.2209
99.825,-0.0602042,-0.0602042,0.0602042,0.0602042,0,-0.0851416
99.858,0.744463,0.744463,-0.744463,-0.744463,0,1.05283
99.891,1.52976,1.52976,-1.52976,-1.52976,0,2.1634
99.924,2.27525,2.27525,-2.27525,-2.27525,0,3.21768
99.957,2.96153,2.96153,-2.96153,-2.96153,0,4.18823
99.99,3.57074,3.57074,-3.57074,-3.57074,0,5.04979
100.023,4.08704,4.08704,-4.08704,-4.08704,0,5.77994
100.056,4.49698,4.49698,-4.49698,-4.49698,0,6.35969
100.089,4.7899,4.7899,-4.7899,-4.7899,0,6.77394
100.122,4.95818,4.95818,-4.95818,-4.95818,0,7.01192
100.155,4.99743,4.99743,-4.99743,-4.99743,0,7.06743
100.188,4.90664,4.90664,-4.90664,-4.90664,0,6.93904
100.221,4.68817,4.68817,-4.68817,-4.68817,0,6.63007
100.254,4.3477,4.3477,-4.3477,-4.3477,0,6.14858
100.287,3.8941,3.8941,-3.8941,-3.8941,0,5.50708
100.32,3.33916,3.33916,-3.33916,-3.33916,0,4.72228
100.353,2.69733,2.69733,-2.69733,-2.69733,0,3.8146
100.386,1.98531,1.98531,-1.98531,-1.98531,0,2.80765
100.419,1.22162,1.22162,-1.22162,-1.22162,0,1.72764
100.452,0.426153,0.426153,-0.426153,-0.426153,0,0.602671
100.485,-0.380409,-0.380409,0.380409,0.380409,0,-0.53798
100.518,-1.17707,-1.17707,1.17707,1.17707,0,-1.66463
100.551,-1.9431,-1.9431,1.9431,1.9431,0,-2.74796
100.584,-2.65857,-2.65857,2.65857,2.65857,0,-3.75979
100.617,-3.30486,-3.30486,3.30486,3.30486,0,-4.67378
100.65,-3.86515,-3.86515,3.86515,3.86515,0,-5.46614
100.683,-4.32485,-4.32485,4.32485,4.32485,0,-6.11627
100.716,-4.67202,-4.67202,4.67202,4.67202,0,-6.60723
100.749,-4.89761,-4.89761,4.89761,4.89761,0,-6.92626
100.782,-4.99575,-4.99575,4.99575,4.99575,0,-7.06506
100.815,-4.96389,-4.96389,4.96389,4.96389,0,-7.02
100.848,-4.80286,-4.80286,4.80286,4.80286,0,-6.79227
100.881,-4.51685,-4.51685,4.51685,4.51685,0,-6.38779
100.914,-4.1133,-4.1133,4.1133,4.1133,0,-5.81709
100.947,-3.60271,-3.60271,3.60271,3.60271,0,-5.09501
100.98,-2.99838,-2.99838,2.99838,2.99838,0,-4.24034
101.013,-2.31601,-2.31601,2.31601,2.31601,0,-3.27534
101.046,-1.57339,-1.57339,1.57339,1.57339,0,-2.2251
101.079,-0.789813,-0.789813,0.789813,0.789813,0,-1.11696
101.112,0.0143125,0.0143125,-0.0143125,-0.0143125,0,0.0202409
101.145,0.818065,0.818065,-0.818065,-0.818065,0,1.15692
101.178,1.60053,1.60053,-1.60053,-1.60053,0,2.26349
101.211,2.34135,2.34135,-2.34135,-2.34135,0,3.31116
101.244,3.02123,3.02123,-3.02123,-3.02123,0,4.27267
101.277,3.6225,3.6225,-3.6225,-3.6225,0,5.12299
101.31,4.12951,4.12951,-4.12951,-4.12951,0,5.84001
101.343,4.52905,4.52905,-4.52905,-4.52905,0,6.40505
101.376,4.81074,4.81074,-4.81074,-4.81074,0,6.80342
101.409,4.96724,4.96724,-4.96724,-4.96724,0,7.02474
101.442,4.99449,4.99449,-4.99449,-4.99449,0,7.06327
101.475,4.89176,4.89176,-4.89176,-4.89176,0,6.918
101.508,4.66175,4.66175,-4.66175,-4.66175,0,6.5927
101.541,4.31042,4.31042,-4.31042,-4.31042,0,6.09585
101.574,3.84692,3.84692,-3.84692,-3.84692,0,5.44037
101.607,3.28333,3.28333,-3.28333,-3.28333,0,4.64332
101.64,2.63429,2.63429,-2.63429,-2.63429,0,3.72544
101.673,1.9167,1.9167,-1.9167,-1.9167,0,2.71062
101.706,1.14923,1.14923,-1.14923,-1.14923,0,1.62526
101.739,0.351861,0.351861,-0.351861,-0.351861,0,0.497607
101.772,-0.454666,-0.454666,0.454666,0.454666,0,-0.642995
101.805,-1.24936,-1.24936,1.24936,1.24936,0,-1.76686
101.838,-2.01155,-2.01155,2.01155,2.01155,0,-2.84476
101.871,-2.72139,-2.72139,2.72139,2.72139,0,-3.84862
101.904,-3.36041,-3.36041,3.36041,3.36041,0,-4.75234
101.937,-3.91199,-3.91199,3.91199,3.91199,0,-5.53239
101.97,-4.36177,-4.36177,4.36177,4.36177,0,-6.16847
102.003,-4.69804,-4.69804,4.69804,4.69804,0,-6.64404
102.036,-4.91207,-4.91207,4.91207,4.91207,0,-6.94671
102.069,-4.99827,-4.99827,4.99827,4.99827,0,-7.06862
102.102,-4.9544,-4.9544,4.9544,4.9544,0,-7.00658
102.135,-4.78161,-4.78161,4.78161,4.78161,0,-6.76222
102.168,-4.48439,-4.48439,4.48439,4.48439,0,-6.34189
102.201,-4.07048,-4.07048,4.07048,4.07048,0,-5.75653
102.234,-3.55064,-3.55064,3.55064,3.55064,0,-5.02137
102.267,-2.93841,-2.93841,2.93841,2.93841,0,-4.15554
102.3,-2.24972,-2.24972,2.24972,2.24972,0,-3.18158
102.333,-1.50248,-1.50248,1.50248,1.50248,0,-2.12483
102.366,-0.716145,-0.716145,0.716145,0.716145,0,-1.01278
102.399,0.088826,0.088826,-0.088826,-0.088826,0,0.125619
102.432,0.891486,0.891486,-0.891486,-0.891486,0,1.26075
102.465,1.67095,1.67095,-1.67095,-1.67095,0,2.36308
102.498,2.40693,2.40693,-2.40693,-2.40693,0,3.40391
102.531,3.08027,3.08027,-3.08027,-3.08027,0,4.35616
102.564,3.67346,3.67346,-3.67346,-3.67346,0,5.19506
102.597,4.17106,4.17106,-4.17106,-4.17106,0,5.89877
102.63,4.56012,4.56012,-4.56012,-4.56012,0,6.44898
102.663,4.83051,4.83051,-4.83051,-4.83051,0,6.83138
102.696,4.97521,4.97521,-4.97521,-4.97521,0,7.03601
102.729,4.99044,4.99044,-4.99044,-4.99044,0,7.05754
102.762,4.8758,4.8758,-4.8758,-4.8758,0,6.89542
102.795,4.63429,4.63429,-4.63429,-4.63429,0,6.55387
102.828,4.27218,4.27218,-4.27218,-4.27218,0,6.04177
102.861,3.7989,3.7989,-3.7989,-3.7989,0,5.37245
102.894,3.22676,3.22676,-3.22676,-3.22676,0,4.56333
102.927,2.57066,2.57066,-2.57066,-2.57066,0,3.63546
102.96,1.84766,1.84766,-1.84766,-1.84766,0,2.61299
102.993,1.07658,1.07658,-1.07658,-1.07658,0,1.52252
103.026,0.277491,0.277491,-0.277491,-0.277491,0,0.392432
103.059,-0.528822,-0.528822,0.528822,0.528822,0,-0.747868
103.092,-1.32138,-1.32138,1.32138,1.32138,0,-1.86871
103.125,-2.07954,-2.07954,2.07954,2.07954,0,-2.94092
103.158,-2.7836,-2.7836,2.7836,2.7836,0,-3.9366
103.191,-3.41521,-3.41521,3.41521,3.41521,0,-4.82984
103.224,-3.95796,-3.95796,3.95796,3.95796,0,-5.5974
103.257,-4.39771,-4.39771,4.39771,4.39771,0,-6.2193
103.29,-4.72302,-4.72302,4.72302,4.72302,0,-6.67937
103.323,-4.92543,-4.92543,4.92543,4.92543,0,-6.96562
103.356,-4.99967,-4.99967,4.99967,4.99967,0,-7.07061
103.389,-4.94381,-4.94381,4.94381,4.94381,0,-6.9916
103.422,-4.7593,-4.7593,4.7593,4.7593,0,-6.73066
103.455,-4.45094,-4.45094,4.45094,4.45094,0,-6.29458
103.488,-4.02675,-4.02675,4.02675,4.02675,0,-5.69469
103.521,-3.49779,-3.49779,3.49779,3.49779,0,-4.94662
103.554,-2.8778,-2.8778,2.8778,2.8778,0,-4.06982
103.587,-2.18292,-2.18292,2.18292,2.18292,0,-3.08712
103.62,-1.43124,-1.43124,1.43124,1.43124,0,-2.02408
103.653,-0.642319,-0.642319,0.642319,0.642319,0,-0.908376
103.686,0.16332,0.16332,-0.16332,-0.16332,0,0.230969
103.719,0.964708,0.964708,-0.964708,-0.964708,0,1.3643
103.752,1.74099,1.74099,-1.74099,-1.74099,0,2.46214
103.785,2.47197,2.47197,-2.47197,-2.47197,0,3.4959
103.818,3.13863,3.13863,-3.13863,-3.13863,0,4.43869
103.851,3.72361,3.72361,-3.72361,-3.72361,0,5.26597
103.884,4.21169,4.21169,-4.21169,-4.21169,0,5.95623
103.917,4.59018,4.59018,-4.59018,-4.59018,0,6.49149
103.95,4.84921,4.84921,-4.84921,-4.84921,0,6.85782
103.983,4.98207,4.98207,-4.98207,-4.98207,0,7.04571
104.016,4.98527,4.98527,-4.98527,-4.98527,0,7.05024
104.049,4.85875,4.85875,-4.85875,-4.85875,0,6.87132
104.082,4.6058,4.6058,-4.6058,-4.6058,0,6.51358
104.115,4.23299,4.23299,-4.23299,-4.23299,0,5.98635
104.148,3.75003,3.75003,-3.75003,-3.75003,0,5.30334
104.181,3.16948,3.16948,-3.16948,-3.16948,0,4.48233
104.214,2.50646,2.50646,-2.50646,-2.50646,0,3.54467
104.247,1.77822,1.77822,-1.77822,-1.77822,0,2.51478
104.28,1.0037,1.0037,-1.0037,-1.0037,0,1.41944
104.313,0.20306,0.20306,-0.20306,-0.20306,0,0.28717
104.346,-0.602861,-0.602861,0.602861,0.602861,0,-0.852574
104.379,-1.39309,-1.39309,1.39309,1.39309,0,-1.97013
104.412,-2.14708,-2.14708,2.14708,2.14708,0,-3.03642
104.445,-2.84519,-2.84519,2.84519,2.84519,0,-4.0237
104.478,-3.46926,-3.46926,3.46926,3.46926,0,-4.90627
104.511,-4.00305,-4.00305,4.00305,4.00305,0,-5.66117
104.544,-4.43268,-4.43268,4.43268,4.43268,0,-6.26875
104.577,-4.74696,-4.74696,4.74696,4.74696,0,-6.71321
104.61,-4.93771,-4.93771,4.93771,4.93771,0,-6.98297
104.643,-4.99997,-4.99997,4.99997,4.99997,0,-7.07103
104.676,-4.93212,-4.93212,4.93212,4.93212,0,-6.97507
104.709,-4.73593,-4.73593,4.73593,4.73593,0,-6.69761
104.742,-4.41649,-4.41649,4.41649,4.41649,0,-6.24587
104.775,-3.98213,-3.98213,3.98213,3.98213,0,-5.63159
104.808,-3.44415,-3.44415,3.44415,3.44415,0,-4.87076
104.841,-2.81654,-2.81654,2.81654,2.81654,0,-3.98319
104.874,-2.11564,-2.11564,2.11564,2.11564,0,-2.99197
104.907,-1.35969,-1.35969,1.35969,1.35969,0,-1.92289
104.94,-0.568349,-0.568349,0.568349,0.568349,0,-0.803767
104.973,0.237777,0.237777,-0.237777,-0.237777,0,0.336268
105.006,1.03772,1.03772,-1.03772,-1.03772,0,1.46755
105.039,1.81065,1.81065,-1.81065,-1.81065,0,2.56065
105.072,2.53647,2.53647,-2.53647,-2.53647,0,3.58711
105.105,3.19628,3.19628,-3.19628,-3.19628,0,4.52023
105.138,3.77292,3.77292,-3.77292,-3.77292,0,5.33572
105.171,4.25138,4.25138,-4.25138,-4.25138,0,6.01236
105.204,4.61921,4.61921,-4.61921,-4.61921,0,6.53255
105.237,4.86684,4.86684,-4.86684,-4.86684,0,6.88275
105.27,4.98782,4.98782,-4.98782,-4.98782,0,7.05384
105.303,4.97901,4.97901,-4.97901,-4.97901,0,7.04138
105.336,4.84063,4.84063,-4.84063,-4.84063,0,6.84568
105.369,4.57629,4.57629,-4.57629,-4.57629,0,6.47185
105.402,4.19286,4.19286,-4.19286,-4.19286,0,5.9296
105.435,3.70032,3.70032,-3.70032,-3.70032,0,5.23305
105.468,3.1115,3.1115,-3.1115,-3.1115,0,4.40032
105.501,2.44171,2.44171,-2.44171,-2.44171,0,3.45309
105.534,1.70837,1.70837,-1.70837,-1.70837,0,2.41601
105.567,0.930587,0.930587,-0.930587,-0.930587,0,1.31605
105.6,0.128583,0.128583,-0.128583,-0.128583,0,0.181844
105.633,-0.676766,-0.676766,0.676766,0.676766,0,-0.957092
105.666,-1.4645,-1.4645,1.4645,1.4645,0,-2.07112
105.699,-2.21413,-2.21413,2.21413,2.21413,0,-3.13126
105.732,-2.90615,-2.90615,2.90615,2.90615,0,-4.10991
105.765,-3.52253,-3.52253,3.52253,3.52253,0,-4.98161
105.798,-4.04726,-4.04726,4.04726,4.04726,0,-5.72369
105.831,-4.46666,-4.46666,4.46666,4.46666,0,-6.31681
105.864,-4.76983,-4.76983,4.76983,4.76983,0,-6.74556
105.897,-4.94889,-4.94889,4.94889,4.94889,0,-6.99878
105.93,-4.99916,-4.99916,4.99916,4.99916,0,-7.06987
105.963,-4.91934,-4.91934,4.91934,4.91934,0,-6.95699
105.996,-4.71151,-4.71151,4.71151,4.71151,0,-6.66307
106.029,-4.38107,-4.38107,4.38107,4.38107,0,-6.19577
106.062,-3.93663,-3.93663,3.93663,3.93663,0,-5.56724
106.095,-3.38975,-3.38975,3.38975,3.38975,0,-4.79383
106.128,-2.75466,-2.75466,2.75466,2.75466,0,-3.89568
106.161,-2.04789,-2.04789,2.04789,2.04789,0,-2.89615
106.194,-1.28783,-1.28783,1.28783,1.28783,0,-1.82126
106.227,-0.494254,-0.494254,0.494254,0.494254,0,-0.69898
106.26,0.312182,0.312182,-0.312182,-0.312182,0,0.441492
106.293,1.11049,1.11049,-1.11049,-1.11049,0,1.57048
106.326,1.87991,1.87991,-1.87991,-1.87991,0,2.65859
106.359,2.6004,2.6004,-2.6004,-2.6004,0,3.67753
106.392,3.25323,3.25323,-3.25323,-3.25323,0,4.60076
106.425,3.8214,3.8214,-3.8214,-3.8214,0,5.40428
106.458,4.29013,4.29013,-4.29013,-4.29013,0,6.06716
106.491,4.64722,4.64722,-4.64722,-4.64722,0,6.57216
106.524,4.88338,4.88338,-4.88338,-4.88338,0,6.90614
106.557,4.99246,4.99246,-4.99246,-4.99246,0,7.06041
106.59,4.97163,4.97163,-4.97163,-4.97163,0,7.03095
106.623,4.82143,4.82143,-4.82143,-4.82143,0,6.81853
106.656,4.54576,4.54576,-4.54576,-4.54576,0,6.42867
106.689,4.1518,4.1518,-4.1518,-4.1518,0,5.87153
106.722,3.6498,3.6498,-3.6498,-3.6498,0,5.1616
106.755,3.05282,3.05282,-3.05282,-3.05282,0,4.31735
106.788,2.37641,2.37641,-2.37641,-2.37641,0,3.36075
106.821,1.63815,1.63815,-1.63815,-1.63815,0,2.3167
106.854,0.85727,0.85727,-0.85727,-0.85727,0,1.21236
106.887,0.0540784,0.0540784,-0.0540784,-0.0540784,0,0.0764784
106.92,-0.750521,-0.750521,0.750521,0.750521,0,-1.0614
106.953,-1.53559,-1.53559,1.53559,1.53559,0,-2.17165
106.986,-2.2807,-2.2807,2.2807,2.2807,0,-3.22539
107.019,-2.96646,-2.96646,2.96646,2.96646,0,-4.19521
107.052,-3.57503,-3.57503,3.57503,3.57503,0,-5.05585
107.085,-4.09056,-4.09056,4.09056,4.09056,0,-5.78493
107.118,-4.49965,-4.49965,4.49965,4.49965,0,-6.36347
107.151,-4.79165,-4.79165,4.79165,4.79165,0,-6.77642
107.184,-4.95896,-4.95896,4.95896,4.95896,0,-7.01303
107.217,-4.99723,-4.99723,4.99723,4.99723,0,-7.06715
107.25,-4.90546,-4.90546,4.90546,4.90546,0,-6.93737
107.283,-4.68604,-4.68604,4.68604,4.68604,0,-6.62706
107.316,-4.34467,-4.34467,4.34467,4.34467,0,-6.1443
107.349,-3.89025,-3.89025,3.89025,3.89025,0,-5.50165
107.382,-3.3346,-3.3346,3.3346,3.3346,0,-4.71583
107.415,-2.69217,-2.69217,2.69217,2.69217,0,-3.8073
107.448,-1.97968,-1.97968,1.97968,1.97968,0,-2.7997
107.481,-1.21568,-1.21568,1.21568,1.21568,0,-1.71924
107.514,-0.420048,-0.420048,0.420048,0.420048,0,-0.594038
107.547,0.386517,0.386517,-0.386517,-0.386517,0,0.546618
107.58,1.18302,1.18302,-1.18302,-1.18302,0,1.67305
107.613,1.94875,1.94875,-1.94875,-1.94875,0,2.75595
107.646,2.66376,2.66376,-2.66376,-2.66376,0,3.76712
107.679,3.30945,3.30945,-3.30945,-3.30945,0,4.68028
107.712,3.86903,3.86903,-3.86903,-3.86903,0,5.47163
107.745,4.32793,4.32793,-4.32793,-4.32793,0,6.12061
107.778,4.6742,4.6742,-4.6742,-4.6742,0,6.61031
107.811,4.89884,4.89884,-4.89884,-4.89884,0,6.928
107.844,4.996,4.996,-4.996,-4.996,0,7.06541
107.877,4.96315,4.96315,-4.96315,-4.96315,0,7.01896
107.91,4.80115,4.80115,-4.80115,-4.80115,0,6.78986
107.943,4.51422,4.51422,-4.51422,-4.51422,0,6.38407
107.976,4.10981,4.10981,-4.10981,-4.10981,0,5.81216
108.009,3.59846,3.59846,-3.59846,-3.59846,0,5.089
108.042,2.99347,2.99347,-2.99347,-2.99347,0,4.23341
108.075,2.31058,2.31058,-2.31058,-2.31058,0,3.26766
108.108,1.56757,1.56757,-1.56757,-1.56757,0,2.21688
108.141,0.783763,0.783763,-0.783763,-0.783763,0,1.10841
108.174,-0.0204387,-0.0204387,0.0204387,0.0204387,0,-0.0289047
108.207,-0.824108,-0.824108,0.824108,0.824108,0,-1.16547
108.24,-1.60633,-1.60633,1.60633,1.60633,0,-2.2717
108.273,-2.34676,-2.34676,2.34676,2.34676,0,-3.31882
108.306,-3.02611,-3.02611,3.02611,3.02611,0,-4.27957
108.339,-3.62672,-3.62672,3.62672,3.62672,0,-5.12896
108.372,-4.13296,-4.13296,4.13296,4.13296,0,-5.84489
108.405,-4.53164,-4.53164,4.53164,4.53164,0,-6.40871
108.438,-4.81241,-4.81241,4.81241,4.81241,0,-6.80577
108.471,-4.96794,-4.96794,4.96794,4.96794,0,-7.02573
108.504,-4.9942,-4.9942,4.9942,4.9942,0,-7.06286
108.537,-4.89049,-4.89049,4.89049,4.89049,0,-6.9162
108.57,-4.65953,-4.65953,4.65953,4.65953,0,-6.58957
108.603,-4.30731,-4.30731,4.30731,4.30731,0,-6.09146
108.636,-3.84301,-3.84301,3.84301,3.84301,0,-5.43483
108.669,-3.2787,-3.2787,3.2787,3.2787,0,-4.63679
108.702,-2.62908,-2.62908,2.62908,2.62908,0,-3.71808
108.735,-1.91104,-1.91104,1.91104,1.91104,0,-2.70262
108.768,-1.14327,-1.14327,1.14327,1.14327,0,-1.61683
108.801,-0.34575,-0.34575,0.34575,0.34575,0,-0.488964
108.834,0.460767,0.460767,-0.460767,-0.460767,0,0.651623
108.867,1.25529,1.25529,-1.25529,-1.25529,0,1.77525
108.9,2.01715,2.01715,-2.01715,-2.01715,0,2.85269
108.933,2.72652,2.72652,-2.72652,-2.72652,0,3.85589
108.966,3.36494,3.36494,-3.36494,-3.36494,0,4.75875
108.999,3.9158,3.9158,-3.9158,-3.9158,0,5.53778
109.032,4.36476,4.36476,-4.36476,-4.36476,0,6.1727
109.065,4.70014,4.70014,-4.70014,-4.70014,0,6.647
109.098,4.91321,4.91321,-4.91321,-4.91321,0,6.94832
109.131,4.99842,4.99842,-4.99842,-4.99842,0,7.06884
109.164,4.95357,4.95357,-4.95357,-4.95357,0,7.00541
109.197,4.77982,4.77982,-4.77982,-4.77982,0,6.75968
109.23,4.48168,4.48168,-4.48168,-4.48168,0,6.33805
109.263,4.06692,4.06692,-4.06692,-4.06692,0,5.75149
109.296,3.54633,3.54633,-3.54633,-3.54633,0,5.01527
109.329,2.93345,2.93345,-2.93345,-2.93345,0,4.14853
109.362,2.24425,2.24425,-2.24425,-2.24425,0,3.17384
109.395,1.49664,1.49664,-1.49664,-1.49664,0,2.11656
109.428,0.710082,0.710082,-0.710082,-0.710082,0,1.00421
109.461,-0.0949512,-0.0949512,0.0949512,0.0949512,0,-0.134281
109.494,-0.897513,-0.897513,0.897513,0.897513,0,-1.26928
109.527,-1.67672,-1.67672,1.67672,1.67672,0,-2.37124
109.56,-2.41229,-2.41229,2.41229,2.41229,0,-3.4115
109.593,-3.0851,-3.0851,3.0851,3.0851,0,-4.36298
109.626,-3.67762,-3.67762,3.67762,3.67762,0,-5.20093
109.659,-4.17444,-4.17444,4.17444,4.17444,0,-5.90355
109.692,-4.56263,-4.56263,4.56263,4.56263,0,-6.45253
109.725,-4.83209,-4.83209,4.83209,4.83209,0,-6.83361
109.758,-4.97581,-4.97581,4.97581,4.97581,0,-7.03686
109.791,-4.99005,-4.99005,4.99005,4.99005,0,-7.057
109.824,-4.87444,-4.87444,4.87444,4.87444,0,-6.8935
109.857,-4.63198,-4.63198,4.63198,4.63198,0,-6.55061
109.89,-4.26899,-4.26899,4.26899,4.26899,0,-6.03727
109.923,-3.79491,-3.79491,3.79491,3.79491,0,-5.36682
109.956,-3.22208,-3.22208,3.22208,3.22208,0,-4.55671
109.989,-2.5654,-2.5654,2.5654,2.5654,0,-3.62803
110.022,-1.84197,-1.84197,1.84197,1.84197,0,-2.60494
110.055,-1.0706,-1.0706,1.0706,1.0706,0,-1.51406
110.088,-0.271374,-0.271374,0.271374,0.271374,0,-0.383781
110.121,0.534914,0.534914,-0.534914,-0.534914,0,0.756483
110.154,1.32728,1.32728,-1.32728,-1.32728,0,1.87706
110.187,2.08511,2.08511,-2.08511,-2.08511,0,2.94879
110.22,2.78868,2.78868,-2.78868,-2.78868,0,3.94379
110.253,3.41969,3.41969,-3.41969,-3.41969,0,4.83617
110.286,3.9617,3.9617,-3.9617,-3.9617,0,5.60269
110.319,4.40062,4.40062,-4.40062,-4.40062,0,6.22342
110.352,4.72503,4.72503,-4.72503,-4.72503,0,6.6822
110.385,4.92648,4.92648,-4.92648,-4.92648,0,6.9671
110.418,4.99974,4.99974,-4.99974,-4.99974,0,7.0707
110.451,4.94289,4.94289,-4.94289,-4.94289,0,6.9903
110.484,4.75742,4.75742,-4.75742,-4.75742,0,6.728
110.517,4.44814,4.44814,-4.44814,-4.44814,0,6.29062
110.55,4.02312,4.02312,-4.02312,-4.02312,0,5.68955
110.583,3.49341,3.49341,-3.49341,-3.49341,0,4.94042
110.616,2.87279,2.87279,-2.87279,-2.87279,0,4.06273
110.649,2.17741,2.17741,-2.17741,-2.17741,0,3.07932
110.682,1.42537,1.42537,-1.42537,-1.42537,0,2.01578
110.715,0.636243,0.636243,-0.636243,-0.636243,0,0.899783
110.748,-0.169443,-0.169443,0.169443,0.169443,0,-0.239628
110.781,-0.970719,-0.970719,0.970719,0.970719,0,-1.3728
110.814,-1.74673,-1.74673,1.74673,1.74673,0,-2.47026
110.847,-2.4773,-2.4773,2.4773,2.4773,0,-3.50343
110.88,-3.14339,-3.14339,3.14339,3.14339,0,-4.44543
110.913,-3.72769,-3.72769,3.72769,3.72769,0,-5.27175
110.946,-4.21499,-4.21499,4.21499,4.21499,0,-5.96089
110.979,-4.5926,-4.5926,4.5926,4.5926,0,-6.49492
111.012,-4.8507,-4.8507,4.8507,4.8507,0,-6.85993
111.045,-4.98258,-4.98258,4.98258,4.98258,0,-7.04643
111.078,-4.9848,-4.9848,4.9848,4.9848,0,-7.04957
111.111,-4.8573,-4.8573,4.8573,4.8573,0,-6.86927
111.144,-4.60341,-4.60341,4.60341,4.60341,0,-6.5102
111.177,-4.22972,-4.22972,4.22972,4.22972,0,-5.98173
111.21,-3.74597,-3.74597,3.74597,3.74597,0,-5.29761
111.243,-3.16474,-3.16474,3.16474,3.16474,0,-4.47562
111.276,-2.50116,-2.50116,2.50116,2.50116,0,-3.53717
111.309,-1.77249,-1.77249,1.77249,1.77249,0,-2.50668
111.342,-0.997695,-0.997695,0.997695,0.997695,0,-1.41095
111.375,-0.196939,-0.196939,0.196939,0.196939,0,-0.278513
111.408,0.608942,0.608942,-0.608942,-0.608942,0,0.861174
111.441,1.39898,1.39898,-1.39898,-1.39898,0,1.97845
111.474,2.15261,2.15261,-2.15261,-2.15261,0,3.04425
111.507,2.85022,2.85022,-2.85022,-2.85022,0,4.03082
111.54,3.47367,3.47367,-3.47367,-3.47367,0,4.91251
111.573,4.00672,4.00672,-4.00672,-4.00672,0,5.66636
111.606,4.43551,4.43551,-4.43551,-4.43551,0,6.27276
111.639,4.74888,4.74888,-4.74888,-4.74888,0,6.71593
111.672,4.93867,4.93867,-4.93867,-4.93867,0,6.98433
111.705,4.99994,4.99994,-4.99994,-4.99994,0,7.07099
111.738,4.93111,4.93111,-4.93111,-4.93111,0,6.97364
111.771,4.73396,4.73396,-4.73396,-4.73396,0,6.69483
111.804,4.41362,4.41362,-4.41362,-4.41362,0,6.2418
111.837,3.97843,3.97843,-3.97843,-3.97843,0,5.62634
111.87,3.43971,3.43971,-3.43971,-3.43971,0,4.86448
111.903,2.81148,2.81148,-2.81148,-2.81148,0,3.97603
111.936,2.11009,2.11009,-2.11009,-2.11009,0,2.98412
111.969,1.35379,1.35379,-1.35379,-1.35379,0,1.91455
112.002,0.562262,0.562262,-0.562262,-0.562262,0,0.795159
112.035,-0.243896,-0.243896,0.243896,0.243896,0,-0.344922
112.068,-1.04371,-1.04371,1.04371,1.04371,0,-1.47603
112.101,-1.81636,-1.81636,1.81636,1.81636,0,-2.56872
112.134,-2.54175,-2.54175,2.54175,2.54175,0,-3.59457
112.167,-3.20099,-3.20099,3.20099,3.20099,0,-4.52689
112.2,-3.77694,-3.77694,3.77694,3.77694,0,-5.3414
112.233,-4.2546,-4.2546,4.2546,4.2546,0,-6.01692
112.266,-4.62155,-4.62155,4.62155,4.62155,0,-6.53586
112.299,-4.86824,-4.86824,4.86824,4.86824,0,-6.88473
112.332,-4.98824,-4.98824,4.98824,4.98824,0,-7.05444
112.365,-4.97844,-4.97844,4.97844,4.97844,0,-7.04058
112.398,-4.83909,-4.83909,4.83909,4.83909,0,-6.84351
112.431,-4.57381,-4.57381,4.57381,4.57381,0,-6.46835
112.464,-4.18952,-4.18952,4.18952,4.18952,0,-5.92487
112.497,-3.6962,-3.6962,3.6962,3.6962,0,-5.22722
112.53,-3.1067,-3.1067,3.1067,3.1067,0,-4.39354
112.563,-2.43636,-2.43636,2.43636,2.43636,0,-3.44553
112.596,-1.70262,-1.70262,1.70262,1.70262,0,-2.40786
112.629,-0.924567,-0.924567,0.924567,0.924567,0,-1.30754
112.662,-0.122459,-0.122459,0.122459,0.122459,0,-0.173183
112.695,0.682835,0.682835,-0.682835,-0.682835,0,0.965675
112.728,1.47036,1.47036,-1.47036,-1.47036,0,2.0794
112.761,2.21962,2.21962,-2.21962,-2.21962,0,3.13902
112.794,2.91113,2.91113,-2.91113,-2.91113,0,4.11696
112.827,3.52688,3.52688,-3.52688,-3.52688,0,4.98776
112.86,4.05085,4.05085,-4.05085,-4.05085,0,5.72877
112.893,4.46941,4.46941,-4.46941,-4.46941,0,6.3207
112.926,4.77167,4.77167,-4.77167,-4.77167,0,6.74816
112.959,4.94976,4.94976,-4.94976,-4.94976,0,7.00001
112.992,4.99904,4.99904,-4.99904,-4.99904,0,7.06971
113.025,4.91824,4.91824,-4.91824,-4.91824,0,6.95544
113.058,4.70945,4.70945,-4.70945,-4.70945,0,6.66017
113.091,4.37811,4.37811,-4.37811,-4.37811,0,6.19159
113.124,3.93285,3.93285,-3.93285,-3.93285,0,5.56189
113.157,3.38524,3.38524,-3.38524,-3.38524,0,4.78746
113.19,2.74955,2.74955,-2.74955,-2.74955,0,3.88845
113.223,2.0423,2.0423,-2.0423,-2.0423,0,2.88825
113.256,1.28191,1.28191,-1.28191,-1.28191,0,1.81289
113.289,0.488157,0.488157,-0.488157,-0.488157,0,0.690358
113.322,-0.318296,-0.318296,0.318296,0.318296,0,-0.450139
113.355,-1.11647,-1.11647,1.11647,1.11647,0,-1.57892
113.388,-1.88558,-1.88558,1.88558,1.88558,0,-2.66662
113.421,-2.60563,-2.60563,2.60563,2.60563,0,-3.68492
113.454,-3.25788,-3.25788,3.25788,3.25788,0,-4.60734
113.487,-3.82535,-3.82535,3.82535,3.82535,0,-5.40986
113.52,-4.29327,-4.29327,4.29327,4.29327,0,-6.07161
113.553,-4.64948,-4.64948,4.64948,4.64948,0,-6.57535
113.586,-4.88469,-4.88469,4.88469,4.88469,0,-6.908
113.619,-4.9928,-4.9928,4.9928,4.9928,0,-7.06088
113.652,-4.97098,-4.97098,4.97098,4.97098,0,-7.03002
113.685,-4.8198,-4.8198,4.8198,4.8198,0,-6.81623
113.718,-4.5432,-4.5432,4.5432,4.5432,0,-6.42506
113.751,-4.14838,-4.14838,4.14838,4.14838,0,-5.8667
113.784,-3.64561,-3.64561,3.64561,3.64561,0,-5.15567
113.817,-3.04797,-3.04797,3.04797,3.04797,0,-4.31048
113.85,-2.37102,-2.37102,2.37102,2.37102,0,-3.35312
113.883,-1.63236,-1.63236,1.63236,1.63236,0,-2.30851
113.916,-0.851234,-0.851234,0.851234,0.851234,0,-1.20383
113.949,-0.0479524,-0.0479524,0.0479524,0.0479524,0,-0.067815
113.982,0.756577,0.756577,-0.756577,-0.756577,0,1.06996
114.015,1.54142,1.54142,-1.54142,-1.54142,0,2.17989
114.048,2.28615,2.28615,-2.28615,-2.28615,0,3.2331
114.081,2.97139,2.97139,-2.97139,-2.97139,0,4.20218
114.114,3.57931,3.57931,-3.57931,-3.57931,0,5.0619
114.147,4.09408,4.09408,-4.09408,-4.09408,0,5.78991
114.18,4.50232,4.50232,-4.50232,-4.50232,0,6.36724
114.213,4.7934,4.7934,-4.7934,-4.7934,0,6.77889
114.246,4.95974,4.95974,-4.95974,-4.95974,0,7.01414
114.279,4.99702,4.99702,-4.99702,-4.99702,0,7.06686
114.312,4.90427,4.90427,-4.90427,-4.90427,0,6.93568
114.345,4.6839,4.6839,-4.6839,-4.6839,0,6.62403
114.378,4.34164,4.34164,-4.34164,-4.34164,0,6.14
114.411,3.8864,3.8864,-3.8864,-3.8864,0,5.4962
114.444,3.33003,3.33003,-3.33003,-3.33003,0,4.70937
114.477,2.687,2.687,-2.687,-2.687,0,3.8
114.51,1.97406,1.97406,-1.97406,-1.97406,0,2.79174
114.543,1.20974,1.20974,-1.20974,-1.20974,0,1.71083
114.576,0.413943,0.413943,-0.413943,-0.413943,0,0.585404
114.609,-0.392625,-0.392625,0.392625,0.392625,0,-0.555256
114.642,-1.18898,-1.18898,1.18898,1.18898,0,-1.68147
114.675,-1.95439,-1.95439,1.95439,1.95439,0,-2.76392
114.708,-2.66894,-2.66894,2.66894,2.66894,0,-3.77445
114.741,-3.31404,-3.31404,3.31404,3.31404,0,-4.68677
114.774,-3.87291,-3.87291,3.87291,3.87291,0,-5.47712
114.807,-4.33099,-4.33099,4.33099,4.33099,0,-6.12494
114.84,-4.67637,-4.67637,4.67637,4.67637,0,-6.61339
114.873,-4.90006,-4.90006,4.90006,4.90006,0,-6.92973
114.906,-4.99624,-4.99624,4.99624,4.99624,0,-7.06575
114.939,-4.96241,-4.96241,4.96241,4.96241,0,-7.0179
114.972,-4.79944,-4.79944,4.79944,4.79944,0,-6.78743
115.005,-4.51158,-4.51158,4.51158,4.51158,0,-6.38034
115.038,-4.10632,-4.10632,4.10632,4.10632,0,-5.80722
115.071,-3.59421,-3.59421,3.59421,3.59421,0,-5.08298
115.104,-2.98856,-2.98856,2.98856,2.98856,0,-4.22647
115.137,-2.30515,-2.30515,2.30515,2.30515,0,-3.25997
115.17,-1.56175,-1.56175,1.56175,1.56175,0,-2.20865
115.203,-0.777712,-0.777712,0.777712,0.777712,0,-1.09985
115.236,0.0265649,0.0265649,-0.0265649,-0.0265649,0,0.0375684
115.269,0.83015,0.83015,-0.83015,-0.83015,0,1.17401
115.302,1.61213,1.61213,-1.61213,-1.61213,0,2.2799
115.335,2.35216,2.35216,-2.35216,-2.35216,0,3.32646
115.368,3.03099,3.03099,-3.03099,-3.03099,0,4.28646
115.401,3.63094,3.63094,-3.63094,-3.63094,0,5.13492
115.434,4.1364,4.1364,-4.1364,-4.1364,0,5.84976
115.467,4.53423,4.53423,-4.53423,-4.53423,0,6.41237
115.5,4.81407,4.81407,-4.81407,-4.81407,0,6.80812
115.533,4.96863,4.96863,-4.96863,-4.96863,0,7.0267
115.566,4.9939,4.9939,-4.9939,-4.9939,0,7.06244
115.599,4.88921,4.88921,-4.88921,-4.88921,0,6.91439
115.632,4.6573,4.6573,-4.6573,-4.6573,0,6.58642
115.665,4.3042,4.3042,-4.3042,-4.3042,0,6.08705
115.698,3.83909,3.83909,-3.83909,-3.83909,0,5.42929
115.731,3.27407,3.27407,-3.27407,-3.27407,0,4.63024
115.764,2.62386,2.62386,-2.62386,-2.62386,0,3.7107
115.797,1.90538,1.90538,-1.90538,-1.90538,0,2.69461
115.83,1.1373,1.1373,-1.1373,-1.1373,0,1.60839
115.863,0.339638,0.339638,-0.339638,-0.339638,0,0.48032
115.896,-0.466867,-0.466867,0.466867,0.466867,0,-0.660249
115.929,-1.26122,-1.26122,1.26122,1.26122,0,-1.78364
115.962,-2.02276,-2.02276,2.02276,2.02276,0,-2.86061
115.995,-2.73166,-2.73166,2.73166,2.73166,0,-3.86315
116.028,-3.36947,-3.36947,3.36947,3.36947,0,-4.76515
116.061,-3.91961,-3.91961,3.91961,3.91961,0,-5.54316
116.094,-4.36774,-4.36774,4.36774,4.36774,0,-6.17692
116.127,-4.70222,-4.70222,4.70222,4.70222,0,-6.64995
116.16,-4.91434,-4.91434,4.91434,4.91434,0,-6.94993
116.193,-4.99857,-4.99857,4.99857,4.99857,0,-7.06905
116.226,-4.95273,-4.95273,4.95273,4.95273,0,-7.00422
116.259,-4.77801,-4.77801,4.77801,4.77801,0,-6.75713
116.292,-4.47896,-4.47896,4.47896,4.47896,0,-6.33421
116.325,-4.06335,-4.06335,4.06335,4.06335,0,-5.74645
116.358,-3.54201,-3.54201,3.54201,3.54201,0,-5.00915
116.391,-2.92849,-2.92849,2.92849,2.92849,0,-4.14151
116.424,-2.23877,-2.23877,2.23877,2.23877,0,-3.1661
116.457,-1.49079,-1.49079,1.49079,1.49079,0,-2.1083
116.49,-0.704017,-0.704017,0.704017,0.704017,0,-0.99563
116.523,0.101076,0.101076,-0.101076,-0.101076,0,0.142943
116.556,0.903539,0.903539,-0.903539,-0.903539,0,1.2778
116.589,1.68249,1.68249,-1.68249,-1.68249,0,2.3794
116.622,2.41766,2.41766,-2.41766,-2.41766,0,3.41909
116.655,3.08991,3.08991,-3.08991,-3.08991,0,4.3698
116.688,3.68176,3.68176,-3.68176,-3.68176,0,5.2068
116.721,4.17781,4.17781,-4.17781,-4.17781,0,5.90831
116.754,4.56513,4.56513,-4.56513,-4.56513,0,6.45607
116.787,4.83366,4.83366,-4.83366,-4.83366,0,6.83583
116.82,4.97641,4.97641,-4.97641,-4.97641,0,7.03771
116.853,4.98966,4.98966,-4.98966,-4.98966,0,7.05645
116.886,4.87307,4.87307,-4.87307,-4.87307,0,6.89156
116.919,4.62967,4.62967,-4.62967,-4.62967,0,6.54735
116.952,4.2658,4.2658,-4.2658,-4.2658,0,6.03275
116.985,3.79092,3.79092,-3.79092,-3.79092,0,5.36117
117.018,3.21739,3.21739,-3.21739,-3.21739,0,4.55008
117.051,2.56014,2.56014,-2.56014,-2.56014,0,3.62059
117.084,1.83627,1.83627,-1.83627,-1.83627,0,2.59688
117.117,1.06462,1.06462,-1.06462,-1.06462,0,1.50559
117.15,0.265257,0.265257,-0.265257,-0.265257,0,0.37513
117.183,-0.541005,-0.541005,0.541005,0.541005,0,-0.765096
117.216,-1.33319,-1.33319,1.33319,1.33319,0,-1.88541
117.249,-2.09068,-2.09068,2.09068,2.09068,0,-2.95667
117.282,-2.79377,-2.79377,2.79377,2.79377,0,-3.95098
117.315,-3.42415,-3.42415,3.42415,3.42415,0,-4.84248
117.348,-3.96544,-3.96544,3.96544,3.96544,0,-5.60797
117.381,-4.40353,-4.40353,4.40353,4.40353,0,-6.22753
117.414,-4.72703,-4.72703,4.72703,4.72703,0,-6.68503
117.447,-4.92753,-4.92753,4.92753,4.92753,0,-6.96858
117.48,-4.9998,-4.9998,4.9998,4.9998,0,-7.07078
117.513,-4.94196,-4.94196,4.94196,4.94196,0,-6.98899
117.546,-4.75553,-4.75553,4.75553,4.75553,0,-6.72533
117.579,-4.44534,-4.44534,4.44534,4.44534,0,-6.28666
117.612,-4.01948,-4.01948,4.01948,4.01948,0,-5.6844
117.645,-3.48902,-3.48902,3.48902,3.48902,0,-4.93422
117.678,-2.86777,-2.86777,2.86777,2.86777,0,-4.05564
117.711,-2.17189,-2.17189,2.17189,2.17189,0,-3.07152
117.744,-1.4195,-1.4195,1.4195,1.4195,0,-2.00747
117.777,-0.630166,-0.630166,0.630166,0.630166,0,-0.891189
117.81,0.175565,0.175565,-0.175565,-0.175565,0,0.248287
117.843,0.976727,0.976727,-0.976727,-0.976727,0,1.3813
117.876,1.75247,1.75247,-1.75247,-1.75247,0,2.47837
117.909,2.48262,2.48262,-2.48262,-2.48262,0,3.51095
117.942,3.14815,3.14815,-3.14815,-3.14815,0,4.45216
117.975,3.73177,3.73177,-3.73177,-3.73177,0,5.27752
118.008,4.21828,4.21828,-4.21828,-4.21828,0,5.96555
118.041,4.59502,4.59502,-4.59502,-4.59502,0,6.49834
118.074,4.85219,4.85219,-4.85219,-4.85219,0,6.86203
118.107,4.98309,4.98309,-4.98309,-4.98309,0,7.04715
118.14,4.98432,4.98432,-4.98432,-4.98432,0,7.04889
118.173,4.85585,4.85585,-4.85585,-4.85585,0,6.8672
118.206,4.60102,4.60102,-4.60102,-4.60102,0,6.50682
118.239,4.22645,4.22645,-4.22645,-4.22645,0,5.97711
118.272,3.74191,3.74191,-3.74191,-3.74191,0,5.29186
118.305,3.16,3.16,-3.16,-3.16,0,4.46891
118.338,2.49585,2.49585,-2.49585,-2.49585,0,3.52967
118.371,1.76676,1.76676,-1.76676,-1.76676,0,2.49857
118.404,0.991691,0.991691,-0.991691,-0.991691,0,1.40246
118.437,0.190817,0.190817,-0.190817,-0.190817,0,0.269856
118.47,-0.615023,-0.615023,0.615023,0.615023,0,-0.869773
118.503,-1.40486,-1.40486,1.40486,1.40486,0,-1.98677
118.536,-2.15814,-2.15814,2.15814,2.15814,0,-3.05206
118.569,-2.85525,-2.85525,2.85525,2.85525,0,-4.03794
118.602,-3.47807,-3.47807,3.47807,3.47807,0,-4.91874
118.635,-4.01038,-4.01038,4.01038,4.01038,0,-5.67154
118.668,-4.43833,-4.43833,4.43833,4.43833,0,-6.27675
118.701,-4.75079,-4.75079,4.75079,4.75079,0,-6.71863
118.734,-4.93962,-4.93962,4.93962,4.93962,0,-6.98568
118.767,-4.99991,-4.99991,4.99991,4.99991,0,-7.07094
118.8,-4.93009,-4.93009,4.93009,4.93009,0,-6.97221
118.833,-4.73198,-4.73198,4.73198,4.73198,0,-6.69204
118.866,-4.41074,-4.41074,4.41074,4.41074,0,-6.23772
118.899,-3.97471,-3.97471,3.97471,3.97471,0,-5.62109
118.932,-3.43526,-3.43526,3.43526,3.43526,0,-4.85819
118.965,-2.80641,-2.80641,2.80641,2.80641,0,-3.96886
118.998,-2.10453,-2.10453,2.10453,2.10453,0,-2.97626
119.031,-1.34789,-1.34789,1.34789,1.34789,0,-1.90621
119.064,-0.556174,-0.556174,0.556174,0.556174,0,-0.786549
119.097,0.250015,0.250015,-0.250015,-0.250015,0,0.353575
119.13,1.0497,1.0497,-1.0497,-1.0497,0,1.4845
119.163,1.82207,1.82207,-1.82207,-1.82207,0,2.57679
119.196,2.54702,2.54702,-2.54702,-2.54702,0,3.60203
119.229,3.2057,3.2057,-3.2057,-3.2057,0,4.53354
119.262,3.78095,3.78095,-3.78095,-3.78095,0,5.34707
119.295,4.25782,4.25782,-4.25782,-4.25782,0,6.02146
119.328,4.62389,4.62389,-4.62389,-4.62389,0,6.53916
119.361,4.86963,4.86963,-4.86963,-4.86963,0,6.8867
119.394,4.98866,4.98866,-4.98866,-4.98866,0,7.05503
119.427,4.97787,4.97787,-4.97787,-4.97787,0,7.03977
119.46,4.83754,4.83754,-4.83754,-4.83754,0,6.84132
119.493,4.57134,4.57134,-4.57134,-4.57134,0,6.46485
119.526,4.18617,4.18617,-4.18617,-4.18617,0,5.92014
119.559,3.69207,3.69207,-3.69207,-3.69207,0,5.22138
119.592,3.1019,3.1019,-3.1019,-3.1019,0,4.38675
119.625,2.43101,2.43101,-2.43101,-2.43101,0,3.43796
119.658,1.69685,1.69685,-1.69685,-1.69685,0,2.39971
119.691,0.918546,0.918546,-0.918546,-0.918546,0,1.29902
119.724,0.116335,0.116335,-0.116335,-0.116335,0,0.164522
119.757,-0.688904,-0.688904,0.688904,0.688904,0,-0.974257
119.79,-1.47622,-1.47622,1.47622,1.47622,0,-2.08768
119.823,-2.22511,-2.22511,2.22511,2.22511,0,-3.14678
119.856,-2.91611,-2.91611,2.91611,2.91611,0,-4.124
119.889,-3.53122,-3.53122,3.53122,3.53122,0,-4.9939
119.922,-4.05444,-4.05444,4.05444,4.05444,0,-5.73384
119.955,-4.47215,-4.47215,4.47215,4.47215,0,-6.32458
119.988,-4.7735,-4.7735,4.7735,4.7735,0,-6.75074
120.021,-4.95062,-4.95062,4.95062,4.95062,0,-7.00123
120.054,-4.99892,-4.99892,4.99892,4.99892,0,-7.06953
120.087,-4.91713,-4.91713,4.91713,4.91713,0,-6.95387
120.12,-4.70739,-4.70739,4.70739,4.70739,0,-6.65725
120.153,-4.37515,-4.37515,4.37515,4.37515,0,-6.1874
120.186,-3.92906,-3.92906,3.92906,3.92906,0,-5.55654
120.219,-3.38073,-3.38073,3.38073,3.38073,0,-4.78108
120.252,-2.74443,-2.74443,2.74443,2.74443,0,-3.88121
120.285,-2.03671,-2.03671,2.03671,2.03671,0,-2.88034
120.318,-1.27598,-1.27598,1.27598,1.27598,0,-1.80451
120.351,-0.48206,-0.48206,0.48206,0.48206,0,-0.681735
120.384,0.32441,0.32441,-0.32441,-0.32441,0,0.458784
120.417,1.12244,1.12244,-1.12244,-1.12244,0,1.58737
120.45,1.89126,1.89126,-1.89126,-1.89126,0,2.67464
120.483,2.61086,2.61086,-2.61086,-2.61086,0,3.69231
120.516,3.26252,3.26252,-3.26252,-3.26252,0,4.61391
120.549,3.82929,3.82929,-3.82929,-3.82929,0,5.41543
120.582,4.29641,4.29641,-4.29641,-4.29641,0,6.07604
120.615,4.65173,4.65173,-4.65173,-4.65173,0,6.57854
120.648,4.886,4.886,-4.886,-4.886,0,6.90984
120.681,4.99312,4.99312,-4.99312,-4.99312,0,7.06134
120.714,4.97031,4.97031,-4.97031,-4.97031,0,7.02908
120.747,4.81817,4.81817,-4.81817,-4.81817,0,6.81392
120.78,4.54064,4.54064,-4.54064,-4.54064,0,6.42144
120.813,4.14496,4.14496,-4.14496,-4.14496,0,5.86186
120.846,3.64141,3.64141,-3.64141,-3.64141,0,5.14974
120.879,3.04311,3.04311,-3.04311,-3.04311,0,4.30361
120.912,2.36562,2.36562,-2.36562,-2.36562,0,3.34549
120.945,1.62657,1.62657,-1.62657,-1.62657,0,2.30032
120.978,0.845196,0.845196,-0.845196,-0.845196,0,1.19529
121.011,0.0418264,0.0418264,-0.0418264,-0.0418264,0,0.0591515
121.044,-0.762632,-0.762632,0.762632,0.762632,0,-1.07852
121.077,-1.54724,-1.54724,1.54724,1.54724,0,-2.18813
121.11,-2.2916,-2.2916,2.2916,2.2916,0,-3.24081
121.143,-2.97631,-2.97631,2.97631,2.97631,0,-4.20914
121.176,-3.58358,-3.58358,3.58358,3.58358,0,-5.06795
121.209,-4.0976,-4.0976,4.0976,4.0976,0,-5.79488
121.242,-4.50498,-4.50498,4.50498,4.50498,0,-6.37101
121.275,-4.79514,-4.79514,4.79514,4.79514,0,-6.78135
121.308,-4.96052,-4.96052,4.96052,4.96052,0,-7.01523
121.341,-4.99681,-4.99681,4.99681,4.99681,0,-7.06655
121.374,-4.90307,-4.90307,4.90307,4.90307,0,-6.93399
121.407,-4.68175,-4.68175,4.68175,4.68175,0,-6.62099
121.44,-4.3386,-4.3386,4.3386,4.3386,0,-6.1357
121.473,-3.88254,-3.88254,3.88254,3.88254,0,-5.49074
121.506,-3.32546,-3.32546,3.32546,3.32546,0,-4.70291
121.539,-2.68184,-2.68184,2.68184,2.68184,0,-3.79269
121.572,-1.96843,-1.96843,1.96843,1.96843,0,-2.78378
121.605,-1.20379,-1.20379,1.20379,1.20379,0,-1.70242
121.638,-0.407838,-0.407838,0.407838,0.407838,0,-0.57677
121.671,0.398732,0.398732,-0.398732,-0.398732,0,0.563892
121.704,1.19493,1.19493,-1.19493,-1.19493,0,1.68988
121.737,1.96003,1.96003,-1.96003,-1.96003,0,2.77189
121.77,2.67412,2.67412,-2.67412,-2.67412,0,3.78178
121.803,3.31863,3.31863,-3.31863,-3.31863,0,4.69325
121.836,3.87678,3.87678,-3.87678,-3.87678,0,5.48259
121.869,4.33405,4.33405,-4.33405,-4.33405,0,6.12927
121.902,4.67853,4.67853,-4.67853,-4.67853,0,6.61645
121.935,4.90127,4.90127,-4.90127,-4.90127,0,6.93145
121.968,4.99647,4.99647,-4.99647,-4.99647,0,7.06608
122.001,4.96165,4.96165,-4.96165,-4.96165,0,7.01684
122.034,4.79772,4.79772,-4.79772,-4.79772,0,6.785
122.067,4.50894,4.50894,-4.50894,-4.50894,0,6.3766
122.1,4.10282,4.10282,-4.10282,-4.10282,0,5.80227
122.133,3.58995,3.58995,-3.58995,-3.58995,0,5.07695
122.166,2.98365,2.98365,-2.98365,-2.98365,0,4.21952
122.199,2.29971,2.29971,-2.29971,-2.29971,0,3.25228
122.232,1.55593,1.55593,-1.55593,-1.55593,0,2.20042
122.265,0.771659,0.771659,-0.771659,-0.771659,0,1.09129
122.298,-0.032691,-0.032691,0.032691,0.032691,0,-0.0462321
122.331,-0.836191,-0.836191,0.836191,0.836191,0,-1.18255
122.364,-1.61793,-1.61793,1.61793,1.61793,0,-2.2881
122.397,-2.35757,-2.35757,2.35757,2.35757,0,-3.33411
122.43,-3.03586,-3.03586,3.03586,3.03586,0,-4.29335
122.463,-3.63515,-3.63515,3.63515,3.63515,0,-5.14087
122.496,-4.13984,-4.13984,4.13984,4.13984,0,-5.85462
122.529,-4.53681,-4.53681,4.53681,4.53681,0,-6.41602
122.562,-4.81572,-4.81572,4.81572,4.81572,0,-6.81045
122.595,-4.96931,-4.96931,4.96931,4.96931,0,-7.02767
122.628,-4.99359,-4.99359,4.99359,4.99359,0,-7.062
122.661,-4.88793,-4.88793,4.88793,4.88793,0,-6.91257
122.694,-4.65507,-4.65507,4.65507,4.65507,0,-6.58326
122.727,-4.30108,-4.30108,4.30108,4.30108,0,-6.08264
122.76,-3.83516,-3.83516,3.83516,3.83516,0,-5.42373
122.793,-3.26944,-3.26944,3.26944,3.26944,0,-4.62369
122.826,-2.61865,-2.61865,2.61865,2.61865,0,-3.70333
122.859,-1.89971,-1.89971,1.89971,1.89971,0,-2.6866
122.892,-1.13134,-1.13134,1.13134,1.13134,0,-1.59995
122.925,-0.333525,-0.333525,0.333525,0.333525,0,-0.471676
122.958,0.472966,0.472966,-0.472966,-0.472966,0,0.668875
122.991,1.26715,1.26715,-1.26715,-1.26715,0,1.79202
123.024,2.02836,2.02836,-2.02836,-2.02836,0,2.86853
123.057,2.73679,2.73679,-2.73679,-2.73679,0,3.8704
123.09,3.374,3.374,-3.374,-3.374,0,4.77155
123.123,3.92341,3.92341,-3.92341,-3.92341,0,5.54854
123.156,4.37072,4.37072,-4.37072,-4.37072,0,6.18114
123.189,4.7043,4.7043,-4.7043,-4.7043,0,6.65289
123.222,4.91547,4.91547,-4.91547,-4.91547,0,6.95152
123.255,4.99872,4.99872,-4.99872,-4.99872,0,7.06925
123.288,4.95189,4.95189,-4.95189,-4.95189,0,7.00303
123.321,4.77621,4.77621,-4.77621,-4.77621,0,6.75457
123.354,4.47623,4.47623,-4.47623,-4.47623,0,6.33035
123.387,4.05978,4.05978,-4.05978,-4.05978,0,5.74139
123.42,3.53768,3.53768,-3.53768,-3.53768,0,5.00304
123.453,2.92352,2.92352,-2.92352,-2.92352,0,4.13449
123.486,2.23329,2.23329,-2.23329,-2.23329,0,3.15835
123.519,1.48494,1.48494,-1.48494,-1.48494,0,2.10002
123.552,0.697951,0.697951,-0.697951,-0.697951,0,0.987052
123.585,-0.107201,-0.107201,0.107201,0.107201,0,-0.151605
123.618,-0.909564,-0.909564,0.909564,0.909564,0,-1.28632
123.651,-1.68826,-1.68826,1.68826,1.68826,0,-2.38756
123.684,-2.42302,-2.42302,2.42302,2.42302,0,-3.42667
123.717,-3.09473,-3.09473,3.09473,3.09473,0,-4.37661
123.75,-3.68591,-3.68591,3.68591,3.68591,0,-5.21266
123.783,-4.18117,-4.18117,4.18117,4.18117,0,-5.91307
123.816,-4.56763,-4.56763,4.56763,4.56763,0,-6.4596
123.849,-4.83523,-4.83523,4.83523,4.83523,0,-6.83804
123.882,-4.977,-4.977,4.977,4.977,0,-7.03854
123.915,-4.98927,-4.98927,4.98927,4.98927,0,-7.05589
123.948,-4.8717,-4.8717,4.8717,4.8717,0,-6.88962
123.981,-4.62736,-4.62736,4.62736,4.62736,0,-6.54407
124.014,-4.2626,-4.2626,4.2626,4.2626,0,-6.02823
124.047,-3.78692,-3.78692,3.78692,3.78692,0,-5.35552
124.08,-3.2127,-3.2127,3.2127,3.2127,0,-4.54345
124.113,-2.55488,-2.55488,2.55488,2.55488,0,-3.61314
124.146,-1.83057,-1.83057,1.83057,1.83057,0,-2.58882
124.179,-1.05863,-1.05863,1.05863,1.05863,0,-1.49713
124.212,-0.259139,-0.259139,0.259139,0.259139,0,-0.366478
124.245,0.547095,0.547095,-0.547095,-0.547095,0,0.773709
124.278,1.33909,1.33909,-1.33909,-1.33909,0,1.89376
124.311,2.09624,2.09624,-2.09624,-2.09624,0,2.96453
124.344,2.79884,2.79884,-2.79884,-2.79884,0,3.95816
124.377,3.42861,3.42861,-3.42861,-3.42861,0,4.84879
124.41,3.96916,3.96916,-3.96916,-3.96916,0,5.61324
124.443,4.40643,4.40643,-4.40643,-4.40643,0,6.23163
124.476,4.72902,4.72902,-4.72902,-4.72902,0,6.68785
124.509,4.92856,4.92856,-4.92856,-4.92856,0,6.97004
124.542,4.99985,4.99985,-4.99985,-4.99985,0,7.07086
124.575,4.94103,4.94103,-4.94103,-4.94103,0,6.98767
124.608,4.75363,4.75363,-4.75363,-4.75363,0,6.72265
124.641,4.44253,4.44253,-4.44253,-4.44253,0,6.28269
124.674,4.01583,4.01583,-4.01583,-4.01583,0,5.67924
124.707,3.48463,3.48463,-3.48463,-3.48463,0,4.92801
124.74,2.86275,2.86275,-2.86275,-2.86275,0,4.04854
124.773,2.16637,2.16637,-2.16637,-2.16637,0,3.06371
124.806,1.41362,1.41362,-1.41362,-1.41362,0,1.99916
124.839,0.624088,0.624088,-0.624088,-0.624088,0,0.882593
124.872,-0.181688,-0.181688,0.181688,0.181688,0,-0.256945
124.905,-0.982735,-0.982735,0.982735,0.982735,0,-1.3898
124.938,-1.75821,-1.75821,1.75821,1.75821,0,-2.48648
124.971,-2.48793,-2.48793,2.48793,2.48793,0,-3.51847
125.004,-3.15291,-3.15291,3.15291,3.15291,0,-4.45889
125.037,-3.73585,-3.73585,3.73585,3.73585,0,-5.28328
125.07,-4.22157,-4.22157,4.22157,4.22157,0,-5.9702
125.103,-4.59743,-4.59743,4.59743,4.59743,0,-6.50175
125.136,-4.85366,-4.85366,4.85366,4.85366,0,-6.86411
125.169,-4.98359,-4.98359,4.98359,4.98359,0,-7.04786
125.202,-4.98383,-4.98383,4.98383,4.98383,0,-7.0482
125.235,-4.85438,-4.85438,4.85438,4.85438,0,-6.86513
125.268,-4.59861,-4.59861,4.59861,4.59861,0,-6.50342
125.301,-4.22318,-4.22318,4.22318,4.22318,0,-5.97248
125.334,-3.73785,-3.73785,3.73785,3.73785,0,-5.28611
125.367,-3.15525,-3.15525,3.15525,3.15525,0,-4.46219
125.4,-2.49054,-2.49054,2.49054,2.49054,0,-3.52216
125.433,-1.76103,-1.76103,1.76103,1.76103,0,-2.49047
125.466,-0.985686,-0.985686,0.985686,0.985686,0,-1.39397
125.499,-0.184695,-0.184695,0.184695,0.184695,0,-0.261198
125.532,0.621102,0.621102,-0.621102,-0.621102,0,0.878371
125.565,1.41074,1.41074,-1.41074,-1.41074,0,1.99508
125.598,2.16366,2.16366,-2.16366,-2.16366,0,3.05988
125.631,2.86028,2.86028,-2.86028,-2.86028,0,4.04505
125.664,3.48247,3.48247,-3.48247,-3.48247,0,4.92496
125.697,4.01404,4.01404,-4.01404,-4.01404,0,5.67671
125.73,4.44115,4.44115,-4.44115,-4.44115,0,6.28074
125.763,4.7527,4.7527,-4.7527,-4.7527,0,6.72133
125.796,4.94057,4.94057,-4.94057,-4.94057,0,6.98702
125.829,4.99987,4.99987,-4.99987,-4.99987,0,7.07089
125.862,4.92907,4.92907,-4.92907,-4.92907,0,6.97076
125.895,4.73,4.73,-4.73,-4.73,0,6.68923
125.928,4.40785,4.40785,-4.40785,-4.40785,0,6.23364
125.961,3.97099,3.97099,-3.97099,-3.97099,0,5.61583
125.994,3.4308,3.4308,-3.4308,-3.4308,0,4.85189
126.027,2.80134,2.80134,-2.80134,-2.80134,0,3.96169
126.06,2.09897,2.09897,-2.09897,-2.09897,0,2.9684
126.093,1.34199,1.34199,-1.34199,-1.34199,0,1.89786
126.126,0.550086,0.550086,-0.550086,-0.550086,0,0.777939
126.159,-0.256134,-0.256134,0.256134,0.256134,0,-0.362228
126.192,-1.05569,-1.05569,1.05569,1.05569,0,-1.49297
126.225,-1.82777,-1.82777,1.82777,1.82777,0,-2.58486
126.258,-2.55229,-2.55229,2.55229,2.55229,0,-3.60948
126.291,-3.21039,-3.21039,3.21039,3.21039,0,-4.54018
126.324,-3.78496,-3.78496,3.78496,3.78496,0,-5.35274
126.357,-4.26103,-4.26103,4.26103,4.26103,0,-6.026
126.39,-4.62621,-4.62621,4.62621,4.62621,0,-6.54246
126.423,-4.87102,-4.87102,4.87102,4.87102,0,-6.88866
126.456,-4.98907,-4.98907,4.98907,4.98907,0,-7.05561
126.489,-4.97729,-4.97729,4.97729,4.97729,0,-7.03895
126.522,-4.83599,-4.83599,4.83599,4.83599,0,-6.83912
126.555,-4.56885,-4.56885,4.56885,4.56885,0,-6.46133
126.588,-4.18282,-4.18282,4.18282,4.18282,0,-5.9154
126.621,-3.68794,-3.68794,3.68794,3.68794,0,-5.21553
126.654,-3.09709,-3.09709,3.09709,3.09709,0,-4.37995
126.687,-2.42565,-2.42565,2.42565,2.42565,0,-3.43039
126.72,-1.69109,-1.69109,1.69109,1.69109,0,-2.39156
126.753,-0.912523,-0.912523,0.912523,0.912523,0,-1.2905
126.786,-0.11021,-0.11021,0.11021,0.11021,0,-0.15586
126.819,0.694971,0.694971,-0.694971,-0.694971,0,0.982837
126.852,1.48207,1.48207,-1.48207,-1.48207,0,2.09596
126.885,2.2306,2.2306,-2.2306,-2.2306,0,3.15454
126.918,2.92108,2.92108,-2.92108,-2.92108,0,4.13103
126.951,3.53555,3.53555,-3.53555,-3.53555,0,5.00003
126.984,4.05802,4.05802,-4.05802,-4.05802,0,5.73891
127.017,4.47489,4.47489,-4.47489,-4.47489,0,6.32845
127.05,4.77531,4.77531,-4.77531,-4.77531,0,6.75331
127.083,4.95147,4.95147,-4.95147,-4.95147,0,7.00244
127.116,4.99878,4.99878,-4.99878,-4.99878,0,7.06935
127.149,4.91602,4.91602,-4.91602,-4.91602,0,6.9523
127.182,4.70532,4.70532,-4.70532,-4.70532,0,6.65433
127.215,4.37218,4.37218,-4.37218,-4.37218,0,6.1832
127.248,3.92527,3.92527,-3.92527,-3.92527,0,5.55117
127.281,3.37622,3.37622,-3.37622,-3.37622,0,4.77469
127.314,2.7393,2.7393,-2.7393,-2.7393,0,3.87396
127.347,2.03111,2.03111,-2.03111,-2.03111,0,2.87242
127.38,1.27006,1.27006,-1.27006,-1.27006,0,1.79614
127.413,0.475962,0.475962,-0.475962,-0.475962,0,0.673111
127.446,-0.330523,-0.330523,0.330523,0.330523,0,-0.46743
127.479,-1.12841,-1.12841,1.12841,1.12841,0,-1.59581
127.512,-1.89693,-1.89693,1.89693,1.89693,0,-2.68266
127.545,-2.61608,-2.61608,2.61608,2.61608,0,-3.6997
127.578,-3.26716,-3.26716,3.26716,3.26716,0,-4.62047
127.611,-3.83323,-3.83323,3.83323,3.83323,0,-5.421
127.644,-4.29954,-4.29954,4.29954,4.29954,0,-6.08047
127.677,-4.65397,-4.65397,4.65397,4.65397,0,-6.58171
127.71,-4.88729,-4.88729,4.88729,4.88729,0,-6.91168
127.743,-4.99344,-4.99344,4.99344,4.99344,0,-7.06179
127.776,-4.96964,-4.96964,4.96964,4.96964,0,-7.02814
127.809,-4.81653,-4.81653,4.81653,4.81653,0,-6.8116
127.842,-4.53807,-4.53807,4.53807,4.53807,0,-6.4178
127.875,-4.14153,-4.14153,4.14153,4.14153,0,-5.85701
127.908,-3.63721,-3.63721,3.63721,3.63721,0,-5.1438
127.941,-3.03825,-3.03825,3.03825,3.03825,0,-4.29673
127.974,-2.36022,-2.36022,2.36022,2.36022,0,-3.33786
128.007,-1.62078,-1.62078,1.62078,1.62078,0,-2.29213
128.04,-0.839158,-0.839158,0.839158,0.839158,0,-1.18675
128.073,-0.0357004,-0.0357004,0.0357004,0.0357004,0,-0.0504879
128.106,0.768686,0.768686,-0.768686,-0.768686,0,1.08709
128.139,1.55307,1.55307,-1.55307,-1.55307,0,2.19637
128.172,2.29704,2.29704,-2.29704,-2.29704,0,3.2485
128.205,2.98123,2.98123,-2.98123,-2.98123,0,4.2161
128.238,3.58785,3.58785,-3.58785,-3.58785,0,5.07399
128.271,4.1011,4.1011,-4.1011,-4.1011,0,5.79984
128.304,4.50764,4.50764,-4.50764,-4.50764,0,6.37476
128.337,4.79687,4.79687,-4.79687,-4.79687,0,6.7838
128.37,4.96128,4.96128,-4.96128,-4.96128,0,7.01631
128.403,4.99659,4.99659,-4.99659,-4.99659,0,7.06624
128.436,4.90187,4.90187,-4.90187,-4.90187,0,6.93229
128.469,4.67959,4.67959,-4.67959,-4.67959,0,6.61795
128.502,4.33555,4.33555,-4.33555,-4.33555,0,6.13139
128.535,3.87868,3.87868,-3.87868,-3.87868,0,5.48528
128.568,3.32088,3.32088,-3.32088,-3.32088,0,4.69643
128.601,2.67666,2.67666,-2.67666,-2.67666,0,3.78537
128.634,1.96279,1.96279,-1.96279,-1.96279,0,2.77581
128.667,1.19785,1.19785,-1.19785,-1.19785,0,1.69401
128.7,0.401732,0.401732,-0.401732,-0.401732,0,0.568134
128.733,-0.404838,-0.404838,0.404838,0.404838,0,-0.572528
128.766,-1.20087,-1.20087,1.20087,1.20087,0,-1.69829
128.799,-1.96566,-1.96566,1.96566,1.96566,0,-2.77986
128.832,-2.67929,-2.67929,2.67929,2.67929,0,-3.7891
128.865,-3.32321,-3.32321,3.32321,3.32321,0,-4.69973
128.898,-3.88065,-3.88065,3.88065,3.88065,0,-5.48806
128.931,-4.3371,-4.3371,4.3371,4.3371,0,-6.13358
128.964,-4.68069,-4.68069,4.68069,4.68069,0,-6.6195
128.997,-4.90248,-4.90248,4.90248,4.90248,0,-6.93316
129.03,-4.9967,-4.9967,4.9967,4.9967,0,-7.0664
129.063,-4.96089,-4.96089,4.96089,4.96089,0,-7.01576
129.096,-4.79599,-4.79599,4.79599,4.79599,0,-6.78255
129.129,-4.50629,-4.50629,4.50629,4.50629,0,-6.37285
129.162,-4.09932,-4.09932,4.09932,4.09932,0,-5.79731
129.195,-3.58568,-3.58568,3.58568,3.58568,0,-5.07092
129.228,-2.97873,-2.97873,2.97873,2.97873,0,-4.21256
129.261,-2.29427,-2.29427,2.29427,2.29427,0,-3.24459
129.294,-1.55011,-1.55011,1.55011,1.55011,0,-2.19218
129.327,-0.765606,-0.765606,0.765606,0.765606,0,-1.08273
129.36,0.0388171,0.0388171,-0.0388171,-0.0388171,0,0.0548957
129.393,0.84223,0.84223,-0.84223,-0.84223,0,1.19109
129.426,1.62373,1.62373,-1.62373,-1.62373,0,2.2963
129.459,2.36297,2.36297,-2.36297,-2.36297,0,3.34174
129.492,3.04072,3.04072,-3.04072,-3.04072,0,4.30023
129.525,3.63935,3.63935,-3.63935,-3.63935,0,5.14682
129.558,4.14327,4.14327,-4.14327,-4.14327,0,5.85947
129.591,4.53938,4.53938,-4.53938,-4.53938,0,6.41965
129.624,4.81736,4.81736,-4.81736,-4.81736,0,6.81278
129.657,4.96998,4.96998,-4.96998,-4.96998,0,7.02862
129.69,4.99328,4.99328,-4.99328,-4.99328,0,7.06156
129.723,4.88663,4.88663,-4.88663,-4.88663,0,6.91074
129.756,4.65283,4.65283,-4.65283,-4.65283,0,6.5801
129.789,4.29795,4.29795,-4.29795,-4.29795,0,6.07822
129.822,3.83123,3.83123,-3.83123,-3.83123,0,5.41817
129.855,3.2648,3.2648,-3.2648,-3.2648,0,4.61713
129.888,2.61343,2.61343,-2.61343,-2.61343,0,3.69594
129.921,1.89404,1.89404,-1.89404,-1.89404,0,2.67858
129.954,1.12537,1.12537,-1.12537,-1.12537,0,1.59151
129.987,0.327413,0.327413,-0.327413,-0.327413,0,0.463031
130.02,-0.479064,-0.479064,0.479064,0.479064,0,-0.677499
130.053,-1.27307,-1.27307,1.27307,1.27307,0,-1.8004
130.086,-2.03396,-2.03396,2.03396,2.03396,0,-2.87645
130.119,-2.74191,-2.74191,2.74191,2.74191,0,-3.87765
130.152,-3.37851,-3.37851,3.37851,3.37851,0,-4.77794
130.185,-3.9272,-3.9272,3.9272,3.9272,0,-5.5539
130.218,-4.37369,-4.37369,4.37369,4.37369,0,-6.18534
130.251,-4.70637,-4.70637,4.70637,4.70637,0,-6.65582
130.284,-4.91658,-4.91658,4.91658,4.91658,0,-6.9531
130.317,-4.99885,-4.99885,4.99885,4.99885,0,-7.06944
130.35,-4.95104,-4.95104,4.95104,4.95104,0,-7.00183
130.383,-4.77439,-4.77439,4.77439,4.77439,0,-6.75201
130.416,-4.4735,-4.4735,4.4735,4.4735,0,-6.32648
130.449,-4.0562,-4.0562,4.0562,4.0562,0,-5.73633
130.482,-3.53335,-3.53335,3.53335,3.53335,0,-4.99691
130.515,-2.91855,-2.91855,2.91855,2.91855,0,-4.12745
130.548,-2.22781,-2.22781,2.22781,2.22781,0,-3.15059
130.581,-1.47909,-1.47909,1.47909,1.47909,0,-2.09175
130.614,-0.691884,-0.691884,0.691884,0.691884,0,-0.978472
130.647,0.113326,0.113326,-0.113326,-0.113326,0,0.160267
130.68,0.915587,0.915587,-0.915587,-0.915587,0,1.29484
130.713,1.69402,1.69402,-1.69402,-1.69402,0,2.39571
130.746,2.42838,2.42838,-2.42838,-2.42838,0,3.43424
130.779,3.09954,3.09954,-3.09954,-3.09954,0,4.38341
130.812,3.69004,3.69004,-3.69004,-3.69004,0,5.21851
130.845,4.18452,4.18452,-4.18452,-4.18452,0,5.91781
130.878,4.57012,4.57012,-4.57012,-4.57012,0,6.46312
130.911,4.83678,4.83678,-4.83678,-4.83678,0,6.84024
130.944,4.97759,4.97759,-4.97759,-4.97759,0,7.03937
130.977,4.98886,4.98886,-4.98886,-4.98886,0,7.05531
131.01,4.87031,4.87031,-4.87031,-4.87031,0,6.88766
131.043,4.62503,4.62503,-4.62503,-4.62503,0,6.54078
131.076,4.25939,4.25939,-4.25939,-4.25939,0,6.02369
131.109,3.78292,3.78292,-3.78292,-3.78292,0,5.34986
131.142,3.208,3.208,-3.208,-3.208,0,4.5368
131.175,2.54961,2.54961,-2.54961,-2.54961,0,3.60569
131.208,1.82487,1.82487,-1.82487,-1.82487,0,2.58075
131.241,1.05264,1.05264,-1.05264,-1.05264,0,1.48866
131.274,0.253021,0.253021,-0.253021,-0.253021,0,0.357825
131.307,-0.553184,-0.553184,0.553184,0.553184,0,-0.78232
131.34,-1.34499,-1.34499,1.34499,1.34499,0,-1.90211
131.373,-2.1018,-2.1018,2.1018,2.1018,0,-2.9724
131.406,-2.80392,-2.80392,2.80392,2.80392,0,-3.96534
131.439,-3.43307,-3.43307,3.43307,3.43307,0,-4.85509
131.472,-3.97289,-3.97289,3.97289,3.97289,0,-5.61851
131.505,-4.40932,-4.40932,4.40932,4.40932,0,-6.23572
131.538,-4.73101,-4.73101,4.73101,4.73101,0,-6.69066
131.571,-4.92959,-4.92959,4.92959,4.92959,0,-6.9715
131.604,-4.99989,-4.99989,4.99989,4.99989,0,-7.07092
131.637,-4.94009,-4.94009,4.94009,4.94009,0,-6.98634
131.67,-4.75173,-4.75173,4.75173,4.75173,0,-6.71996
131.703,-4.43972,-4.43972,4.43972,4.43972,0,-6.27871
131.736,-4.01218,-4.01218,4.01218,4.01218,0,-5.67408
131.769,-3.48023,-3.48023,3.48023,3.48023,0,-4.92179
131.802,-2.85772,-2.85772,2.85772,2.85772,0,-4.04143
131.835,-2.16085,-2.16085,2.16085,2.16085,0,-3.0559
131.868,-1.40775,-1.40775,1.40775,1.40775,0,-1.99085
131.901,-0.618009,-0.618009,0.618009,0.618009,0,-0.873997
131.934,0.18781,0.18781,-0.18781,-0.18781,0,0.265603
131.967,0.988741,0.988741,-0.988741,-0.988741,0,1.39829
132,1.76394,1.76394,-1.76394,-1.76394,0,2.49459
132.033,2.49324,2.49324,-2.49324,-2.49324,0,3.52598
132.066,3.15766,3.15766,-3.15766,-3.15766,0,4.46561
132.099,3.73992,3.73992,-3.73992,-3.73992,0,5.28904
132.132,4.22485,4.22485,-4.22485,-4.22485,0,5.97483
132.165,4.59984,4.59984,-4.59984,-4.59984,0,6.50515
132.198,4.85513,4.85513,-4.85513,-4.85513,0,6.86619
132.231,4.98408,4.98408,-4.98408,-4.98408,0,7.04855
132.264,4.98333,4.98333,-4.98333,-4.98333,0,7.0475
132.297,4.85291,4.85291,-4.85291,-4.85291,0,6.86305
132.33,4.59621,4.59621,-4.59621,-4.59621,0,6.50002
132.363,4.2199,4.2199,-4.2199,-4.2199,0,5.96783
132.396,3.73377,3.73377,-3.73377,-3.73377,0,5.28035
132.429,3.15049,3.15049,-3.15049,-3.15049,0,4.45547
132.462,2.48523,2.48523,-2.48523,-2.48523,0,3.51464
132.495,1.75529,1.75529,-1.75529,-1.75529,0,2.48236
132.528,0.979679,0.979679,-0.979679,-0.979679,0,1.38548
132.561,0.178573,0.178573,-0.178573,-0.178573,0,0.25254
132.594,-0.62718,-0.62718,0.62718,0.62718,0,-0.886967
132.627,-1.41661,-1.41661,1.41661,1.41661,0,-2.00339
132.66,-2.16918,-2.16918,2.16918,2.16918,0,-3.06769
132.693,-2.8653,-2.8653,2.8653,2.8653,0,-4.05215
132.726,-3.48686,-3.48686,3.48686,3.48686,0,-4.93117
132.759,-4.01769,-4.01769,4.01769,4.01769,0,-5.68187
132.792,-4.44396,-4.44396,4.44396,4.44396,0,-6.28471
132.825,-4.7546,-4.7546,4.7546,4.7546,0,-6.72402
132.858,-4.94151,-4.94151,4.94151,4.94151,0,-6.98834
132.891,-4.99982,-4.99982,4.99982,4.99982,0,-7.07082
132.924,-4.92804,-4.92804,4.92804,4.92804,0,-6.9693
132.957,-4.72801,-4.72801,4.72801,4.72801,0,-6.68642
132.99,-4.40495,-4.40495,4.40495,4.40495,0,-6.22954
133.023,-3.96727,-3.96727,3.96727,3.96727,0,-5.61056
133.056,-3.42634,-3.42634,3.42634,3.42634,0,-4.84558
133.089,-2.79626,-2.79626,2.79626,2.79626,0,-3.95451
133.122,-2.09341,-2.09341,2.09341,2.09341,0,-2.96053
133.155,-1.33609,-1.33609,1.33609,1.33609,0,-1.88951
133.188,-0.543996,-0.543996,0.543996,0.543996,0,-0.769327
133.221,0.262252,0.262252,-0.262252,-0.262252,0,0.37088
133.254,1.06168,1.06168,-1.06168,-1.06168,0,1.50144
133.287,1.83347,1.83347,-1.83347,-1.83347,0,2.59292
133.32,2.55756,2.55756,-2.55756,-2.55756,0,3.61693
133.353,3.21509,3.21509,-3.21509,-3.21509,0,4.54682
133.386,3.78896,3.78896,-3.78896,-3.78896,0,5.35839
133.419,4.26423,4.26423,-4.26423,-4.26423,0,6.03053
133.452,4.62854,4.62854,-4.62854,-4.62854,0,6.54574
133.485,4.8724,4.8724,-4.8724,-4.8724,0,6.89061
133.518,4.98947,4.98947,-4.98947,-4.98947,0,7.05617
133.551,4.9767,4.9767,-4.9767,-4.9767,0,7.03812
133.584,4.83443,4.83443,-4.83443,-4.83443,0,6.83692
133.617,4.56636,4.56636,-4.56636,-4.56636,0,6.45781
133.65,4.17946,4.17946,-4.17946,-4.17946,0,5.91065
133.683,3.6838,3.6838,-3.6838,-3.6838,0,5.20968
133.716,3.09228,3.09228,-3.09228,-3.09228,0,4.37314
133.749,2.42029,2.42029,-2.42029,-2.42029,0,3.42281
133.782,1.68532,1.68532,-1.68532,-1.68532,0,2.38341
133.815,0.906499,0.906499,-0.906499,-0.906499,0,1.28198
133.848,0.104085,0.104085,-0.104085,-0.104085,0,0.147199
133.881,-0.701037,-0.701037,0.701037,0.701037,0,-0.991416
133.914,-1.48792,-1.48792,1.48792,1.48792,0,-2.10423
133.947,-2.23608,-2.23608,2.23608,2.23608,0,-3.16229
133.98,-2.92605,-2.92605,2.92605,2.92605,0,-4.13806
134.013,-3.53988,-3.53988,3.53988,3.53988,0,-5.00615
134.046,-4.0616,-4.0616,4.0616,4.0616,0,-5.74397
134.079,-4.47762,-4.47762,4.47762,4.47762,0,-6.33231
134.112,-4.77713,-4.77713,4.77713,4.77713,0,-6.75588
134.145,-4.95232,-4.95232,4.95232,4.95232,0,-7.00364
134.178,-4.99865,-4.99865,4.99865,4.99865,0,-7.06915
134.211,-4.91489,-4.91489,4.91489,4.91489,0,-6.95071
134.244,-4.70325,-4.70325,4.70325,4.70325,0,-6.65139
134.277,-4.36921,-4.36921,4.36921,4.36921,0,-6.17899
134.31,-3.92147,-3.92147,3.92147,3.92147,0,-5.5458
134.343,-3.3717,-3.3717,3.3717,3.3717,0,-4.7683
134.376,-2.73418,-2.73418,2.73418,2.73418,0,-3.86671
134.409,-2.02551,-2.02551,2.02551,2.02551,0,-2.8645
134.442,-1.26413,-1.26413,1.26413,1.26413,0,-1.78776
134.475,-0.469863,-0.469863,0.469863,0.469863,0,-0.664486
134.508,0.336635,0.336635,-0.336635,-0.336635,0,0.476074
134.541,1.13437,1.13437,-1.13437,-1.13437,0,1.60425
134.574,1.90259,1.90259,-1.90259,-1.90259,0,2.69067
134.607,2.6213,2.6213,-2.6213,-2.6213,0,3.70708
134.64,3.2718,3.2718,-3.2718,-3.2718,0,4.62702
134.673,3.83716,3.83716,-3.83716,-3.83716,0,5.42656
134.706,4.30266,4.30266,-4.30266,-4.30266,0,6.08489
134.739,4.65621,4.65621,-4.65621,-4.65621,0,6.58487
134.772,4.88858,4.88858,-4.88858,-4.88858,0,6.9135
134.805,4.99375,4.99375,-4.99375,-4.99375,0,7.06223
134.838,4.96896,4.96896,-4.96896,-4.96896,0,7.02718
134.871,4.81488,4.81488,-4.81488,-4.81488,0,6.80927
134.904,4.5355,4.5355,-4.5355,-4.5355,0,6.41416
134.937,4.13809,4.13809,-4.13809,-4.13809,0,5.85215
134.97,3.63301,3.63301,-3.63301,-3.63301,0,5.13785
135.003,3.03338,3.03338,-3.03338,-3.03338,0,4.28985
135.036,2.35482,2.35482,-2.35482,-2.35482,0,3.33022
135.069,1.61498,1.61498,-1.61498,-1.61498,0,2.28393
135.102,0.833118,0.833118,-0.833118,-0.833118,0,1.17821
135.135,0.0295742,0.0295742,-0.0295742,-0.0295742,0,0.0418243
135.168,-0.774739,-0.774739,0.774739,0.774739,0,-1.09565
135.201,-1.55889,-1.55889,1.55889,1.55889,0,-2.20461
135.234,-2.30248,-2.30248,2.30248,2.30248,0,-3.2562
135.267,-2.98615,-2.98615,2.98615,2.98615,0,-4.22305
135.3,-3.59211,-3.59211,3.59211,3.59211,0,-5.08002
135.333,-4.1046,-4.1046,4.1046,4.1046,0,-5.80479
135.366,-4.51028,-4.51028,4.51028,4.51028,0,-6.3785
135.399,-4.7986,-4.7986,4.7986,4.7986,0,-6.78624
135.432,-4.96204,-4.96204,4.96204,4.96204,0,-7.01738
135.465,-4.99636,-4.99636,4.99636,4.99636,0,-7.06591
135.498,-4.90066,-4.90066,4.90066,4.90066,0,-6.93058
135.531,-4.67743,-4.67743,4.67743,4.67743,0,-6.61489
135.564,-4.33249,-4.33249,4.33249,4.33249,0,-6.12707
135.597,-3.87481,-3.87481,3.87481,3.87481,0,-5.47981
135.63,-3.3163,-3.3163,3.3163,3.3163,0,-4.68995
135.663,-2.67149,-2.67149,2.67149,2.67149,0,-3.77805
135.696,-1.95716,-1.95716,1.95716,1.95716,0,-2.76784
135.729,-1.1919,-1.1919,1.1919,1.1919,0,-1.6856
135.762,-0.395625,-0.395625,0.395625,0.395625,0,-0.559498
135.795,0.410944,0.410944,-0.410944,-0.410944,0,0.581163
135.828,1.20682,1.20682,-1.20682,-1.20682,0,1.7067
135.861,1.97129,1.97129,-1.97129,-1.97129,0,2.78783
135.894,2.68447,2.68447,-2.68447,-2.68447,0,3.79641
135.927,3.32778,3.32778,-3.32778,-3.32778,0,4.7062
135.96,3.88451,3.88451,-3.88451,-3.88451,0,5.49352
135.993,4.34014,4.34014,-4.34014,-4.34014,0,6.13789
136.026,4.68284,4.68284,-4.68284,-4.68284,0,6.62254
136.059,4.90368,4.90368,-4.90368,-4.90368,0,6.93485
136.092,4.99692,4.99692,-4.99692,-4.99692,0,7.06671
136.125,4.96012,4.96012,-4.96012,-4.96012,0,7.01467
136.158,4.79425,4.79425,-4.79425,-4.79425,0,6.7801
136.191,4.50363,4.50363,-4.50363,-4.50363,0,6.36909
136.224,4.09581,4.09581,-4.09581,-4.09581,0,5.79235
136.257,3.58141,3.58141,-3.58141,-3.58141,0,5.06487
136.29,2.97381,2.97381,-2.97381,-2.97381,0,4.2056
136.323,2.28882,2.28882,-2.28882,-2.28882,0,3.23689
136.356,1.54428,1.54428,-1.54428,-1.54428,0,2.18394
136.389,0.759551,0.759551,-0.759551,-0.759551,0,1.07417
136.422,-0.0449431,-0.0449431,0.0449431,0.0449431,0,-0.0635592
136.455,-0.848268,-0.848268,0.848268,0.848268,0,-1.19963
136.488,-1.62952,-1.62952,1.62952,1.62952,0,-2.30449
136.521,-2.36837,-2.36837,2.36837,2.36837,0,-3.34938
136.554,-3.04558,-3.04558,3.04558,3.04558,0,-4.30711
136.587,-3.64355,-3.64355,3.64355,3.64355,0,-5.15276
136.62,-4.1467,-4.1467,4.1467,4.1467,0,-5.86432
136.653,-4.54195,-4.54195,4.54195,4.54195,0,-6.42328
136.686,-4.819,-4.819,4.819,4.819,0,-6.81509
136.719,-4.97065,-4.97065,4.97065,4.97065,0,-7.02956
136.752,-4.99296,-4.99296,4.99296,4.99296,0,-7.06111
136.785,-4.88533,-4.88533,4.88533,4.88533,0,-6.9089
136.818,-4.65058,-4.65058,4.65058,4.65058,0,-6.57692
136.851,-4.29481,-4.29481,4.29481,4.29481,0,-6.07379
136.884,-3.82729,-3.82729,3.82729,3.82729,0,-5.4126
136.917,-3.26016,-3.26016,3.26016,3.26016,0,-4.61057
136.95,-2.6082,-2.6082,2.6082,2.6082,0,-3.68855
136.983,-1.88837,-1.88837,1.88837,1.88837,0,-2.67056
137.016,-1.1194,-1.1194,1.1194,1.1194,0,-1.58307
137.049,-0.321299,-0.321299,0.321299,0.321299,0,-0.454386
137.082,0.485162,0.485162,-0.485162,-0.485162,0,0.686123
137.115,1.279,1.279,-1.279,-1.279,0,1.80878
137.148,2.03955,2.03955,-2.03955,-2.03955,0,2.88436
137.181,2.74703,2.74703,-2.74703,-2.74703,0,3.88489
137.214,3.38303,3.38303,-3.38303,-3.38303,0,4.78432
137.247,3.93099,3.93099,-3.93099,-3.93099,0,5.55926
137.28,4.37666,4.37666,-4.37666,-4.37666,0,6.18953
137.313,4.70844,4.70844,-4.70844,-4.70844,0,6.65874
137.346,4.91769,4.91769,-4.91769,-4.91769,0,6.95467
137.379,4.99898,4.99898,-4.99898,-4.99898,0,7.06962
137.412,4.95018,4.95018,-4.95018,-4.95018,0,7.00061
137.445,4.77257,4.77257,-4.77257,-4.77257,0,6.74943
137.478,4.47076,4.47076,-4.47076,-4.47076,0,6.32261
137.511,4.05261,4.05261,-4.05261,-4.05261,0,5.73126
137.544,3.52901,3.52901,-3.52901,-3.52901,0,4.99078
137.577,2.91357,2.91357,-2.91357,-2.91357,0,4.12042
137.61,2.22232,2.22232,-2.22232,-2.22232,0,3.14284
137.643,1.47324,1.47324,-1.47324,-1.47324,0,2.08347
137.676,0.685817,0.685817,-0.685817,-0.685817,0,0.969891
137.709,-0.119451,-0.119451,0.119451,0.119451,0,-0.168929
137.742,-0.921609,-0.921609,0.921609,0.921609,0,-1.30335
137.775,-1.69979,-1.69979,1.69979,1.69979,0,-2.40386
137.808,-2.43373,-2.43373,2.43373,2.43373,0,-3.44181
137.841,-3.10434,-3.10434,3.10434,3.10434,0,-4.3902
137.874,-3.69417,-3.69417,3.69417,3.69417,0,-5.22435
137.907,-4.18787,-4.18787,4.18787,4.18787,0,-5.92255
137.94,-4.5726,-4.5726,4.5726,4.5726,0,-6.46663
137.973,-4.83833,-4.83833,4.83833,4.83833,0,-6.84243
138.006,-4.97816,-4.97816,4.97816,4.97816,0,-7.04018
138.039,-4.98845,-4.98845,4.98845,4.98845,0,-7.05473
138.072,-4.86892,-4.86892,4.86892,4.86892,0,-6.8857
138.105,-4.6227,-4.6227,4.6227,4.6227,0,-6.53749
138.138,-4.25618,-4.25618,4.25618,4.25618,0,-6.01915
138.171,-3.77891,-3.77891,3.77891,3.77891,0,-5.34419
138.204,-3.2033,-3.2033,3.2033,3.2033,0,-4.53015
138.237,-2.54434,-2.54434,2.54434,2.54434,0,-3.59824
138.27,-1.81916,-1.81916,1.81916,1.81916,0,-2.57269
138.303,-1.04665,-1.04665,1.04665,1.04665,0,-1.48019
138.336,-0.246902,-0.246902,0.246902,0.246902,0,-0.349172
138.369,0.559272,0.559272,-0.559272,-0.559272,0,0.79093
138.402,1.35089,1.35089,-1.35089,-1.35089,0,1.91045
138.435,2.10736,2.10736,-2.10736,-2.10736,0,2.98026
138.468,2.80899,2.80899,-2.80899,-2.80899,0,3.97251
138.501,3.43752,3.43752,-3.43752,-3.43752,0,4.86139
138.534,3.9766,3.9766,-3.9766,-3.9766,0,5.62377
138.567,4.4122,4.4122,-4.4122,-4.4122,0,6.2398
138.6,4.73299,4.73299,-4.73299,-4.73299,0,6.69346
138.633,4.93061,4.93061,-4.93061,-4.93061,0,6.97294
138.666,4.99993,4.99993,-4.99993,-4.99993,0,7.07097
138.699,4.93914,4.93914,-4.93914,-4.93914,0,6.985
138.732,4.74982,4.74982,-4.74982,-4.74982,0,6.71726
138.765,4.4369,4.4369,-4.4369,-4.4369,0,6.27472
138.798,4.00852,4.00852,-4.00852,-4.00852,0,5.6689
138.831,3.47583,3.47583,-3.47583,-3.47583,0,4.91557
138.864,2.85269,2.85269,-2.85269,-2.85269,0,4.03432
138.897,2.15532,2.15532,-2.15532,-2.15532,0,3.04809
138.93,1.40187,1.40187,-1.40187,-1.40187,0,1.98254
138.963,0.611929,0.611929,-0.611929,-0.611929,0,0.865399
138.996,-0.193931,-0.193931,0.193931,0.193931,0,-0.27426
139.029,-0.994746,-0.994746,0.994746,0.994746,0,-1.40678
139.062,-1.76967,-1.76967,1.76967,1.76967,0,-2.5027
139.095,-2.49855,-2.49855,2.49855,2.49855,0,-3.53349
139.128,-3.16241,-3.16241,3.16241,3.16241,0,-4.47233
139.161,-3.74398,-3.74398,3.74398,3.74398,0,-5.29479
139.194,-4.22812,-4.22812,4.22812,4.22812,0,-5.97946
139.227,-4.60223,-4.60223,4.60223,4.60223,0,-6.50854
139.26,-4.85659,-4.85659,4.85659,4.85659,0,-6.86825
139.293,-4.98456,-4.98456,4.98456,4.98456,0,-7.04924
139.326,-4.98283,-4.98283,4.98283,4.98283,0,-7.04679
139.359,-4.85143,-4.85143,4.85143,4.85143,0,-6.86096
139.392,-4.59379,-4.59379,4.59379,4.59379,0,-6.4966
139.425,-4.21661,-4.21661,4.21661,4.21661,0,-5.96318
139.458,-3.7297,-3.7297,3.7297,3.7297,0,-5.27459
139.491,-3.14573,-3.14573,3.14573,3.14573,0,-4.44874
139.524,-2.47991,-2.47991,2.47991,2.47991,0,-3.50712
139.557,-1.74955,-1.74955,1.74955,1.74955,0,-2.47424
139.59,-0.973671,-0.973671,0.973671,0.973671,0,-1.37698
139.623,-0.17245,-0.17245,0.17245,0.17245,0,-0.243882
139.656,0.633257,0.633257,-0.633257,-0.633257,0,0.895561
139.689,1.42249,1.42249,-1.42249,-1.42249,0,2.0117
139.722,2.1747,2.1747,-2.1747,-2.1747,0,3.07549
139.755,2.87032,2.87032,-2.87032,-2.87032,0,4.05925
139.788,3.49125,3.49125,-3.49125,-3.49125,0,4.93738
139.821,4.02133,4.02133,-4.02133,-4.02133,0,5.68702
139.854,4.44677,4.44677,-4.44677,-4.44677,0,6.28868
139.887,4.75649,4.75649,-4.75649,-4.75649,0,6.72669
139.92,4.94244,4.94244,-4.94244,-4.94244,0,6.98966
139.953,4.99977,4.99977,-4.99977,-4.99977,0,7.07074
139.986,4.927,4.927,-4.927,-4.927,0,6.96783
140.019,4.72602,4.72602,-4.72602,-4.72602,0,6.68359
140.052,4.40205,4.40205,-4.40205,-4.40205,0,6.22544
140.085,3.96354,3.96354,-3.96354,-3.96354,0,5.60529
140.118,3.42188,3.42188,-3.42188,-3.42188,0,4.83927
140.151,2.79118,2.79118,-2.79118,-2.79118,0,3.94732
140.184,2.08785,2.08785,-2.08785,-2.08785,0,2.95266
140.217,1.33018,1.33018,-1.33018,-1.33018,0,1.88116
140.25,0.537906,0.537906,-0.537906,-0.537906,0,0.760714
140.283,-0.268369,-0.268369,0.268369,0.268369,0,-0.379531
140.316,-1.06766,-1.06766,1.06766,1.06766,0,-1.5099
140.349,-1.83917,-1.83917,1.83917,1.83917,0,-2.60098
140.382,-2.56282,-2.56282,2.56282,2.56282,0,-3.62437
140.415,-3.21978,-3.21978,3.21978,3.21978,0,-4.55345
140.448,-3.79295,-3.79295,3.79295,3.79295,0,-5.36404
140.481,-4.26742,-4.26742,4.26742,4.26742,0,-6.03505
140.514,-4.63085,-4.63085,4.63085,4.63085,0,-6.54901
140.547,-4.87377,-4.87377,4.87377,4.87377,0,-6.89255
140.58,-4.98986,-4.98986,4.98986,4.98986,0,-7.05673
140.613,-4.97611,-4.97611,4.97611,4.97611,0,-7.03728
140.646,-4.83286,-4.83286,4.83286,4.83286,0,-6.8347
140.679,-4.56386,-4.56386,4.56386,4.56386,0,-6.45427
140.712,-4.17609,-4.17609,4.17609,4.17609,0,-5.90589
140.745,-3.67965,-3.67965,3.67965,3.67965,0,-5.20382
140.778,-3.08746,-3.08746,3.08746,3.08746,0,-4.36633
140.811,-2.41493,-2.41493,2.41493,2.41493,0,-3.41523
140.844,-1.67955,-1.67955,1.67955,1.67955,0,-2.37525
140.877,-0.900474,-0.900474,0.900474,0.900474,0,-1.27346
140.91,-0.0979601,-0.0979601,0.0979601,0.0979601,0,-0.138536
140.943,0.707103,0.707103,-0.707103,-0.707103,0,0.999994
140.976,1.49376,1.49376,-1.49376,-1.49376,0,2.1125
141.009,2.24156,2.24156,-2.24156,-2.24156,0,3.17004
141.042,2.93102,2.93102,-2.93102,-2.93102,0,4.14508
141.075,3.54421,3.54421,-3.54421,-3.54421,0,5.01226
141.108,4.06517,4.06517,-4.06517,-4.06517,0,5.74901
141.141,4.48034,4.48034,-4.48034,-4.48034,0,6.33616
141.174,4.77893,4.77893,-4.77893,-4.77893,0,6.75843
141.207,4.95316,4.95316,-4.95316,-4.95316,0,7.00483
141.24,4.9985,4.9985,-4.9985,-4.9985,0,7.06894
141.273,4.91376,4.91376,-4.91376,-4.91376,0,6.94911
141.306,4.70116,4.70116,-4.70116,-4.70116,0,6.64845
141.339,4.36623,4.36623,-4.36623,-4.36623,0,6.17478
141.372,3.91767,3.91767,-3.91767,-3.91767,0,5.54042
141.405,3.36717,3.36717,-3.36717,-3.36717,0,4.7619
141.438,2.72905,2.72905,-2.72905,-2.72905,0,3.85945
141.471,2.01991,2.01991,-2.01991,-2.01991,0,2.85658
141.504,1.25821,1.25821,-1.25821,-1.25821,0,1.77937
141.537,0.463763,0.463763,-0.463763,-0.463763,0,0.65586
141.57,-0.342747,-0.342747,0.342747,0.342747,0,-0.484718
141.603,-1.14034,-1.14034,1.14034,1.14034,0,-1.61268
141.636,-1.90826,-1.90826,1.90826,1.90826,0,-2.69868
141.669,-2.62652,-2.62652,2.62652,2.62652,0,-3.71446
141.702,-3.27643,-3.27643,3.27643,3.27643,0,-4.63357
141.735,-3.84108,-3.84108,3.84108,3.84108,0,-5.43211
141.768,-4.30578,-4.30578,4.30578,4.30578,0,-6.08929
141.801,-4.65843,-4.65843,4.65843,4.65843,0,-6.58802
141.834,-4.88987,-4.88987,4.88987,4.88987,0,-6.91531
141.867,-4.99405,-4.99405,4.99405,4.99405,0,-7.06265
141.9,-4.96828,-4.96828,4.96828,4.96828,0,-7.02621
141.933,-4.81322,-4.81322,4.81322,4.81322,0,-6.80692
141.966,-4.53292,-4.53292,4.53292,4.53292,0,-6.41051
141.999,-4.13465,-4.13465,4.13465,4.13465,0,-5.84728
142.032,-3.62879,-3.62879,3.62879,3.62879,0,-5.13189
142.065,-3.02851,-3.02851,3.02851,3.02851,0,-4.28296
142.098,-2.34941,-2.34941,2.34941,2.34941,0,-3.32257
142.131,-1.60918,-1.60918,1.60918,1.60918,0,-2.27573
142.164,-0.827076,-0.827076,0.827076,0.827076,0,-1.16966
142.197,-0.0234481,-0.0234481,0.0234481,0.0234481,0,-0.0331606
142.23,0.78079,0.78079,-0.78079,-0.78079,0,1.1042
142.263,1.56471,1.56471,-1.56471,-1.56471,0,2.21284
142.296,2.30791,2.30791,-2.30791,-2.30791,0,3.26388
142.329,2.99106,2.99106,-2.99106,-2.99106,0,4.23
142.362,3.59637,3.59637,-3.59637,-3.59637,0,5.08604
142.395,4.1081,4.1081,-4.1081,-4.1081,0,5.80973
142.428,4.51292,4.51292,-4.51292,-4.51292,0,6.38224
142.461,4.80031,4.80031,-4.80031,-4.80031,0,6.78867
142.494,4.96279,4.96279,-4.96279,-4.96279,0,7.01844
142.527,4.99612,4.99612,-4.99612,-4.99612,0,7.06558
142.56,4.89944,4.89944,-4.89944,-4.89944,0,6.92885
142.593,4.67527,4.67527,-4.67527,-4.67527,0,6.61182
142.626,4.32943,4.32943,-4.32943,-4.32943,0,6.12274
142.659,3.87094,3.87094,-3.87094,-3.87094,0,5.47433
142.692,3.31171,3.31171,-3.31171,-3.31171,0,4.68346
142.725,2.66631,2.66631,-2.66631,-2.66631,0,3.77073
142.758,1.95152,1.95152,-1.95152,-1.95152,0,2.75986
142.791,1.18595,1.18595,-1.18595,-1.18595,0,1.67718
142.824,0.389518,0.389518,-0.389518,-0.389518,0,0.550861
142.857,-0.417049,-0.417049,0.417049,0.417049,0,-0.589797
142.89,-1.21276,-1.21276,1.21276,1.21276,0,-1.71511
142.923,-1.97692,-1.97692,1.97692,1.97692,0,-2.79579
142.956,-2.68963,-2.68963,2.68963,2.68963,0,-3.80371
142.989,-3.33235,-3.33235,3.33235,3.33235,0,-4.71266
143.022,-3.88836,-3.88836,3.88836,3.88836,0,-5.49897
143.055,-4.34318,-4.34318,4.34318,4.34318,0,-6.14219
143.088,-4.68499,-4.68499,4.68499,4.68499,0,-6.62557
143.121,-4.90488,-4.90488,4.90488,4.90488,0,-6.93654
143.154,-4.99713,-4.99713,4.99713,4.99713,0,-7.06701
143.187,-4.95935,-4.95935,4.95935,4.95935,0,-7.01358
143.22,-4.79251,-4.79251,4.79251,4.79251,0,-6.77764
143.253,-4.50096,-4.50096,4.50096,4.50096,0,-6.36532
143.286,-4.09229,-4.09229,4.09229,4.09229,0,-5.78737
143.319,-3.57713,-3.57713,3.57713,3.57713,0,-5.05882
143.352,-2.96888,-2.96888,2.96888,2.96888,0,-4.19863
143.385,-2.28338,-2.28338,2.28338,2.28338,0,-3.22918
143.418,-1.53845,-1.53845,1.53845,1.53845,0,-2.1757
143.451,-0.753496,-0.753496,0.753496,0.753496,0,-1.0656
143.484,0.0510691,0.0510691,-0.0510691,-0.0510691,0,0.0722226
143.517,0.854305,0.854305,-0.854305,-0.854305,0,1.20817
143.55,1.63531,1.63531,-1.63531,-1.63531,0,2.31268
143.583,2.37376,2.37376,-2.37376,-2.37376,0,3.357
143.616,3.05044,3.05044,-3.05044,-3.05044,0,4.31397
143.649,3.64774,3.64774,-3.64774,-3.64774,0,5.15869
143.682,4.15012,4.15012,-4.15012,-4.15012,0,5.86916
143.715,4.5445,4.5445,-4.5445,-4.5445,0,6.4269
143.748,4.82063,4.82063,-4.82063,-4.82063,0,6.8174
143.781,4.97131,4.97131,-4.97131,-4.97131,0,7.03049
143.814,4.99263,4.99263,-4.99263,-4.99263,0,7.06064
143.847,4.88403,4.88403,-4.88403,-4.88403,0,6.90705
143.88,4.64833,4.64833,-4.64833,-4.64833,0,6.57373
143.913,4.29167,4.29167,-4.29167,-4.29167,0,6.06934
143.946,3.82334,3.82334,-3.82334,-3.82334,0,5.40702
143.979,3.25551,3.25551,-3.25551,-3.25551,0,4.60399
144.012,2.60297,2.60297,-2.60297,-2.60297,0,3.68116
144.045,1.8827,1.8827,-1.8827,-1.8827,0,2.66254
144.078,1.11343,1.11343,-1.11343,-1.11343,0,1.57462
144.111,0.315185,0.315185,-0.315185,-0.315185,0,0.44574
144.144,-0.491259,-0.491259,0.491259,0.491259,0,-0.694745
144.177,-1.28492,-1.28492,1.28492,1.28492,0,-1.81715
144.21,-2.04514,-2.04514,2.04514,2.04514,0,-2.89227
144.243,-2.75215,-2.75215,2.75215,2.75215,0,-3.89213
144.276,-3.38754,-3.38754,3.38754,3.38754,0,-4.7907
144.309,-3.93477,-3.93477,3.93477,3.93477,0,-5.56461
144.342,-4.37962,-4.37962,4.37962,4.37962,0,-6.19372
144.375,-4.7105,-4.7105,4.7105,4.7105,0,-6.66165
144.408,-4.9188,-4.9188,4.9188,4.9188,0,-6.95623
144.441,-4.9991,-4.9991,4.9991,4.9991,0,-7.06979
144.474,-4.94931,-4.94931,4.94931,4.94931,0,-6.99939
144.507,-4.77074,-4.77074,4.77074,4.77074,0,-6.74684
144.54,-4.46801,-4.46801,4.46801,4.46801,0,-6.31873
144.573,-4.04902,-4.04902,4.04902,4.04902,0,-5.72618
144.606,-3.52467,-3.52467,3.52467,3.52467,0,-4.98463
144.639,-2.90859,-2.90859,2.90859,2.90859,0,-4.11337
144.672,-2.21683,-2.21683,2.21683,2.21683,0,-3.13507
144.705,-1.46738,-1.46738,1.46738,1.46738,0,-2.07519
144.738,-0.679748,-0.679748,0.679748,0.679748,0,-0.961308
144.771,0.125575,0.125575,-0.125575,-0.125575,0,0.17759
144.804,0.92763,0.92763,-0.92763,-0.92763,0,1.31187
144.837,1.70555,1.70555,-1.70555,-1.70555,0,2.41201
144.87,2.43908,2.43908,-2.43908,-2.43908,0,3.44938
144.903,3.10914,3.10914,-3.10914,-3.10914,0,4.39699
144.936,3.6983,3.6983,-3.6983,-3.6983,0,5.23019
144.969,4.19122,4.19122,-4.19122,-4.19122,0,5.92728
145.002,4.57507,4.57507,-4.57507,-4.57507,0,6.47013
145.035,4.83987,4.83987,-4.83987,-4.83987,0,6.84461
145.068,4.97873,4.97873,-4.97873,-4.97873,0,7.04099
145.101,4.98803,4.98803,-4.98803,-4.98803,0,7.05414
145.134,4.86753,4.86753,-4.86753,-4.86753,0,6.88372
145.167,4.62036,4.62036,-4.62036,-4.62036,0,6.53418
145.2,4.25297,4.25297,-4.25297,-4.25297,0,6.0146
145.233,3.7749,3.7749,-3.7749,-3.7749,0,5.33851
145.266,3.1986,3.1986,-3.1986,-3.1986,0,4.5235
145.299,2.53906,2.53906,-2.53906,-2.53906,0,3.59078
145.332,1.81346,1.81346,-1.81346,-1.81346,0,2.56461
145.365,1.04066,1.04066,-1.04066,-1.04066,0,1.47172
145.398,0.240783,0.240783,-0.240783,-0.240783,0,0.340519
145.431,-0.565359,-0.565359,0.565359,0.565359,0,-0.799539
145.464,-1.35679,-1.35679,1.35679,1.35679,0,-1.91879
145.497,-2.11291,-2.11291,2.11291,2.11291,0,-2.98811
145.53,-2.81405,-2.81405,2.81405,2.81405,0,-3.97967
145.563,-3.44197,-3.44197,3.44197,3.44197,0,-4.86768
145.596,-3.98031,-3.98031,3.98031,3.98031,0,-5.62901
145.629,-4.41508,-4.41508,4.41508,4.41508,0,-6.24387
145.662,-4.73496,-4.73496,4.73496,4.73496,0,-6.69625
145.695,-4.93163,-4.93163,4.93163,4.93163,0,-6.97437
145.728,-4.99996,-4.99996,4.99996,4.99996,0,-7.07101
145.761,-4.93818,-4.93818,4.93818,4.93818,0,-6.98364
145.794,-4.7479,-4.7479,4.7479,4.7479,0,-6.71455
145.827,-4.43407,-4.43407,4.43407,4.43407,0,-6.27072
145.86,-4.00486,-4.00486,4.00486,4.00486,0,-5.66372
145.893,-3.47143,-3.47143,3.47143,3.47143,0,-4.90934
145.926,-2.84766,-2.84766,2.84766,2.84766,0,-4.0272
145.959,-2.14979,-2.14979,2.14979,2.14979,0,-3.04027
145.992,-1.39598,-1.39598,1.39598,1.39598,0,-1.97422
146.025,-0.605849,-0.605849,0.605849,0.605849,0,-0.856799
146.058,0.200053,0.200053,-0.200053,-0.200053,0,0.282918
146.091,1.00075,1.00075,-1.00075,-1.00075,0,1.41527
146.124,1.7754,1.7754,-1.7754,-1.7754,0,2.5108
146.157,2.50386,2.50386,-2.50386,-2.50386,0,3.54099
146.19,3.16715,3.16715,-3.16715,-3.16715,0,4.47903
146.223,3.74804,3.74804,-3.74804,-3.74804,0,5.30052
146.256,4.23139,4.23139,-4.23139,-4.23139,0,5.98408
146.289,4.60463,4.60463,-4.60463,-4.60463,0,6.51192
146.322,4.85804,4.85804,-4.85804,-4.85804,0,6.87031
146.355,4.98504,4.98504,-4.98504,-4.98504,0,7.04991
146.388,4.98232,4.98232,-4.98232,-4.98232,0,7.04606
146.421,4.84995,4.84995,-4.84995,-4.84995,0,6.85886
146.454,4.59137,4.59137,-4.59137,-4.59137,0,6.49317
146.487,4.21331,4.21331,-4.21331,-4.21331,0,5.95852
146.52,3.72561,3.72561,-3.72561,-3.72561,0,5.26881
146.553,3.14097,3.14097,-3.14097,-3.14097,0,4.442
146.586,2.47459,2.47459,-2.47459,-2.47459,0,3.4996
146.619,1.74381,1.74381,-1.74381,-1.74381,0,2.46612
146.652,0.967661,0.967661,-0.967661,-0.967661,0,1.36848
146.685,0.166328,0.166328,-0.166328,-0.166328,0,0.235223
146.718,-0.639334,-0.639334,0.639334,0.639334,0,-0.904155
146.751,-1.42836,-1.42836,1.42836,1.42836,0,-2.02
146.784,-2.18021,-2.18021,2.18021,2.18021,0,-3.08329
146.817,-2.87534,-2.87534,2.87534,2.87534,0,-4.06634
146.85,-3.49563,-3.49563,3.49563,3.49563,0,-4.94357
146.883,-4.02497,-4.02497,4.02497,4.02497,0,-5.69217
146.916,-4.44957,-4.44957,4.44957,4.44957,0,-6.29264
146.949,-4.75837,-4.75837,4.75837,4.75837,0,-6.72936
146.982,-4.94336,-4.94336,4.94336,4.94336,0,-6.99097
147.015,-4.99971,-4.99971,4.99971,4.99971,0,-7.07065
147.048,-4.92595,-4.92595,4.92595,4.92595,0,-6.96635
147.081,-4.72401,-4.72401,4.72401,4.72401,0,-6.68076
147.114,-4.39914,-4.39914,4.39914,4.39914,0,-6.22133
147.147,-3.9598,-3.9598,3.9598,3.9598,0,-5.6
147.18,-3.41741,-3.41741,3.41741,3.41741,0,-4.83295
147.213,-2.7861,-2.7861,2.7861,2.7861,0,-3.94013
147.246,-2.08228,-2.08228,2.08228,2.08228,0,-2.94479
147.279,-1.32428,-1.32428,1.32428,1.32428,0,-1.87281
147.312,-0.531815,-0.531815,0.531815,0.531815,0,-0.7521
147.345,0.274486,0.274486,-0.274486,-0.274486,0,0.388182
147.378,1.07365,1.07365,-1.07365,-1.07365,0,1.51836
147.411,1.84487,1.84487,-1.84487,-1.84487,0,2.60903
147.444,2.56808,2.56808,-2.56808,-2.56808,0,3.63181
147.477,3.22446,3.22446,-3.22446,-3.22446,0,4.56008
147.51,3.79694,3.79694,-3.79694,-3.79694,0,5.36969
147.543,4.27061,4.27061,-4.27061,-4.27061,0,6.03956
147.576,4.63316,4.63316,-4.63316,-4.63316,0,6.55227
147.609,4.87513,4.87513,-4.87513,-4.87513,0,6.89448
147.642,4.99025,4.99025,-4.99025,-4.99025,0,7.05728
147.675,4.97551,4.97551,-4.97551,-4.97551,0,7.03643
147.708,4.83129,4.83129,-4.83129,-4.83129,0,6.83248
147.741,4.56135,4.56135,-4.56135,-4.56135,0,6.45073
147.774,4.17272,4.17272,-4.17272,-4.17272,0,5.90112
147.807,3.6755,3.6755,-3.6755,-3.6755,0,5.19795
147.84,3.08264,3.08264,-3.08264,-3.08264,0,4.35951
147.873,2.40956,2.40956,-2.40956,-2.40956,0,3.40764
147.906,1.67378,1.67378,-1.67378,-1.67378,0,2.36709
147.939,0.894447,0.894447,-0.894447,-0.894447,0,1.26494
147.972,0.0918349,0.0918349,-0.0918349,-0.0918349,0,0.129874
148.005,-0.713167,-0.713167,0.713167,0.713167,0,-1.00857
148.038,-1.49961,-1.49961,1.49961,1.49961,0,-2.12077
148.071,-2.24703,-2.24703,2.24703,2.24703,0,-3.17778
148.104,-2.93598,-2.93598,2.93598,2.93598,0,-4.1521
148.137,-3.54852,-3.54852,3.54852,3.54852,0,-5.01837
148.17,-4.06873,-4.06873,4.06873,4.06873,0,-5.75405
148.203,-4.48306,-4.48306,4.48306,4.48306,0,-6.34
148.236,-4.78073,-4.78073,4.78073,4.78073,0,-6.76097
148.269,-4.95399,-4.95399,4.95399,4.95399,0,-7.00601
148.302,-4.99834,-4.99834,4.99834,4.99834,0,-7.06873
148.335,-4.91263,-4.91263,4.91263,4.91263,0,-6.9475
148.368,-4.69907,-4.69907,4.69907,4.69907,0,-6.64549
148.401,-4.36324,-4.36324,4.36324,4.36324,0,-6.17055
148.434,-3.91386,-3.91386,3.91386,3.91386,0,-5.53504
148.467,-3.36264,-3.36264,3.36264,3.36264,0,-4.75549
148.5,-2.72391,-2.72391,2.72391,2.72391,0,-3.85219
148.533,-2.0143,-2.0143,2.0143,2.0143,0,-2.84865
148.566,-1.25228,-1.25228,1.25228,1.25228,0,-1.77099
148.599,-0.457663,-0.457663,0.457663,0.457663,0,-0.647233
148.632,0.348859,0.348859,-0.348859,-0.348859,0,0.493361
148.665,1.1463,1.1463,-1.1463,-1.1463,0,1.62112
148.698,1.91392,1.91392,-1.91392,-1.91392,0,2.70669
148.731,2.63173,2.63173,-2.63173,-2.63173,0,3.72183
148.764,3.28105,3.28105,-3.28105,-3.28105,0,4.64011
148.797,3.845,3.845,-3.845,-3.845,0,5.43765
148.83,4.30889,4.30889,-4.30889,-4.30889,0,6.09369
148.863,4.66066,4.66066,-4.66066,-4.66066,0,6.59116
148.896,4.89114,4.89114,-4.89114,-4.89114,0,6.91712
148.929,4.99435,4.99435,-4.99435,-4.99435,0,7.06307
148.962,4.96759,4.96759,-4.96759,-4.96759,0,7.02523
148.995,4.81156,4.81156,-4.81156,-4.81156,0,6.80457
149.028,4.53033,4.53033,-4.53033,-4.53033,0,6.40685
149.061,4.1312,4.1312,-4.1312,-4.1312,0,5.8424
149.094,3.62458,3.62458,-3.62458,-3.62458,0,5.12593
149.127,3.02363,3.02363,-3.02363,-3.02363,0,4.27606
149.16,2.344,2.344,-2.344,-2.344,0,3.31492
149.193,1.60338,1.60338,-1.60338,-1.60338,0,2.26752
149.226,0.821034,0.821034,-0.821034,-0.821034,0,1.16112
149.259,0.0173219,0.0173219,-0.0173219,-0.0173219,0,0.0244968
149.292,-0.786841,-0.786841,0.786841,0.786841,0,-1.11276
149.325,-1.57053,-1.57053,1.57053,1.57053,0,-2.22106
149.358,-2.31335,-2.31335,2.31335,2.31335,0,-3.27157
149.391,-2.99597,-2.99597,2.99597,2.99597,0,-4.23694
149.424,-3.60063,-3.60063,3.60063,3.60063,0,-5.09205
149.457,-4.11159,-4.11159,4.11159,4.11159,0,-5.81466
149.49,-4.51556,-4.51556,4.51556,4.51556,0,-6.38596
149.523,-4.80202,-4.80202,4.80202,4.80202,0,-6.79109
149.556,-4.96353,-4.96353,4.96353,4.96353,0,-7.01949
149.589,-4.99587,-4.99587,4.99587,4.99587,0,-7.06523
149.622,-4.89821,-4.89821,4.89821,4.89821,0,-6.92712
149.655,-4.67309,-4.67309,4.67309,4.67309,0,-6.60875
149.688,-4.32636,-4.32636,4.32636,4.32636,0,-6.1184
149.721,-3.86706,-3.86706,3.86706,3.86706,0,-5.46884
149.754,-3.30712,-3.30712,3.30712,3.30712,0,-4.67697
149.787,-2.66112,-2.66112,2.66112,2.66112,0,-3.76339
149.82,-1.94588,-1.94588,1.94588,1.94588,0,-2.75189
149.853,-1.18,-1.18,1.18,1.18,0,-1.66877
149.886,-0.38341,-0.38341,0.38341,0.38341,0,-0.542223
149.919,0.423154,0.423154,-0.423154,-0.423154,0,0.59843
149.952,1.21871,1.21871,-1.21871,-1.21871,0,1.72351
149.985,1.98255,1.98255,-1.98255,-1.98255,0,2.80374
150.018,2.69479,2.69479,-2.69479,-2.69479,0,3.81101
150.051,3.33692,3.33692,-3.33692,-3.33692,0,4.71912
150.084,3.89221,3.89221,-3.89221,-3.89221,0,5.50441
150.117,4.34621,4.34621,-4.34621,-4.34621,0,6.14648
150.15,4.68712,4.68712,-4.68712,-4.68712,0,6.62859
150.183,4.90606,4.90606,-4.90606,-4.90606,0,6.93822
150.216,4.99733,4.99733,-4.99733,-4.99733,0,7.0673
150.249,4.95856,4.95856,-4.95856,-4.95856,0,7.01247
150.282,4.79076,4.79076,-4.79076,-4.79076,0,6.77516
150.315,4.49829,4.49829,-4.49829,-4.49829,0,6.36155
150.348,4.08877,4.08877,-4.08877,-4.08877,0,5.78239
150.381,3.57285,3.57285,-3.57285,-3.57285,0,5.05277
150.414,2.96395,2.96395,-2.96395,-2.96395,0,4.19166
150.447,2.27792,2.27792,-2.27792,-2.27792,0,3.22147
150.48,1.53262,1.53262,-1.53262,-1.53262,0,2.16746
150.513,0.747439,0.747439,-0.747439,-0.747439,0,1.05704
150.546,-0.057195,-0.057195,0.057195,0.057195,0,-0.0808859
150.579,-0.860341,-0.860341,0.860341,0.860341,0,-1.21671
150.612,-1.6411,-1.6411,1.6411,1.6411,0,-2.32086
150.645,-2.37915,-2.37915,2.37915,2.37915,0,-3.36463
150.678,-3.05529,-3.05529,3.05529,3.05529,0,-4.32084
150.711,-3.65193,-3.65193,3.65193,3.65193,0,-5.16461
150.744,-4.15353,-4.15353,4.15353,4.15353,0,-5.87398
150.777,-4.54705,-4.54705,4.54705,4.54705,0,-6.43051
150.81,-4.82225,-4.82225,4.82225,4.82225,0,-6.81969
150.843,-4.97196,-4.97196,4.97196,4.97196,0,-7.03142
150.876,-4.99229,-4.99229,4.99229,4.99229,0,-7.06017
150.909,-4.88271,-4.88271,4.88271,4.88271,0,-6.90519
150.942,-4.64607,-4.64607,4.64607,4.64607,0,-6.57053
150.975,-4.28853,-4.28853,4.28853,4.28853,0,-6.06489
151.008,-3.81939,-3.81939,3.81939,3.81939,0,-5.40143
151.041,-3.25086,-3.25086,3.25086,3.25086,0,-4.59741
151.074,-2.59774,-2.59774,2.59774,2.59774,0,-3.67376
151.107,-1.87702,-1.87702,1.87702,1.87702,0,-2.65451
151.14,-1.10745,-1.10745,1.10745,1.10745,0,-1.56618
151.173,-0.309071,-0.309071,0.309071,0.309071,0,-0.437093
151.206,0.497355,0.497355,-0.497355,-0.497355,0,0.703366
151.239,1.29084,1.29084,-1.29084,-1.29084,0,1.82552
151.272,2.05073,2.05073,-2.05073,-2.05073,0,2.90017
151.305,2.75726,2.75726,-2.75726,-2.75726,0,3.89936
151.338,3.39204,3.39204,-3.39204,-3.39204,0,4.79707
151.371,3.93855,3.93855,-3.93855,-3.93855,0,5.56995
151.404,4.38257,4.38257,-4.38257,-4.38257,0,6.19789
151.437,4.71255,4.71255,-4.71255,-4.71255,0,6.66455
151.47,4.91989,4.91989,-4.91989,-4.91989,0,6.95778
151.503,4.99921,4.99921,-4.99921,-4.99921,0,7.06995
151.536,4.94844,4.94844,-4.94844,-4.94844,0,6.99815
151.569,4.7689,4.7689,-4.7689,-4.7689,0,6.74424
151.602,4.46526,4.46526,-4.46526,-4.46526,0,6.31483
151.635,4.04543,4.04543,-4.04543,-4.04543,0,5.7211
151.668,3.52032,3.52032,-3.52032,-3.52032,0,4.97849
151.701,2.90361,2.90361,-2.90361,-2.90361,0,4.10632
151.734,2.21134,2.21134,-2.21134,-2.21134,0,3.1273
151.767,1.46152,1.46152,-1.46152,-1.46152,0,2.06691
151.8,0.673678,0.673678,-0.673678,-0.673678,0,0.952724
151.833,-0.131699,-0.131699,0.131699,0.131699,0,-0.186251
151.866,-0.933649,-0.933649,0.933649,0.933649,0,-1.32038
151.899,-1.7113,-1.7113,1.7113,1.7113,0,-2.42015
151.932,-2.44443,-2.44443,2.44443,2.44443,0,-3.45694
151.965,-3.11394,-3.11394,3.11394,3.11394,0,-4.40377
151.998,-3.70242,-3.70242,3.70242,3.70242,0,-5.23601
152.031,-4.19456,-4.19456,4.19456,4.19456,0,-5.932
152.064,-4.57754,-4.57754,4.57754,4.57754,0,-6.47362
152.097,-4.84141,-4.84141,4.84141,4.84141,0,-6.84678
152.13,-4.97929,-4.97929,4.97929,4.97929,0,-7.04178
152.163,-4.9876,-4.9876,4.9876,4.9876,0,-7.05353
152.196,-4.86612,-4.86612,4.86612,4.86612,0,-6.88174
152.229,-4.61802,-4.61802,4.61802,4.61802,0,-6.53086
152.262,-4.24974,-4.24974,4.24974,4.24974,0,-6.01004
152.295,-3.77088,-3.77088,3.77088,3.77088,0,-5.33282
152.328,-3.19389,-3.19389,3.19389,3.19389,0,-4.51684
152.361,-2.53378,-2.53378,2.53378,2.53378,0,-3.58331
152.394,-1.80775,-1.80775,1.80775,1.80775,0,-2.55654
152.427,-1.03467,-1.03467,1.03467,1.03467,0,-1.46324
152.46,-0.234664,-0.234664,0.234664,0.234664,0,-0.331865
152.493,0.571446,0.571446,-0.571446,-0.571446,0,0.808146
152.526,1.36269,1.36269,-1.36269,-1.36269,0,1.92713
152.559,2.11846,2.11846,-2.11846,-2.11846,0,2.99596
152.592,2.81912,2.81912,-2.81912,-2.81912,0,3.98683
152.625,3.44641,3.44641,-3.44641,-3.44641,0,4.87396
152.658,3.98402,3.98402,-3.98402,-3.98402,0,5.63425
152.691,4.41795,4.41795,-4.41795,-4.41795,0,6.24793
152.724,4.73693,4.73693,-4.73693,-4.73693,0,6.69902
152.757,4.93263,4.93263,-4.93263,-4.93263,0,6.97579
152.79,4.99998,4.99998,-4.99998,-4.99998,0,7.07104
152.823,4.93722,4.93722,-4.93722,-4.93722,0,6.98228
152.856,4.74598,4.74598,-4.74598,-4.74598,0,6.71183
152.889,4.43124,4.43124,-4.43124,-4.43124,0,6.26671
152.922,4.00118,4.00118,-4.00118,-4.00118,0,5.65853
152.955,3.46701,3.46701,-3.46701,-3.46701,0,4.9031
152.988,2.84262,2.84262,-2.84262,-2.84262,0,4.02008
153.021,2.14426,2.14426,-2.14426,-2.14426,0,3.03244
153.054,1.3901,1.3901,-1.3901,-1.3901,0,1.9659
153.087,0.599767,0.599767,-0.599767,-0.599767,0,0.848199
153.12,-0.206174,-0.206174,0.206174,0.206174,0,-0.291574
153.153,-1.00675,-1.00675,1.00675,1.00675,0,-1.42376
153.186,-1.78113,-1.78113,1.78113,1.78113,0,-2.5189
153.219,-2.50916,-2.50916,2.50916,2.50916,0,-3.54848
153.252,-3.17189,-3.17189,3.17189,3.17189,0,-4.48573
153.285,-3.75209,-3.75209,3.75209,3.75209,0,-5.30625
153.318,-4.23465,-4.23465,4.23465,4.23465,0,-5.98869
153.351,-4.60701,-4.60701,4.60701,4.60701,0,-6.5153
153.384,-4.85949,-4.85949,4.85949,4.85949,0,-6.87235
153.417,-4.98551,-4.98551,4.98551,4.98551,0,-7.05058
153.45,-4.9818,-4.9818,4.9818,4.9818,0,-7.04533
153.483,-4.84845,-4.84845,4.84845,4.84845,0,-6.85675
153.516,-4.58894,-4.58894,4.58894,4.58894,0,-6.48974
153.549,-4.21001,-4.21001,4.21001,4.21001,0,-5.95385
153.582,-3.72153,-3.72153,3.72153,3.72153,0,-5.26303
153.615,-3.1362,-3.1362,3.1362,3.1362,0,-4.43526
153.648,-2.46926,-2.46926,2.46926,2.46926,0,-3.49207
153.681,-1.73807,-1.73807,1.73807,1.73807,0,-2.458
153.714,-0.96165,-0.96165,0.96165,0.96165,0,-1.35998
153.747,-0.160205,-0.160205,0.160205,0.160205,0,-0.226563
153.78,0.645409,0.645409,-0.645409,-0.645409,0,0.912747
153.813,1.43423,1.43423,-1.43423,-1.43423,0,2.02831
153.846,2.18573,2.18573,-2.18573,-2.18573,0,3.09108
153.879,2.88035,2.88035,-2.88035,-2.88035,0,4.07342
153.912,3.50001,3.50001,-3.50001,-3.50001,0,4.94976
153.945,4.0286,4.0286,-4.0286,-4.0286,0,5.6973
153.978,4.45236,4.45236,-4.45236,-4.45236,0,6.29658
154.011,4.76025,4.76025,-4.76025,-4.76025,0,6.73201
154.044,4.94427,4.94427,-4.94427,-4.94427,0,6.99226
154.077,4.99964,4.99964,-4.99964,-4.99964,0,7.07055
154.11,4.9249,4.9249,-4.9249,-4.9249,0,6.96486
154.143,4.722,4.722,-4.722,-4.722,0,6.67792
154.176,4.39623,4.39623,-4.39623,-4.39623,0,6.2172
154.209,3.95605,3.95605,-3.95605,-3.95605,0,5.59471
154.242,3.41294,3.41294,-3.41294,-3.41294,0,4.82662
154.275,2.78101,2.78101,-2.78101,-2.78101,0,3.93294
154.308,2.07671,2.07671,-2.07671,-2.07671,0,2.93691
154.341,1.31837,1.31837,-1.31837,-1.31837,0,1.86446
154.374,0.525723,0.525723,-0.525723,-0.525723,0,0.743485
154.407,-0.280603,-0.280603,0.280603,0.280603,0,-0.396833
154.44,-1.07963,-1.07963,1.07963,1.07963,0,-1.52682
154.473,-1.85056,-1.85056,1.85056,1.85056,0,-2.61708
154.506,-2.57333,-2.57333,2.57333,2.57333,0,-3.63924
154.539,-3.22914,-3.22914,3.22914,3.22914,0,-4.5667
154.572,-3.80092,-3.80092,3.80092,3.80092,0,-5.37532
154.605,-4.2738,-4.2738,4.2738,4.2738,0,-6.04406
154.638,-4.63546,-4.63546,4.63546,4.63546,0,-6.55552
154.671,-4.87649,-4.87649,4.87649,4.87649,0,-6.8964
154.704,-4.99063,-4.99063,4.99063,4.99063,0,-7.05781
154.737,-4.9749,-4.9749,4.9749,4.9749,0,-7.03557
154.77,-4.82971,-4.82971,4.82971,4.82971,0,-6.83024
154.803,-4.55884,-4.55884,4.55884,4.55884,0,-6.44717
154.836,-4.16934,-4.16934,4.16934,4.16934,0,-5.89634
154.869,-3.67135,-3.67135,3.67135,3.67135,0,-5.19207
154.902,-3.07782,-3.07782,3.07782,3.07782,0,-4.35269
154.935,-2.40419,-2.40419,2.40419,2.40419,0,-3.40004
154.968,-1.66801,-1.66801,1.66801,1.66801,0,-2.35892
155.001,-0.888419,-0.888419,0.888419,0.888419,0,-1.25641
155.034,-0.0857096,-0.0857096,0.0857096,0.0857096,0,-0.121212
155.067,0.71923,0.71923,-0.71923,-0.71923,0,1.01714
155.1,1.50545,1.50545,-1.50545,-1.50545,0,2.12903
155.133,2.2525,2.2525,-2.2525,-2.2525,0,3.18552
155.166,2.94093,2.94093,-2.94093,-2.94093,0,4.15911
155.199,3.55284,3.55284,-3.55284,-3.55284,0,5.02447
155.232,4.07229,4.07229,-4.07229,-4.07229,0,5.75909
155.265,4.48577,4.48577,-4.48577,-4.48577,0,6.34384
155.298,4.78252,4.78252,-4.78252,-4.78252,0,6.76351
155.331,4.95482,4.95482,-4.95482,-4.95482,0,7.00717
155.364,4.99818,4.99818,-4.99818,-4.99818,0,7.0685
155.397,4.91148,4.91148,-4.91148,-4.91148,0,6.94589
155.43,4.69698,4.69698,-4.69698,-4.69698,0,6.64253
155.463,4.36024,4.36024,-4.36024,-4.36024,0,6.16631
155.496,3.91005,3.91005,-3.91005,-3.91005,0,5.52964
155.529,3.3581,3.3581,-3.3581,-3.3581,0,4.74907
155.562,2.71877,2.71877,-2.71877,-2.71877,0,3.84492
155.595,2.00869,2.00869,-2.00869,-2.00869,0,2.84072
155.628,1.24634,1.24634,-1.24634,-1.24634,0,1.7626
155.661,0.451562,0.451562,-0.451562,-0.451562,0,0.638606
155.694,-0.35497,-0.35497,0.35497,0.35497,0,-0.502003
155.727,-1.15227,-1.15227,1.15227,1.15227,0,-1.62955
155.76,-1.91958,-1.91958,1.91958,1.91958,0,-2.71469
155.793,-2.63694,-2.63694,2.63694,2.63694,0,-3.72919
155.826,-3.28568,-3.28568,3.28568,3.28568,0,-4.64665
155.859,-3.84891,-3.84891,3.84891,3.84891,0,-5.44319
155.892,-4.312,-4.312,4.312,4.312,0,-6.09808
155.925,-4.66287,-4.66287,4.66287,4.66287,0,-6.5943
155.958,-4.89241,-4.89241,4.89241,4.89241,0,-6.91891
155.991,-4.99463,-4.99463,4.99463,4.99463,0,-7.06348
156.024,-4.96689,-4.96689,4.96689,4.96689,0,-7.02424
156.057,-4.80989,-4.80989,4.80989,4.80989,0,-6.80221
156.09,-4.52773,-4.52773,4.52773,4.52773,0,-6.40318
156.123,-4.12775,-4.12775,4.12775,4.12775,0,-5.83752
156.156,-3.62035,-3.62035,3.62035,3.62035,0,-5.11995
156.189,-3.01875,-3.01875,3.01875,3.01875,0,-4.26916
156.222,-2.33859,-2.33859,2.33859,2.33859,0,-3.30727
156.255,-1.59758,-1.59758,1.59758,1.59758,0,-2.25932
156.288,-0.81499,-0.81499,0.81499,0.81499,0,-1.15257
156.321,-0.0111957,-0.0111957,0.0111957,0.0111957,0,-0.015833
156.354,0.79289,0.79289,-0.79289,-0.79289,0,1.12132
156.387,1.57634,1.57634,-1.57634,-1.57634,0,2.22929
156.42,2.31878,2.31878,-2.31878,-2.31878,0,3.27925
156.453,3.00087,3.00087,-3.00087,-3.00087,0,4.24387
156.486,3.60487,3.60487,-3.60487,-3.60487,0,5.09806
156.519,4.11507,4.11507,-4.11507,-4.11507,0,5.81959
156.552,4.51819,4.51819,-4.51819,-4.51819,0,6.38968
156.585,4.80373,4.80373,-4.80373,-4.80373,0,6.7935
156.618,4.96426,4.96426,-4.96426,-4.96426,0,7.02053
156.651,4.99562,4.99562,-4.99562,-4.99562,0,7.06487
156.684,4.89698,4.89698,-4.89698,-4.89698,0,6.92537
156.717,4.67091,4.67091,-4.67091,-4.67091,0,6.60566
156.75,4.32329,4.32329,-4.32329,-4.32329,0,6.11405
156.783,3.86317,3.86317,-3.86317,-3.86317,0,5.46335
156.816,3.30252,3.30252,-3.30252,-3.30252,0,4.67047
156.849,2.65593,2.65593,-2.65593,-2.65593,0,3.75606
156.882,1.94023,1.94023,-1.94023,-1.94023,0,2.7439
156.915,1.17404,1.17404,-1.17404,-1.17404,0,1.66035
156.948,0.377301,0.377301,-0.377301,-0.377301,0,0.533585
156.981,-0.429258,-0.429258,0.429258,0.429258,0,-0.607062
157.014,-1.22465,-1.22465,1.22465,1.22465,0,-1.73191
157.047,-1.98817,-1.98817,1.98817,1.98817,0,-2.81169
157.08,-2.69995,-2.69995,2.69995,2.69995,0,-3.81831
157.113,-3.34148,-3.34148,3.34148,3.34148,0,-4.72556
157.146,-3.89605,-3.89605,3.89605,3.89605,0,-5.50985
157.179,-4.34924,-4.34924,4.34924,4.34924,0,-6.15075
157.212,-4.68925,-4.68925,4.68925,4.68925,0,-6.6316
157.245,-4.90724,-4.90724,4.90724,4.90724,0,-6.93989
157.278,-4.99753,-4.99753,4.99753,4.99753,0,-7.06757
157.311,-4.95777,-4.95777,4.95777,4.95777,0,-7.01135
157.344,-4.789,-4.789,4.789,4.789,0,-6.77268
157.377,-4.49562,-4.49562,4.49562,4.49562,0,-6.35776
157.41,-4.08524,-4.08524,4.08524,4.08524,0,-5.7774
157.443,-3.56856,-3.56856,3.56856,3.56856,0,-5.0467
157.476,-2.95901,-2.95901,2.95901,2.95901,0,-4.18468
157.509,-2.27247,-2.27247,2.27247,2.27247,0,-3.21376
157.542,-1.52679,-1.52679,1.52679,1.52679,0,-2.15921
157.575,-0.741381,-0.741381,0.741381,0.741381,0,-1.04847
157.608,0.0633208,0.0633208,-0.0633208,-0.0633208,0,0.0895491
157.641,0.866375,0.866375,-0.866375,-0.866375,0,1.22524
157.674,1.64688,1.64688,-1.64688,-1.64688,0,2.32905
157.707,2.38454,2.38454,-2.38454,-2.38454,0,3.37224
157.74,3.06014,3.06014,-3.06014,-3.06014,0,4.32769
157.773,3.65611,3.65611,-3.65611,-3.65611,0,5.17052
157.806,4.15694,4.15694,-4.15694,-4.15694,0,5.8788
157.839,4.5496,4.5496,-4.5496,-4.5496,0,6.4341
157.872,4.82387,4.82387,-4.82387,-4.82387,0,6.82198
157.905,4.97261,4.97261,-4.97261,-4.97261,0,7.03233
157.938,4.99195,4.99195,-4.99195,-4.99195,0,7.05968
157.971,4.88139,4.88139,-4.88139,-4.88139,0,6.90332
158.004,4.6438,4.6438,-4.6438,-4.6438,0,6.56733
158.037,4.28538,4.28538,-4.28538,-4.28538,0,6.06044
158.07,3.81543,3.81543,-3.81543,-3.81543,0,5.39584
158.103,3.24621,3.24621,-3.24621,-3.24621,0,4.59083
158.136,2.5925,2.5925,-2.5925,-2.5925,0,3.66635
158.169,1.87134,1.87134,-1.87134,-1.87134,0,2.64647
158.202,1.10148,1.10148,-1.10148,-1.10148,0,1.55773
158.235,0.302956,0.302956,-0.302956,-0.302956,0,0.428445
158.268,-0.503451,-0.503451,0.503451,0.503451,0,-0.711987
158.301,-1.29676,-1.29676,1.29676,1.29676,0,-1.83389
158.334,-2.05632,-2.05632,2.05632,2.05632,0,-2.90807
158.367,-2.76237,-2.76237,2.76237,2.76237,0,-3.90658
158.4,-3.39654,-3.39654,3.39654,3.39654,0,-4.80343
158.433,-3.94232,-3.94232,3.94232,3.94232,0,-5.57528
158.466,-4.38552,-4.38552,4.38552,4.38552,0,-6.20206
158.499,-4.71459,-4.71459,4.71459,4.71459,0,-6.66744
158.532,-4.92098,-4.92098,4.92098,4.92098,0,-6.95932
158.565,-4.99932,-4.99932,4.99932,4.99932,0,-7.0701
158.598,-4.94756,-4.94756,4.94756,4.94756,0,-6.9969
158.631,-4.76705,-4.76705,4.76705,4.76705,0,-6.74163
158.664,-4.4625,-4.4625,4.4625,4.4625,0,-6.31093
158.697,-4.04182,-4.04182,4.04182,4.04182,0,-5.716
158.73,-3.51597,-3.51597,3.51597,3.51597,0,-4.97233
158.763,-2.89862,-2.89862,2.89862,2.89862,0,-4.09927
158.796,-2.20584,-2.20584,2.20584,2.20584,0,-3.11953
158.829,-1.45566,-1.45566,1.45566,1.45566,0,-2.05862
158.862,-0.667607,-0.667607,0.667607,0.667607,0,-0.944139
158.895,0.137823,0.137823,-0.137823,-0.137823,0,0.194911
158.928,0.939667,0.939667,-0.939667,-0.939667,0,1.32889
158.961,1.71706,1.71706,-1.71706,-1.71706,0,2.42829
158.994,2.44977,2.44977,-2.44977,-2.44977,0,3.4645
159.027,3.11873,3.11873,-3.11873,-3.11873,0,4.41055
159.06,3.70653,3.70653,-3.70653,-3.70653,0,5.24183
159.093,4.19789,4.19789,-4.19789,-4.19789,0,5.93671
159.126,4.58,4.58,-4.58,-4.58,0,6.4771
159.159,4.84293,4.84293,-4.84293,-4.84293,0,6.84894
159.192,4.97984,4.97984,-4.97984,-4.97984,0,7.04256
159.225,4.98717,4.98717,-4.98717,-4.98717,0,7.05292
159.258,4.86471,4.86471,-4.86471,-4.86471,0,6.87974
159.291,4.61566,4.61566,-4.61566,-4.61566,0,6.52754
159.324,4.24651,4.24651,-4.24651,-4.24651,0,6.00547
159.357,3.76685,3.76685,-3.76685,-3.76685,0,5.32713
159.39,3.18917,3.18917,-3.18917,-3.18917,0,4.51017
159.423,2.5285,2.5285,-2.5285,-2.5285,0,3.57584
159.456,1.80203,1.80203,-1.80203,-1.80203,0,2.54846
159.489,1.02867,1.02867,-1.02867,-1.02867,0,1.45476
159.522,0.228544,0.228544,-0.228544,-0.228544,0,0.32321
159.555,-0.577531,-0.577531,0.577531,0.577531,0,-0.816753
159.588,-1.36858,-1.36858,1.36858,1.36858,0,-1.93546
159.621,-2.12401,-2.12401,2.12401,2.12401,0,-3.00381
159.654,-2.82417,-2.82417,2.82417,2.82417,0,-3.99399
159.687,-3.45084,-3.45084,3.45084,3.45084,0,-4.88023
159.72,-3.98772,-3.98772,3.98772,3.98772,0,-5.63948
159.753,-4.42082,-4.42082,4.42082,4.42082,0,-6.25198
159.786,-4.73888,-4.73888,4.73888,4.73888,0,-6.70179
159.819,-4.93363,-4.93363,4.93363,4.93363,0,-6.97721
159.852,-4.99999,-4.99999,4.99999,4.99999,0,-7.07106
159.885,-4.93625,-4.93625,4.93625,4.93625,0,-6.98091
159.918,-4.74405,-4.74405,4.74405,4.74405,0,-6.70909
159.951,-4.4284,-4.4284,4.4284,4.4284,0,-6.2627
159.984,-3.99751,-3.99751,3.99751,3.99751,0,-5.65333
160.017,-3.4626,-3.4626,3.4626,3.4626,0,-4.89685
160.05,-2.83758,-2.83758,2.83758,2.83758,0,-4.01295
160.083,-2.13873,-2.13873,2.13873,2.13873,0,-3.02461
160.116,-1.38422,-1.38422,1.38422,1.38422,0,-1.95758
160.149,-0.593685,-0.593685,0.593685,0.593685,0,-0.839597
160.182,0.212295,0.212295,-0.212295,-0.212295,0,0.30023
160.215,1.01275,1.01275,-1.01275,-1.01275,0,1.43224
160.248,1.78685,1.78685,-1.78685,-1.78685,0,2.52699
160.281,2.51445,2.51445,-2.51445,-2.51445,0,3.55598
160.314,3.17663,3.17663,-3.17663,-3.17663,0,4.49243
160.347,3.75613,3.75613,-3.75613,-3.75613,0,5.31198
160.38,4.2379,4.2379,-4.2379,-4.2379,0,5.9933
160.413,4.60939,4.60939,-4.60939,-4.60939,0,6.51866
160.446,4.86093,4.86093,-4.86093,-4.86093,0,6.87439
160.479,4.98597,4.98597,-4.98597,-4.98597,0,7.05123
160.512,4.98128,4.98128,-4.98128,-4.98128,0,7.04459
160.545,4.84695,4.84695,-4.84695,-4.84695,0,6.85463
160.578,4.5865,4.5865,-4.5865,-4.5865,0,6.48629
160.611,4.2067,4.2067,-4.2067,-4.2067,0,5.94917
160.644,3.71743,3.71743,-3.71743,-3.71743,0,5.25724
160.677,3.13143,3.13143,-3.13143,-3.13143,0,4.42851
160.71,2.46393,2.46393,-2.46393,-2.46393,0,3.48453
160.743,1.73233,1.73233,-1.73233,-1.73233,0,2.44988
160.776,0.955637,0.955637,-0.955637,-0.955637,0,1.35147
160.809,0.154081,0.154081,-0.154081,-0.154081,0,0.217904
160.842,-0.651484,-0.651484,0.651484,0.651484,0,-0.921337
160.875,-1.4401,-1.4401,1.4401,1.4401,0,-2.0366
160.908,-2.19123,-2.19123,2.19123,2.19123,0,-3.09887
160.941,-2.88535,-2.88535,2.88535,2.88535,0,-4.0805
160.974,-3.50438,-3.50438,3.50438,3.50438,0,-4.95595
161.007,-4.03223,-4.03223,4.03223,4.03223,0,-5.70243
161.04,-4.45514,-4.45514,4.45514,4.45514,0,-6.30052
161.073,-4.76212,-4.76212,4.76212,4.76212,0,-6.73466
161.106,-4.94518,-4.94518,4.94518,4.94518,0,-6.99355
161.139,-4.99956,-4.99956,4.99956,4.99956,0,-7.07044
161.172,-4.92384,-4.92384,4.92384,4.92384,0,-6.96336
161.205,-4.71998,-4.71998,4.71998,4.71998,0,-6.67506
161.238,-4.39331,-4.39331,4.39331,4.39331,0,-6.21307
161.271,-3.95231,-3.95231,3.95231,3.95231,0,-5.5894
161.304,-3.40846,-3.40846,3.40846,3.40846,0,-4.82029
161.337,-2.77591,-2.77591,2.77591,2.77591,0,-3.92573
161.37,-2.07113,-2.07113,2.07113,2.07113,0,-2.92902
161.403,-1.31246,-1.31246,1.31246,1.31246,0,-1.8561
161.436,-0.51963,-0.51963,0.51963,0.51963,0,-0.734868
161.469,0.28672,0.28672,-0.28672,-0.28672,0,0.405483
161.502,1.08561,1.08561,-1.08561,-1.08561,0,1.53528
161.535,1.85625,1.85625,-1.85625,-1.85625,0,2.62513
161.568,2.57858,2.57858,-2.57858,-2.57858,0,3.64667
161.601,3.23382,3.23382,-3.23382,-3.23382,0,4.57331
161.634,3.8049,3.8049,-3.8049,-3.8049,0,5.38094
161.667,4.27697,4.27697,-4.27697,-4.27697,0,6.04855
161.7,4.63775,4.63775,-4.63775,-4.63775,0,6.55877
161.733,4.87784,4.87784,-4.87784,-4.87784,0,6.89831
161.766,4.991,4.991,-4.991,-4.991,0,7.05834
161.799,4.97428,4.97428,-4.97428,-4.97428,0,7.03469
161.832,4.82812,4.82812,-4.82812,-4.82812,0,6.82799
161.865,4.55632,4.55632,-4.55632,-4.55632,0,6.44361
161.898,4.16596,4.16596,-4.16596,-4.16596,0,5.89155
161.931,3.66719,3.66719,-3.66719,-3.66719,0,5.18618
161.964,3.07299,3.07299,-3.07299,-3.07299,0,4.34586
161.997,2.39882,2.39882,-2.39882,-2.39882,0,3.39244
162.03,1.66223,1.66223,-1.66223,-1.66223,0,2.35075
162.063,0.882389,0.882389,-0.882389,-0.882389,0,1.24789
162.096,0.0795842,0.0795842,-0.0795842,-0.0795842,0,0.112549
162.129,-0.725292,-0.725292,0.725292,0.725292,0,-1.02572
162.162,-1.51129,-1.51129,1.51129,1.51129,0,-2.13729
162.195,-2.25797,-2.25797,2.25797,2.25797,0,-3.19325
162.228,-2.94589,-2.94589,2.94589,2.94589,0,-4.16611
162.261,-3.55715,-3.55715,3.55715,3.55715,0,-5.03056
162.294,-4.07584,-4.07584,4.07584,4.07584,0,-5.76411
162.327,-4.48847,-4.48847,4.48847,4.48847,0,-6.34766
162.36,-4.7843,-4.7843,4.7843,4.7843,0,-6.76603
162.393,-4.95564,-4.95564,4.95564,4.95564,0,-7.00833
162.426,-4.99801,-4.99801,4.99801,4.99801,0,-7.06826
162.459,-4.91033,-4.91033,4.91033,4.91033,0,-6.94426
162.492,-4.69487,-4.69487,4.69487,4.69487,0,-6.63955
162.525,-4.35724,-4.35724,4.35724,4.35724,0,-6.16207
162.558,-3.90622,-3.90622,3.90622,3.90622,0,-5.52424
162.591,-3.35356,-3.35356,3.35356,3.35356,0,-4.74265
162.624,-2.71363,-2.71363,2.71363,2.71363,0,-3.83765
162.657,-2.00308,-2.00308,2.00308,2.00308,0,-2.83278
162.69,-1.24041,-1.24041,1.24041,1.24041,0,-1.7542
162.723,-0.445461,-0.445461,0.445461,0.445461,0,-0.629977
162.756,0.361081,0.361081,-0.361081,-0.361081,0,0.510645
162.789,1.15823,1.15823,-1.15823,-1.15823,0,1.63798
162.822,1.92523,1.92523,-1.92523,-1.92523,0,2.72269
162.855,2.64214,2.64214,-2.64214,-2.64214,0,3.73655
162.888,3.29029,3.29029,-3.29029,-3.29029,0,4.65317
162.921,3.85282,3.85282,-3.85282,-3.85282,0,5.44871
162.954,4.3151,4.3151,-4.3151,-4.3151,0,6.10247
162.987,4.66508,4.66508,-4.66508,-4.66508,0,6.59742
163.02,4.89367,4.89367,-4.89367,-4.89367,0,6.92069
163.053,4.99491,4.99491,-4.99491,-4.99491,0,7.06387
163.086,4.96618,4.96618,-4.96618,-4.96618,0,7.02324
163.119,4.80821,4.80821,-4.80821,-4.80821,0,6.79984
163.152,4.52513,4.52513,-4.52513,-4.52513,0,6.3995
163.185,4.12429,4.12429,-4.12429,-4.12429,0,5.83263
163.218,3.61613,3.61613,-3.61613,-3.61613,0,5.11398
163.251,3.01386,3.01386,-3.01386,-3.01386,0,4.26225
163.284,2.33317,2.33317,-2.33317,-2.33317,0,3.29961
163.317,1.59177,1.59177,-1.59177,-1.59177,0,2.2511
163.35,0.808945,0.808945,-0.808945,-0.808945,0,1.14402
163.383,0.00506941,0.00506941,-0.00506941,-0.00506941,0,0.00716923
163.416,-0.798938,-0.798938,0.798938,0.798938,0,-1.12987
163.449,-1.58216,-1.58216,1.58216,1.58216,0,-2.23751
163.482,-2.3242,-2.3242,2.3242,2.3242,0,-3.28692
163.515,-3.00577,-3.00577,3.00577,3.00577,0,-4.2508
163.548,-3.60912,-3.60912,3.60912,3.60912,0,-5.10406
163.581,-4.11855,-4.11855,4.11855,4.11855,0,-5.82451
163.614,-4.52081,-4.52081,4.52081,4.52081,0,-6.39339
163.647,-4.80542,-4.80542,4.80542,4.80542,0,-6.79589
163.68,-4.96499,-4.96499,4.96499,4.96499,0,-7.02156
163.713,-4.99536,-4.99536,4.99536,4.99536,0,-7.06451
163.746,-4.89574,-4.89574,4.89574,4.89574,0,-6.92362
163.779,-4.66872,-4.66872,4.66872,4.66872,0,-6.60256
163.812,-4.32021,-4.32021,4.32021,4.32021,0,-6.1097
163.845,-3.85928,-3.85928,3.85928,3.85928,0,-5.45784
163.878,-3.29792,-3.29792,3.29792,3.29792,0,-4.66396
163.911,-2.65074,-2.65074,2.65074,2.65074,0,-3.74871
163.944,-1.93458,-1.93458,1.93458,1.93458,0,-2.73592
163.977,-1.16809,-1.16809,1.16809,1.16809,0,-1.65192
164.01,-0.371192,-0.371192,0.371192,0.371192,0,-0.524945
164.043,0.435361,0.435361,-0.435361,-0.435361,0,0.615694
164.076,1.23059,1.23059,-1.23059,-1.23059,0,1.74031
164.109,1.99379,1.99379,-1.99379,-1.99379,0,2.81964
164.142,2.70511,2.70511,-2.70511,-2.70511,0,3.8256
164.175,3.34603,3.34603,-3.34603,-3.34603,0,4.73201
164.208,3.89989,3.89989,-3.89989,-3.89989,0,5.51527
164.241,4.35226,4.35226,-4.35226,-4.35226,0,6.15502
164.274,4.69137,4.69137,-4.69137,-4.69137,0,6.63461
164.307,4.90841,4.90841,-4.90841,-4.90841,0,6.94154
164.34,4.99772,4.99772,-4.99772,-4.99772,0,7.06784
164.373,4.95698,4.95698,-4.95698,-4.95698,0,7.01022
164.406,4.78724,4.78724,-4.78724,-4.78724,0,6.77018
164.439,4.49293,4.49293,-4.49293,-4.49293,0,6.35396
164.472,4.0817,4.0817,-4.0817,-4.0817,0,5.7724
164.505,3.56426,3.56426,-3.56426,-3.56426,0,5.04063
164.538,2.95407,2.95407,-2.95407,-2.95407,0,4.17769
164.571,2.26701,2.26701,-2.26701,-2.26701,0,3.20604
164.604,1.52096,1.52096,-1.52096,-1.52096,0,2.15096
164.637,0.735322,0.735322,-0.735322,-0.735322,0,1.0399
164.67,-0.0694465,-0.0694465,0.0694465,0.0694465,0,-0.0982122
164.703,-0.872408,-0.872408,0.872408,0.872408,0,-1.23377
164.736,-1.65267,-1.65267,1.65267,1.65267,0,-2.33722
164.769,-2.38992,-2.38992,2.38992,2.38992,0,-3.37986
164.802,-3.06498,-3.06498,3.06498,3.06498,0,-4.33454
164.835,-3.66029,-3.66029,3.66029,3.66029,0,-5.17643
164.868,-4.16034,-4.16034,4.16034,4.16034,0,-5.88361
164.901,-4.55214,-4.55214,4.55214,4.55214,0,-6.43769
164.934,-4.82547,-4.82547,4.82547,4.82547,0,-6.82425
164.967,-4.97324,-4.97324,4.97324,4.97324,0,-7.03323
165,-4.9916,-4.9916,4.9916,4.9916,0,-7.05918
165.033,-4.88006,-4.88006,4.88006,4.88006,0,-6.90144
165.066,-4.64153,-4.64153,4.64153,4.64153,0,-6.56411
165.099,-4.28222,-4.28222,4.28222,4.28222,0,-6.05597
165.132,-3.81147,-3.81147,3.81147,3.81147,0,-5.39023
165.165,-3.24154,-3.24154,3.24154,3.24154,0,-4.58424
165.198,-2.58726,-2.58726,2.58726,2.58726,0,-3.65894
165.231,-1.86566,-1.86566,1.86566,1.86566,0,-2.63844
165.264,-1.0955,-1.0955,1.0955,1.0955,0,-1.54928
165.297,-0.296841,-0.296841,0.296841,0.296841,0,-0.419797
165.33,0.509545,0.509545,-0.509545,-0.509545,0,0.720606
165.363,1.30267,1.30267,-1.30267,-1.30267,0,1.84226
165.396,2.0619,2.0619,-2.0619,-2.0619,0,2.91597
165.429,2.76747,2.76747,-2.76747,-2.76747,0,3.9138
165.462,3.40103,3.40103,-3.40103,-3.40103,0,4.80979
165.495,3.94609,3.94609,-3.94609,-3.94609,0,5.58061
165.528,4.38846,4.38846,-4.38846,-4.38846,0,6.20621
165.561,4.71663,4.71663,-4.71663,-4.71663,0,6.67032
165.594,4.92206,4.92206,-4.92206,-4.92206,0,6.96085
165.627,4.99941,4.99941,-4.99941,-4.99941,0,7.07024
165.66,4.94667,4.94667,-4.94667,-4.94667,0,6.99565
165.693,4.7652,4.7652,-4.7652,-4.7652,0,6.73901
165.726,4.45973,4.45973,-4.45973,-4.45973,0,6.30702
165.759,4.03821,4.03821,-4.03821,-4.03821,0,5.7109
165.792,3.51161,3.51161,-3.51161,-3.51161,0,4.96617
165.825,2.89363,2.89363,-2.89363,-2.89363,0,4.0922
165.858,2.20034,2.20034,-2.20034,-2.20034,0,3.11175
165.891,1.4498,1.4498,-1.4498,-1.4498,0,2.05033
165.924,0.661535,0.661535,-0.661535,-0.661535,0,0.935552
165.957,-0.143947,-0.143947,0.143947,0.143947,0,-0.203572
165.99,-0.945683,-0.945683,0.945683,0.945683,0,-1.3374
166.023,-1.72281,-1.72281,1.72281,1.72281,0,-2.43642
166.056,-2.45511,-2.45511,2.45511,2.45511,0,-3.47205
166.089,-3.12352,-3.12352,3.12352,3.12352,0,-4.41732
166.122,-3.71064,-3.71064,3.71064,3.71064,0,-5.24764
166.155,-4.20121,-4.20121,4.20121,4.20121,0,-5.94141
166.188,-4.58246,-4.58246,4.58246,4.58246,0,-6.48057
166.221,-4.84445,-4.84445,4.84445,4.84445,0,-6.85109
166.254,-4.98039,-4.98039,4.98039,4.98039,0,-7.04333
166.287,-4.98672,-4.98672,4.98672,4.98672,0,-7.05229
166.32,-4.86329,-4.86329,4.86329,4.86329,0,-6.87773
166.353,-4.61331,-4.61331,4.61331,4.61331,0,-6.5242
166.386,-4.24327,-4.24327,4.24327,4.24327,0,-6.00089
166.419,-3.76282,-3.76282,3.76282,3.76282,0,-5.32143
166.452,-3.18445,-3.18445,3.18445,3.18445,0,-4.50349
166.485,-2.52321,-2.52321,2.52321,2.52321,0,-3.56836
166.518,-1.79632,-1.79632,1.79632,1.79632,0,-2.54038
166.551,-1.02268,-1.02268,1.02268,1.02268,0,-1.44628
166.584,-0.222424,-0.222424,0.222424,0.222424,0,-0.314555
166.617,0.583616,0.583616,-0.583616,-0.583616,0,0.825358
166.65,1.37447,1.37447,-1.37447,-1.37447,0,1.94379
166.683,2.12956,2.12956,-2.12956,-2.12956,0,3.01165
166.716,2.82923,2.82923,-2.82923,-2.82923,0,4.00113
166.749,3.45528,3.45528,-3.45528,-3.45528,0,4.8865
166.782,3.99141,3.99141,-3.99141,-3.99141,0,5.64471
166.815,4.42368,4.42368,-4.42368,-4.42368,0,6.25603
166.848,4.74083,4.74083,-4.74083,-4.74083,0,6.70455
166.881,4.93462,4.93462,-4.93462,-4.93462,0,6.97861
166.914,5,5,-5,-5,0,7.07107
166.947,4.93527,4.93527,-4.93527,-4.93527,0,6.97952
166.98,4.74211,4.74211,-4.74211,-4.74211,0,6.70635
167.013,4.42555,4.42555,-4.42555,-4.42555,0,6.25867
167.046,3.99383,3.99383,-3.99383,-3.99383,0,5.64812
167.079,3.45817,3.45817,-3.45817,-3.45817,0,4.8906
167.112,2.83253,2.83253,-2.83253,-2.83253,0,4.00581
167.145,2.13319,2.13319,-2.13319,-2.13319,0,3.01678
167.178,1.37833,1.37833,-1.37833,-1.37833,0,1.94925
167.211,0.587601,0.587601,-0.587601,-0.587601,0,0.830994
167.244,-0.218416,-0.218416,0.218416,0.218416,0,-0.308886
167.277,-1.01875,-1.01875,1.01875,1.01875,0,-1.44073
167.31,-1.79257,-1.79257,1.79257,1.79257,0,-2.53508
167.343,-2.51975,-2.51975,2.51975,2.51975,0,-3.56346
167.376,-3.18135,-3.18135,3.18135,3.18135,0,-4.49912
167.409,-3.76018,-3.76018,3.76018,3.76018,0,-5.31769
167.442,-4.24115,-4.24115,4.24115,4.24115,0,-5.99789
167.475,-4.61176,-4.61176,4.61176,4.61176,0,-6.52201
167.508,-4.86236,-4.86236,4.86236,4.86236,0,-6.87641
167.541,-4.98643,-4.98643,4.98643,4.98643,0,-7.05188
167.574,-4.98074,-4.98074,4.98074,4.98074,0,-7.04383
167.607,-4.84545,-4.84545,4.84545,4.84545,0,-6.85249
167.64,-4.58406,-4.58406,4.58406,4.58406,0,-6.48284
167.673,-4.20339,-4.20339,4.20339,4.20339,0,-5.94449
167.706,-3.71333,-3.71333,3.71333,3.71333,0,-5.25144
167.739,-3.12665,-3.12665,3.12665,3.12665,0,-4.42175
167.772,-2.4586,-2.4586,2.4586,2.4586,0,-3.47699
167.805,-1.72658,-1.72658,1.72658,1.72658,0,-2.44175
167.838,-0.949623,-0.949623,0.949623,0.949623,0,-1.34297
167.871,-0.147958,-0.147958,0.147958,0.147958,0,-0.209244
167.904,0.657557,0.657557,-0.657557,-0.657557,0,0.929927
167.937,1.44596,1.44596,-1.44596,-1.44596,0,2.0449
167.97,2.19674,2.19674,-2.19674,-2.19674,0,3.10666
168.003,2.89035,2.89035,-2.89035,-2.89035,0,4.08757
168.036,3.50875,3.50875,-3.50875,-3.50875,0,4.96212
168.069,4.03585,4.03585,-4.03585,-4.03585,0,5.70755
168.102,4.45792,4.45792,-4.45792,-4.45792,0,6.30445
168.135,4.76399,4.76399,-4.76399,-4.76399,0,6.73729
168.168,4.94608,4.94608,-4.94608,-4.94608,0,6.99482
168.201,4.99947,4.99947,-4.99947,-4.99947,0,7.07032
168.234,4.92277,4.92277,-4.92277,-4.92277,0,6.96184
168.267,4.71796,4.71796,-4.71796,-4.71796,0,6.6722
168.3,4.39038,4.39038,-4.39038,-4.39038,0,6.20893
168.333,3.94855,3.94855,-3.94855,-3.94855,0,5.58409
168.366,3.40397,3.40397,-3.40397,-3.40397,0,4.81394
168.399,2.77082,2.77082,-2.77082,-2.77082,0,3.91852
168.432,2.06556,2.06556,-2.06556,-2.06556,0,2.92114
168.465,1.30655,1.30655,-1.30655,-1.30655,0,1.84774
168.498,0.513537,0.513537,-0.513537,-0.513537,0,0.726251
168.531,-0.292836,-0.292836,0.292836,0.292836,0,-0.414132
168.564,-1.09159,-1.09159,1.09159,1.09159,0,-1.54374
168.597,-1.86193,-1.86193,1.86193,1.86193,0,-2.63317
168.63,-2.58383,-2.58383,2.58383,2.58383,0,-3.65409
168.663,-3.23849,-3.23849,3.23849,3.23849,0,-4.57991
168.696,-3.80887,-3.80887,3.80887,3.80887,0,-5.38656
168.729,-4.28014,-4.28014,4.28014,4.28014,0,-6.05304
168.762,-4.64003,-4.64003,4.64003,4.64003,0,-6.562
168.795,-4.87918,-4.87918,4.87918,4.87918,0,-6.9002
168.828,-4.99136,-4.99136,4.99136,4.99136,0,-7.05885
168.861,-4.97366,-4.97366,4.97366,4.97366,0,-7.03381
168.894,-4.82652,-4.82652,4.82652,4.82652,0,-6.82574
168.927,-4.5538,-4.5538,4.5538,4.5538,0,-6.44004
168.96,-4.16257,-4.16257,4.16257,4.16257,0,-5.88676
168.993,-3.66302,-3.66302,3.66302,3.66302,0,-5.18029
169.026,-3.06815,-3.06815,3.06815,3.06815,0,-4.33902
169.059,-2.39344,-2.39344,2.39344,2.39344,0,-3.38484
169.092,-1.65645,-1.65645,1.65645,1.65645,0,-2.34258
169.125,-0.876358,-0.876358,0.876358,0.876358,0,-1.23936
169.158,-0.0734587,-0.0734587,0.0734587,0.0734587,0,-0.103886
169.191,0.731353,0.731353,-0.731353,-0.731353,0,1.03429
169.224,1.51713,1.51713,-1.51713,-1.51713,0,2.14555
169.257,2.26343,2.26343,-2.26343,-2.26343,0,3.20098
169.29,2.95083,2.95083,-2.95083,-2.95083,0,4.17311
169.323,3.56145,3.56145,-3.56145,-3.56145,0,5.03665
169.356,4.07939,4.07939,-4.07939,-4.07939,0,5.76912
169.389,4.49117,4.49117,-4.49117,-4.49117,0,6.35147
169.422,4.78608,4.78608,-4.78608,-4.78608,0,6.76854
169.455,4.95645,4.95645,-4.95645,-4.95645,0,7.00948
169.488,4.99784,4.99784,-4.99784,-4.99784,0,7.06801
169.521,4.90917,4.90917,-4.90917,-4.90917,0,6.94262
169.554,4.69276,4.69276,-4.69276,-4.69276,0,6.63657
169.587,4.35423,4.35423,-4.35423,-4.35423,0,6.15782
169.62,3.9024,3.9024,-3.9024,-3.9024,0,5.51882
169.653,3.34901,3.34901,-3.34901,-3.34901,0,4.73622
169.686,2.70848,2.70848,-2.70848,-2.70848,0,3.83037
169.719,1.99747,1.99747,-1.99747,-1.99747,0,2.82484
169.752,1.23447,1.23447,-1.23447,-1.23447,0,1.74581
169.785,0.439359,0.439359,-0.439359,-0.439359,0,0.621347
169.818,-0.367191,-0.367191,0.367191,0.367191,0,-0.519286
169.851,-1.16418,-1.16418,1.16418,1.16418,0,-1.64641
169.884,-1.93088,-1.93088,1.93088,1.93088,0,-2.73068
169.917,-2.64734,-2.64734,2.64734,2.64734,0,-3.7439
169.95,-3.2949,-3.2949,3.2949,3.2949,0,-4.65969
169.983,-3.85672,-3.85672,3.85672,3.85672,0,-5.45423
170.016,-4.31819,-4.31819,4.31819,4.31819,0,-6.10684
170.049,-4.66728,-4.66728,4.66728,4.66728,0,-6.60053
170.082,-4.89492,-4.89492,4.89492,4.89492,0,-6.92246
170.115,-4.99519,-4.99519,4.99519,4.99519,0,-7.06426
170.148,-4.96546,-4.96546,4.96546,4.96546,0,-7.02223
170.181,-4.80653,-4.80653,4.80653,4.80653,0,-6.79746
170.214,-4.52252,-4.52252,4.52252,4.52252,0,-6.39581
170.247,-4.12082,-4.12082,4.12082,4.12082,0,-5.82772
170.28,-3.61189,-3.61189,3.61189,3.61189,0,-5.10799
170.313,-3.00897,-3.00897,3.00897,3.00897,0,-4.25533
170.346,-2.32775,-2.32775,2.32775,2.32775,0,-3.29194
170.379,-1.58596,-1.58596,1.58596,1.58596,0,-2.24289
170.412,-0.802899,-0.802899,0.802899,0.802899,0,-1.13547
170.445,0.00105684,0.00105684,-0.00105684,-0.00105684,0,0.0014946
170.478,0.804985,0.804985,-0.804985,-0.804985,0,1.13842
170.511,1.58797,1.58797,-1.58797,-1.58797,0,2.24572
170.544,2.32963,2.32963,-2.32963,-2.32963,0,3.29459
170.577,3.01066,3.01066,-3.01066,-3.01066,0,4.25772
170.61,3.61335,3.61335,-3.61335,-3.61335,0,5.11005
170.643,4.12202,4.12202,-4.12202,-4.12202,0,5.82942
170.676,4.52342,4.52342,-4.52342,-4.52342,0,6.39708
170.709,4.80711,4.80711,-4.80711,-4.80711,0,6.79828
170.742,4.96571,4.96571,-4.96571,-4.96571,0,7.02258
170.775,4.99509,4.99509,-4.99509,-4.99509,0,7.06413
170.808,4.89449,4.89449,-4.89449,-4.89449,0,6.92185
170.841,4.66652,4.66652,-4.66652,-4.66652,0,6.59946
170.874,4.31712,4.31712,-4.31712,-4.31712,0,6.10533
170.907,3.85538,3.85538,-3.85538,-3.85538,0,5.45233
170.94,3.29331,3.29331,-3.29331,-3.29331,0,4.65744
170.973,2.64554,2.64554,-2.64554,-2.64554,0,3.74136
171.006,1.92893,1.92893,-1.92893,-1.92893,0,2.72792
171.039,1.16213,1.16213,-1.16213,-1.16213,0,1.6435
171.072,0.365083,0.365083,-0.365083,-0.365083,0,0.516305
171.105,-0.441464,-0.441464,0.441464,0.441464,0,-0.624324
171.138,-1.23652,-1.23652,1.23652,1.23652,0,-1.74871
171.171,-1.9994,-1.9994,1.9994,1.9994,0,-2.82758
171.204,-2.71026,-2.71026,2.71026,2.71026,0,-3.83288
171.237,-3.35058,-3.35058,3.35058,3.35058,0,-4.73844
171.27,-3.90372,-3.90372,3.90372,3.90372,0,-5.52069
171.303,-4.35527,-4.35527,4.35527,4.35527,0,-6.15928
171.336,-4.69349,-4.69349,4.69349,4.69349,0,-6.6376
171.369,-4.90957,-4.90957,4.90957,4.90957,0,-6.94319
171.402,-4.9979,-4.9979,4.9979,4.9979,0,-7.0681
171.435,-4.95617,-4.95617,4.95617,4.95617,0,-7.00908
171.468,-4.78547,-4.78547,4.78547,4.78547,0,-6.76767
171.501,-4.49024,-4.49024,4.49024,4.49024,0,-6.35016
171.534,-4.07816,-4.07816,4.07816,4.07816,0,-5.76739
171.567,-3.55996,-3.55996,3.55996,3.55996,0,-5.03455
171.6,-2.94913,-2.94913,2.94913,2.94913,0,-4.1707
171.633,-2.26155,-2.26155,2.26155,2.26155,0,-3.19831
171.666,-1.51512,-1.51512,1.51512,1.51512,0,-2.1427
171.699,-0.729262,-0.729262,0.729262,0.729262,0,-1.03133
171.732,0.0755721,0.0755721,-0.0755721,-0.0755721,0,0.106875
171.765,0.878439,0.878439,-0.878439,-0.878439,0,1.2423
171.798,1.65845,1.65845,-1.65845,-1.65845,0,2.3454
171.831,2.3953,2.3953,-2.3953,-2.3953,0,3.38746
171.864,3.06982,3.06982,-3.06982,-3.06982,0,4.34138
171.897,3.66446,3.66446,-3.66446,-3.66446,0,5.18233
171.93,4.16374,4.16374,-4.16374,-4.16374,0,5.88841
171.963,4.55467,4.55467,-4.55467,-4.55467,0,6.44127
171.996,4.82708,4.82708,-4.82708,-4.82708,0,6.82652
172.029,4.97387,4.97387,-4.97387,-4.97387,0,7.03412
172.062,4.99124,4.99124,-4.99124,-4.99124,0,7.05868
172.095,4.87872,4.87872,-4.87872,-4.87872,0,6.89955
172.128,4.63925,4.63925,-4.63925,-4.63925,0,6.56089
172.161,4.27905,4.27905,-4.27905,-4.27905,0,6.05149
172.194,3.8075,3.8075,-3.8075,-3.8075,0,5.38462
172.227,3.23688,3.23688,-3.23688,-3.23688,0,4.57764
172.26,2.58202,2.58202,-2.58202,-2.58202,0,3.65153
172.293,1.85997,1.85997,-1.85997,-1.85997,0,2.6304
172.326,1.08953,1.08953,-1.08953,-1.08953,0,1.54082
172.359,0.290725,0.290725,-0.290725,-0.290725,0,0.411148
172.392,-0.515639,-0.515639,0.515639,0.515639,0,-0.729224
172.425,-1.30859,-1.30859,1.30859,1.30859,0,-1.85062
172.458,-2.06748,-2.06748,2.06748,2.06748,0,-2.92386
172.491,-2.77257,-2.77257,2.77257,2.77257,0,-3.92101
172.524,-3.40552,-3.40552,3.40552,3.40552,0,-4.81613
172.557,-3.94985,-3.94985,3.94985,3.94985,0,-5.58593
172.59,-4.39139,-4.39139,4.39139,4.39139,0,-6.21036
172.623,-4.71866,-4.71866,4.71866,4.71866,0,-6.67319
172.656,-4.92314,-4.92314,4.92314,4.92314,0,-6.96237
172.689,-4.9995,-4.9995,4.9995,4.9995,0,-7.07037
172.722,-4.94577,-4.94577,4.94577,4.94577,0,-6.99438
172.755,-4.76334,-4.76334,4.76334,4.76334,0,-6.73639
172.788,-4.45696,-4.45696,4.45696,4.45696,0,-6.30309
172.821,-4.0346,-4.0346,4.0346,4.0346,0,-5.70578
172.854,-3.50725,-3.50725,3.50725,3.50725,0,-4.95999
172.887,-2.88863,-2.88863,2.88863,2.88863,0,-4.08514
172.92,-2.19484,-2.19484,2.19484,2.19484,0,-3.10397
172.953,-1.44394,-1.44394,1.44394,1.44394,0,-2.04204
172.986,-0.655462,-0.655462,0.655462,0.655462,0,-0.926963
173.019,0.150071,0.150071,-0.150071,-0.150071,0,0.212232
173.052,0.951698,0.951698,-0.951698,-0.951698,0,1.3459
173.085,1.72856,1.72856,-1.72856,-1.72856,0,2.44455
173.118,2.46044,2.46044,-2.46044,-2.46044,0,3.47959
173.151,3.1283,3.1283,-3.1283,-3.1283,0,4.42408
173.184,3.71475,3.71475,-3.71475,-3.71475,0,5.25345
173.217,4.20453,4.20453,-4.20453,-4.20453,0,5.9461
173.25,4.5849,4.5849,-4.5849,-4.5849,0,6.48403
173.283,4.84597,4.84597,-4.84597,-4.84597,0,6.85323
173.316,4.98093,4.98093,-4.98093,-4.98093,0,7.04409
173.349,4.98627,4.98627,-4.98627,-4.98627,0,7.05165
173.382,4.86186,4.86186,-4.86186,-4.86186,0,6.87572
173.415,4.61094,4.61094,-4.61094,-4.61094,0,6.52085
173.448,4.24003,4.24003,-4.24003,-4.24003,0,5.99631
173.481,3.75878,3.75878,-3.75878,-3.75878,0,5.31572
173.514,3.17972,3.17972,-3.17972,-3.17972,0,4.49681
173.547,2.51792,2.51792,-2.51792,-2.51792,0,3.56088
173.58,1.7906,1.7906,-1.7906,-1.7906,0,2.53229
173.613,1.01668,1.01668,-1.01668,-1.01668,0,1.4378
173.646,0.216304,0.216304,-0.216304,-0.216304,0,0.3059
173.679,-0.5897,-0.5897,0.5897,0.5897,0,-0.833962
173.712,-1.38036,-1.38036,1.38036,1.38036,0,-1.95212
173.745,-2.1351,-2.1351,2.1351,2.1351,0,-3.01948
173.778,-2.83428,-2.83428,2.83428,2.83428,0,-4.00827
173.811,-3.4597,-3.4597,3.4597,3.4597,0,-4.89276
173.844,-3.9951,-3.9951,3.9951,3.9951,0,-5.64992
173.877,-4.42653,-4.42653,4.42653,4.42653,0,-6.26006
173.91,-4.74278,-4.74278,4.74278,4.74278,0,-6.7073
173.943,-4.93561,-4.93561,4.93561,4.93561,0,-6.98
173.976,-5,-5,5,5,0,-7.07107
174.009,-4.93428,-4.93428,4.93428,4.93428,0,-6.97813
174.042,-4.74016,-4.74016,4.74016,4.74016,0,-6.7036
174.075,-4.42269,-4.42269,4.42269,4.42269,0,-6.25463
174.108,-3.99014,-3.99014,3.99014,3.99014,0,-5.6429
174.141,-3.45375,-3.45375,3.45375,3.45375,0,-4.88434
174.174,-2.82748,-2.82748,2.82748,2.82748,0,-3.99867
174.207,-2.12764,-2.12764,2.12764,2.12764,0,-3.00894
174.24,-1.37244,-1.37244,1.37244,1.37244,0,-1.94092
174.273,-0.581517,-0.581517,0.581517,0.581517,0,-0.822389
174.306,0.224536,0.224536,-0.224536,-0.224536,0,0.317542
174.339,1.02475,1.02475,-1.02475,-1.02475,0,1.44921
174.372,1.79829,1.79829,-1.79829,-1.79829,0,2.54317
174.405,2.52504,2.52504,-2.52504,-2.52504,0,3.57094
174.438,3.18608,3.18608,-3.18608,-3.18608,0,4.5058
174.471,3.76421,3.76421,-3.76421,-3.76421,0,5.3234
174.504,4.24439,4.24439,-4.24439,-4.24439,0,6.00247
174.537,4.61412,4.61412,-4.61412,-4.61412,0,6.52535
174.57,4.86378,4.86378,-4.86378,-4.86378,0,6.87843
174.603,4.98688,4.98688,-4.98688,-4.98688,0,7.05251
174.636,4.9802,4.9802,-4.9802,-4.9802,0,7.04307
174.669,4.84393,4.84393,-4.84393,-4.84393,0,6.85035
174.702,4.58161,4.58161,-4.58161,-4.58161,0,6.47937
174.735,4.20007,4.20007,-4.20007,-4.20007,0,5.93979
174.768,3.70923,3.70923,-3.70923,-3.70923,0,5.24564
174.801,3.12186,3.12186,-3.12186,-3.12186,0,4.41498
174.834,2.45327,2.45327,-2.45327,-2.45327,0,3.46944
174.867,1.72083,1.72083,-1.72083,-1.72083,0,2.43362
174.9,0.943608,0.943608,-0.943608,-0.943608,0,1.33446
174.933,0.141834,0.141834,-0.141834,-0.141834,0,0.200584
174.966,-0.66363,-0.66363,0.66363,0.66363,0,-0.938515
174.999,-1.45183,-1.45183,1.45183,1.45183,0,-2.05319
175.032,-2.20224,-2.20224,2.20224,2.20224,0,-3.11444
175.065,-2.89535,-2.89535,2.89535,2.89535,0,-4.09464
175.098,-3.51311,-3.51311,3.51311,3.51311,0,-4.96829
175.131,-4.03946,-4.03946,4.03946,4.03946,0,-5.71266
175.164,-4.46069,-4.46069,4.46069,4.46069,0,-6.30837
175.197,-4.76584,-4.76584,4.76584,4.76584,0,-6.73992
175.23,-4.94698,-4.94698,4.94698,4.94698,0,-6.99608
175.263,-4.99938,-4.99938,4.99938,4.99938,0,-7.07019
175.296,-4.92169,-4.92169,4.92169,4.92169,0,-6.96032
175.329,-4.71593,-4.71593,4.71593,4.71593,0,-6.66933
175.362,-4.38744,-4.38744,4.38744,4.38744,0,-6.20478
175.395,-3.94479,-3.94479,3.94479,3.94479,0,-5.57877
175.428,-3.39948,-3.39948,3.39948,3.39948,0,-4.80759
175.461,-2.76571,-2.76571,2.76571,2.76571,0,-3.91131
175.494,-2.05998,-2.05998,2.05998,2.05998,0,-2.91324
175.527,-1.30063,-1.30063,1.30063,1.30063,0,-1.83937
175.56,-0.507443,-0.507443,0.507443,0.507443,0,-0.717632
175.593,0.298951,0.298951,-0.298951,-0.298951,0,0.422781
175.626,1.09757,1.09757,-1.09757,-1.09757,0,1.55219
175.659,1.86762,1.86762,-1.86762,-1.86762,0,2.64121
175.692,2.58907,2.58907,-2.58907,-2.58907,0,3.6615
175.725,3.24315,3.24315,-3.24315,-3.24315,0,4.58651
175.758,3.81284,3.81284,-3.81284,-3.81284,0,5.39217
175.791,4.28331,4.28331,-4.28331,-4.28331,0,6.05751
175.824,4.64231,4.64231,-4.64231,-4.64231,0,6.56522
175.857,4.88052,4.88052,-4.88052,-4.88052,0,6.90209
175.89,4.99172,4.99172,-4.99172,-4.99172,0,7.05936
175.923,4.97302,4.97302,-4.97302,-4.97302,0,7.03292
175.956,4.82492,4.82492,-4.82492,-4.82492,0,6.82347
175.989,4.55126,4.55126,-4.55126,-4.55126,0,6.43646
176.022,4.15917,4.15917,-4.15917,-4.15917,0,5.88195
176.055,3.65885,3.65885,-3.65885,-3.65885,0,5.17439
176.088,3.06331,3.06331,-3.06331,-3.06331,0,4.33218
176.121,2.38806,2.38806,-2.38806,-2.38806,0,3.37723
176.154,1.65067,1.65067,-1.65067,-1.65067,0,2.3344
176.187,0.870326,0.870326,-0.870326,-0.870326,0,1.23083
176.22,0.067333,0.067333,-0.067333,-0.067333,0,0.0952233
176.253,-0.737412,-0.737412,0.737412,0.737412,0,-1.04286
176.286,-1.52297,-1.52297,1.52297,1.52297,0,-2.1538
176.319,-2.26889,-2.26889,2.26889,2.26889,0,-3.2087
176.352,-2.95578,-2.95578,2.95578,2.95578,0,-4.1801
176.385,-3.56575,-3.56575,3.56575,3.56575,0,-5.04273
176.418,-4.08292,-4.08292,4.08292,4.08292,0,-5.77413
176.451,-4.49386,-4.49386,4.49386,4.49386,0,-6.35527
176.484,-4.78785,-4.78785,4.78785,4.78785,0,-6.77104
176.517,-4.95725,-4.95725,4.95725,4.95725,0,-7.01061
176.55,-4.99765,-4.99765,4.99765,4.99765,0,-7.06775
176.583,-4.90801,-4.90801,4.90801,4.90801,0,-6.94097
176.616,-4.69064,-4.69064,4.69064,4.69064,0,-6.63357
176.649,-4.35122,-4.35122,4.35122,4.35122,0,-6.15355
176.682,-3.89856,-3.89856,3.89856,3.89856,0,-5.5134
176.715,-3.34446,-3.34446,3.34446,3.34446,0,-4.72978
176.748,-2.70333,-2.70333,2.70333,2.70333,0,-3.82308
176.781,-1.99185,-1.99185,1.99185,1.99185,0,-2.8169
176.814,-1.22854,-1.22854,1.22854,1.22854,0,-1.73741
176.847,-0.433256,-0.433256,0.433256,0.433256,0,-0.612716
176.88,0.3733,0.3733,-0.3733,-0.3733,0,0.527926
176.913,1.17014,1.17014,-1.17014,-1.17014,0,1.65483
176.946,1.93653,1.93653,-1.93653,-1.93653,0,2.73867
176.979,2.65253,2.65253,-2.65253,-2.65253,0,3.75125
177.012,3.29951,3.29951,-3.29951,-3.29951,0,4.66621
177.045,3.86062,3.86062,-3.86062,-3.86062,0,5.45974
177.078,4.32127,4.32127,-4.32127,-4.32127,0,6.1112
177.111,4.66947,4.66947,-4.66947,-4.66947,0,6.60363
177.144,4.89617,4.89617,-4.89617,-4.89617,0,6.92423
177.177,4.99545,4.99545,-4.99545,-4.99545,0,7.06463
177.21,4.96474,4.96474,-4.96474,-4.96474,0,7.0212
177.243,4.80484,4.80484,-4.80484,-4.80484,0,6.79507
177.276,4.5199,4.5199,-4.5199,-4.5199,0,6.39211
177.309,4.11735,4.11735,-4.11735,-4.11735,0,5.82281
177.342,3.60765,3.60765,-3.60765,-3.60765,0,5.10199
177.375,3.00408,3.00408,-3.00408,-3.00408,0,4.24841
177.408,2.32233,2.32233,-2.32233,-2.32233,0,3.28427
177.441,1.58015,1.58015,-1.58015,-1.58015,0,2.23467
177.474,0.796852,0.796852,-0.796852,-0.796852,0,1.12692
177.507,-0.00718309,-0.00718309,0.00718309,0.00718309,0,-0.0101584
177.54,-0.811031,-0.811031,0.811031,0.811031,0,-1.14697
177.573,-1.59377,-1.59377,1.59377,1.59377,0,-2.25394
177.606,-2.33504,-2.33504,2.33504,2.33504,0,-3.30225
177.639,-3.01555,-3.01555,3.01555,3.01555,0,-4.26463
177.672,-3.61759,-3.61759,3.61759,3.61759,0,-5.11604
177.705,-4.12548,-4.12548,4.12548,4.12548,0,-5.83431
177.738,-4.52603,-4.52603,4.52603,4.52603,0,-6.40077
177.771,-4.80879,-4.80879,4.80879,4.80879,0,-6.80066
177.804,-4.96642,-4.96642,4.96642,4.96642,0,-7.02358
177.837,-4.99482,-4.99482,4.99482,4.99482,0,-7.06374
177.87,-4.89323,-4.89323,4.89323,4.89323,0,-6.92008
177.903,-4.66432,-4.66432,4.66432,4.66432,0,-6.59634
177.936,-4.31403,-4.31403,4.31403,4.31403,0,-6.10096
177.969,-3.85147,-3.85147,3.85147,3.85147,0,-5.44681
178.002,-3.2887,-3.2887,3.2887,3.2887,0,-4.65092
178.035,-2.64034,-2.64034,2.64034,2.64034,0,-3.73401
178.068,-1.92328,-1.92328,1.92328,1.92328,0,-2.71993
178.101,-1.15617,-1.15617,1.15617,1.15617,0,-1.63507
178.134,-0.358972,-0.358972,0.358972,0.358972,0,-0.507664
178.167,0.447566,0.447566,-0.447566,-0.447566,0,0.632954
178.2,1.24246,1.24246,-1.24246,-1.24246,0,1.7571
178.233,2.00502,2.00502,-2.00502,-2.00502,0,2.83552
178.266,2.7154,2.7154,-2.7154,-2.7154,0,3.84016
178.299,3.35513,3.35513,-3.35513,-3.35513,0,4.74487
178.332,3.90754,3.90754,-3.90754,-3.90754,0,5.5261
178.365,4.35828,4.35828,-4.35828,-4.35828,0,6.16353
178.398,4.6956,4.6956,-4.6956,-4.6956,0,6.64058
178.431,4.91073,4.91073,-4.91073,-4.91073,0,6.94482
178.464,4.99807,4.99807,-4.99807,-4.99807,0,7.06834
178.497,4.95536,4.95536,-4.95536,-4.95536,0,7.00793
178.53,4.78369,4.78369,-4.78369,-4.78369,0,6.76516
178.563,4.48754,4.48754,-4.48754,-4.48754,0,6.34634
178.596,4.07462,4.07462,-4.07462,-4.07462,0,5.76238
178.629,3.55566,3.55566,-3.55566,-3.55566,0,5.02846
178.662,2.94418,2.94418,-2.94418,-2.94418,0,4.1637
178.695,2.25608,2.25608,-2.25608,-2.25608,0,3.19058
178.728,1.50928,1.50928,-1.50928,-1.50928,0,2.13444
178.761,0.7232,0.7232,-0.7232,-0.7232,0,1.02276
178.794,-0.0816976,-0.0816976,0.0816976,0.0816976,0,-0.115538
178.827,-0.88447,-0.88447,0.88447,0.88447,0,-1.25083
178.86,-1.66423,-1.66423,1.66423,1.66423,0,-2.35357
178.893,-2.40068,-2.40068,2.40068,2.40068,0,-3.39507
178.926,-3.07465,-3.07465,3.07465,3.07465,0,-4.34822
178.959,-3.66862,-3.66862,3.66862,3.66862,0,-5.18822
178.992,-4.16713,-4.16713,4.16713,4.16713,0,-5.89321
179.025,-4.55719,-4.55719,4.55719,4.55719,0,-6.44484
179.058,-4.82867,-4.82867,4.82867,4.82867,0,-6.82877
179.091,-4.97449,-4.97449,4.97449,4.97449,0,-7.035
179.124,-4.99087,-4.99087,4.99087,4.99087,0,-7.05816
179.157,-4.87737,-4.87737,4.87737,4.87737,0,-6.89765
179.19,-4.63696,-4.63696,4.63696,4.63696,0,-6.55765
179.223,-4.27588,-4.27588,4.27588,4.27588,0,-6.047
179.256,-3.80353,-3.80353,3.80353,3.80353,0,-5.379
179.289,-3.23221,-3.23221,3.23221,3.23221,0,-4.57103
179.322,-2.57677,-2.57677,2.57677,2.57677,0,-3.64411
179.355,-1.85428,-1.85428,1.85428,1.85428,0,-2.62235
179.388,-1.08355,-1.08355,1.08355,1.08355,0,-1.53236
179.421,-0.284609,-0.284609,0.284609,0.284609,0,-0.402498
179.454,0.521733,0.521733,-0.521733,-0.521733,0,0.737841
179.487,1.3145,1.3145,-1.3145,-1.3145,0,1.85898
179.52,2.07306,2.07306,-2.07306,-2.07306,0,2.93175
179.553,2.77767,2.77767,-2.77767,-2.77767,0,3.92822
179.586,3.41,3.41,-3.41,-3.41,0,4.82247
179.619,3.9536,3.9536,-3.9536,-3.9536,0,5.59123
179.652,4.39431,4.39431,-4.39431,-4.39431,0,6.2145
179.685,4.72068,4.72068,-4.72068,-4.72068,0,6.67605
179.718,4.9242,4.9242,-4.9242,-4.9242,0,6.96387
179.751,4.99959,4.99959,-4.99959,-4.99959,0,7.07048
179.784,4.94487,4.94487,-4.94487,-4.94487,0,6.9931
179.817,4.76148,4.76148,-4.76148,-4.76148,0,6.73375
179.85,4.45418,4.45418,-4.45418,-4.45418,0,6.29916
179.883,4.03098,4.03098,-4.03098,-4.03098,0,5.70066
179.916,3.50288,3.50288,-3.50288,-3.50288,0,4.95382
179.949,2.88362,2.88362,-2.88362,-2.88362,0,4.07806
179.982,2.18933,2.18933,-2.18933,-2.18933,0,3.09619
180.015,1.43807,1.43807,-1.43807,-1.43807,0,2.03374
180.048,0.649388,0.649388,-0.649388,-0.649388,0,0.918374
180.081,-0.156194,-0.156194,0.156194,0.156194,0,-0.220892
180.114,-0.957712,-0.957712,0.957712,0.957712,0,-1.35441
180.147,-1.73431,-1.73431,1.73431,1.73431,0,-2.45268
180.18,-2.46577,-2.46577,2.46577,2.46577,0,-3.48713
180.213,-3.13307,-3.13307,3.13307,3.13307,0,-4.43084
180.246,-3.71884,-3.71884,3.71884,3.71884,0,-5.25924
180.279,-4.20784,-4.20784,4.20784,4.20784,0,-5.95079
180.312,-4.58734,-4.58734,4.58734,4.58734,0,-6.48748
180.345,-4.84747,-4.84747,4.84747,4.84747,0,-6.85536
180.378,-4.98146,-4.98146,4.98146,4.98146,0,-7.04485
180.411,-4.98582,-4.98582,4.98582,4.98582,0,-7.05101
180.444,-4.86043,-4.86043,4.86043,4.86043,0,-6.87369
180.477,-4.60857,-4.60857,4.60857,4.60857,0,-6.5175
180.51,-4.23678,-4.23678,4.23678,4.23678,0,-5.99171
180.543,-3.75474,-3.75474,3.75474,3.75474,0,-5.31
180.576,-3.17499,-3.17499,3.17499,3.17499,0,-4.49012
180.609,-2.51263,-2.51263,2.51263,2.51263,0,-3.55339
180.642,-1.78488,-1.78488,1.78488,1.78488,0,-2.5242
180.675,-1.01068,-1.01068,1.01068,1.01068,0,-1.42932
180.708,-0.210183,-0.210183,0.210183,0.210183,0,-0.297244
180.741,0.595783,0.595783,-0.595783,-0.595783,0,0.842565
180.774,1.38625,1.38625,-1.38625,-1.38625,0,1.96045
180.807,2.14064,2.14064,-2.14064,-2.14064,0,3.02732
180.84,2.83932,2.83932,-2.83932,-2.83932,0,4.01541
180.873,3.46412,3.46412,-3.46412,-3.46412,0,4.89901
180.906,3.99878,3.99878,-3.99878,-3.99878,0,5.65512
180.939,4.42938,4.42938,-4.42938,-4.42938,0,6.26408
180.972,4.74471,4.74471,-4.74471,-4.74471,0,6.71004
181.005,4.93658,4.93658,-4.93658,-4.93658,0,6.98138
181.038,4.99999,4.99999,-4.99999,-4.99999,0,7.07105
181.071,4.93329,4.93329,-4.93329,-4.93329,0,6.97672
181.104,4.73821,4.73821,-4.73821,-4.73821,0,6.70084
181.137,4.41983,4.41983,-4.41983,-4.41983,0,6.25059
181.17,3.98644,3.98644,-3.98644,-3.98644,0,5.63768
181.203,3.44931,3.44931,-3.44931,-3.44931,0,4.87807
181.236,2.82243,2.82243,-2.82243,-2.82243,0,3.99152
181.269,2.1221,2.1221,-2.1221,-2.1221,0,3.0011
181.302,1.36655,1.36655,-1.36655,-1.36655,0,1.93259
181.335,0.575432,0.575432,-0.575432,-0.575432,0,0.813784
181.368,-0.230656,-0.230656,0.230656,0.230656,0,-0.326196
181.401,-1.03074,-1.03074,1.03074,1.03074,0,-1.45769
181.434,-1.804,-1.804,1.804,1.804,0,-2.55125
181.467,-2.53032,-2.53032,2.53032,2.53032,0,-3.57842
181.5,-3.1908,-3.1908,3.1908,3.1908,0,-4.51247
181.533,-3.76824,-3.76824,3.76824,3.76824,0,-5.3291
181.566,-4.24763,-4.24763,4.24763,4.24763,0,-6.00705
181.599,-4.61648,-4.61648,4.61648,4.61648,0,-6.52868
181.632,-4.8652,-4.8652,4.8652,4.8652,0,-6.88043
181.665,-4.98732,-4.98732,4.98732,4.98732,0,-7.05313
181.698,-4.97965,-4.97965,4.97965,4.97965,0,-7.04229
181.731,-4.84241,-4.84241,4.84241,4.84241,0,-6.8482
181.764,-4.57915,-4.57915,4.57915,4.57915,0,-6.4759
181.797,-4.19674,-4.19674,4.19674,4.19674,0,-5.93508
181.83,-3.70512,-3.70512,3.70512,3.70512,0,-5.23982
181.863,-3.11708,-3.11708,3.11708,3.11708,0,-4.40821
181.896,-2.44793,-2.44793,2.44793,2.44793,0,-3.46189
181.929,-1.71507,-1.71507,1.71507,1.71507,0,-2.42548
181.962,-0.937591,-0.937591,0.937591,0.937591,0,-1.32595
181.995,-0.13571,-0.13571,0.13571,0.13571,0,-0.191923
182.028,0.669702,0.669702,-0.669702,-0.669702,0,0.947101
182.061,1.45769,1.45769,-1.45769,-1.45769,0,2.06148
182.094,2.20774,2.20774,-2.20774,-2.20774,0,3.12221
182.127,2.90034,2.90034,-2.90034,-2.90034,0,4.1017
182.16,3.51747,3.51747,-3.51747,-3.51747,0,4.97445
182.193,4.04307,4.04307,-4.04307,-4.04307,0,5.71776
182.226,4.46345,4.46345,-4.46345,-4.46345,0,6.31228
182.259,4.76769,4.76769,-4.76769,-4.76769,0,6.74253
182.292,4.94786,4.94786,-4.94786,-4.94786,0,6.99734
182.325,4.99928,4.99928,-4.99928,-4.99928,0,7.07005
182.358,4.92061,4.92061,-4.92061,-4.92061,0,6.95879
182.391,4.71389,4.71389,-4.71389,-4.71389,0,6.66644
182.424,4.3845,4.3845,-4.3845,-4.3845,0,6.20062
182.457,3.94102,3.94102,-3.94102,-3.94102,0,5.57345
182.49,3.39499,3.39499,-3.39499,-3.39499,0,4.80124
182.523,2.76061,2.76061,-2.76061,-2.76061,0,3.90409
182.556,2.05439,2.05439,-2.05439,-2.05439,0,2.90535
182.589,1.29472,1.29472,-1.29472,-1.29472,0,1.831
182.622,0.501348,0.501348,-0.501348,-0.501348,0,0.709013
182.655,-0.305066,-0.305066,0.305066,0.305066,0,-0.431429
182.688,-1.10354,-1.10354,1.10354,1.10354,0,-1.56064
182.721,-1.8733,-1.8733,1.8733,1.8733,0,-2.64925
182.754,-2.59431,-2.59431,2.59431,2.59431,0,-3.66891
182.787,-3.24781,-3.24781,3.24781,3.24781,0,-4.5931
182.82,-3.8168,-3.8168,3.8168,3.8168,0,-5.39777
182.853,-4.28646,-4.28646,4.28646,4.28646,0,-6.06198
182.886,-4.64459,-4.64459,4.64459,4.64459,0,-6.56844
182.919,-4.88184,-4.88184,4.88184,4.88184,0,-6.90397
182.952,-4.99207,-4.99207,4.99207,4.99207,0,-7.05985
182.985,-4.97238,-4.97238,4.97238,4.97238,0,-7.03201
183.018,-4.82331,-4.82331,4.82331,4.82331,0,-6.82119
183.051,-4.54872,-4.54872,4.54872,4.54872,0,-6.43286
183.084,-4.15577,-4.15577,4.15577,4.15577,0,-5.87714
183.117,-3.65467,-3.65467,3.65467,3.65467,0,-5.16848
183.15,-3.05847,-3.05847,3.05847,3.05847,0,-4.32533
183.183,-2.38268,-2.38268,2.38268,2.38268,0,-3.36962
183.216,-1.64489,-1.64489,1.64489,1.64489,0,-2.32622
183.249,-0.864293,-0.864293,0.864293,0.864293,0,-1.22229
183.282,-0.0612073,-0.0612073,0.0612073,0.0612073,0,-0.0865602
183.315,0.743471,0.743471,-0.743471,-0.743471,0,1.05143
183.348,1.5288,1.5288,-1.5288,-1.5288,0,2.16205
183.381,2.27435,2.27435,-2.27435,-2.27435,0,3.21642
183.414,2.96072,2.96072,-2.96072,-2.96072,0,4.18709
183.447,3.57004,3.57004,-3.57004,-3.57004,0,5.0488
183.48,4.08646,4.08646,-4.08646,-4.08646,0,5.77912
183.513,4.49654,4.49654,-4.49654,-4.49654,0,6.35907
183.546,4.78961,4.78961,-4.78961,-4.78961,0,6.77353
183.579,4.95805,4.95805,-4.95805,-4.95805,0,7.01174
183.612,4.99746,4.99746,-4.99746,-4.99746,0,7.06748
183.645,4.90683,4.90683,-4.90683,-4.90683,0,6.93931
183.678,4.68852,4.68852,-4.68852,-4.68852,0,6.63057
183.711,4.3482,4.3482,-4.3482,-4.3482,0,6.14928
183.744,3.89473,3.89473,-3.89473,-3.89473,0,5.50797
183.777,3.33991,3.33991,-3.33991,-3.33991,0,4.72334
183.81,2.69817,2.69817,-2.69817,-2.69817,0,3.81579
183.843,1.98623,1.98623,-1.98623,-1.98623,0,2.80895
183.876,1.2226,1.2226,-1.2226,-1.2226,0,1.72901
183.909,0.427152,0.427152,-0.427152,-0.427152,0,0.604084
183.942,-0.379409,-0.379409,0.379409,0.379409,0,-0.536565
183.975,-1.1761,-1.1761,1.1761,1.1761,0,-1.66325
184.008,-1.94218,-1.94218,1.94218,1.94218,0,-2.74666
184.041,-2.65772,-2.65772,2.65772,2.65772,0,-3.75859
184.074,-3.30411,-3.30411,3.30411,3.30411,0,-4.67271
184.107,-3.86451,-3.86451,3.86451,3.86451,0,-5.46524
184.14,-4.32435,-4.32435,4.32435,4.32435,0,-6.11556
184.173,-4.67166,-4.67166,4.67166,4.67166,0,-6.60673
184.206,-4.89741,-4.89741,4.89741,4.89741,0,-6.92598
184.239,-4.99571,-4.99571,4.99571,4.99571,0,-7.065
184.272,-4.96401,-4.96401,4.96401,4.96401,0,-7.02017
184.305,-4.80314,-4.80314,4.80314,4.80314,0,-6.79267
184.338,-4.51728,-4.51728,4.51728,4.51728,0,-6.3884
184.371,-4.11387,-4.11387,4.11387,4.11387,0,-5.81789
184.404,-3.60341,-3.60341,3.60341,3.60341,0,-5.09599
184.437,-2.99918,-2.99918,2.99918,2.99918,0,-4.24148
184.47,-2.3169,-2.3169,2.3169,2.3169,0,-3.2766
184.503,-1.57434,-1.57434,1.57434,1.57434,0,-2.22645
184.536,-0.790803,-0.790803,0.790803,0.790803,0,-1.11836
184.569,0.0133093,0.0133093,-0.0133093,-0.0133093,0,0.0188222
184.602,0.817076,0.817076,-0.817076,-0.817076,0,1.15552
184.635,1.59958,1.59958,-1.59958,-1.59958,0,2.26215
184.668,2.34046,2.34046,-2.34046,-2.34046,0,3.30991
184.701,3.02044,3.02044,-3.02044,-3.02044,0,4.27154
184.734,3.62181,3.62181,-3.62181,-3.62181,0,5.12202
184.767,4.12894,4.12894,-4.12894,-4.12894,0,5.83921
184.8,4.52863,4.52863,-4.52863,-4.52863,0,6.40445
184.833,4.81047,4.81047,-4.81047,-4.81047,0,6.80303
184.866,4.96713,4.96713,-4.96713,-4.96713,0,7.02458
184.899,4.99453,4.99453,-4.99453,-4.99453,0,7.06334
184.932,4.89197,4.89197,-4.89197,-4.89197,0,6.91829
184.965,4.66211,4.66211,-4.66211,-4.66211,0,6.59322
184.998,4.31093,4.31093,-4.31093,-4.31093,0,6.09657
185.031,3.84757,3.84757,-3.84757,-3.84757,0,5.44128
185.064,3.28408,3.28408,-3.28408,-3.28408,0,4.64439
185.097,2.63514,2.63514,-2.63514,-2.63514,0,3.72665
185.13,1.91762,1.91762,-1.91762,-1.91762,0,2.71193
185.163,1.15021,1.15021,-1.15021,-1.15021,0,1.62664
185.196,0.352862,0.352862,-0.352862,-0.352862,0,0.499022
185.229,-0.453667,-0.453667,0.453667,0.453667,0,-0.641582
185.262,-1.24839,-1.24839,1.24839,1.24839,0,-1.76549
185.295,-2.01063,-2.01063,2.01063,2.01063,0,-2.84346
185.328,-2.72055,-2.72055,2.72055,2.72055,0,-3.84743
185.361,-3.35967,-3.35967,3.35967,3.35967,0,-4.75129
185.394,-3.91136,-3.91136,3.91136,3.91136,0,-5.5315
185.427,-4.36128,-4.36128,4.36128,4.36128,0,-6.16778
185.46,-4.6977,-4.6977,4.6977,4.6977,0,-6.64355
185.493,-4.91188,-4.91188,4.91188,4.91188,0,-6.94645
185.526,-4.99824,-4.99824,4.99824,4.99824,0,-7.06858
185.559,-4.95454,-4.95454,4.95454,4.95454,0,-7.00677
185.592,-4.7819,-4.7819,4.7819,4.7819,0,-6.76263
185.625,-4.48484,-4.48484,4.48484,4.48484,0,-6.34251
185.658,-4.07106,-4.07106,4.07106,4.07106,0,-5.75735
185.691,-3.55135,-3.55135,3.55135,3.55135,0,-5.02237
185.724,-2.93922,-2.93922,2.93922,2.93922,0,-4.15669
185.757,-2.25061,-2.25061,2.25061,2.25061,0,-3.18285
185.79,-1.50344,-1.50344,1.50344,1.50344,0,-2.12618
185.823,-0.717138,-0.717138,0.717138,0.717138,0,-1.01419
185.856,0.087823,0.087823,-0.087823,-0.087823,0,0.1242
185.889,0.890499,0.890499,-0.890499,-0.890499,0,1.25936
185.922,1.67,1.67,-1.67,-1.67,0,2.36174
185.955,2.40605,2.40605,-2.40605,-2.40605,0,3.40266
185.988,3.07948,3.07948,-3.07948,-3.07948,0,4.35505
186.021,3.67278,3.67278,-3.67278,-3.67278,0,5.1941
186.054,4.17051,4.17051,-4.17051,-4.17051,0,5.89799
186.087,4.55971,4.55971,-4.55971,-4.55971,0,6.4484
186.12,4.83026,4.83026,-4.83026,-4.83026,0,6.83101
186.153,4.97511,4.97511,-4.97511,-4.97511,0,7.03586
186.186,4.9905,4.9905,-4.9905,-4.9905,0,7.05763
186.219,4.87602,4.87602,-4.87602,-4.87602,0,6.89574
186.252,4.63466,4.63466,-4.63466,-4.63466,0,6.5544
186.285,4.2727,4.2727,-4.2727,-4.2727,0,6.04251
186.318,3.79955,3.79955,-3.79955,-3.79955,0,5.37338
186.351,3.22753,3.22753,-3.22753,-3.22753,0,4.56441
186.384,2.57152,2.57152,-2.57152,-2.57152,0,3.63668
186.417,1.84859,1.84859,-1.84859,-1.84859,0,2.61431
186.45,1.07756,1.07756,-1.07756,-1.07756,0,1.52391
186.483,0.278493,0.278493,-0.278493,-0.278493,0,0.393848
186.516,-0.527825,-0.527825,0.527825,0.527825,0,-0.746457
186.549,-1.32041,-1.32041,1.32041,1.32041,0,-1.86734
186.582,-2.07863,-2.07863,2.07863,2.07863,0,-2.93963
186.615,-2.78276,-2.78276,2.78276,2.78276,0,-3.93542
186.648,-3.41448,-3.41448,3.41448,3.41448,0,-4.82881
186.681,-3.95735,-3.95735,3.95735,3.95735,0,-5.59653
186.714,-4.39723,-4.39723,4.39723,4.39723,0,-6.21863
186.747,-4.7227,-4.7227,4.7227,4.7227,0,-6.6789
186.78,-4.92526,-4.92526,4.92526,4.92526,0,-6.96537
186.813,-4.99966,-4.99966,4.99966,4.99966,0,-7.07059
186.846,-4.94396,-4.94396,4.94396,4.94396,0,-6.99181
186.879,-4.7596,-4.7596,4.7596,4.7596,0,-6.7311
186.912,-4.45139,-4.45139,4.45139,4.45139,0,-6.29522
186.945,-4.02735,-4.02735,4.02735,4.02735,0,-5.69553
186.978,-3.4985,-3.4985,3.4985,3.4985,0,-4.94763
187.011,-2.87862,-2.87862,2.87862,2.87862,0,-4.07098
187.044,-2.18382,-2.18382,2.18382,2.18382,0,-3.08839
187.077,-1.4322,-1.4322,1.4322,1.4322,0,-2.02544
187.11,-0.643313,-0.643313,0.643313,0.643313,0,-0.909782
187.143,0.162317,0.162317,-0.162317,-0.162317,0,0.229551
187.176,0.963724,0.963724,-0.963724,-0.963724,0,1.36291
187.209,1.74005,1.74005,-1.74005,-1.74005,0,2.46081
187.242,2.4711,2.4711,-2.4711,-2.4711,0,3.49466
187.275,3.13785,3.13785,-3.13785,-3.13785,0,4.43758
187.308,3.72294,3.72294,-3.72294,-3.72294,0,5.26503
187.341,4.21115,4.21115,-4.21115,-4.21115,0,5.95546
187.374,4.58978,4.58978,-4.58978,-4.58978,0,6.49093
187.407,4.84897,4.84897,-4.84897,-4.84897,0,6.85748
187.44,4.98198,4.98198,-4.98198,-4.98198,0,7.04559
187.473,4.98535,4.98535,-4.98535,-4.98535,0,7.05035
187.506,4.85899,4.85899,-4.85899,-4.85899,0,6.87165
187.539,4.60619,4.60619,-4.60619,-4.60619,0,6.51413
187.572,4.23352,4.23352,-4.23352,-4.23352,0,5.9871
187.605,3.75069,3.75069,-3.75069,-3.75069,0,5.30428
187.638,3.17026,3.17026,-3.17026,-3.17026,0,4.48342
187.671,2.50733,2.50733,-2.50733,-2.50733,0,3.5459
187.704,1.77915,1.77915,-1.77915,-1.77915,0,2.5161
187.737,1.00468,1.00468,-1.00468,-1.00468,0,1.42083
187.77,0.204062,0.204062,-0.204062,-0.204062,0,0.288588
187.803,-0.601865,-0.601865,0.601865,0.601865,0,-0.851166
187.836,-1.39213,-1.39213,1.39213,1.39213,0,-1.96877
187.869,-2.14617,-2.14617,2.14617,2.14617,0,-3.03514
187.902,-2.84436,-2.84436,2.84436,2.84436,0,-4.02253
187.935,-3.46854,-3.46854,3.46854,3.46854,0,-4.90525
187.968,-4.00245,-4.00245,4.00245,4.00245,0,-5.66032
188.001,-4.43221,-4.43221,4.43221,4.43221,0,-6.2681
188.034,-4.74664,-4.74664,4.74664,4.74664,0,-6.71277
188.067,-4.93755,-4.93755,4.93755,4.93755,0,-6.98275
188.1,-4.99997,-4.99997,4.99997,4.99997,0,-7.07103
188.133,-4.93229,-4.93229,4.93229,4.93229,0,-6.97531
188.166,-4.73625,-4.73625,4.73625,4.73625,0,-6.69807
188.199,-4.41696,-4.41696,4.41696,4.41696,0,-6.24653
188.232,-3.98274,-3.98274,3.98274,3.98274,0,-5.63245
188.265,-3.44488,-3.44488,3.44488,3.44488,0,-4.87179
188.298,-2.81737,-2.81737,2.81737,2.81737,0,-3.98436
188.331,-2.11655,-2.11655,2.11655,2.11655,0,-2.99325
188.364,-1.36065,-1.36065,1.36065,1.36065,0,-1.92425
188.397,-0.569346,-0.569346,0.569346,0.569346,0,-0.805177
188.43,0.236775,0.236775,-0.236775,-0.236775,0,0.334851
188.463,1.03673,1.03673,-1.03673,-1.03673,0,1.46616
188.496,1.80972,1.80972,-1.80972,-1.80972,0,2.55933
188.529,2.53561,2.53561,-2.53561,-2.53561,0,3.58589
188.562,3.19551,3.19551,-3.19551,-3.19551,0,4.51914
188.595,3.77226,3.77226,-3.77226,-3.77226,0,5.33479
188.628,4.25085,4.25085,-4.25085,-4.25085,0,6.01162
188.661,4.61883,4.61883,-4.61883,-4.61883,0,6.53201
188.694,4.86661,4.86661,-4.86661,-4.86661,0,6.88242
188.727,4.98775,4.98775,-4.98775,-4.98775,0,7.05374
188.76,4.9791,4.9791,-4.9791,-4.9791,0,7.04151
188.793,4.84088,4.84088,-4.84088,-4.84088,0,6.84604
188.826,4.57669,4.57669,-4.57669,-4.57669,0,6.47242
188.859,4.19341,4.19341,-4.19341,-4.19341,0,5.93037
188.892,3.701,3.701,-3.701,-3.701,0,5.234
188.925,3.11228,3.11228,-3.11228,-3.11228,0,4.40143
188.958,2.44258,2.44258,-2.44258,-2.44258,0,3.45433
188.991,1.70932,1.70932,-1.70932,-1.70932,0,2.41734
189.024,0.931572,0.931572,-0.931572,-0.931572,0,1.31744
189.057,0.129586,0.129586,-0.129586,-0.129586,0,0.183263
189.09,-0.675772,-0.675772,0.675772,0.675772,0,-0.955686
189.123,-1.46355,-1.46355,1.46355,1.46355,0,-2.06977
189.156,-2.21323,-2.21323,2.21323,2.21323,0,-3.12999
189.189,-2.90533,-2.90533,2.90533,2.90533,0,-4.10876
189.222,-3.52182,-3.52182,3.52182,3.52182,0,-4.98061
189.255,-4.04667,-4.04667,4.04667,4.04667,0,-5.72285
189.288,-4.46621,-4.46621,4.46621,4.46621,0,-6.31618
189.321,-4.76953,-4.76953,4.76953,4.76953,0,-6.74514
189.354,-4.94874,-4.94874,4.94874,4.94874,0,-6.99858
189.387,-4.99917,-4.99917,4.99917,4.99917,0,-7.0699
189.42,-4.91952,-4.91952,4.91952,4.91952,0,-6.95725
189.453,-4.71184,-4.71184,4.71184,4.71184,0,-6.66355
189.486,-4.38155,-4.38155,4.38155,4.38155,0,-6.19645
189.519,-3.93725,-3.93725,3.93725,3.93725,0,-5.56811
189.552,-3.39049,-3.39049,3.39049,3.39049,0,-4.79487
189.585,-2.7555,-2.7555,2.7555,2.7555,0,-3.89686
189.618,-2.0488,-2.0488,2.0488,2.0488,0,-2.89745
189.651,-1.2888,-1.2888,1.2888,1.2888,0,-1.82263
189.684,-0.495252,-0.495252,0.495252,0.495252,0,-0.700392
189.717,0.311181,0.311181,-0.311181,-0.311181,0,0.440076
189.75,1.10952,1.10952,-1.10952,-1.10952,0,1.56909
189.783,1.87898,1.87898,-1.87898,-1.87898,0,2.65728
189.816,2.59955,2.59955,-2.59955,-2.59955,0,3.67631
189.849,3.25247,3.25247,-3.25247,-3.25247,0,4.59968
189.882,3.82075,3.82075,-3.82075,-3.82075,0,5.40336
189.915,4.28961,4.28961,-4.28961,-4.28961,0,6.06643
189.948,4.64685,4.64685,-4.64685,-4.64685,0,6.57164
189.981,4.88316,4.88316,-4.88316,-4.88316,0,6.90584
190.014,4.99241,4.99241,-4.99241,-4.99241,0,7.06033
190.047,4.97174,4.97174,-4.97174,-4.97174,0,7.0311
190.08,4.82169,4.82169,-4.82169,-4.82169,0,6.8189
190.113,4.54618,4.54618,-4.54618,-4.54618,0,6.42926
190.146,4.15236,4.15236,-4.15236,-4.15236,0,5.87232
190.179,3.65048,3.65048,-3.65048,-3.65048,0,5.16257
190.212,3.05362,3.05362,-3.05362,-3.05362,0,4.31847
190.245,2.37729,2.37729,-2.37729,-2.37729,0,3.362
190.278,1.6391,1.6391,-1.6391,-1.6391,0,2.31804
190.311,0.858258,0.858258,-0.858258,-0.858258,0,1.21376
190.344,0.0550815,0.0550815,-0.0550815,-0.0550815,0,0.0778969
190.377,-0.749529,-0.749529,0.749529,0.749529,0,-1.05999
190.41,-1.53463,-1.53463,1.53463,1.53463,0,-2.1703
190.443,-2.27981,-2.27981,2.27981,2.27981,0,-3.22413
190.476,-2.96565,-2.96565,2.96565,2.96565,0,-4.19406
190.509,-3.57432,-3.57432,3.57432,3.57432,0,-5.05486
190.542,-4.08999,-4.08999,4.08999,4.08999,0,-5.78411
190.575,-4.49922,-4.49922,4.49922,4.49922,0,-6.36285
190.608,-4.79137,-4.79137,4.79137,4.79137,0,-6.77602
190.641,-4.95884,-4.95884,4.95884,4.95884,0,-7.01285
190.674,-4.99726,-4.99726,4.99726,4.99726,0,-7.0672
190.707,-4.90565,-4.90565,4.90565,4.90565,0,-6.93764
190.74,-4.68639,-4.68639,4.68639,4.68639,0,-6.62755
190.773,-4.34517,-4.34517,4.34517,4.34517,0,-6.145
190.806,-3.89088,-3.89088,3.89088,3.89088,0,-5.50254
190.839,-3.33534,-3.33534,3.33534,3.33534,0,-4.71689
190.872,-2.69301,-2.69301,2.69301,2.69301,0,-3.8085
190.905,-1.9806,-1.9806,1.9806,1.9806,0,-2.801
190.938,-1.21666,-1.21666,1.21666,1.21666,0,-1.72061
190.971,-0.421048,-0.421048,0.421048,0.421048,0,-0.595452
191.004,0.385517,0.385517,-0.385517,-0.385517,0,0.545204
191.037,1.18205,1.18205,-1.18205,-1.18205,0,1.67167
191.07,1.94782,1.94782,-1.94782,-1.94782,0,2.75464
191.103,2.66291,2.66291,-2.66291,-2.66291,0,3.76592
191.136,3.3087,3.3087,-3.3087,-3.3087,0,4.67921
191.169,3.86839,3.86839,-3.86839,-3.86839,0,5.47074
191.202,4.32742,4.32742,-4.32742,-4.32742,0,6.1199
191.235,4.67384,4.67384,-4.67384,-4.67384,0,6.60981
191.268,4.89864,4.89864,-4.89864,-4.89864,0,6.92772
191.301,4.99596,4.99596,-4.99596,-4.99596,0,7.06535
191.334,4.96327,4.96327,-4.96327,-4.96327,0,7.01913
191.367,4.80143,4.80143,-4.80143,-4.80143,0,6.79025
191.4,4.51465,4.51465,-4.51465,-4.51465,0,6.38468
191.433,4.11039,4.11039,-4.11039,-4.11039,0,5.81296
191.466,3.59916,3.59916,-3.59916,-3.59916,0,5.08998
191.499,2.99428,2.99428,-2.99428,-2.99428,0,4.23454
191.532,2.31147,2.31147,-2.31147,-2.31147,0,3.26892
191.565,1.56852,1.56852,-1.56852,-1.56852,0,2.21822
191.598,0.784754,0.784754,-0.784754,-0.784754,0,1.10981
191.631,-0.0194355,-0.0194355,0.0194355,0.0194355,0,-0.027486
191.664,-0.823119,-0.823119,0.823119,0.823119,0,-1.16407
191.697,-1.60538,-1.60538,1.60538,1.60538,0,-2.27035
191.73,-2.34587,-2.34587,2.34587,2.34587,0,-3.31756
191.763,-3.02531,-3.02531,3.02531,3.02531,0,-4.27844
191.796,-3.62603,-3.62603,3.62603,3.62603,0,-5.12799
191.829,-4.13239,-4.13239,4.13239,4.13239,0,-5.84409
191.862,-4.53122,-4.53122,4.53122,4.53122,0,-6.40811
191.895,-4.81213,-4.81213,4.81213,4.81213,0,-6.80539
191.928,-4.96783,-4.96783,4.96783,4.96783,0,-7.02557
191.961,-4.99424,-4.99424,4.99424,4.99424,0,-7.06293
191.994,-4.8907,-4.8907,4.8907,4.8907,0,-6.9165
192.027,-4.65989,-4.65989,4.65989,4.65989,0,-6.59008
192.06,-4.30782,-4.30782,4.30782,4.30782,0,-6.09218
192.093,-3.84365,-3.84365,3.84365,3.84365,0,-5.43574
192.126,-3.27946,-3.27946,3.27946,3.27946,0,-4.63786
192.159,-2.62993,-2.62993,2.62993,2.62993,0,-3.71928
192.192,-1.91196,-1.91196,1.91196,1.91196,0,-2.70393
192.225,-1.14425,-1.14425,1.14425,1.14425,0,-1.61821
192.258,-0.34675,-0.34675,0.34675,0.34675,0,-0.490379
192.291,0.459768,0.459768,-0.459768,-0.459768,0,0.65021
192.324,1.25432,1.25432,-1.25432,-1.25432,0,1.77388
192.357,2.01624,2.01624,-2.01624,-2.01624,0,2.85139
192.39,2.72568,2.72568,-2.72568,-2.72568,0,3.8547
192.423,3.3642,3.3642,-3.3642,-3.3642,0,4.7577
192.456,3.91518,3.91518,-3.91518,-3.91518,0,5.5369
192.489,4.36427,4.36427,-4.36427,-4.36427,0,6.17201
192.522,4.69979,4.69979,-4.69979,-4.69979,0,6.64651
192.555,4.91302,4.91302,-4.91302,-4.91302,0,6.94806
192.588,4.9984,4.9984,-4.9984,-4.9984,0,7.0688
192.621,4.95371,4.95371,-4.95371,-4.95371,0,7.0056
192.654,4.78011,4.78011,-4.78011,-4.78011,0,6.7601
192.687,4.48212,4.48212,-4.48212,-4.48212,0,6.33868
192.72,4.0675,4.0675,-4.0675,-4.0675,0,5.75232
192.753,3.54704,3.54704,-3.54704,-3.54704,0,5.01627
192.786,2.93427,2.93427,-2.93427,-2.93427,0,4.14968
192.819,2.24514,2.24514,-2.24514,-2.24514,0,3.17511
192.852,1.49759,1.49759,-1.49759,-1.49759,0,2.11792
192.885,0.711075,0.711075,-0.711075,-0.711075,0,1.00561
192.918,-0.0939482,-0.0939482,0.0939482,0.0939482,0,-0.132863
192.951,-0.896526,-0.896526,0.896526,0.896526,0,-1.26788
192.984,-1.67577,-1.67577,1.67577,1.67577,0,-2.3699
193.017,-2.41142,-2.41142,2.41142,2.41142,0,-3.41026
193.05,-3.08431,-3.08431,3.08431,3.08431,0,-4.36187
193.083,-3.67694,-3.67694,3.67694,3.67694,0,-5.19997
193.116,-4.17388,-4.17388,4.17388,4.17388,0,-5.90276
193.149,-4.56222,-4.56222,4.56222,4.56222,0,-6.45195
193.182,-4.83183,-4.83183,4.83183,4.83183,0,-6.83325
193.215,-4.97571,-4.97571,4.97571,4.97571,0,-7.03672
193.248,-4.99012,-4.99012,4.99012,4.99012,0,-7.05709
193.281,-4.87466,-4.87466,4.87466,4.87466,0,-6.89381
193.314,-4.63236,-4.63236,4.63236,4.63236,0,-6.55115
193.347,-4.26951,-4.26951,4.26951,4.26951,0,-6.038
193.38,-3.79557,-3.79557,3.79557,3.79557,0,-5.36774
193.413,-3.22285,-3.22285,3.22285,3.22285,0,-4.55779
193.446,-2.56626,-2.56626,2.56626,2.56626,0,-3.62924
193.479,-1.8429,-1.8429,1.8429,1.8429,0,-2.60625
193.512,-1.07158,-1.07158,1.07158,1.07158,0,-1.51544
193.545,-0.272376,-0.272376,0.272376,0.272376,0,-0.385198
193.578,0.533917,0.533917,-0.533917,-0.533917,0,0.755072
193.611,1.32632,1.32632,-1.32632,-1.32632,0,1.87569
193.644,2.0842,2.0842,-2.0842,-2.0842,0,2.9475
193.677,2.78785,2.78785,-2.78785,-2.78785,0,3.94262
193.71,3.41895,3.41895,-3.41895,-3.41895,0,4.83513
193.743,3.96109,3.96109,-3.96109,-3.96109,0,5.60182
193.776,4.40015,4.40015,-4.40015,-4.40015,0,6.22275
193.809,4.7247,4.7247,-4.7247,-4.7247,0,6.68174
193.842,4.92631,4.92631,-4.92631,-4.92631,0,6.96686
193.875,4.99973,4.99973,-4.99973,-4.99973,0,7.07069
193.908,4.94304,4.94304,-4.94304,-4.94304,0,6.99052
193.941,4.75772,4.75772,-4.75772,-4.75772,0,6.72844
193.974,4.4486,4.4486,-4.4486,-4.4486,0,6.29127
194.007,4.02371,4.02371,-4.02371,-4.02371,0,5.69039
194.04,3.49412,3.49412,-3.49412,-3.49412,0,4.94144
194.073,2.87361,2.87361,-2.87361,-2.87361,0,4.06389
194.106,2.17831,2.17831,-2.17831,-2.17831,0,3.0806
194.139,1.42633,1.42633,-1.42633,-1.42633,0,2.01714
194.172,0.637238,0.637238,-0.637238,-0.637238,0,0.90119
194.205,-0.16844,-0.16844,0.16844,0.16844,0,-0.23821
194.238,-0.969734,-0.969734,0.969734,0.969734,0,-1.37141
194.271,-1.74579,-1.74579,1.74579,1.74579,0,-2.46893
194.304,-2.47642,-2.47642,2.47642,2.47642,0,-3.50219
194.337,-3.14261,-3.14261,3.14261,3.14261,0,-4.44433
194.37,-3.72702,-3.72702,3.72702,3.72702,0,-5.27081
194.403,-4.21445,-4.21445,4.21445,4.21445,0,-5.96013
194.436,-4.5922,-4.5922,4.5922,4.5922,0,-6.49436
194.469,-4.85046,-4.85046,4.85046,4.85046,0,-6.85959
194.502,-4.9825,-4.9825,4.9825,4.9825,0,-7.04632
194.535,-4.98488,-4.98488,4.98488,4.98488,0,-7.04968
194.568,-4.85754,-4.85754,4.85754,4.85754,0,-6.8696
194.601,-4.6038,-4.6038,4.6038,4.6038,0,-6.51076
194.634,-4.23026,-4.23026,4.23026,4.23026,0,-5.98249
194.667,-3.74664,-3.74664,3.74664,3.74664,0,-5.29855
194.7,-3.16552,-3.16552,3.16552,3.16552,0,-4.47672
194.733,-2.50203,-2.50203,2.50203,2.50203,0,-3.5384
194.766,-1.77343,-1.77343,1.77343,1.77343,0,-2.508
194.799,-0.998678,-0.998678,0.998678,0.998678,0,-1.41234
194.832,-0.197941,-0.197941,0.197941,0.197941,0,-0.279931
194.865,0.607947,0.607947,-0.607947,-0.607947,0,0.859766
194.898,1.39801,1.39801,-1.39801,-1.39801,0,1.97709
194.931,2.1517,2.1517,-2.1517,-2.1517,0,3.04297
194.964,2.8494,2.8494,-2.8494,-2.8494,0,4.02966
194.997,3.47295,3.47295,-3.47295,-3.47295,0,4.91149
195.03,4.00612,4.00612,-4.00612,-4.00612,0,5.66551
195.063,4.43505,4.43505,-4.43505,-4.43505,0,6.2721
195.096,4.74856,4.74856,-4.74856,-4.74856,0,6.71548
195.129,4.93851,4.93851,-4.93851,-4.93851,0,6.98411
195.162,4.99995,4.99995,-4.99995,-4.99995,0,7.071
195.195,4.93128,4.93128,-4.93128,-4.93128,0,6.97388
195.228,4.73428,4.73428,-4.73428,-4.73428,0,6.69529
195.261,4.41409,4.41409,-4.41409,-4.41409,0,6.24247
195.294,3.97903,3.97903,-3.97903,-3.97903,0,5.6272
195.327,3.44043,3.44043,-3.44043,-3.44043,0,4.86551
195.36,2.81231,2.81231,-2.81231,-2.81231,0,3.9772
195.393,2.111,2.111,-2.111,-2.111,0,2.9854
195.426,1.35476,1.35476,-1.35476,-1.35476,0,1.91591
195.459,0.563259,0.563259,-0.563259,-0.563259,0,0.796569
195.492,-0.242894,-0.242894,0.242894,0.242894,0,-0.343505
195.525,-1.04273,-1.04273,1.04273,1.04273,0,-1.47464
195.558,-1.81543,-1.81543,1.81543,1.81543,0,-2.5674
195.591,-2.54088,-2.54088,2.54088,2.54088,0,-3.59335
195.624,-3.20022,-3.20022,3.20022,3.20022,0,-4.5258
195.657,-3.77628,-3.77628,3.77628,3.77628,0,-5.34047
195.69,-4.25408,-4.25408,4.25408,4.25408,0,-6.01617
195.723,-4.62117,-4.62117,4.62117,4.62117,0,-6.53532
195.756,-4.86801,-4.86801,4.86801,4.86801,0,-6.88441
195.789,-4.98817,-4.98817,4.98817,4.98817,0,-7.05434
195.822,-4.97853,-4.97853,4.97853,4.97853,0,-7.04071
195.855,-4.83934,-4.83934,4.83934,4.83934,0,-6.84386
195.888,-4.57422,-4.57422,4.57422,4.57422,0,-6.46892
195.921,-4.19007,-4.19007,4.19007,4.19007,0,-5.92565
195.954,-3.69688,-3.69688,3.69688,3.69688,0,-5.22817
195.987,-3.10749,-3.10749,3.10749,3.10749,0,-4.39465
196.02,-2.43723,-2.43723,2.43723,2.43723,0,-3.44677
196.053,-1.70356,-1.70356,1.70356,1.70356,0,-2.4092
196.086,-0.925553,-0.925553,0.925553,0.925553,0,-1.30893
196.119,-0.123462,-0.123462,0.123462,0.123462,0,-0.174602
196.152,0.681842,0.681842,-0.681842,-0.681842,0,0.96427
196.185,1.4694,1.4694,-1.4694,-1.4694,0,2.07805
196.218,2.21873,2.21873,-2.21873,-2.21873,0,3.13775
196.251,2.91031,2.91031,-2.91031,-2.91031,0,4.1158
196.284,3.52617,3.52617,-3.52617,-3.52617,0,4.98675
196.317,4.05026,4.05026,-4.05026,-4.05026,0,5.72794
196.35,4.46896,4.46896,-4.46896,-4.46896,0,6.32007
196.383,4.77137,4.77137,-4.77137,-4.77137,0,6.74773
196.416,4.94961,4.94961,-4.94961,-4.94961,0,6.99981
196.449,4.99906,4.99906,-4.99906,-4.99906,0,7.06974
196.482,4.91842,4.91842,-4.91842,-4.91842,0,6.95569
196.515,4.70979,4.70979,-4.70979,-4.70979,0,6.66065
196.548,4.3786,4.3786,-4.3786,-4.3786,0,6.19227
196.581,3.93347,3.93347,-3.93347,-3.93347,0,5.56277
196.614,3.38598,3.38598,-3.38598,-3.38598,0,4.7885
196.647,2.75038,2.75038,-2.75038,-2.75038,0,3.88963
196.68,2.04321,2.04321,-2.04321,-2.04321,0,2.88954
196.713,1.28288,1.28288,-1.28288,-1.28288,0,1.81426
196.746,0.489155,0.489155,-0.489155,-0.489155,0,0.69177
196.779,-0.317295,-0.317295,0.317295,0.317295,0,-0.448723
196.812,-1.11549,-1.11549,1.11549,1.11549,0,-1.57754
196.845,-1.88465,-1.88465,1.88465,1.88465,0,-2.6653
196.878,-2.60478,-2.60478,2.60478,2.60478,0,-3.68371
196.911,-3.25712,-3.25712,3.25712,3.25712,0,-4.60626
196.944,-3.8247,-3.8247,3.8247,3.8247,0,-5.40895
196.977,-4.29276,-4.29276,4.29276,4.29276,0,-6.07088
197.01,-4.64911,-4.64911,4.64911,4.64911,0,-6.57483
197.043,-4.88448,-4.88448,4.88448,4.88448,0,-6.90769
197.076,-4.99274,-4.99274,4.99274,4.99274,0,-7.0608
197.109,-4.97108,-4.97108,4.97108,4.97108,0,-7.03017
197.142,-4.82007,-4.82007,4.82007,4.82007,0,-6.8166
197.175,-4.54362,-4.54362,4.54362,4.54362,0,-6.42565
197.208,-4.14894,-4.14894,4.14894,4.14894,0,-5.86749
197.241,-3.6463,-3.6463,3.6463,3.6463,0,-5.15664
197.274,-3.04877,-3.04877,3.04877,3.04877,0,-4.31161
197.307,-2.3719,-2.3719,2.3719,2.3719,0,-3.35437
197.34,-1.63331,-1.63331,1.63331,1.63331,0,-2.30985
197.373,-0.852222,-0.852222,0.852222,0.852222,0,-1.20522
197.406,-0.0489555,-0.0489555,0.0489555,0.0489555,0,-0.0692336
197.439,0.755585,0.755585,-0.755585,-0.755585,0,1.06856
197.472,1.54046,1.54046,-1.54046,-1.54046,0,2.17855
197.505,2.28526,2.28526,-2.28526,-2.28526,0,3.23184
197.538,2.97058,2.97058,-2.97058,-2.97058,0,4.20104
197.571,3.57861,3.57861,-3.57861,-3.57861,0,5.06091
197.604,4.09351,4.09351,-4.09351,-4.09351,0,5.78909
197.637,4.50188,4.50188,-4.50188,-4.50188,0,6.36663
197.67,4.79311,4.79311,-4.79311,-4.79311,0,6.77849
197.703,4.95962,4.95962,-4.95962,-4.95962,0,7.01396
197.736,4.99706,4.99706,-4.99706,-4.99706,0,7.06691
197.769,4.90447,4.90447,-4.90447,-4.90447,0,6.93596
197.802,4.68425,4.68425,-4.68425,-4.68425,0,6.62453
197.835,4.34214,4.34214,-4.34214,-4.34214,0,6.14071
197.868,3.88703,3.88703,-3.88703,-3.88703,0,5.49709
197.901,3.33078,3.33078,-3.33078,-3.33078,0,4.71043
197.934,2.68785,2.68785,-2.68785,-2.68785,0,3.80119
197.967,1.97498,1.97498,-1.97498,-1.97498,0,2.79304
198,1.21071,1.21071,-1.21071,-1.21071,0,1.71221
198.033,0.414943,0.414943,-0.414943,-0.414943,0,0.586818
198.066,-0.391625,-0.391625,0.391625,0.391625,0,-0.553841
198.099,-1.188,-1.188,1.188,1.188,0,-1.68009
198.132,-1.95346,-1.95346,1.95346,1.95346,0,-2.76262
198.165,-2.66809,-2.66809,2.66809,2.66809,0,-3.77325
198.198,-3.31329,-3.31329,3.31329,3.31329,0,-4.6857
198.231,-3.87227,-3.87227,3.87227,3.87227,0,-5.47622
198.264,-4.33049,-4.33049,4.33049,4.33049,0,-6.12424
198.297,-4.67601,-4.67601,4.67601,4.67601,0,-6.61288
198.33,-4.89986,-4.89986,4.89986,4.89986,0,-6.92945
198.363,-4.9962,-4.9962,4.9962,4.9962,0,-7.06569
198.396,-4.96253,-4.96253,4.96253,4.96253,0,-7.01808
198.429,-4.79972,-4.79972,4.79972,4.79972,0,-6.78783
198.462,-4.51201,-4.51201,4.51201,4.51201,0,-6.38095
198.495,-4.10689,-4.10689,4.10689,4.10689,0,-5.80803
198.528,-3.5949,-3.5949,3.5949,3.5949,0,-5.08396
198.561,-2.98937,-2.98937,2.98937,2.98937,0,-4.2276
198.594,-2.30604,-2.30604,2.30604,2.30604,0,-3.26123
198.627,-1.5627,-1.5627,1.5627,1.5627,0,-2.21
198.66,-0.778703,-0.778703,0.778703,0.778703,0,-1.10125
198.693,0.0255617,0.0255617,-0.0255617,-0.0255617,0,0.0361498
198.726,0.829161,0.829161,-0.829161,-0.829161,0,1.17261
198.759,1.61118,1.61118,-1.61118,-1.61118,0,2.27856
198.792,2.35128,2.35128,-2.35128,-2.35128,0,3.32521
198.825,3.03019,3.03019,-3.03019,-3.03019,0,4.28534
198.858,3.63025,3.63025,-3.63025,-3.63025,0,5.13395
198.891,4.13584,4.13584,-4.13584,-4.13584,0,5.84896
198.924,4.53381,4.53381,-4.53381,-4.53381,0,6.41177
198.957,4.81379,4.81379,-4.81379,-4.81379,0,6.80773
198.99,4.96852,4.96852,-4.96852,-4.96852,0,7.02654
199.023,4.99395,4.99395,-4.99395,-4.99395,0,7.06251
199.056,4.88942,4.88942,-4.88942,-4.88942,0,6.91469
199.089,4.65767,4.65767,-4.65767,-4.65767,0,6.58694
199.122,4.30471,4.30471,-4.30471,-4.30471,0,6.08777
199.155,3.83973,3.83973,-3.83973,-3.83973,0,5.4302
199.188,3.27483,3.27483,-3.27483,-3.27483,0,4.63131
199.221,2.62472,2.62472,-2.62472,-2.62472,0,3.71191
199.254,1.9063,1.9063,-1.9063,-1.9063,0,2.69592
199.287,1.13828,1.13828,-1.13828,-1.13828,0,1.60977
199.32,0.340639,0.340639,-0.340639,-0.340639,0,0.481736
199.353,-0.465868,-0.465868,0.465868,0.465868,0,-0.658837
199.386,-1.26025,-1.26025,1.26025,1.26025,0,-1.78226
199.419,-2.02184,-2.02184,2.02184,2.02184,0,-2.85931
199.452,-2.73082,-2.73082,2.73082,2.73082,0,-3.86196
199.485,-3.36873,-3.36873,3.36873,3.36873,0,-4.76411
199.518,-3.91898,-3.91898,3.91898,3.91898,0,-5.54228
199.551,-4.36726,-4.36726,4.36726,4.36726,0,-6.17623
199.584,-4.70188,-4.70188,4.70188,4.70188,0,-6.64947
199.617,-4.91415,-4.91415,4.91415,4.91415,0,-6.94966
199.65,-4.99855,-4.99855,4.99855,4.99855,0,-7.06902
199.683,-4.95287,-4.95287,4.95287,4.95287,0,-7.00442
199.716,-4.77831,-4.77831,4.77831,4.77831,0,-6.75755
199.749,-4.47941,-4.47941,4.47941,4.47941,0,-6.33484
199.782,-4.06394,-4.06394,4.06394,4.06394,0,-5.74727
199.815,-3.54271,-3.54271,3.54271,3.54271,0,-5.01016
199.848,-2.9293,-2.9293,2.9293,2.9293,0,-4.14266
199.881,-2.23967,-2.23967,2.23967,2.23967,0,-3.16737
199.914,-1.49175,-1.49175,1.49175,1.49175,0,-2.10965
199.947,-0.70501,-0.70501,0.70501,0.70501,0,-0.997035
199.98,0.100073,0.100073,-0.100073,-0.100073,0,0.141525
200.013,0.902553,0.902553,-0.902553,-0.902553,0,1.2764
200.046,1.68155,1.68155,-1.68155,-1.68155,0,2.37806
200.079,2.41678,2.41678,-2.41678,-2.41678,0,3.41784
200.112,3.08913,3.08913,-3.08913,-3.08913,0,4.36868
200.145,3.68109,3.68109,-3.68109,-3.68109,0,5.20584
200.178,4.17725,4.17725,-4.17725,-4.17725,0,5.90753
200.211,4.56472,4.56472,-4.56472,-4.56472,0,6.45549
200.244,4.83341,4.83341,-4.83341,-4.83341,0,6.83547
200.277,4.97631,4.97631,-4.97631,-4.97631,0,7.03757
200.31,4.98973,4.98973,-4.98973,-4.98973,0,7.05654
200.343,4.8733,4.8733,-4.8733,-4.8733,0,6.89188
200.376,4.63005,4.63005,-4.63005,-4.63005,0,6.54788
200.409,4.26632,4.26632,-4.26632,-4.26632,0,6.03349
200.442,3.79157,3.79157,-3.79157,-3.79157,0,5.3621
200.475,3.21816,3.21816,-3.21816,-3.21816,0,4.55117
200.508,2.561,2.561,-2.561,-2.561,0,3.62181
200.541,1.8372,1.8372,-1.8372,-1.8372,0,2.5982
200.574,1.0656,1.0656,-1.0656,-1.0656,0,1.50698
200.607,0.266259,0.266259,-0.266259,-0.266259,0,0.376546
200.64,-0.540007,-0.540007,0.540007,0.540007,0,-0.763686
200.673,-1.33222,-1.33222,1.33222,1.33222,0,-1.88405
200.706,-2.08977,-2.08977,2.08977,2.08977,0,-2.95538
200.739,-2.79293,-2.79293,2.79293,2.79293,0,-3.9498
200.772,-3.42342,-3.42342,3.42342,3.42342,0,-4.84145
200.805,-3.96482,-3.96482,3.96482,3.96482,0,-5.60711
200.838,-4.40305,-4.40305,4.40305,4.40305,0,-6.22686
200.871,-4.72671,-4.72671,4.72671,4.72671,0,-6.68457
200.904,-4.92736,-4.92736,4.92736,4.92736,0,-6.96834
200.937,-4.99979,-4.99979,4.99979,4.99979,0,-7.07077
200.97,-4.94212,-4.94212,4.94212,4.94212,0,-6.98921
201.003,-4.75584,-4.75584,4.75584,4.75584,0,-6.72577
201.036,-4.4458,-4.4458,4.4458,4.4458,0,-6.28731
201.069,-4.02008,-4.02008,4.02008,4.02008,0,-5.68524
201.102,-3.48974,-3.48974,3.48974,3.48974,0,-4.93524
201.135,-2.86859,-2.86859,2.86859,2.86859,0,-4.0568
201.168,-2.1728,-2.1728,2.1728,2.1728,0,-3.0728
201.201,-1.42046,-1.42046,1.42046,1.42046,0,-2.00883
201.234,-0.631161,-0.631161,0.631161,0.631161,0,-0.892596
201.267,0.174563,0.174563,-0.174563,-0.174563,0,0.246869
201.3,0.975744,0.975744,-0.975744,-0.975744,0,1.37991
201.333,1.75153,1.75153,-1.75153,-1.75153,0,2.47704
201.366,2.48174,2.48174,-2.48174,-2.48174,0,3.50972
201.399,3.14738,3.14738,-3.14738,-3.14738,0,4.45106
201.432,3.7311,3.7311,-3.7311,-3.7311,0,5.27658
201.465,4.21774,4.21774,-4.21774,-4.21774,0,5.96479
201.498,4.59462,4.59462,-4.59462,-4.59462,0,6.49778
201.531,4.85194,4.85194,-4.85194,-4.85194,0,6.86169
201.564,4.98301,4.98301,-4.98301,-4.98301,0,7.04703
201.597,4.9844,4.9844,-4.9844,-4.9844,0,7.049
201.63,4.85609,4.85609,-4.85609,-4.85609,0,6.86754
201.663,4.60141,4.60141,-4.60141,-4.60141,0,6.50737
201.696,4.22699,4.22699,-4.22699,-4.22699,0,5.97787
201.729,3.74258,3.74258,-3.74258,-3.74258,0,5.2928
201.762,3.16077,3.16077,-3.16077,-3.16077,0,4.47001
201.795,2.49672,2.49672,-2.49672,-2.49672,0,3.5309
201.828,1.7677,1.7677,-1.7677,-1.7677,0,2.4999
201.861,0.992674,0.992674,-0.992674,-0.992674,0,1.40385
201.894,0.191819,0.191819,-0.191819,-0.191819,0,0.271273
201.927,-0.614027,-0.614027,0.614027,0.614027,0,-0.868365
201.96,-1.40389,-1.40389,1.40389,1.40389,0,-1.98541
201.993,-2.15723,-2.15723,2.15723,2.15723,0,-3.05078
202.026,-2.85443,-2.85443,2.85443,2.85443,0,-4.03677
202.059,-3.47735,-3.47735,3.47735,3.47735,0,-4.91772
202.092,-4.00978,-4.00978,4.00978,4.00978,0,-5.67069
202.125,-4.43787,-4.43787,4.43787,4.43787,0,-6.2761
202.158,-4.75048,-4.75048,4.75048,4.75048,0,-6.71819
202.191,-4.93947,-4.93947,4.93947,4.93947,0,-6.98546
202.224,-4.99992,-4.99992,4.99992,4.99992,0,-7.07095
202.257,-4.93026,-4.93026,4.93026,4.93026,0,-6.97244
202.29,-4.73231,-4.73231,4.73231,4.73231,0,-6.69249
202.323,-4.41121,-4.41121,4.41121,4.41121,0,-6.23839
202.356,-3.97532,-3.97532,3.97532,3.97532,0,-5.62195
202.389,-3.43599,-3.43599,3.43599,3.43599,0,-4.85922
202.422,-2.80724,-2.80724,2.80724,2.80724,0,-3.97004
202.455,-2.10544,-2.10544,2.10544,2.10544,0,-2.97755
202.488,-1.34886,-1.34886,1.34886,1.34886,0,-1.90757
202.521,-0.557171,-0.557171,0.557171,0.557171,0,-0.787959
202.554,0.249013,0.249013,-0.249013,-0.249013,0,0.352158
202.587,1.04872,1.04872,-1.04872,-1.04872,0,1.48311
202.62,1.82113,1.82113,-1.82113,-1.82113,0,2.57547
202.653,2.54616,2.54616,-2.54616,-2.54616,0,3.60081
202.686,3.20493,3.20493,-3.20493,-3.20493,0,4.53245
202.719,3.78029,3.78029,-3.78029,-3.78029,0,5.34614
202.752,4.25729,4.25729,-4.25729,-4.25729,0,6.02072
202.785,4.62351,4.62351,-4.62351,-4.62351,0,6.53862
202.818,4.8694,4.8694,-4.8694,-4.8694,0,6.88638
202.851,4.98859,4.98859,-4.98859,-4.98859,0,7.05493
202.884,4.97796,4.97796,-4.97796,-4.97796,0,7.0399
202.917,4.8378,4.8378,-4.8378,-4.8378,0,6.84168
202.95,4.57174,4.57174,-4.57174,-4.57174,0,6.46542
202.983,4.18672,4.18672,-4.18672,-4.18672,0,5.92092
203.016,3.69275,3.69275,-3.69275,-3.69275,0,5.22234
203.049,3.10269,3.10269,-3.10269,-3.10269,0,4.38786
203.082,2.43188,2.43188,-2.43188,-2.43188,0,3.4392
203.115,1.6978,1.6978,-1.6978,-1.6978,0,2.40105
203.148,0.919532,0.919532,-0.919532,-0.919532,0,1.30041
203.181,0.117337,0.117337,-0.117337,-0.117337,0,0.16594
203.214,-0.68791,-0.68791,0.68791,0.68791,0,-0.972852
203.247,-1.47526,-1.47526,1.47526,1.47526,0,-2.08633
203.28,-2.22421,-2.22421,2.22421,2.22421,0,-3.14551
203.313,-2.91529,-2.91529,2.91529,2.91529,0,-4.12285
203.346,-3.53051,-3.53051,3.53051,3.53051,0,-4.99289
203.379,-4.05385,-4.05385,4.05385,4.05385,0,-5.73301
203.412,-4.47171,-4.47171,4.47171,4.47171,0,-6.32395
203.445,-4.7732,-4.7732,4.7732,4.7732,0,-6.75032
203.478,-4.95048,-4.95048,4.95048,4.95048,0,-7.00103
203.511,-4.99894,-4.99894,4.99894,4.99894,0,-7.06956
203.544,-4.91731,-4.91731,4.91731,4.91731,0,-6.95413
203.577,-4.70773,-4.70773,4.70773,4.70773,0,-6.65773
203.61,-4.37564,-4.37564,4.37564,4.37564,0,-6.18809
203.643,-3.92968,-3.92968,3.92968,3.92968,0,-5.55741
203.676,-3.38147,-3.38147,3.38147,3.38147,0,-4.78212
203.709,-2.74527,-2.74527,2.74527,2.74527,0,-3.88239
203.742,-2.03762,-2.03762,2.03762,2.03762,0,-2.88163
203.775,-1.27695,-1.27695,1.27695,1.27695,0,-1.80589
203.808,-0.483058,-0.483058,0.483058,0.483058,0,-0.683147
203.841,0.323409,0.323409,-0.323409,-0.323409,0,0.457369
203.874,1.12146,1.12146,-1.12146,-1.12146,0,1.58598
203.907,1.89033,1.89033,-1.89033,-1.89033,0,2.67333
203.94,2.61001,2.61001,-2.61001,-2.61001,0,3.6911
203.973,3.26176,3.26176,-3.26176,-3.26176,0,4.61283
204.006,3.82865,3.82865,-3.82865,-3.82865,0,5.41452
204.039,4.2959,4.2959,-4.2959,-4.2959,0,6.07532
204.072,4.65136,4.65136,-4.65136,-4.65136,0,6.57802
204.105,4.88578,4.88578,-4.88578,-4.88578,0,6.90954
204.138,4.99307,4.99307,-4.99307,-4.99307,0,7.06126
204.171,4.97042,4.97042,-4.97042,-4.97042,0,7.02924
204.204,4.81843,4.81843,-4.81843,-4.81843,0,6.8143
204.237,4.54106,4.54106,-4.54106,-4.54106,0,6.42203
204.27,4.14552,4.14552,-4.14552,-4.14552,0,5.86265
204.303,3.6421,3.6421,-3.6421,-3.6421,0,5.15071
204.336,3.04391,3.04391,-3.04391,-3.04391,0,4.30474
204.369,2.36651,2.36651,-2.36651,-2.36651,0,3.34674
204.402,1.62752,1.62752,-1.62752,-1.62752,0,2.30166
204.435,0.846185,0.846185,-0.846185,-0.846185,0,1.19669
204.468,0.0428295,0.0428295,-0.0428295,-0.0428295,0,0.0605701
204.501,-0.761641,-0.761641,0.761641,0.761641,0,-1.07712
204.534,-1.54629,-1.54629,1.54629,1.54629,0,-2.18679
204.567,-2.2907,-2.2907,2.2907,2.2907,0,-3.23954
204.6,-2.97551,-2.97551,2.97551,2.97551,0,-4.208
204.633,-3.58288,-3.58288,3.58288,3.58288,0,-5.06696
204.666,-4.09702,-4.09702,4.09702,4.09702,0,-5.79406
204.699,-4.50455,-4.50455,4.50455,4.50455,0,-6.37039
204.732,-4.79485,-4.79485,4.79485,4.79485,0,-6.78095
204.765,-4.96039,-4.96039,4.96039,4.96039,0,-7.01505
204.798,-4.99684,-4.99684,4.99684,4.99684,0,-7.0666
204.831,-4.90327,-4.90327,4.90327,4.90327,0,-6.93427
204.864,-4.6821,-4.6821,4.6821,4.6821,0,-6.62149
204.897,-4.33909,-4.33909,4.33909,4.33909,0,-6.13641
204.93,-3.88317,-3.88317,3.88317,3.88317,0,-5.49164
204.963,-3.32621,-3.32621,3.32621,3.32621,0,-4.70397
204.996,-2.68268,-2.68268,2.68268,2.68268,0,-3.79389
205.029,-1.96935,-1.96935,1.96935,1.96935,0,-2.78508
205.062,-1.20477,-1.20477,1.20477,1.20477,0,-1.7038
205.095,-0.408838,-0.408838,0.408838,0.408838,0,-0.578184
205.128,0.397732,0.397732,-0.397732,-0.397732,0,0.562478
205.161,1.19395,1.19395,-1.19395,-1.19395,0,1.6885
205.194,1.9591,1.9591,-1.9591,-1.9591,0,2.77059
205.227,2.67327,2.67327,-2.67327,-2.67327,0,3.78058
205.26,3.31788,3.31788,-3.31788,-3.31788,0,4.69219
205.293,3.87615,3.87615,-3.87615,-3.87615,0,5.4817
205.326,4.33355,4.33355,-4.33355,-4.33355,0,6.12856
205.359,4.67818,4.67818,-4.67818,-4.67818,0,6.61595
205.392,4.90108,4.90108,-4.90108,-4.90108,0,6.93117
205.425,4.99644,4.99644,-4.99644,-4.99644,0,7.06603
205.458,4.96178,4.96178,-4.96178,-4.96178,0,7.01701
205.491,4.798,4.798,-4.798,-4.798,0,6.7854
205.524,4.50937,4.50937,-4.50937,-4.50937,0,6.37721
205.557,4.1034,4.1034,-4.1034,-4.1034,0,5.80308
205.59,3.59064,3.59064,-3.59064,-3.59064,0,5.07794
205.623,2.98445,2.98445,-2.98445,-2.98445,0,4.22066
205.656,2.3006,2.3006,-2.3006,-2.3006,0,3.25354
205.689,1.55688,1.55688,-1.55688,-1.55688,0,2.20177
205.722,0.772651,0.772651,-0.772651,-0.772651,0,1.09269
205.755,-0.0316879,-0.0316879,0.0316879,0.0316879,0,-0.0448134
205.788,-0.835202,-0.835202,0.835202,0.835202,0,-1.18115
205.821,-1.61698,-1.61698,1.61698,1.61698,0,-2.28676
205.854,-2.35668,-2.35668,2.35668,2.35668,0,-3.33286
205.887,-3.03506,-3.03506,3.03506,3.03506,0,-4.29222
205.92,-3.63446,-3.63446,3.63446,3.63446,0,-5.1399
205.953,-4.13928,-4.13928,4.13928,4.13928,0,-5.85382
205.986,-4.53639,-4.53639,4.53639,4.53639,0,-6.41542
206.019,-4.81545,-4.81545,4.81545,4.81545,0,-6.81007
206.052,-4.9692,-4.9692,4.9692,4.9692,0,-7.02751
206.085,-4.99364,-4.99364,4.99364,4.99364,0,-7.06208
206.118,-4.88814,-4.88814,4.88814,4.88814,0,-6.91287
206.151,-4.65544,-4.65544,4.65544,4.65544,0,-6.58378
206.184,-4.30159,-4.30159,4.30159,4.30159,0,-6.08336
206.217,-3.8358,-3.8358,3.8358,3.8358,0,-5.42464
206.25,-3.2702,-3.2702,3.2702,3.2702,0,-4.62476
206.283,-2.6195,-2.6195,2.6195,2.6195,0,-3.70454
206.316,-1.90064,-1.90064,1.90064,1.90064,0,-2.68791
206.349,-1.13231,-1.13231,1.13231,1.13231,0,-1.60133
206.382,-0.334526,-0.334526,0.334526,0.334526,0,-0.473092
206.415,0.471967,0.471967,-0.471967,-0.471967,0,0.667462
206.448,1.26618,1.26618,-1.26618,-1.26618,0,1.79065
206.481,2.02744,2.02744,-2.02744,-2.02744,0,2.86724
206.514,2.73595,2.73595,-2.73595,-2.73595,0,3.86921
206.547,3.37326,3.37326,-3.37326,-3.37326,0,4.7705
206.58,3.92279,3.92279,-3.92279,-3.92279,0,5.54766
206.613,4.37024,4.37024,-4.37024,-4.37024,0,6.18045
206.646,4.70396,4.70396,-4.70396,-4.70396,0,6.65241
206.679,4.91528,4.91528,-4.91528,-4.91528,0,6.95126
206.712,4.99869,4.99869,-4.99869,-4.99869,0,7.06922
206.745,4.95203,4.95203,-4.95203,-4.95203,0,7.00323
206.778,4.7765,4.7765,-4.7765,-4.7765,0,6.75499
206.811,4.47668,4.47668,-4.47668,-4.47668,0,6.33098
206.844,4.06036,4.06036,-4.06036,-4.06036,0,5.74222
206.877,3.53839,3.53839,-3.53839,-3.53839,0,5.00404
206.91,2.92434,2.92434,-2.92434,-2.92434,0,4.13564
206.943,2.23419,2.23419,-2.23419,-2.23419,0,3.15962
206.976,1.4859,1.4859,-1.4859,-1.4859,0,2.10138
207.009,0.698944,0.698944,-0.698944,-0.698944,0,0.988457
207.042,-0.106198,-0.106198,0.106198,0.106198,0,-0.150187
207.075,-0.908577,-0.908577,0.908577,0.908577,0,-1.28492
207.108,-1.68731,-1.68731,1.68731,1.68731,0,-2.38622
207.141,-2.42214,-2.42214,2.42214,2.42214,0,-3.42543
207.174,-3.09394,-3.09394,3.09394,3.09394,0,-4.37549
207.207,-3.68523,-3.68523,3.68523,3.68523,0,-5.2117
207.24,-4.18062,-4.18062,4.18062,4.18062,0,-5.91229
207.273,-4.56722,-4.56722,4.56722,4.56722,0,-6.45902
207.306,-4.83497,-4.83497,4.83497,4.83497,0,-6.83768
207.339,-4.97691,-4.97691,4.97691,4.97691,0,-7.03841
207.372,-4.98933,-4.98933,4.98933,4.98933,0,-7.05598
207.405,-4.87192,-4.87192,4.87192,4.87192,0,-6.88994
207.438,-4.62774,-4.62774,4.62774,4.62774,0,-6.54461
207.471,-4.26312,-4.26312,4.26312,4.26312,0,-6.02897
207.504,-3.78758,-3.78758,3.78758,3.78758,0,-5.35644
207.537,-3.21347,-3.21347,3.21347,3.21347,0,-4.54453
207.57,-2.55574,-2.55574,2.55574,2.55574,0,-3.61436
207.603,-1.8315,-1.8315,1.8315,1.8315,0,-2.59014
207.636,-1.05961,-1.05961,1.05961,1.05961,0,-1.49851
207.669,-0.260141,-0.260141,0.260141,0.260141,0,-0.367895
207.702,0.546097,0.546097,-0.546097,-0.546097,0,0.772298
207.735,1.33812,1.33812,-1.33812,-1.33812,0,1.89239
207.768,2.09533,2.09533,-2.09533,-2.09533,0,2.96325
207.801,2.79801,2.79801,-2.79801,-2.79801,0,3.95699
207.834,3.42788,3.42788,-3.42788,-3.42788,0,4.84776
207.867,3.96855,3.96855,-3.96855,-3.96855,0,5.61238
207.9,4.40595,4.40595,-4.40595,-4.40595,0,6.23096
207.933,4.7287,4.7287,-4.7287,-4.7287,0,6.68739
207.966,4.92839,4.92839,-4.92839,-4.92839,0,6.9698
207.999,4.99984,4.99984,-4.99984,-4.99984,0,7.07084
208.032,4.94118,4.94118,-4.94118,-4.94118,0,6.98789
208.065,4.75394,4.75394,-4.75394,-4.75394,0,6.72309
208.098,4.44299,4.44299,-4.44299,-4.44299,0,6.28334
208.131,4.01643,4.01643,-4.01643,-4.01643,0,5.68009
208.164,3.48535,3.48535,-3.48535,-3.48535,0,4.92903
208.197,2.86357,2.86357,-2.86357,-2.86357,0,4.0497
208.23,2.16728,2.16728,-2.16728,-2.16728,0,3.06499
208.263,1.41459,1.41459,-1.41459,-1.41459,0,2.00053
208.296,0.625083,0.625083,-0.625083,-0.625083,0,0.884001
208.329,-0.180685,-0.180685,0.180685,0.180685,0,-0.255527
208.362,-0.981751,-0.981751,0.981751,0.981751,0,-1.38841
208.395,-1.75727,-1.75727,1.75727,1.75727,0,-2.48516
208.428,-2.48706,-2.48706,2.48706,2.48706,0,-3.51724
208.461,-3.15213,-3.15213,3.15213,3.15213,0,-4.45779
208.494,-3.73518,-3.73518,3.73518,3.73518,0,-5.28234
208.527,-4.22103,-4.22103,4.22103,4.22103,0,-5.96944
208.56,-4.59704,-4.59704,4.59704,4.59704,0,-6.50119
208.593,-4.85342,-4.85342,4.85342,4.85342,0,-6.86377
208.626,-4.98351,-4.98351,4.98351,4.98351,0,-7.04774
208.659,-4.98391,-4.98391,4.98391,4.98391,0,-7.04831
208.692,-4.85462,-4.85462,4.85462,4.85462,0,-6.86547
208.725,-4.59901,-4.59901,4.59901,4.59901,0,-6.50398
208.758,-4.22372,-4.22372,4.22372,4.22372,0,-5.97324
208.791,-3.73851,-3.73851,3.73851,3.73851,0,-5.28705
208.824,-3.15603,-3.15603,3.15603,3.15603,0,-4.46329
208.857,-2.49141,-2.49141,2.49141,2.49141,0,-3.52339
208.89,-1.76197,-1.76197,1.76197,1.76197,0,-2.4918
208.923,-0.986669,-0.986669,0.986669,0.986669,0,-1.39536
208.956,-0.185697,-0.185697,0.185697,0.185697,0,-0.262616
208.989,0.620106,0.620106,-0.620106,-0.620106,0,0.876963
209.022,1.40977,1.40977,-1.40977,-1.40977,0,1.99372
209.055,2.16276,2.16276,-2.16276,-2.16276,0,3.0586
209.088,2.85946,2.85946,-2.85946,-2.85946,0,4.04388
209.121,3.48175,3.48175,-3.48175,-3.48175,0,4.92394
209.154,4.01344,4.01344,-4.01344,-4.01344,0,5.67586
209.187,4.44069,4.44069,-4.44069,-4.44069,0,6.28009
209.22,4.75239,4.75239,-4.75239,-4.75239,0,6.72089
209.253,4.94041,4.94041,-4.94041,-4.94041,0,6.9868
209.286,4.99988,4.99988,-4.99988,-4.99988,0,7.0709
209.319,4.92924,4.92924,-4.92924,-4.92924,0,6.97099
209.352,4.73033,4.73033,-4.73033,-4.73033,0,6.68969
209.385,4.40832,4.40832,-4.40832,-4.40832,0,6.23431
209.418,3.9716,3.9716,-3.9716,-3.9716,0,5.61669
209.451,3.43153,3.43153,-3.43153,-3.43153,0,4.85292
209.484,2.80217,2.80217,-2.80217,-2.80217,0,3.96286
209.517,2.09988,2.09988,-2.09988,-2.09988,0,2.96969
209.55,1.34296,1.34296,-1.34296,-1.34296,0,1.89923
209.583,0.551083,0.551083,-0.551083,-0.551083,0,0.779349
209.616,-0.255132,-0.255132,0.255132,0.255132,0,-0.360811
209.649,-1.05471,-1.05471,1.05471,1.05471,0,-1.49158
209.682,-1.82684,-1.82684,1.82684,1.82684,0,-2.58354
209.715,-2.55143,-2.55143,2.55143,2.55143,0,-3.60826
209.748,-3.20963,-3.20963,3.20963,3.20963,0,-4.5391
209.781,-3.7843,-3.7843,3.7843,3.7843,0,-5.35181
209.814,-4.2605,-4.2605,4.2605,4.2605,0,-6.02526
209.847,-4.62583,-4.62583,4.62583,4.62583,0,-6.54192
209.88,-4.87079,-4.87079,4.87079,4.87079,0,-6.88834
209.913,-4.989,-4.989,4.989,4.989,0,-7.05551
209.946,-4.97738,-4.97738,4.97738,4.97738,0,-7.03909
209.979,-4.83625,-4.83625,4.83625,4.83625,0,-6.83949
210.012,-4.56926,-4.56926,4.56926,4.56926,0,-6.46191
210.045,-4.18337,-4.18337,4.18337,4.18337,0,-5.91617
210.078,-3.68862,-3.68862,3.68862,3.68862,0,-5.21649
210.111,-3.09788,-3.09788,3.09788,3.09788,0,-4.38106
210.144,-2.42653,-2.42653,2.42653,2.42653,0,-3.43163
210.177,-1.69203,-1.69203,1.69203,1.69203,0,-2.3929
210.21,-0.913509,-0.913509,0.913509,0.913509,0,-1.2919
210.243,-0.111213,-0.111213,0.111213,0.111213,0,-0.157279
210.276,0.693978,0.693978,-0.693978,-0.693978,0,0.981433
210.309,1.48111,1.48111,-1.48111,-1.48111,0,2.0946
210.342,2.2297,2.2297,-2.2297,-2.2297,0,3.15327
210.375,2.92027,2.92027,-2.92027,-2.92027,0,4.12988
210.408,3.53484,3.53484,-3.53484,-3.53484,0,4.99902
210.441,4.05744,4.05744,-4.05744,-4.05744,0,5.73808
210.474,4.47444,4.47444,-4.47444,-4.47444,0,6.32782
210.507,4.77502,4.77502,-4.77502,-4.77502,0,6.75289
210.54,4.95133,4.95133,-4.95133,-4.95133,0,7.00224
210.573,4.99881,4.99881,-4.99881,-4.99881,0,7.06938
210.606,4.9162,4.9162,-4.9162,-4.9162,0,6.95255
210.639,4.70566,4.70566,-4.70566,-4.70566,0,6.65481
210.672,4.37267,4.37267,-4.37267,-4.37267,0,6.18389
210.705,3.92589,3.92589,-3.92589,-3.92589,0,5.55205
210.738,3.37696,3.37696,-3.37696,-3.37696,0,4.77574
210.771,2.74014,2.74014,-2.74014,-2.74014,0,3.87515
210.804,2.03203,2.03203,-2.03203,-2.03203,0,2.87372
210.837,1.27103,1.27103,-1.27103,-1.27103,0,1.79751
210.87,0.47696,0.47696,-0.47696,-0.47696,0,0.674524
210.903,-0.329522,-0.329522,0.329522,0.329522,0,-0.466014
210.936,-1.12743,-1.12743,1.12743,1.12743,0,-1.59443
210.969,-1.896,-1.896,1.896,1.896,0,-2.68135
211.002,-2.61523,-2.61523,2.61523,2.61523,0,-3.69849
211.035,-3.26641,-3.26641,3.26641,3.26641,0,-4.61939
211.068,-3.83258,-3.83258,3.83258,3.83258,0,-5.42009
211.101,-4.29903,-4.29903,4.29903,4.29903,0,-6.07974
211.134,-4.6536,-4.6536,4.6536,4.6536,0,-6.58119
211.167,-4.88708,-4.88708,4.88708,4.88708,0,-6.91138
211.2,-4.99339,-4.99339,4.99339,4.99339,0,-7.06171
211.233,-4.96975,-4.96975,4.96975,4.96975,0,-7.02829
211.266,-4.8168,-4.8168,4.8168,4.8168,0,-6.81198
211.299,-4.53849,-4.53849,4.53849,4.53849,0,-6.4184
211.332,-4.14209,-4.14209,4.14209,4.14209,0,-5.8578
211.365,-3.6379,-3.6379,3.6379,3.6379,0,-5.14477
211.398,-3.03905,-3.03905,3.03905,3.03905,0,-4.29786
211.431,-2.36111,-2.36111,2.36111,2.36111,0,-3.33911
211.464,-1.62173,-1.62173,1.62173,1.62173,0,-2.29347
211.497,-0.840147,-0.840147,0.840147,0.840147,0,-1.18815
211.53,-0.0367035,-0.0367035,0.0367035,0.0367035,0,-0.0519066
211.563,0.767695,0.767695,-0.767695,-0.767695,0,1.08568
211.596,1.55212,1.55212,-1.55212,-1.55212,0,2.19502
211.629,2.29615,2.29615,-2.29615,-2.29615,0,3.24724
211.662,2.98043,2.98043,-2.98043,-2.98043,0,4.21496
211.695,3.58715,3.58715,-3.58715,-3.58715,0,5.073
211.728,4.10053,4.10053,-4.10053,-4.10053,0,5.79902
211.761,4.5072,4.5072,-4.5072,-4.5072,0,6.37415
211.794,4.79659,4.79659,-4.79659,-4.79659,0,6.7834
211.827,4.96116,4.96116,-4.96116,-4.96116,0,7.01613
211.86,4.99662,4.99662,-4.99662,-4.99662,0,7.06629
211.893,4.90207,4.90207,-4.90207,-4.90207,0,6.93257
211.926,4.67995,4.67995,-4.67995,-4.67995,0,6.61845
211.959,4.33605,4.33605,-4.33605,-4.33605,0,6.1321
211.992,3.87931,3.87931,-3.87931,-3.87931,0,5.48618
212.025,3.32163,3.32163,-3.32163,-3.32163,0,4.69749
212.058,2.67751,2.67751,-2.67751,-2.67751,0,3.78657
212.091,1.96372,1.96372,-1.96372,-1.96372,0,2.77711
212.124,1.19882,1.19882,-1.19882,-1.19882,0,1.69539
212.157,0.402732,0.402732,-0.402732,-0.402732,0,0.569549
212.19,-0.403839,-0.403839,0.403839,0.403839,0,-0.571114
212.223,-1.1999,-1.1999,1.1999,1.1999,0,-1.69691
212.256,-1.96474,-1.96474,1.96474,1.96474,0,-2.77856
212.289,-2.67845,-2.67845,2.67845,2.67845,0,-3.7879
212.322,-3.32246,-3.32246,3.32246,3.32246,0,-4.69867
212.355,-3.88001,-3.88001,3.88001,3.88001,0,-5.48717
212.388,-4.3366,-4.3366,4.3366,4.3366,0,-6.13288
212.421,-4.68034,-4.68034,4.68034,4.68034,0,-6.619
212.454,-4.90229,-4.90229,4.90229,4.90229,0,-6.93288
212.487,-4.99666,-4.99666,4.99666,4.99666,0,-7.06635
212.52,-4.96102,-4.96102,4.96102,4.96102,0,-7.01594
212.553,-4.79627,-4.79627,4.79627,4.79627,0,-6.78296
212.586,-4.50672,-4.50672,4.50672,4.50672,0,-6.37347
212.619,-4.09989,-4.09989,4.09989,4.09989,0,-5.79813
212.652,-3.58638,-3.58638,3.58638,3.58638,0,-5.0719
212.685,-2.97954,-2.97954,2.97954,2.97954,0,-4.2137
212.718,-2.29516,-2.29516,2.29516,2.29516,0,-3.24585
212.751,-1.55106,-1.55106,1.55106,1.55106,0,-2.19353
212.784,-0.766597,-0.766597,0.766597,0.766597,0,-1.08413
212.817,0.037814,0.037814,-0.037814,-0.037814,0,0.0534771
212.85,0.841241,0.841241,-0.841241,-0.841241,0,1.18969
212.883,1.62278,1.62278,-1.62278,-1.62278,0,2.29495
212.916,2.36209,2.36209,-2.36209,-2.36209,0,3.34049
212.949,3.03993,3.03993,-3.03993,-3.03993,0,4.29911
212.982,3.63866,3.63866,-3.63866,-3.63866,0,5.14585
213.015,4.14271,4.14271,-4.14271,-4.14271,0,5.85868
213.048,4.53896,4.53896,-4.53896,-4.53896,0,6.41906
213.081,4.81709,4.81709,-4.81709,-4.81709,0,6.8124
213.114,4.96987,4.96987,-4.96987,-4.96987,0,7.02846
213.147,4.99333,4.99333,-4.99333,-4.99333,0,7.06163
213.18,4.88685,4.88685,-4.88685,-4.88685,0,6.91104
213.213,4.6532,4.6532,-4.6532,-4.6532,0,6.58061
213.246,4.29846,4.29846,-4.29846,-4.29846,0,6.07894
213.279,3.83187,3.83187,-3.83187,-3.83187,0,5.41908
213.312,3.26556,3.26556,-3.26556,-3.26556,0,4.61821
213.345,2.61428,2.61428,-2.61428,-2.61428,0,3.69715
213.378,1.89497,1.89497,-1.89497,-1.89497,0,2.67989
213.411,1.12635,1.12635,-1.12635,-1.12635,0,1.59289
213.444,0.328414,0.328414,-0.328414,-0.328414,0,0.464447
213.477,-0.478066,-0.478066,0.478066,0.478066,0,-0.676087
213.51,-1.2721,-1.2721,1.2721,1.2721,0,-1.79903
213.543,-2.03304,-2.03304,2.03304,2.03304,0,-2.87515
213.576,-2.74107,-2.74107,2.74107,2.74107,0,-3.87646
213.609,-3.37778,-3.37778,3.37778,3.37778,0,-4.7769
213.642,-3.92658,-3.92658,3.92658,3.92658,0,-5.55302
213.675,-4.37321,-4.37321,4.37321,4.37321,0,-6.18465
213.708,-4.70604,-4.70604,4.70604,4.70604,0,-6.65534
213.741,-4.9164,-4.9164,4.9164,4.9164,0,-6.95284
213.774,-4.99883,-4.99883,4.99883,4.99883,0,-7.06941
213.807,-4.95118,-4.95118,4.95118,4.95118,0,-7.00202
213.84,-4.77469,-4.77469,4.77469,4.77469,0,-6.75243
213.873,-4.47395,-4.47395,4.47395,4.47395,0,-6.32712
213.906,-4.05679,-4.05679,4.05679,4.05679,0,-5.73716
213.939,-3.53406,-3.53406,3.53406,3.53406,0,-4.99791
213.972,-2.91937,-2.91937,2.91937,2.91937,0,-4.12861
214.005,-2.22871,-2.22871,2.22871,2.22871,0,-3.15186
214.038,-1.48005,-1.48005,1.48005,1.48005,0,-2.0931
214.071,-0.692878,-0.692878,0.692878,0.692878,0,-0.979877
214.104,0.112323,0.112323,-0.112323,-0.112323,0,0.158849
214.137,0.914601,0.914601,-0.914601,-0.914601,0,1.29344
214.17,1.69308,1.69308,-1.69308,-1.69308,0,2.39438
214.203,2.4275,2.4275,-2.4275,-2.4275,0,3.433
214.236,3.09875,3.09875,-3.09875,-3.09875,0,4.3823
214.269,3.68937,3.68937,-3.68937,-3.68937,0,5.21755
214.302,4.18398,4.18398,-4.18398,-4.18398,0,5.91703
214.335,4.56971,4.56971,-4.56971,-4.56971,0,6.46254
214.368,4.83653,4.83653,-4.83653,-4.83653,0,6.83988
214.401,4.97749,4.97749,-4.97749,-4.97749,0,7.03923
214.434,4.98893,4.98893,-4.98893,-4.98893,0,7.05541
214.467,4.87054,4.87054,-4.87054,-4.87054,0,6.88798
214.5,4.62541,4.62541,-4.62541,-4.62541,0,6.54132
214.533,4.25992,4.25992,-4.25992,-4.25992,0,6.02444
214.566,3.78358,3.78358,-3.78358,-3.78358,0,5.35078
214.599,3.20877,3.20877,-3.20877,-3.20877,0,4.53789
214.632,2.55047,2.55047,-2.55047,-2.55047,0,3.60691
214.665,1.8258,1.8258,-1.8258,-1.8258,0,2.58208
214.698,1.05362,1.05362,-1.05362,-1.05362,0,1.49005
214.731,0.254023,0.254023,-0.254023,-0.254023,0,0.359242
214.764,-0.552187,-0.552187,0.552187,0.552187,0,-0.78091
214.797,-1.34403,-1.34403,1.34403,1.34403,0,-1.90074
214.83,-2.10089,-2.10089,2.10089,2.10089,0,-2.97111
214.863,-2.80309,-2.80309,2.80309,2.80309,0,-3.96417
214.896,-3.43234,-3.43234,3.43234,3.43234,0,-4.85406
214.929,-3.97228,-3.97228,3.97228,3.97228,0,-5.61765
214.962,-4.40885,-4.40885,4.40885,4.40885,0,-6.23505
214.995,-4.73069,-4.73069,4.73069,4.73069,0,-6.6902
215.028,-4.92942,-4.92942,4.92942,4.92942,0,-6.97126
215.061,-4.99989,-4.99989,4.99989,4.99989,0,-7.07091
215.094,-4.94024,-4.94024,4.94024,4.94024,0,-6.98656
215.127,-4.75204,-4.75204,4.75204,4.75204,0,-6.7204
215.16,-4.44018,-4.44018,4.44018,4.44018,0,-6.27936
215.193,-4.01278,-4.01278,4.01278,4.01278,0,-5.67492
215.226,-3.48095,-3.48095,3.48095,3.48095,0,-4.92281
215.259,-2.85855,-2.85855,2.85855,2.85855,0,-4.0426
215.292,-2.16175,-2.16175,2.16175,2.16175,0,-3.05718
215.325,-1.40871,-1.40871,1.40871,1.40871,0,-1.99221
215.358,-0.619004,-0.619004,0.619004,0.619004,0,-0.875404
215.391,0.186807,0.186807,-0.186807,-0.186807,0,0.264185
215.424,0.987758,0.987758,-0.987758,-0.987758,0,1.3969
215.457,1.763,1.763,-1.763,-1.763,0,2.49326
215.49,2.49237,2.49237,-2.49237,-2.49237,0,3.52475
215.523,3.15689,3.15689,-3.15689,-3.15689,0,4.46451
215.556,3.73925,3.73925,-3.73925,-3.73925,0,5.2881
215.589,4.22431,4.22431,-4.22431,-4.22431,0,5.97408
215.622,4.59944,4.59944,-4.59944,-4.59944,0,6.50459
215.655,4.85489,4.85489,-4.85489,-4.85489,0,6.86585
215.688,4.984,4.984,-4.984,-4.984,0,7.04844
215.721,4.98342,4.98342,-4.98342,-4.98342,0,7.04762
215.754,4.85315,4.85315,-4.85315,-4.85315,0,6.8634
215.787,4.5966,4.5966,-4.5966,-4.5966,0,6.50057
215.82,4.22043,4.22043,-4.22043,-4.22043,0,5.96859
215.853,3.73444,3.73444,-3.73444,-3.73444,0,5.2813
215.886,3.15127,3.15127,-3.15127,-3.15127,0,4.45657
215.919,2.4861,2.4861,-2.4861,-2.4861,0,3.51587
215.952,1.75623,1.75623,-1.75623,-1.75623,0,2.48369
215.985,0.980662,0.980662,-0.980662,-0.980662,0,1.38687
216.018,0.179575,0.179575,-0.179575,-0.179575,0,0.253958
216.051,-0.626185,-0.626185,0.626185,0.626185,0,-0.885559
216.084,-1.41565,-1.41565,1.41565,1.41565,0,-2.00203
216.117,-2.16828,-2.16828,2.16828,2.16828,0,-3.06641
216.15,-2.86448,-2.86448,2.86448,2.86448,0,-4.05099
216.183,-3.48614,-3.48614,3.48614,3.48614,0,-4.93015
216.216,-4.01709,-4.01709,4.01709,4.01709,0,-5.68102
216.249,-4.4435,-4.4435,4.4435,4.4435,0,-6.28406
216.282,-4.75429,-4.75429,4.75429,4.75429,0,-6.72358
216.315,-4.94135,-4.94135,4.94135,4.94135,0,-6.98813
216.348,-4.99983,-4.99983,4.99983,4.99983,0,-7.07083
216.381,-4.92821,-4.92821,4.92821,4.92821,0,-6.96954
216.414,-4.72834,-4.72834,4.72834,4.72834,0,-6.68688
216.447,-4.40543,-4.40543,4.40543,4.40543,0,-6.23022
216.48,-3.96788,-3.96788,3.96788,3.96788,0,-5.61143
216.513,-3.42708,-3.42708,3.42708,3.42708,0,-4.84662
216.546,-2.79709,-2.79709,2.79709,2.79709,0,-3.95569
216.579,-2.09432,-2.09432,2.09432,2.09432,0,-2.96182
216.612,-1.33705,-1.33705,1.33705,1.33705,0,-1.89088
216.645,-0.544993,-0.544993,0.544993,0.544993,0,-0.770737
216.678,0.26125,0.26125,-0.26125,-0.26125,0,0.369463
216.711,1.06069,1.06069,-1.06069,-1.06069,0,1.50005
216.744,1.83254,1.83254,-1.83254,-1.83254,0,2.5916
216.777,2.55669,2.55669,-2.55669,-2.55669,0,3.61571
216.81,3.21432,3.21432,-3.21432,-3.21432,0,4.54574
216.843,3.7883,3.7883,-3.7883,-3.7883,0,5.35747
216.876,4.2637,4.2637,-4.2637,-4.2637,0,6.02979
216.909,4.62816,4.62816,-4.62816,-4.62816,0,6.5452
216.942,4.87217,4.87217,-4.87217,-4.87217,0,6.89029
216.975,4.9894,4.9894,-4.9894,-4.9894,0,7.05608
217.008,4.9768,4.9768,-4.9768,-4.9768,0,7.03826
217.041,4.83469,4.83469,-4.83469,-4.83469,0,6.83728
217.074,4.56677,4.56677,-4.56677,-4.56677,0,6.45838
217.107,4.18001,4.18001,-4.18001,-4.18001,0,5.91143
217.14,3.68448,3.68448,-3.68448,-3.68448,0,5.21064
217.173,3.09307,3.09307,-3.09307,-3.09307,0,4.37426
217.206,2.42117,2.42117,-2.42117,-2.42117,0,3.42405
217.239,1.68627,1.68627,-1.68627,-1.68627,0,2.38474
217.272,0.907485,0.907485,-0.907485,-0.907485,0,1.28338
217.305,0.105088,0.105088,-0.105088,-0.105088,0,0.148617
217.338,-0.700044,-0.700044,0.700044,0.700044,0,-0.990012
217.371,-1.48696,-1.48696,1.48696,1.48696,0,-2.10288
217.404,-2.23518,-2.23518,2.23518,2.23518,0,-3.16102
217.437,-2.92524,-2.92524,2.92524,2.92524,0,-4.13691
217.47,-3.53917,-3.53917,3.53917,3.53917,0,-5.00515
217.503,-4.06101,-4.06101,4.06101,4.06101,0,-5.74314
217.536,-4.47717,-4.47717,4.47717,4.47717,0,-6.33168
217.569,-4.77683,-4.77683,4.77683,4.77683,0,-6.75546
217.602,-4.95218,-4.95218,4.95218,4.95218,0,-7.00344
217.635,-4.99867,-4.99867,4.99867,4.99867,0,-7.06918
217.668,-4.91508,-4.91508,4.91508,4.91508,0,-6.95097
217.701,-4.70359,-4.70359,4.70359,4.70359,0,-6.65187
217.734,-4.3697,-4.3697,4.3697,4.3697,0,-6.17968
217.767,-3.9221,-3.9221,3.9221,3.9221,0,-5.54668
217.8,-3.37244,-3.37244,3.37244,3.37244,0,-4.76934
217.833,-2.73502,-2.73502,2.73502,2.73502,0,-3.8679
217.866,-2.02643,-2.02643,2.02643,2.02643,0,-2.8658
217.899,-1.2651,-1.2651,1.2651,1.2651,0,-1.78913
217.932,-0.470862,-0.470862,0.470862,0.470862,0,-0.665899
217.965,0.335634,0.335634,-0.335634,-0.335634,0,0.474659
217.998,1.1334,1.1334,-1.1334,-1.1334,0,1.60286
218.031,1.90166,1.90166,-1.90166,-1.90166,0,2.68936
218.064,2.62045,2.62045,-2.62045,-2.62045,0,3.70587
218.097,3.27104,3.27104,-3.27104,-3.27104,0,4.62595
218.13,3.83651,3.83651,-3.83651,-3.83651,0,5.42565
218.163,4.30215,4.30215,-4.30215,-4.30215,0,6.08416
218.196,4.65584,4.65584,-4.65584,-4.65584,0,6.58435
218.229,4.88837,4.88837,-4.88837,-4.88837,0,6.9132
218.262,4.9937,4.9937,-4.9937,-4.9937,0,7.06216
218.295,4.96908,4.96908,-4.96908,-4.96908,0,7.02734
218.328,4.81515,4.81515,-4.81515,-4.81515,0,6.80965
218.361,4.53592,4.53592,-4.53592,-4.53592,0,6.41476
218.394,4.13866,4.13866,-4.13866,-4.13866,0,5.85294
218.427,3.6337,3.6337,-3.6337,-3.6337,0,5.13882
218.46,3.03418,3.03418,-3.03418,-3.03418,0,4.29098
218.493,2.3557,2.3557,-2.3557,-2.3557,0,3.33147
218.526,1.61593,1.61593,-1.61593,-1.61593,0,2.28527
218.559,0.834107,0.834107,-0.834107,-0.834107,0,1.17961
218.592,0.0305774,0.0305774,-0.0305774,-0.0305774,0,0.0432429
218.625,-0.773748,-0.773748,0.773748,0.773748,0,-1.09424
218.658,-1.55794,-1.55794,1.55794,1.55794,0,-2.20326
218.691,-2.30159,-2.30159,2.30159,2.30159,0,-3.25494
218.724,-2.98534,-2.98534,2.98534,2.98534,0,-4.22192
218.757,-3.59142,-3.59142,3.59142,3.59142,0,-5.07903
218.79,-4.10403,-4.10403,4.10403,4.10403,0,-5.80398
218.823,-4.50985,-4.50985,4.50985,4.50985,0,-6.37789
218.856,-4.79831,-4.79831,4.79831,4.79831,0,-6.78584
218.889,-4.96191,-4.96191,4.96191,4.96191,0,-7.01721
218.922,-4.99639,-4.99639,4.99639,4.99639,0,-7.06597
218.955,-4.90086,-4.90086,4.90086,4.90086,0,-6.93086
218.988,-4.67779,-4.67779,4.67779,4.67779,0,-6.61539
219.021,-4.33299,-4.33299,4.33299,4.33299,0,-6.12778
219.054,-3.87544,-3.87544,3.87544,3.87544,0,-5.48071
219.087,-3.31705,-3.31705,3.31705,3.31705,0,-4.69101
219.12,-2.67233,-2.67233,2.67233,2.67233,0,-3.77925
219.153,-1.95808,-1.95808,1.95808,1.95808,0,-2.76914
219.186,-1.19287,-1.19287,1.19287,1.19287,0,-1.68698
219.219,-0.396625,-0.396625,0.396625,0.396625,0,-0.560912
219.252,0.409944,0.409944,-0.409944,-0.409944,0,0.579749
219.285,1.20585,1.20585,-1.20585,-1.20585,0,1.70532
219.318,1.97037,1.97037,-1.97037,-1.97037,0,2.78652
219.351,2.68362,2.68362,-2.68362,-2.68362,0,3.79521
219.384,3.32703,3.32703,-3.32703,-3.32703,0,4.70514
219.417,3.88387,3.88387,-3.88387,-3.88387,0,5.49263
219.45,4.33965,4.33965,-4.33965,-4.33965,0,6.13719
219.483,4.68249,4.68249,-4.68249,-4.68249,0,6.62204
219.516,4.90349,4.90349,-4.90349,-4.90349,0,6.93458
219.549,4.99688,4.99688,-4.99688,-4.99688,0,7.06666
219.582,4.96025,4.96025,-4.96025,-4.96025,0,7.01485
219.615,4.79454,4.79454,-4.79454,-4.79454,0,6.7805
219.648,4.50406,4.50406,-4.50406,-4.50406,0,6.36971
219.681,4.09638,4.09638,-4.09638,-4.09638,0,5.79316
219.714,3.58211,3.58211,-3.58211,-3.58211,0,5.06586
219.747,2.97461,2.97461,-2.97461,-2.97461,0,4.20674
219.78,2.28972,2.28972,-2.28972,-2.28972,0,3.23815
219.813,1.54523,1.54523,-1.54523,-1.54523,0,2.18529
219.846,0.760543,0.760543,-0.760543,-0.760543,0,1.07557
219.879,-0.04394,-0.04394,0.04394,0.04394,0,-0.0621406
219.912,-0.84728,-0.84728,0.84728,0.84728,0,-1.19823
219.945,-1.62857,-1.62857,1.62857,1.62857,0,-2.30315
219.978,-2.36748,-2.36748,2.36748,2.36748,0,-3.34813
220.011,-3.04479,-3.04479,3.04479,3.04479,0,-4.30598
220.044,-3.64286,-3.64286,3.64286,3.64286,0,-5.15178
220.077,-4.14614,-4.14614,4.14614,4.14614,0,-5.86353
220.11,-4.54153,-4.54153,4.54153,4.54153,0,-6.42269
220.143,-4.81873,-4.81873,4.81873,4.81873,0,-6.81471
220.176,-4.97054,-4.97054,4.97054,4.97054,0,-7.02941
220.209,-4.99301,-4.99301,4.99301,4.99301,0,-7.06118
220.242,-4.88555,-4.88555,4.88555,4.88555,0,-6.90921
220.275,-4.65095,-4.65095,4.65095,4.65095,0,-6.57744
220.308,-4.29533,-4.29533,4.29533,4.29533,0,-6.07451
220.341,-3.82793,-3.82793,3.82793,3.82793,0,-5.41351
220.374,-3.26092,-3.26092,3.26092,3.26092,0,-4.61164
220.407,-2.60906,-2.60906,2.60906,2.60906,0,-3.68976
220.44,-1.8893,-1.8893,1.8893,1.8893,0,-2.67187
220.473,-1.12038,-1.12038,1.12038,1.12038,0,-1.58445
220.506,-0.3223,-0.3223,0.3223,0.3223,0,-0.455802
220.539,0.484163,0.484163,-0.484163,-0.484163,0,0.684711
220.572,1.27803,1.27803,-1.27803,-1.27803,0,1.8074
220.605,2.03864,2.03864,-2.03864,-2.03864,0,2.88307
220.638,2.74619,2.74619,-2.74619,-2.74619,0,3.8837
220.671,3.38229,3.38229,-3.38229,-3.38229,0,4.78328
220.704,3.93037,3.93037,-3.93037,-3.93037,0,5.55838
220.737,4.37617,4.37617,-4.37617,-4.37617,0,6.18885
220.77,4.7081,4.7081,-4.7081,-4.7081,0,6.65826
220.803,4.91751,4.91751,-4.91751,-4.91751,0,6.95441
220.836,4.99896,4.99896,-4.99896,-4.99896,0,7.0696
220.869,4.95032,4.95032,-4.95032,-4.95032,0,7.00081
220.902,4.77287,4.77287,-4.77287,-4.77287,0,6.74985
220.935,4.47121,4.47121,-4.47121,-4.47121,0,6.32324
220.968,4.0532,4.0532,-4.0532,-4.0532,0,5.73209
221.001,3.52972,3.52972,-3.52972,-3.52972,0,4.99178
221.034,2.91439,2.91439,-2.91439,-2.91439,0,4.12157
221.067,2.22322,2.22322,-2.22322,-2.22322,0,3.14411
221.1,1.4742,1.4742,-1.4742,-1.4742,0,2.08483
221.133,0.68681,0.68681,-0.68681,-0.68681,0,0.971296
221.166,-0.118448,-0.118448,0.118448,0.118448,0,-0.16751
221.199,-0.920623,-0.920623,0.920623,0.920623,0,-1.30196
221.232,-1.69884,-1.69884,1.69884,1.69884,0,-2.40253
221.265,-2.43285,-2.43285,2.43285,2.43285,0,-3.44057
221.298,-3.10356,-3.10356,3.10356,3.10356,0,-4.38909
221.331,-3.6935,-3.6935,3.6935,3.6935,0,-5.2234
221.364,-4.18733,-4.18733,4.18733,4.18733,0,-5.92177
221.397,-4.57219,-4.57219,4.57219,4.57219,0,-6.46606
221.43,-4.83808,-4.83808,4.83808,4.83808,0,-6.84208
221.463,-4.97807,-4.97807,4.97807,4.97807,0,-7.04005
221.496,-4.98852,-4.98852,4.98852,4.98852,0,-7.05483
221.529,-4.86915,-4.86915,4.86915,4.86915,0,-6.88602
221.562,-4.62308,-4.62308,4.62308,4.62308,0,-6.53803
221.595,-4.25671,-4.25671,4.25671,4.25671,0,-6.0199
221.628,-3.77957,-3.77957,3.77957,3.77957,0,-5.34512
221.661,-3.20407,-3.20407,3.20407,3.20407,0,-4.53124
221.694,-2.5452,-2.5452,2.5452,2.5452,0,-3.59946
221.727,-1.8201,-1.8201,1.8201,1.8201,0,-2.57401
221.76,-1.04763,-1.04763,1.04763,1.04763,0,-1.48158
221.793,-0.247904,-0.247904,0.247904,0.247904,0,-0.350589
221.826,0.558275,0.558275,-0.558275,-0.558275,0,0.78952
221.859,1.34993,1.34993,-1.34993,-1.34993,0,1.90908
221.892,2.10645,2.10645,-2.10645,-2.10645,0,2.97897
221.925,2.80816,2.80816,-2.80816,-2.80816,0,3.97134
221.958,3.43679,3.43679,-3.43679,-3.43679,0,4.86036
221.991,3.97599,3.97599,-3.97599,-3.97599,0,5.62291
222.024,4.41173,4.41173,-4.41173,-4.41173,0,6.23913
222.057,4.73267,4.73267,-4.73267,-4.73267,0,6.693
222.09,4.93045,4.93045,-4.93045,-4.93045,0,6.9727
222.123,4.99992,4.99992,-4.99992,-4.99992,0,7.07096
222.156,4.93929,4.93929,-4.93929,-4.93929,0,6.98522
222.189,4.75013,4.75013,-4.75013,-4.75013,0,6.7177
222.222,4.43736,4.43736,-4.43736,-4.43736,0,6.27538
222.255,4.00912,4.00912,-4.00912,-4.00912,0,5.66975
222.288,3.47655,3.47655,-3.47655,-3.47655,0,4.91659
222.321,2.85352,2.85352,-2.85352,-2.85352,0,4.03548
222.354,2.15623,2.15623,-2.15623,-2.15623,0,3.04937
222.387,1.40283,1.40283,-1.40283,-1.40283,0,1.9839
222.42,0.612925,0.612925,-0.612925,-0.612925,0,0.866807
222.453,-0.192929,-0.192929,0.192929,0.192929,0,-0.272843
222.486,-0.993762,-0.993762,0.993762,0.993762,0,-1.40539
222.519,-1.76874,-1.76874,1.76874,1.76874,0,-2.50137
222.552,-2.49768,-2.49768,2.49768,2.49768,0,-3.53226
222.585,-3.16163,-3.16163,3.16163,3.16163,0,-4.47123
222.618,-3.74331,-3.74331,3.74331,3.74331,0,-5.29385
222.651,-4.22758,-4.22758,4.22758,4.22758,0,-5.97871
222.684,-4.60184,-4.60184,4.60184,4.60184,0,-6.50799
222.717,-4.85635,-4.85635,4.85635,4.85635,0,-6.86792
222.75,-4.98449,-4.98449,4.98449,4.98449,0,-7.04913
222.783,-4.98291,-4.98291,4.98291,4.98291,0,-7.0469
222.816,-4.85168,-4.85168,4.85168,4.85168,0,-6.86131
222.849,-4.59419,-4.59419,4.59419,4.59419,0,-6.49716
222.882,-4.21715,-4.21715,4.21715,4.21715,0,-5.96394
222.915,-3.73036,-3.73036,3.73036,3.73036,0,-5.27553
222.948,-3.14651,-3.14651,3.14651,3.14651,0,-4.44984
222.981,-2.48078,-2.48078,2.48078,2.48078,0,-3.50835
223.014,-1.75049,-1.75049,1.75049,1.75049,0,-2.47557
223.047,-0.974654,-0.974654,0.974654,0.974654,0,-1.37837
223.08,-0.173453,-0.173453,0.173453,0.173453,0,-0.245299
223.113,0.632262,0.632262,-0.632262,-0.632262,0,0.894154
223.146,1.42152,1.42152,-1.42152,-1.42152,0,2.01034
223.179,2.1738,2.1738,-2.1738,-2.1738,0,3.07421
223.212,2.8695,2.8695,-2.8695,-2.8695,0,4.05809
223.245,3.49053,3.49053,-3.49053,-3.49053,0,4.93636
223.278,4.02074,4.02074,-4.02074,-4.02074,0,5.68618
223.311,4.44631,4.44631,-4.44631,-4.44631,0,6.28803
223.344,4.75618,4.75618,-4.75618,-4.75618,0,6.72625
223.377,4.94228,4.94228,-4.94228,-4.94228,0,6.98944
223.41,4.99978,4.99978,-4.99978,-4.99978,0,7.07076
223.443,4.92717,4.92717,-4.92717,-4.92717,0,6.96807
223.476,4.72634,4.72634,-4.72634,-4.72634,0,6.68406
223.509,4.40253,4.40253,-4.40253,-4.40253,0,6.22611
223.542,3.96415,3.96415,-3.96415,-3.96415,0,5.60615
223.575,3.42261,3.42261,-3.42261,-3.42261,0,4.8403
223.608,2.79201,2.79201,-2.79201,-2.79201,0,3.9485
223.641,2.08876,2.08876,-2.08876,-2.08876,0,2.95395
223.674,1.33115,1.33115,-1.33115,-1.33115,0,1.88253
223.707,0.538903,0.538903,-0.538903,-0.538903,0,0.762124
223.74,-0.267368,-0.267368,0.267368,0.267368,0,-0.378115
223.773,-1.06668,-1.06668,1.06668,1.06668,0,-1.50851
223.806,-1.83824,-1.83824,1.83824,1.83824,0,-2.59966
223.839,-2.56196,-2.56196,2.56196,2.56196,0,-3.62316
223.872,-3.21901,-3.21901,3.21901,3.21901,0,-4.55237
223.905,-3.7923,-3.7923,3.7923,3.7923,0,-5.36312
223.938,-4.2669,-4.2669,4.2669,4.2669,0,-6.03431
223.971,-4.63047,-4.63047,4.63047,4.63047,0,-6.54847
224.004,-4.87354,-4.87354,4.87354,4.87354,0,-6.89223
224.037,-4.9898,-4.9898,4.9898,4.9898,0,-7.05664
224.07,-4.97621,-4.97621,4.97621,4.97621,0,-7.03742
224.103,-4.83312,-4.83312,4.83312,4.83312,0,-6.83507
224.136,-4.56427,-4.56427,4.56427,4.56427,0,-6.45485
224.169,-4.17664,-4.17664,4.17664,4.17664,0,-5.90667
224.202,-3.68033,-3.68033,3.68033,3.68033,0,-5.20478
224.235,-3.08825,-3.08825,3.08825,3.08825,0,-4.36745
224.268,-2.41581,-2.41581,2.41581,2.41581,0,-3.41647
224.301,-1.6805,-1.6805,1.6805,1.6805,0,-2.37659
224.334,-0.90146,-0.90146,0.90146,0.90146,0,-1.27486
224.367,-0.098963,-0.098963,0.098963,0.098963,0,-0.139955
224.4,0.706109,0.706109,-0.706109,-0.706109,0,0.99859
224.433,1.49281,1.49281,-1.49281,-1.49281,0,2.11115
224.466,2.24066,2.24066,-2.24066,-2.24066,0,3.16877
224.499,2.9302,2.9302,-2.9302,-2.9302,0,4.14393
224.532,3.5435,3.5435,-3.5435,-3.5435,0,5.01126
224.565,4.06458,4.06458,-4.06458,-4.06458,0,5.74819
224.598,4.4799,4.4799,-4.4799,-4.4799,0,6.33553
224.631,4.77864,4.77864,-4.77864,-4.77864,0,6.75801
224.664,4.95302,4.95302,-4.95302,-4.95302,0,7.00463
224.697,4.99852,4.99852,-4.99852,-4.99852,0,7.06898
224.73,4.91395,4.91395,-4.91395,-4.91395,0,6.94937
224.763,4.7015,4.7015,-4.7015,-4.7015,0,6.64893
224.796,4.36671,4.36671,-4.36671,-4.36671,0,6.17547
224.829,3.91829,3.91829,-3.91829,-3.91829,0,5.5413
224.862,3.36791,3.36791,-3.36791,-3.36791,0,4.76294
224.895,2.72989,2.72989,-2.72989,-2.72989,0,3.86064
224.928,2.02082,2.02082,-2.02082,-2.02082,0,2.85788
224.961,1.25918,1.25918,-1.25918,-1.25918,0,1.78074
224.994,0.464762,0.464762,-0.464762,-0.464762,0,0.657273
225.027,-0.341747,-0.341747,0.341747,0.341747,0,-0.483303
225.06,-1.13936,-1.13936,1.13936,1.13936,0,-1.6113
225.093,-1.90733,-1.90733,1.90733,1.90733,0,-2.69737
225.126,-2.62566,-2.62566,2.62566,2.62566,0,-3.71325
225.159,-3.27567,-3.27567,3.27567,3.27567,0,-4.6325
225.192,-3.84044,-3.84044,3.84044,3.84044,0,-5.4312
225.225,-4.30527,-4.30527,4.30527,4.30527,0,-6.08857
225.258,-4.65807,-4.65807,4.65807,4.65807,0,-6.58751
225.291,-4.88966,-4.88966,4.88966,4.88966,0,-6.91502
225.324,-4.994,-4.994,4.994,4.994,0,-7.06258
225.357,-4.96839,-4.96839,4.96839,4.96839,0,-7.02637
225.39,-4.81349,-4.81349,4.81349,4.81349,0,-6.80731
225.423,-4.53334,-4.53334,4.53334,4.53334,0,-6.41111
225.456,-4.13522,-4.13522,4.13522,4.13522,0,-5.84808
225.489,-3.62948,-3.62948,3.62948,3.62948,0,-5.13287
225.522,-3.02931,-3.02931,3.02931,3.02931,0,-4.28409
225.555,-2.3503,-2.3503,2.3503,2.3503,0,-3.32383
225.588,-1.61013,-1.61013,1.61013,1.61013,0,-2.27707
225.621,-0.828066,-0.828066,0.828066,0.828066,0,-1.17106
225.654,-0.0244512,-0.0244512,0.0244512,0.0244512,0,-0.0345792
225.687,0.7798,0.7798,-0.7798,-0.7798,0,1.1028
225.72,1.56376,1.56376,-1.56376,-1.56376,0,2.21149
225.753,2.30702,2.30702,-2.30702,-2.30702,0,3.26263
225.786,2.99026,2.99026,-2.99026,-2.99026,0,4.22886
225.819,3.59568,3.59568,-3.59568,-3.59568,0,5.08505
225.852,4.10753,4.10753,-4.10753,-4.10753,0,5.80892
225.885,4.51249,4.51249,-4.51249,-4.51249,0,6.38163
225.918,4.80003,4.80003,-4.80003,-4.80003,0,6.78827
225.951,4.96266,4.96266,-4.96266,-4.96266,0,7.01827
225.984,4.99616,4.99616,-4.99616,-4.99616,0,7.06563
226.017,4.89964,4.89964,-4.89964,-4.89964,0,6.92914
226.05,4.67562,4.67562,-4.67562,-4.67562,0,6.61233
226.083,4.32993,4.32993,-4.32993,-4.32993,0,6.12345
226.116,3.87157,3.87157,-3.87157,-3.87157,0,5.47523
226.149,3.31246,3.31246,-3.31246,-3.31246,0,4.68453
226.182,2.66715,2.66715,-2.66715,-2.66715,0,3.77193
226.215,1.95244,1.95244,-1.95244,-1.95244,0,2.76117
226.248,1.18692,1.18692,-1.18692,-1.18692,0,1.67856
226.281,0.390518,0.390518,-0.390518,-0.390518,0,0.552275
226.314,-0.41605,-0.41605,0.41605,0.41605,0,-0.588383
226.347,-1.21179,-1.21179,1.21179,1.21179,0,-1.71373
226.38,-1.976,-1.976,1.976,1.976,0,-2.79448
226.413,-2.68879,-2.68879,2.68879,2.68879,0,-3.80252
226.446,-3.33161,-3.33161,3.33161,3.33161,0,-4.7116
226.479,-3.88773,-3.88773,3.88773,3.88773,0,-5.49808
226.512,-4.34269,-4.34269,4.34269,4.34269,0,-6.14148
226.545,-4.68464,-4.68464,4.68464,4.68464,0,-6.62508
226.578,-4.90468,-4.90468,4.90468,4.90468,0,-6.93627
226.611,-4.9971,-4.9971,4.9971,4.9971,0,-7.06696
226.644,-4.95948,-4.95948,4.95948,4.95948,0,-7.01376
226.677,-4.7928,-4.7928,4.7928,4.7928,0,-6.77804
226.71,-4.5014,-4.5014,4.5014,4.5014,0,-6.36594
226.743,-4.09287,-4.09287,4.09287,4.09287,0,-5.78819
226.776,-3.57783,-3.57783,3.57783,3.57783,0,-5.05982
226.809,-2.96969,-2.96969,2.96969,2.96969,0,-4.19977
226.842,-2.28427,-2.28427,2.28427,2.28427,0,-3.23044
226.875,-1.53941,-1.53941,1.53941,1.53941,0,-2.17705
226.908,-0.754487,-0.754487,0.754487,0.754487,0,-1.06701
226.941,0.050066,0.050066,-0.050066,-0.050066,0,0.070804
226.974,0.853317,0.853317,-0.853317,-0.853317,0,1.20677
227.007,1.63436,1.63436,-1.63436,-1.63436,0,2.31134
227.04,2.37288,2.37288,-2.37288,-2.37288,0,3.35576
227.073,3.04965,3.04965,-3.04965,-3.04965,0,4.31285
227.106,3.64706,3.64706,-3.64706,-3.64706,0,5.15772
227.139,4.14956,4.14956,-4.14956,-4.14956,0,5.86836
227.172,4.54408,4.54408,-4.54408,-4.54408,0,6.42631
227.205,4.82036,4.82036,-4.82036,-4.82036,0,6.81702
227.238,4.9712,4.9712,-4.9712,-4.9712,0,7.03034
227.271,4.99268,4.99268,-4.99268,-4.99268,0,7.06072
227.304,4.88424,4.88424,-4.88424,-4.88424,0,6.90736
227.337,4.6487,4.6487,-4.6487,-4.6487,0,6.57425
227.37,4.29219,4.29219,-4.29219,-4.29219,0,6.07007
227.403,3.82399,3.82399,-3.82399,-3.82399,0,5.40793
227.436,3.25628,3.25628,-3.25628,-3.25628,0,4.60507
227.469,2.60383,2.60383,-2.60383,-2.60383,0,3.68237
227.502,1.88363,1.88363,-1.88363,-1.88363,0,2.66385
227.535,1.11441,1.11441,-1.11441,-1.11441,0,1.57601
227.568,0.316187,0.316187,-0.316187,-0.316187,0,0.447155
227.601,-0.490261,-0.490261,0.490261,0.490261,0,-0.693333
227.634,-1.28395,-1.28395,1.28395,1.28395,0,-1.81578
227.667,-2.04423,-2.04423,2.04423,2.04423,0,-2.89098
227.7,-2.75131,-2.75131,2.75131,2.75131,0,-3.89094
227.733,-3.3868,-3.3868,3.3868,3.3868,0,-4.78966
227.766,-3.93415,-3.93415,3.93415,3.93415,0,-5.56373
227.799,-4.37913,-4.37913,4.37913,4.37913,0,-6.19303
227.832,-4.71016,-4.71016,4.71016,4.71016,0,-6.66117
227.865,-4.91862,-4.91862,4.91862,4.91862,0,-6.95597
227.898,-4.99908,-4.99908,4.99908,4.99908,0,-7.06977
227.931,-4.94946,-4.94946,4.94946,4.94946,0,-6.99959
227.964,-4.77104,-4.77104,4.77104,4.77104,0,-6.74726
227.997,-4.46846,-4.46846,4.46846,4.46846,0,-6.31936
228.03,-4.04961,-4.04961,4.04961,4.04961,0,-5.72702
228.063,-3.52538,-3.52538,3.52538,3.52538,0,-4.98564
228.096,-2.90941,-2.90941,2.90941,2.90941,0,-4.11453
228.129,-2.21773,-2.21773,2.21773,2.21773,0,-3.13634
228.162,-1.46834,-1.46834,1.46834,1.46834,0,-2.07655
228.195,-0.680741,-0.680741,0.680741,0.680741,0,-0.962714
228.228,0.124572,0.124572,-0.124572,-0.124572,0,0.176172
228.261,0.926644,0.926644,-0.926644,-0.926644,0,1.31047
228.294,1.7046,1.7046,-1.7046,-1.7046,0,2.41067
228.327,2.4382,2.4382,-2.4382,-2.4382,0,3.44814
228.36,3.10836,3.10836,-3.10836,-3.10836,0,4.39588
228.393,3.69762,3.69762,-3.69762,-3.69762,0,5.22923
228.426,4.19067,4.19067,-4.19067,-4.19067,0,5.9265
228.459,4.57467,4.57467,-4.57467,-4.57467,0,6.46956
228.492,4.83962,4.83962,-4.83962,-4.83962,0,6.84426
228.525,4.97864,4.97864,-4.97864,-4.97864,0,7.04086
228.558,4.9881,4.9881,-4.9881,-4.9881,0,7.05423
228.591,4.86776,4.86776,-4.86776,-4.86776,0,6.88405
228.624,4.62075,4.62075,-4.62075,-4.62075,0,6.53472
228.657,4.25349,4.25349,-4.25349,-4.25349,0,6.01535
228.69,3.77555,3.77555,-3.77555,-3.77555,0,5.33944
228.723,3.19937,3.19937,-3.19937,-3.19937,0,4.52459
228.756,2.53993,2.53993,-2.53993,-2.53993,0,3.592
228.789,1.81439,1.81439,-1.81439,-1.81439,0,2.56594
228.822,1.04164,1.04164,-1.04164,-1.04164,0,1.4731
228.855,0.241785,0.241785,-0.241785,-0.241785,0,0.341936
228.888,-0.564362,-0.564362,0.564362,0.564362,0,-0.798129
228.921,-1.35582,-1.35582,1.35582,1.35582,0,-1.91742
228.954,-2.112,-2.112,2.112,2.112,0,-2.98683
228.987,-2.81323,-2.81323,2.81323,2.81323,0,-3.9785
229.02,-3.44124,-3.44124,3.44124,3.44124,0,-4.86665
229.053,-3.97971,-3.97971,3.97971,3.97971,0,-5.62815
229.086,-4.41461,-4.41461,4.41461,4.41461,0,-6.2432
229.119,-4.73464,-4.73464,4.73464,4.73464,0,-6.69579
229.152,-4.93146,-4.93146,4.93146,4.93146,0,-6.97414
229.185,-4.99995,-4.99995,4.99995,4.99995,0,-7.071
229.218,-4.93834,-4.93834,4.93834,4.93834,0,-6.98386
229.251,-4.74822,-4.74822,4.74822,4.74822,0,-6.71499
229.284,-4.43453,-4.43453,4.43453,4.43453,0,-6.27138
229.317,-4.00546,-4.00546,4.00546,4.00546,0,-5.66457
229.35,-3.47215,-3.47215,3.47215,3.47215,0,-4.91036
229.383,-2.84849,-2.84849,2.84849,2.84849,0,-4.02837
229.416,-2.1507,-2.1507,2.1507,2.1507,0,-3.04155
229.449,-1.39695,-1.39695,1.39695,1.39695,0,-1.97558
229.482,-0.606844,-0.606844,0.606844,0.606844,0,-0.858207
229.515,0.199051,0.199051,-0.199051,-0.199051,0,0.2815
229.548,0.999766,0.999766,-0.999766,-0.999766,0,1.41388
229.581,1.77446,1.77446,-1.77446,-1.77446,0,2.50947
229.614,2.50299,2.50299,-2.50299,-2.50299,0,3.53976
229.647,3.16638,3.16638,-3.16638,-3.16638,0,4.47794
229.68,3.74737,3.74737,-3.74737,-3.74737,0,5.29958
229.713,4.23085,4.23085,-4.23085,-4.23085,0,5.98333
229.746,4.60423,4.60423,-4.60423,-4.60423,0,6.51137
229.779,4.8578,4.8578,-4.8578,-4.8578,0,6.86997
229.812,4.98496,4.98496,-4.98496,-4.98496,0,7.0498
229.845,4.9824,4.9824,-4.9824,-4.9824,0,7.04618
229.878,4.85019,4.85019,-4.85019,-4.85019,0,6.85921
229.911,4.59176,4.59176,-4.59176,-4.59176,0,6.49374
229.944,4.21385,4.21385,-4.21385,-4.21385,0,5.95928
229.977,3.72628,3.72628,-3.72628,-3.72628,0,5.26976
230.01,3.14175,3.14175,-3.14175,-3.14175,0,4.4431
230.043,2.47546,2.47546,-2.47546,-2.47546,0,3.50083
230.076,1.74475,1.74475,-1.74475,-1.74475,0,2.46745
230.109,0.968645,0.968645,-0.968645,-0.968645,0,1.36987
230.142,0.16733,0.16733,-0.16733,-0.16733,0,0.236641
230.175,-0.638339,-0.638339,0.638339,0.638339,0,-0.902748
230.208,-1.4274,-1.4274,1.4274,1.4274,0,-2.01864
230.241,-2.17931,-2.17931,2.17931,2.17931,0,-3.08201
230.274,-2.87451,-2.87451,2.87451,2.87451,0,-4.06518
230.307,-3.49492,-3.49492,3.49492,3.49492,0,-4.94256
230.34,-4.02437,-4.02437,4.02437,4.02437,0,-5.69132
230.373,-4.44911,-4.44911,4.44911,4.44911,0,-6.29199
230.406,-4.75807,-4.75807,4.75807,4.75807,0,-6.72892
230.439,-4.94321,-4.94321,4.94321,4.94321,0,-6.99075
230.472,-4.99972,-4.99972,4.99972,4.99972,0,-7.07067
230.505,-4.92612,-4.92612,4.92612,4.92612,0,-6.96659
230.538,-4.72434,-4.72434,4.72434,4.72434,0,-6.68123
230.571,-4.39962,-4.39962,4.39962,4.39962,0,-6.222
230.604,-3.96041,-3.96041,3.96041,3.96041,0,-5.60087
230.637,-3.41814,-3.41814,3.41814,3.41814,0,-4.83398
230.67,-2.78693,-2.78693,2.78693,2.78693,0,-3.94131
230.703,-2.08319,-2.08319,2.08319,2.08319,0,-2.94608
230.736,-1.32524,-1.32524,1.32524,1.32524,0,-1.87418
230.769,-0.532812,-0.532812,0.532812,0.532812,0,-0.75351
230.802,0.273485,0.273485,-0.273485,-0.273485,0,0.386766
230.835,1.07267,1.07267,-1.07267,-1.07267,0,1.51698
230.868,1.84393,1.84393,-1.84393,-1.84393,0,2.60771
230.901,2.56722,2.56722,-2.56722,-2.56722,0,3.63059
230.934,3.2237,3.2237,-3.2237,-3.2237,0,4.55899
230.967,3.79629,3.79629,-3.79629,-3.79629,0,5.36876
231,4.27009,4.27009,-4.27009,-4.27009,0,6.03882
231.033,4.63278,4.63278,-4.63278,-4.63278,0,6.55174
231.066,4.87491,4.87491,-4.87491,-4.87491,0,6.89416
231.099,4.99019,4.99019,-4.99019,-4.99019,0,7.05719
231.132,4.97561,4.97561,-4.97561,-4.97561,0,7.03657
231.165,4.83155,4.83155,-4.83155,-4.83155,0,6.83284
231.198,4.56176,4.56176,-4.56176,-4.56176,0,6.45131
231.231,4.17327,4.17327,-4.17327,-4.17327,0,5.9019
231.264,3.67618,3.67618,-3.67618,-3.67618,0,5.19891
231.297,3.08343,3.08343,-3.08343,-3.08343,0,4.36063
231.33,2.41044,2.41044,-2.41044,-2.41044,0,3.40888
231.363,1.67473,1.67473,-1.67473,-1.67473,0,2.36842
231.396,0.895434,0.895434,-0.895434,-0.895434,0,1.26633
231.429,0.0928379,0.0928379,-0.0928379,-0.0928379,0,0.131293
231.462,-0.712174,-0.712174,0.712174,0.712174,0,-1.00717
231.495,-1.49865,-1.49865,1.49865,1.49865,0,-2.11942
231.528,-2.24613,-2.24613,2.24613,2.24613,0,-3.17651
231.561,-2.93517,-2.93517,2.93517,2.93517,0,-4.15095
231.594,-3.54782,-3.54782,3.54782,3.54782,0,-5.01737
231.627,-4.06815,-4.06815,4.06815,4.06815,0,-5.75323
231.66,-4.48262,-4.48262,4.48262,4.48262,0,-6.33938
231.693,-4.78044,-4.78044,4.78044,4.78044,0,-6.76056
231.726,-4.95386,-4.95386,4.95386,4.95386,0,-7.00581
231.759,-4.99837,-4.99837,4.99837,4.99837,0,-7.06876
231.792,-4.91281,-4.91281,4.91281,4.91281,0,-6.94777
231.825,-4.69942,-4.69942,4.69942,4.69942,0,-6.64598
231.858,-4.36373,-4.36373,4.36373,4.36373,0,-6.17124
231.891,-3.91449,-3.91449,3.91449,3.91449,0,-5.53592
231.924,-3.36338,-3.36338,3.36338,3.36338,0,-4.75654
231.957,-2.72475,-2.72475,2.72475,2.72475,0,-3.85338
231.99,-2.01522,-2.01522,2.01522,2.01522,0,-2.84995
232.023,-1.25325,-1.25325,1.25325,1.25325,0,-1.77236
232.056,-0.458662,-0.458662,0.458662,0.458662,0,-0.648646
232.089,0.347858,0.347858,-0.347858,-0.347858,0,0.491946
232.122,1.14533,1.14533,-1.14533,-1.14533,0,1.61974
232.155,1.91299,1.91299,-1.91299,-1.91299,0,2.70538
232.188,2.63088,2.63088,-2.63088,-2.63088,0,3.72062
232.221,3.2803,3.2803,-3.2803,-3.2803,0,4.63904
232.254,3.84436,3.84436,-3.84436,-3.84436,0,5.43675
232.287,4.30838,4.30838,-4.30838,-4.30838,0,6.09297
232.32,4.66029,4.66029,-4.66029,-4.66029,0,6.59065
232.353,4.89093,4.89093,-4.89093,-4.89093,0,6.91682
232.386,4.9943,4.9943,-4.9943,-4.9943,0,7.063
232.419,4.9677,4.9677,-4.9677,-4.9677,0,7.02539
232.452,4.81183,4.81183,-4.81183,-4.81183,0,6.80496
232.485,4.53075,4.53075,-4.53075,-4.53075,0,6.40745
232.518,4.13177,4.13177,-4.13177,-4.13177,0,5.8432
232.551,3.62527,3.62527,-3.62527,-3.62527,0,5.1269
232.584,3.02443,3.02443,-3.02443,-3.02443,0,4.27719
232.617,2.34489,2.34489,-2.34489,-2.34489,0,3.31618
232.65,1.60433,1.60433,-1.60433,-1.60433,0,2.26887
232.683,0.822024,0.822024,-0.822024,-0.822024,0,1.16252
232.716,0.018325,0.018325,-0.018325,-0.018325,0,0.0259155
232.749,-0.78585,-0.78585,0.78585,0.78585,0,-1.11136
232.782,-1.56958,-1.56958,1.56958,1.56958,0,-2.21972
232.815,-2.31246,-2.31246,2.31246,2.31246,0,-3.27031
232.848,-2.99516,-2.99516,2.99516,2.99516,0,-4.2358
232.881,-3.59993,-3.59993,3.59993,3.59993,0,-5.09107
232.914,-4.11102,-4.11102,4.11102,4.11102,0,-5.81386
232.947,-4.51513,-4.51513,4.51513,4.51513,0,-6.38536
232.98,-4.80174,-4.80174,4.80174,4.80174,0,-6.79069
233.013,-4.96341,-4.96341,4.96341,4.96341,0,-7.01932
233.046,-4.99591,-4.99591,4.99591,4.99591,0,-7.06529
233.079,-4.89841,-4.89841,4.89841,4.89841,0,-6.9274
233.112,-4.67345,-4.67345,4.67345,4.67345,0,-6.60925
233.145,-4.32687,-4.32687,4.32687,4.32687,0,-6.11911
233.178,-3.86769,-3.86769,3.86769,3.86769,0,-5.46974
233.211,-3.30787,-3.30787,3.30787,3.30787,0,-4.67803
233.244,-2.66197,-2.66197,2.66197,2.66197,0,-3.76459
233.277,-1.9468,-1.9468,1.9468,1.9468,0,-2.75319
233.31,-1.18097,-1.18097,1.18097,1.18097,0,-1.67015
233.343,-0.38441,-0.38441,0.38441,0.38441,0,-0.543638
233.376,0.422154,0.422154,-0.422154,-0.422154,0,0.597017
233.409,1.21773,1.21773,-1.21773,-1.21773,0,1.72214
233.442,1.98162,1.98162,-1.98162,-1.98162,0,2.80244
233.475,2.69395,2.69395,-2.69395,-2.69395,0,3.80982
233.508,3.33617,3.33617,-3.33617,-3.33617,0,4.71806
233.541,3.89158,3.89158,-3.89158,-3.89158,0,5.50352
233.574,4.34572,4.34572,-4.34572,-4.34572,0,6.14577
233.607,4.68677,4.68677,-4.68677,-4.68677,0,6.6281
233.64,4.90587,4.90587,-4.90587,-4.90587,0,6.93794
233.673,4.9973,4.9973,-4.9973,-4.9973,0,7.06725
233.706,4.95869,4.95869,-4.95869,-4.95869,0,7.01265
233.739,4.79105,4.79105,-4.79105,-4.79105,0,6.77557
233.772,4.49873,4.49873,-4.49873,-4.49873,0,6.36217
233.805,4.08935,4.08935,-4.08935,-4.08935,0,5.78321
233.838,3.57355,3.57355,-3.57355,-3.57355,0,5.05376
233.871,2.96476,2.96476,-2.96476,-2.96476,0,4.1928
233.904,2.27882,2.27882,-2.27882,-2.27882,0,3.22273
233.937,1.53358,1.53358,-1.53358,-1.53358,0,2.16881
233.97,0.748431,0.748431,-0.748431,-0.748431,0,1.05844
234.003,-0.0561919,-0.0561919,0.0561919,0.0561919,0,-0.0794674
234.036,-0.859352,-0.859352,0.859352,0.859352,0,-1.21531
234.069,-1.64015,-1.64015,1.64015,1.64015,0,-2.31952
234.102,-2.37827,-2.37827,2.37827,2.37827,0,-3.36338
234.135,-3.0545,-3.0545,3.0545,3.0545,0,-4.31971
234.168,-3.65124,-3.65124,3.65124,3.65124,0,-5.16364
234.201,-4.15298,-4.15298,4.15298,4.15298,0,-5.87319
234.234,-4.54664,-4.54664,4.54664,4.54664,0,-6.42992
234.267,-4.82199,-4.82199,4.82199,4.82199,0,-6.81932
234.3,-4.97186,-4.97186,4.97186,4.97186,0,-7.03127
234.333,-4.99235,-4.99235,4.99235,4.99235,0,-7.06024
234.366,-4.88293,-4.88293,4.88293,4.88293,0,-6.9055
234.399,-4.64644,-4.64644,4.64644,4.64644,0,-6.57106
234.432,-4.28904,-4.28904,4.28904,4.28904,0,-6.06562
234.465,-3.82004,-3.82004,3.82004,3.82004,0,-5.40235
234.498,-3.25162,-3.25162,3.25162,3.25162,0,-4.59849
234.531,-2.5986,-2.5986,2.5986,2.5986,0,-3.67497
234.564,-1.87795,-1.87795,1.87795,1.87795,0,-2.65582
234.597,-1.10843,-1.10843,1.10843,1.10843,0,-1.56756
234.63,-0.310072,-0.310072,0.310072,0.310072,0,-0.438509
234.663,0.496357,0.496357,-0.496357,-0.496357,0,0.701955
234.696,1.28987,1.28987,-1.28987,-1.28987,0,1.82415
234.729,2.04982,2.04982,-2.04982,-2.04982,0,2.89888
234.762,2.75642,2.75642,-2.75642,-2.75642,0,3.89817
234.795,3.3913,3.3913,-3.3913,-3.3913,0,4.79603
234.828,3.93793,3.93793,-3.93793,-3.93793,0,5.56908
234.861,4.38209,4.38209,-4.38209,-4.38209,0,6.19721
234.894,4.71221,4.71221,-4.71221,-4.71221,0,6.66407
234.927,4.91971,4.91971,-4.91971,-4.91971,0,6.95753
234.96,4.99919,4.99919,-4.99919,-4.99919,0,7.06993
234.993,4.94858,4.94858,-4.94858,-4.94858,0,6.99835
235.026,4.7692,4.7692,-4.7692,-4.7692,0,6.74467
235.059,4.46571,4.46571,-4.46571,-4.46571,0,6.31547
235.092,4.04602,4.04602,-4.04602,-4.04602,0,5.72193
235.125,3.52103,3.52103,-3.52103,-3.52103,0,4.97949
235.158,2.90443,2.90443,-2.90443,-2.90443,0,4.10748
235.191,2.21224,2.21224,-2.21224,-2.21224,0,3.12858
235.224,1.46248,1.46248,-1.46248,-1.46248,0,2.06826
235.257,0.674672,0.674672,-0.674672,-0.674672,0,0.95413
235.29,-0.130696,-0.130696,0.130696,0.130696,0,-0.184833
235.323,-0.932664,-0.932664,0.932664,0.932664,0,-1.31899
235.356,-1.71036,-1.71036,1.71036,1.71036,0,-2.41882
235.389,-2.44355,-2.44355,2.44355,2.44355,0,-3.4557
235.422,-3.11315,-3.11315,3.11315,3.11315,0,-4.40266
235.455,-3.70175,-3.70175,3.70175,3.70175,0,-5.23506
235.488,-4.19401,-4.19401,4.19401,4.19401,0,-5.93123
235.521,-4.57714,-4.57714,4.57714,4.57714,0,-6.47305
235.554,-4.84116,-4.84116,4.84116,4.84116,0,-6.84643
235.587,-4.9792,-4.9792,4.9792,4.9792,0,-7.04165
235.62,-4.98767,-4.98767,4.98767,4.98767,0,-7.05363
235.653,-4.86635,-4.86635,4.86635,4.86635,0,-6.88206
235.686,-4.6184,-4.6184,4.6184,4.6184,0,-6.53141
235.719,-4.25027,-4.25027,4.25027,4.25027,0,-6.01079
235.752,-3.77154,-3.77154,3.77154,3.77154,0,-5.33376
235.785,-3.19466,-3.19466,3.19466,3.19466,0,-4.51793
235.818,-2.53465,-2.53465,2.53465,2.53465,0,-3.58453
235.851,-1.80868,-1.80868,1.80868,1.80868,0,-2.55786
235.884,-1.03565,-1.03565,1.03565,1.03565,0,-1.46463
235.917,-0.235666,-0.235666,0.235666,0.235666,0,-0.333282
235.95,0.570449,0.570449,-0.570449,-0.570449,0,0.806737
235.983,1.36172,1.36172,-1.36172,-1.36172,0,1.92576
236.016,2.11756,2.11756,-2.11756,-2.11756,0,2.99468
236.049,2.81829,2.81829,-2.81829,-2.81829,0,3.98566
236.082,3.44568,3.44568,-3.44568,-3.44568,0,4.87293
236.115,3.98341,3.98341,-3.98341,-3.98341,0,5.6334
236.148,4.41748,4.41748,-4.41748,-4.41748,0,6.24727
236.181,4.7366,4.7366,-4.7366,-4.7366,0,6.69857
236.214,4.93247,4.93247,-4.93247,-4.93247,0,6.97556
236.247,4.99998,4.99998,-4.99998,-4.99998,0,7.07103
236.28,4.93738,4.93738,-4.93738,-4.93738,0,6.9825
236.313,4.74629,4.74629,-4.74629,-4.74629,0,6.71227
236.346,4.4317,4.4317,-4.4317,-4.4317,0,6.26737
236.379,4.00179,4.00179,-4.00179,-4.00179,0,5.65938
236.412,3.46774,3.46774,-3.46774,-3.46774,0,4.90412
236.445,2.84345,2.84345,-2.84345,-2.84345,0,4.02124
236.478,2.14517,2.14517,-2.14517,-2.14517,0,3.03372
236.511,1.39106,1.39106,-1.39106,-1.39106,0,1.96726
236.544,0.600763,0.600763,-0.600763,-0.600763,0,0.849607
236.577,-0.205172,-0.205172,0.205172,0.205172,0,-0.290157
236.61,-1.00577,-1.00577,1.00577,1.00577,0,-1.42237
236.643,-1.78019,-1.78019,1.78019,1.78019,0,-2.51757
236.676,-2.50829,-2.50829,2.50829,2.50829,0,-3.54726
236.709,-3.17112,-3.17112,3.17112,3.17112,0,-4.48464
236.742,-3.75143,-3.75143,3.75143,3.75143,0,-5.30532
236.775,-4.23411,-4.23411,4.23411,4.23411,0,-5.98794
236.808,-4.60662,-4.60662,4.60662,4.60662,0,-6.51474
236.841,-4.85925,-4.85925,4.85925,4.85925,0,-6.87202
236.874,-4.98544,-4.98544,4.98544,4.98544,0,-7.05047
236.907,-4.98189,-4.98189,4.98189,4.98189,0,-7.04545
236.94,-4.8487,-4.8487,4.8487,4.8487,0,-6.8571
236.973,-4.58934,-4.58934,4.58934,4.58934,0,-6.4903
237.006,-4.21055,-4.21055,4.21055,4.21055,0,-5.95462
237.039,-3.7222,-3.7222,3.7222,3.7222,0,-5.26398
237.072,-3.13698,-3.13698,3.13698,3.13698,0,-4.43636
237.105,-2.47014,-2.47014,2.47014,2.47014,0,-3.4933
237.138,-1.73901,-1.73901,1.73901,1.73901,0,-2.45933
237.171,-0.962634,-0.962634,0.962634,0.962634,0,-1.36137
237.204,-0.161207,-0.161207,0.161207,0.161207,0,-0.227981
237.237,0.644415,0.644415,-0.644415,-0.644415,0,0.91134
237.27,1.43327,1.43327,-1.43327,-1.43327,0,2.02695
237.303,2.18482,2.18482,-2.18482,-2.18482,0,3.08981
237.336,2.87953,2.87953,-2.87953,-2.87953,0,4.07226
237.369,3.4993,3.4993,-3.4993,-3.4993,0,4.94875
237.402,4.02801,4.02801,-4.02801,-4.02801,0,5.69646
237.435,4.4519,4.4519,-4.4519,-4.4519,0,6.29594
237.468,4.75994,4.75994,-4.75994,-4.75994,0,6.73158
237.501,4.94413,4.94413,-4.94413,-4.94413,0,6.99205
237.534,4.99965,4.99965,-4.99965,-4.99965,0,7.07057
237.567,4.92507,4.92507,-4.92507,-4.92507,0,6.9651
237.6,4.72233,4.72233,-4.72233,-4.72233,0,6.67838
237.633,4.39671,4.39671,-4.39671,-4.39671,0,6.21788
237.666,3.95667,3.95667,-3.95667,-3.95667,0,5.59557
237.699,3.41367,3.41367,-3.41367,-3.41367,0,4.82766
237.732,2.78184,2.78184,-2.78184,-2.78184,0,3.93412
237.765,2.07762,2.07762,-2.07762,-2.07762,0,2.9382
237.798,1.31934,1.31934,-1.31934,-1.31934,0,1.86582
237.831,0.526721,0.526721,-0.526721,-0.526721,0,0.744895
237.864,-0.279602,-0.279602,0.279602,0.279602,0,-0.395416
237.897,-1.07865,-1.07865,1.07865,1.07865,0,-1.52544
237.93,-1.84963,-1.84963,1.84963,1.84963,0,-2.61577
237.963,-2.57247,-2.57247,2.57247,2.57247,0,-3.63802
237.996,-3.22838,-3.22838,3.22838,3.22838,0,-4.56561
238.029,-3.80027,-3.80027,3.80027,3.80027,0,-5.3744
238.062,-4.27328,-4.27328,4.27328,4.27328,0,-6.04332
238.095,-4.63508,-4.63508,4.63508,4.63508,0,-6.55499
238.128,-4.87627,-4.87627,4.87627,4.87627,0,-6.89608
238.161,-4.99057,-4.99057,4.99057,4.99057,0,-7.05773
238.194,-4.975,-4.975,4.975,4.975,0,-7.03571
238.227,-4.82997,-4.82997,4.82997,4.82997,0,-6.83061
238.26,-4.55925,-4.55925,4.55925,4.55925,0,-6.44776
238.293,-4.1699,-4.1699,4.1699,4.1699,0,-5.89712
238.326,-3.67203,-3.67203,3.67203,3.67203,0,-5.19303
238.359,-3.07861,-3.07861,3.07861,3.07861,0,-4.35381
238.392,-2.40507,-2.40507,2.40507,2.40507,0,-3.40129
238.425,-1.66895,-1.66895,1.66895,1.66895,0,-2.36026
238.458,-0.889406,-0.889406,0.889406,0.889406,0,-1.25781
238.491,-0.0867126,-0.0867126,0.0867126,0.0867126,0,-0.12263
238.524,0.718237,0.718237,-0.718237,-0.718237,0,1.01574
238.557,1.5045,1.5045,-1.5045,-1.5045,0,2.12768
238.59,2.25161,2.25161,-2.25161,-2.25161,0,3.18425
238.623,2.94012,2.94012,-2.94012,-2.94012,0,4.15796
238.656,3.55213,3.55213,-3.55213,-3.55213,0,5.02347
238.689,4.07171,4.07171,-4.07171,-4.07171,0,5.75826
238.722,4.48533,4.48533,-4.48533,-4.48533,0,6.34321
238.755,4.78223,4.78223,-4.78223,-4.78223,0,6.76309
238.788,4.95469,4.95469,-4.95469,-4.95469,0,7.00698
238.821,4.99821,4.99821,-4.99821,-4.99821,0,7.06854
238.854,4.91167,4.91167,-4.91167,-4.91167,0,6.94615
238.887,4.69732,4.69732,-4.69732,-4.69732,0,6.64301
238.92,4.36073,4.36073,-4.36073,-4.36073,0,6.16701
238.953,3.91067,3.91067,-3.91067,-3.91067,0,5.53052
238.986,3.35884,3.35884,-3.35884,-3.35884,0,4.75012
239.019,2.71961,2.71961,-2.71961,-2.71961,0,3.84611
239.052,2.00961,2.00961,-2.00961,-2.00961,0,2.84202
239.085,1.24732,1.24732,-1.24732,-1.24732,0,1.76397
239.118,0.452561,0.452561,-0.452561,-0.452561,0,0.640018
239.151,-0.353969,-0.353969,0.353969,0.353969,0,-0.500588
239.184,-1.15129,-1.15129,1.15129,1.15129,0,-1.62817
239.217,-1.91865,-1.91865,1.91865,1.91865,0,-2.71338
239.25,-2.63608,-2.63608,2.63608,2.63608,0,-3.72798
239.283,-3.28492,-3.28492,3.28492,3.28492,0,-4.64558
239.316,-3.84827,-3.84827,3.84827,3.84827,0,-5.44228
239.349,-4.31149,-4.31149,4.31149,4.31149,0,-6.09737
239.382,-4.66251,-4.66251,4.66251,4.66251,0,-6.59378
239.415,-4.8922,-4.8922,4.8922,4.8922,0,-6.91862
239.448,-4.99459,-4.99459,4.99459,4.99459,0,-7.06341
239.481,-4.967,-4.967,4.967,4.967,0,-7.0244
239.514,-4.81016,-4.81016,4.81016,4.81016,0,-6.8026
239.547,-4.52816,-4.52816,4.52816,4.52816,0,-6.40378
239.58,-4.12832,-4.12832,4.12832,4.12832,0,-5.83832
239.613,-3.62105,-3.62105,3.62105,3.62105,0,-5.12093
239.646,-3.01955,-3.01955,3.01955,3.01955,0,-4.27029
239.679,-2.33948,-2.33948,2.33948,2.33948,0,-3.30852
239.712,-1.59853,-1.59853,1.59853,1.59853,0,-2.26066
239.745,-0.81598,-0.81598,0.81598,0.81598,0,-1.15397
239.778,-0.0121988,-0.0121988,0.0121988,0.0121988,0,-0.0172517
239.811,0.7919,0.7919,-0.7919,-0.7919,0,1.11992
239.844,1.57539,1.57539,-1.57539,-1.57539,0,2.22794
239.877,2.31789,2.31789,-2.31789,-2.31789,0,3.27799
239.91,3.00007,3.00007,-3.00007,-3.00007,0,4.24274
239.943,3.60418,3.60418,-3.60418,-3.60418,0,5.09708
239.976,4.1145,4.1145,-4.1145,-4.1145,0,5.81878
240.009,4.51776,4.51776,-4.51776,-4.51776,0,6.38907
240.042,4.80345,4.80345,-4.80345,-4.80345,0,6.7931
240.075,4.96414,4.96414,-4.96414,-4.96414,0,7.02036
240.108,4.99566,4.99566,-4.99566,-4.99566,0,7.06493
240.141,4.89718,4.89718,-4.89718,-4.89718,0,6.92566
240.174,4.67127,4.67127,-4.67127,-4.67127,0,6.60617
240.207,4.32379,4.32379,-4.32379,-4.32379,0,6.11477
240.24,3.86381,3.86381,-3.86381,-3.86381,0,5.46425
240.273,3.30327,3.30327,-3.30327,-3.30327,0,4.67153
240.306,2.65678,2.65678,-2.65678,-2.65678,0,3.75726
240.339,1.94116,1.94116,-1.94116,-1.94116,0,2.74521
240.372,1.17502,1.17502,-1.17502,-1.17502,0,1.66173
240.405,0.378302,0.378302,-0.378302,-0.378302,0,0.534999
240.438,-0.428259,-0.428259,0.428259,0.428259,0,-0.605649
240.471,-1.22367,-1.22367,1.22367,1.22367,0,-1.73054
240.504,-1.98725,-1.98725,1.98725,1.98725,0,-2.81039
240.537,-2.69911,-2.69911,2.69911,2.69911,0,-3.81712
240.57,-3.34073,-3.34073,3.34073,3.34073,0,-4.72451
240.603,-3.89542,-3.89542,3.89542,3.89542,0,-5.50896
240.636,-4.34875,-4.34875,4.34875,4.34875,0,-6.15005
240.669,-4.6889,-4.6889,4.6889,4.6889,0,-6.63111
240.702,-4.90705,-4.90705,4.90705,4.90705,0,-6.93961
240.735,-4.9975,-4.9975,4.9975,4.9975,0,-7.06753
240.768,-4.9579,-4.9579,4.9579,4.9579,0,-7.01153
240.801,-4.78929,-4.78929,4.78929,4.78929,0,-6.77308
240.834,-4.49605,-4.49605,4.49605,4.49605,0,-6.35838
240.867,-4.08582,-4.08582,4.08582,4.08582,0,-5.77822
240.9,-3.56926,-3.56926,3.56926,3.56926,0,-5.0477
240.933,-2.95982,-2.95982,2.95982,2.95982,0,-4.18582
240.966,-2.27336,-2.27336,2.27336,2.27336,0,-3.21502
240.999,-1.52775,-1.52775,1.52775,1.52775,0,-2.16056
241.032,-0.742373,-0.742373,0.742373,0.742373,0,-1.04987
241.065,0.0623177,0.0623177,-0.0623177,-0.0623177,0,0.0881306
241.098,0.865387,0.865387,-0.865387,-0.865387,0,1.22384
241.131,1.64594,1.64594,-1.64594,-1.64594,0,2.32771
241.164,2.38366,2.38366,-2.38366,-2.38366,0,3.371
241.197,3.05935,3.05935,-3.05935,-3.05935,0,4.32657
241.23,3.65543,3.65543,-3.65543,-3.65543,0,5.16955
241.263,4.15638,4.15638,-4.15638,-4.15638,0,5.87801
241.296,4.54918,4.54918,-4.54918,-4.54918,0,6.43352
241.329,4.8236,4.8236,-4.8236,-4.8236,0,6.8216
241.362,4.9725,4.9725,-4.9725,-4.9725,0,7.03218
241.395,4.992,4.992,-4.992,-4.992,0,7.05976
241.428,4.8816,4.8816,-4.8816,-4.8816,0,6.90363
241.461,4.64417,4.64417,-4.64417,-4.64417,0,6.56785
241.494,4.28589,4.28589,-4.28589,-4.28589,0,6.06117
241.527,3.81608,3.81608,-3.81608,-3.81608,0,5.39675
241.56,3.24697,3.24697,-3.24697,-3.24697,0,4.59191
241.593,2.59336,2.59336,-2.59336,-2.59336,0,3.66757
241.626,1.87227,1.87227,-1.87227,-1.87227,0,2.64779
241.659,1.10246,1.10246,-1.10246,-1.10246,0,1.55911
241.692,0.303958,0.303958,-0.303958,-0.303958,0,0.429861
241.725,-0.502453,-0.502453,0.502453,0.502453,0,-0.710575
241.758,-1.29579,-1.29579,1.29579,1.29579,0,-1.83252
241.791,-2.0554,-2.0554,2.0554,2.0554,0,-2.90678
241.824,-2.76153,-2.76153,2.76153,2.76153,0,-3.9054
241.857,-3.3958,-3.3958,3.3958,3.3958,0,-4.80239
241.89,-3.9417,-3.9417,3.9417,3.9417,0,-5.57441
241.923,-4.38504,-4.38504,4.38504,4.38504,0,-6.20138
241.956,-4.71426,-4.71426,4.71426,4.71426,0,-6.66697
241.989,-4.9208,-4.9208,4.9208,4.9208,0,-6.95907
242.022,-4.9993,-4.9993,4.9993,4.9993,0,-7.07008
242.055,-4.9477,-4.9477,4.9477,4.9477,0,-6.99711
242.088,-4.76736,-4.76736,4.76736,4.76736,0,-6.74206
242.121,-4.46295,-4.46295,4.46295,4.46295,0,-6.31157
242.154,-4.04241,-4.04241,4.04241,4.04241,0,-5.71684
242.187,-3.51668,-3.51668,3.51668,3.51668,0,-4.97334
242.22,-2.89944,-2.89944,2.89944,2.89944,0,-4.10042
242.253,-2.20674,-2.20674,2.20674,2.20674,0,-3.12081
242.286,-1.45662,-1.45662,1.45662,1.45662,0,-2.05998
242.319,-0.668601,-0.668601,0.668601,0.668601,0,-0.945545
242.352,0.13682,0.13682,-0.13682,-0.13682,0,0.193493
242.385,0.938682,0.938682,-0.938682,-0.938682,0,1.3275
242.418,1.71612,1.71612,-1.71612,-1.71612,0,2.42695
242.451,2.44889,2.44889,-2.44889,-2.44889,0,3.46326
242.484,3.11795,3.11795,-3.11795,-3.11795,0,4.40944
242.517,3.70586,3.70586,-3.70586,-3.70586,0,5.24088
242.55,4.19734,4.19734,-4.19734,-4.19734,0,5.93594
242.583,4.5796,4.5796,-4.5796,-4.5796,0,6.47653
242.616,4.84268,4.84268,-4.84268,-4.84268,0,6.84859
242.649,4.97975,4.97975,-4.97975,-4.97975,0,7.04243
242.682,4.98724,4.98724,-4.98724,-4.98724,0,7.05302
242.715,4.86494,4.86494,-4.86494,-4.86494,0,6.88007
242.748,4.61605,4.61605,-4.61605,-4.61605,0,6.52808
242.781,4.24704,4.24704,-4.24704,-4.24704,0,6.00622
242.814,3.76751,3.76751,-3.76751,-3.76751,0,5.32806
242.847,3.18994,3.18994,-3.18994,-3.18994,0,4.51126
242.88,2.52937,2.52937,-2.52937,-2.52937,0,3.57706
242.913,1.80297,1.80297,-1.80297,-1.80297,0,2.54978
242.946,1.02965,1.02965,-1.02965,-1.02965,0,1.45615
242.979,0.229546,0.229546,-0.229546,-0.229546,0,0.324628
243.012,-0.576535,-0.576535,0.576535,0.576535,0,-0.815344
243.045,-1.36761,-1.36761,1.36761,1.36761,0,-1.9341
243.078,-2.1231,-2.1231,2.1231,2.1231,0,-3.00252
243.111,-2.82335,-2.82335,2.82335,2.82335,0,-3.99281
243.144,-3.45012,-3.45012,3.45012,3.45012,0,-4.8792
243.177,-3.98711,-3.98711,3.98711,3.98711,0,-5.63863
243.21,-4.42035,-4.42035,4.42035,4.42035,0,-6.25132
243.243,-4.73856,-4.73856,4.73856,4.73856,0,-6.70134
243.276,-4.93347,-4.93347,4.93347,4.93347,0,-6.97698
243.309,-4.99999,-4.99999,4.99999,4.99999,0,-7.07106
243.342,-4.93641,-4.93641,4.93641,4.93641,0,-6.98113
243.375,-4.74436,-4.74436,4.74436,4.74436,0,-6.70954
243.408,-4.42886,-4.42886,4.42886,4.42886,0,-6.26336
243.441,-3.99811,-3.99811,3.99811,3.99811,0,-5.65418
243.474,-3.46332,-3.46332,3.46332,3.46332,0,-4.89787
243.507,-2.83841,-2.83841,2.83841,2.83841,0,-4.01411
243.54,-2.13963,-2.13963,2.13963,2.13963,0,-3.0259
243.573,-1.38518,-1.38518,1.38518,1.38518,0,-1.95894
243.606,-0.594681,-0.594681,0.594681,0.594681,0,-0.841005
243.639,0.211293,0.211293,-0.211293,-0.211293,0,0.298813
243.672,1.01177,1.01177,-1.01177,-1.01177,0,1.43086
243.705,1.78591,1.78591,-1.78591,-1.78591,0,2.52566
243.738,2.51359,2.51359,-2.51359,-2.51359,0,3.55475
243.771,3.17585,3.17585,-3.17585,-3.17585,0,4.49133
243.804,3.75547,3.75547,-3.75547,-3.75547,0,5.31104
243.837,4.23737,4.23737,-4.23737,-4.23737,0,5.99254
243.87,4.609,4.609,-4.609,-4.609,0,6.51811
243.903,4.86069,4.86069,-4.86069,-4.86069,0,6.87406
243.936,4.9859,4.9859,-4.9859,-4.9859,0,7.05113
243.969,4.98136,4.98136,-4.98136,-4.98136,0,7.04471
244.002,4.8472,4.8472,-4.8472,-4.8472,0,6.85498
244.035,4.5869,4.5869,-4.5869,-4.5869,0,6.48686
244.068,4.20724,4.20724,-4.20724,-4.20724,0,5.94994
244.101,3.7181,3.7181,-3.7181,-3.7181,0,5.25819
244.134,3.13221,3.13221,-3.13221,-3.13221,0,4.42961
244.167,2.46481,2.46481,-2.46481,-2.46481,0,3.48576
244.2,1.73327,1.73327,-1.73327,-1.73327,0,2.45121
244.233,0.956622,0.956622,-0.956622,-0.956622,0,1.35287
244.266,0.155084,0.155084,-0.155084,-0.155084,0,0.219322
244.299,-0.650489,-0.650489,0.650489,0.650489,0,-0.919931
244.332,-1.43914,-1.43914,1.43914,1.43914,0,-2.03524
244.365,-2.19033,-2.19033,2.19033,2.19033,0,-3.0976
244.398,-2.88453,-2.88453,2.88453,2.88453,0,-4.07934
244.431,-3.50367,-3.50367,3.50367,3.50367,0,-4.95494
244.464,-4.03163,-4.03163,4.03163,4.03163,0,-5.70159
244.497,-4.45469,-4.45469,4.45469,4.45469,0,-6.29988
244.53,-4.76182,-4.76182,4.76182,4.76182,0,-6.73423
244.563,-4.94503,-4.94503,4.94503,4.94503,0,-6.99334
244.596,-4.99957,-4.99957,4.99957,4.99957,0,-7.07046
244.629,-4.92401,-4.92401,4.92401,4.92401,0,-6.9636
244.662,-4.72031,-4.72031,4.72031,4.72031,0,-6.67553
244.695,-4.39378,-4.39378,4.39378,4.39378,0,-6.21375
244.728,-3.95292,-3.95292,3.95292,3.95292,0,-5.59027
244.761,-3.40919,-3.40919,3.40919,3.40919,0,-4.82132
244.794,-2.77675,-2.77675,2.77675,2.77675,0,-3.92691
244.827,-2.07205,-2.07205,2.07205,2.07205,0,-2.93032
244.86,-1.31343,-1.31343,1.31343,1.31343,0,-1.85747
244.893,-0.520628,-0.520628,0.520628,0.520628,0,-0.736279
244.926,0.285718,0.285718,-0.285718,-0.285718,0,0.404066
244.959,1.08463,1.08463,-1.08463,-1.08463,0,1.5339
244.992,1.85532,1.85532,-1.85532,-1.85532,0,2.62381
245.025,2.57772,2.57772,-2.57772,-2.57772,0,3.64545
245.058,3.23305,3.23305,-3.23305,-3.23305,0,4.57223
245.091,3.80425,3.80425,-3.80425,-3.80425,0,5.38002
245.124,4.27645,4.27645,-4.27645,-4.27645,0,6.04782
245.157,4.63737,4.63737,-4.63737,-4.63737,0,6.55824
245.19,4.87762,4.87762,-4.87762,-4.87762,0,6.89799
245.223,4.99094,4.99094,-4.99094,-4.99094,0,7.05825
245.256,4.97438,4.97438,-4.97438,-4.97438,0,7.03484
245.289,4.82838,4.82838,-4.82838,-4.82838,0,6.82836
245.322,4.55673,4.55673,-4.55673,-4.55673,0,6.4442
245.355,4.16651,4.16651,-4.16651,-4.16651,0,5.89234
245.388,3.66787,3.66787,-3.66787,-3.66787,0,5.18715
245.421,3.07378,3.07378,-3.07378,-3.07378,0,4.34698
245.454,2.3997,2.3997,-2.3997,-2.3997,0,3.39369
245.487,1.66318,1.66318,-1.66318,-1.66318,0,2.35209
245.52,0.883377,0.883377,-0.883377,-0.883377,0,1.24928
245.553,0.0805872,0.0805872,-0.0805872,-0.0805872,0,0.113968
245.586,-0.724299,-0.724299,0.724299,0.724299,0,-1.02431
245.619,-1.51034,-1.51034,1.51034,1.51034,0,-2.13594
245.652,-2.25707,-2.25707,2.25707,2.25707,0,-3.19198
245.685,-2.94508,-2.94508,2.94508,2.94508,0,-4.16497
245.718,-3.55644,-3.55644,3.55644,3.55644,0,-5.02957
245.751,-4.07526,-4.07526,4.07526,4.07526,0,-5.76329
245.784,-4.48803,-4.48803,4.48803,4.48803,0,-6.34703
245.817,-4.78401,-4.78401,4.78401,4.78401,0,-6.76562
245.85,-4.9555,-4.9555,4.9555,4.9555,0,-7.00814
245.883,-4.99804,-4.99804,4.99804,4.99804,0,-7.0683
245.916,-4.91052,-4.91052,4.91052,4.91052,0,-6.94453
245.949,-4.69522,-4.69522,4.69522,4.69522,0,-6.64004
245.982,-4.35773,-4.35773,4.35773,4.35773,0,-6.16277
246.015,-3.90685,-3.90685,3.90685,3.90685,0,-5.52512
246.048,-3.3543,-3.3543,3.3543,3.3543,0,-4.7437
246.081,-2.71447,-2.71447,2.71447,2.71447,0,-3.83884
246.114,-2.004,-2.004,2.004,2.004,0,-2.83408
246.147,-1.24138,-1.24138,1.24138,1.24138,0,-1.75558
246.18,-0.44646,-0.44646,0.44646,0.44646,0,-0.63139
246.213,0.36008,0.36008,-0.36008,-0.36008,0,0.50923
246.246,1.15725,1.15725,-1.15725,-1.15725,0,1.6366
246.279,1.92431,1.92431,-1.92431,-1.92431,0,2.72138
246.312,2.64129,2.64129,-2.64129,-2.64129,0,3.73534
246.345,3.28954,3.28954,-3.28954,-3.28954,0,4.65211
246.378,3.85218,3.85218,-3.85218,-3.85218,0,5.44781
246.411,4.31459,4.31459,-4.31459,-4.31459,0,6.10175
246.444,4.66472,4.66472,-4.66472,-4.66472,0,6.59691
246.477,4.89346,4.89346,-4.89346,-4.89346,0,6.9204
246.51,4.99487,4.99487,-4.99487,-4.99487,0,7.06381
246.543,4.9663,4.9663,-4.9663,-4.9663,0,7.0234
246.576,4.80849,4.80849,-4.80849,-4.80849,0,6.80023
246.609,4.52556,4.52556,-4.52556,-4.52556,0,6.4001
246.642,4.12486,4.12486,-4.12486,-4.12486,0,5.83343
246.675,3.61682,3.61682,-3.61682,-3.61682,0,5.11495
246.708,3.01466,3.01466,-3.01466,-3.01466,0,4.26338
246.741,2.33406,2.33406,-2.33406,-2.33406,0,3.30086
246.774,1.59272,1.59272,-1.59272,-1.59272,0,2.25245
246.807,0.809935,0.809935,-0.809935,-0.809935,0,1.14542
246.84,0.00607255,0.00607255,-0.00607255,-0.00607255,0,0.00858789
246.873,-0.797948,-0.797948,0.797948,0.797948,0,-1.12847
246.906,-1.5812,-1.5812,1.5812,1.5812,0,-2.23616
246.939,-2.32331,-2.32331,2.32331,2.32331,0,-3.28566
246.972,-3.00497,-3.00497,3.00497,3.00497,0,-4.24966
247.005,-3.60842,-3.60842,3.60842,3.60842,0,-5.10308
247.038,-4.11798,-4.11798,4.11798,4.11798,0,-5.8237
247.071,-4.52038,-4.52038,4.52038,4.52038,0,-6.39278
247.104,-4.80515,-4.80515,4.80515,4.80515,0,-6.7955
247.137,-4.96487,-4.96487,4.96487,4.96487,0,-7.02139
247.17,-4.9954,-4.9954,4.9954,4.9954,0,-7.06457
247.203,-4.89594,-4.89594,4.89594,4.89594,0,-6.92391
247.236,-4.66908,-4.66908,4.66908,4.66908,0,-6.60307
247.269,-4.32071,-4.32071,4.32071,4.32071,0,-6.11041
247.302,-3.85991,-3.85991,3.85991,3.85991,0,-5.45874
247.335,-3.29867,-3.29867,3.29867,3.29867,0,-4.66503
247.368,-2.65159,-2.65159,2.65159,2.65159,0,-3.74992
247.401,-1.93551,-1.93551,1.93551,1.93551,0,-2.73722
247.434,-1.16906,-1.16906,1.16906,1.16906,0,-1.6533
247.467,-0.372193,-0.372193,0.372193,0.372193,0,-0.52636
247.5,0.434362,0.434362,-0.434362,-0.434362,0,0.614281
247.533,1.22961,1.22961,-1.22961,-1.22961,0,1.73894
247.566,1.99287,1.99287,-1.99287,-1.99287,0,2.81834
247.599,2.70426,2.70426,-2.70426,-2.70426,0,3.82441
247.632,3.34529,3.34529,-3.34529,-3.34529,0,4.73095
247.665,3.89926,3.89926,-3.89926,-3.89926,0,5.51439
247.698,4.35177,4.35177,-4.35177,-4.35177,0,6.15433
247.731,4.69103,4.69103,-4.69103,-4.69103,0,6.63412
247.764,4.90822,4.90822,-4.90822,-4.90822,0,6.94127
247.797,4.99769,4.99769,-4.99769,-4.99769,0,7.0678
247.83,4.95711,4.95711,-4.95711,-4.95711,0,7.01041
247.863,4.78753,4.78753,-4.78753,-4.78753,0,6.77059
247.896,4.49337,4.49337,-4.49337,-4.49337,0,6.35459
247.929,4.08228,4.08228,-4.08228,-4.08228,0,5.77322
247.962,3.56497,3.56497,-3.56497,-3.56497,0,5.04162
247.995,2.95488,2.95488,-2.95488,-2.95488,0,4.17883
248.028,2.2679,2.2679,-2.2679,-2.2679,0,3.2073
248.061,1.52191,1.52191,-1.52191,-1.52191,0,2.15231
248.094,0.736314,0.736314,-0.736314,-0.736314,0,1.04131
248.127,-0.0684435,-0.0684435,0.0684435,0.0684435,0,-0.0967937
248.16,-0.87142,-0.87142,0.87142,0.87142,0,-1.23237
248.193,-1.65172,-1.65172,1.65172,1.65172,0,-2.33589
248.226,-2.38904,-2.38904,2.38904,2.38904,0,-3.37861
248.259,-3.06419,-3.06419,3.06419,3.06419,0,-4.33342
248.292,-3.6596,-3.6596,3.6596,3.6596,0,-5.17546
248.325,-4.15979,-4.15979,4.15979,4.15979,0,-5.88283
248.358,-4.55172,-4.55172,4.55172,4.55172,0,-6.43711
248.391,-4.82521,-4.82521,4.82521,4.82521,0,-6.82388
248.424,-4.97314,-4.97314,4.97314,4.97314,0,-7.03308
248.457,-4.99165,-4.99165,4.99165,4.99165,0,-7.05926
248.49,-4.88028,-4.88028,4.88028,4.88028,0,-6.90175
248.523,-4.6419,-4.6419,4.6419,4.6419,0,-6.56464
248.556,-4.28273,-4.28273,4.28273,4.28273,0,-6.0567
248.589,-3.81212,-3.81212,3.81212,3.81212,0,-5.39115
248.622,-3.24231,-3.24231,3.24231,3.24231,0,-4.58532
248.655,-2.58812,-2.58812,2.58812,2.58812,0,-3.66016
248.688,-1.86659,-1.86659,1.86659,1.86659,0,-2.63975
248.721,-1.09648,-1.09648,1.09648,1.09648,0,-1.55066
248.754,-0.297843,-0.297843,0.297843,0.297843,0,-0.421213
248.787,0.508547,0.508547,-0.508547,-0.508547,0,0.719195
248.82,1.3017,1.3017,-1.3017,-1.3017,0,1.84089
248.853,2.06099,2.06099,-2.06099,-2.06099,0,2.91468
248.886,2.76664,2.76664,-2.76664,-2.76664,0,3.91262
248.919,3.4003,3.4003,-3.4003,-3.4003,0,4.80875
248.952,3.94547,3.94547,-3.94547,-3.94547,0,5.57974
248.985,4.38798,4.38798,-4.38798,-4.38798,0,6.20553
249.018,4.7163,4.7163,-4.7163,-4.7163,0,6.66985
249.051,4.92189,4.92189,-4.92189,-4.92189,0,6.9606
249.084,4.9994,4.9994,-4.9994,-4.9994,0,7.07022
249.117,4.94682,4.94682,-4.94682,-4.94682,0,6.99585
249.15,4.76551,4.76551,-4.76551,-4.76551,0,6.73944
249.183,4.46019,4.46019,-4.46019,-4.46019,0,6.30766
249.216,4.0388,4.0388,-4.0388,-4.0388,0,5.71173
249.249,3.51232,3.51232,-3.51232,-3.51232,0,4.96718
249.282,2.89444,2.89444,-2.89444,-2.89444,0,4.09336
249.315,2.20124,2.20124,-2.20124,-2.20124,0,3.11303
249.348,1.45076,1.45076,-1.45076,-1.45076,0,2.05169
249.381,0.662529,0.662529,-0.662529,-0.662529,0,0.936958
249.414,-0.142944,-0.142944,0.142944,0.142944,0,-0.202154
249.447,-0.944698,-0.944698,0.944698,0.944698,0,-1.336
249.48,-1.72187,-1.72187,1.72187,1.72187,0,-2.43509
249.513,-2.45423,-2.45423,2.45423,2.45423,0,-3.47081
249.546,-3.12273,-3.12273,3.12273,3.12273,0,-4.41621
249.579,-3.70997,-3.70997,3.70997,3.70997,0,-5.24669
249.612,-4.20067,-4.20067,4.20067,4.20067,0,-5.94064
249.645,-4.58205,-4.58205,4.58205,4.58205,0,-6.48
249.678,-4.84421,-4.84421,4.84421,4.84421,0,-6.85074
249.711,-4.9803,-4.9803,4.9803,4.9803,0,-7.04321
249.744,-4.9868,-4.9868,4.9868,4.9868,0,-7.05239
249.777,-4.86352,-4.86352,4.86352,4.86352,0,-6.87806
249.81,-4.61369,-4.61369,4.61369,4.61369,0,-6.52475
249.843,-4.2438,-4.2438,4.2438,4.2438,0,-6.00164
249.876,-3.76348,-3.76348,3.76348,3.76348,0,-5.32236
249.909,-3.18522,-3.18522,3.18522,3.18522,0,-4.50459
249.942,-2.52408,-2.52408,2.52408,2.52408,0,-3.56959
249.975,-1.79725,-1.79725,1.79725,1.79725,0,-2.5417
250.008,-1.02366,-1.02366,1.02366,1.02366,0,-1.44767
250.041,-0.223426,-0.223426,0.223426,0.223426,0,-0.315973
250.074,0.58262,0.58262,-0.58262,-0.58262,0,0.823949
250.107,1.37351,1.37351,-1.37351,-1.37351,0,1.94243
250.14,2.12865,2.12865,-2.12865,-2.12865,0,3.01036
250.173,2.8284,2.8284,-2.8284,-2.8284,0,3.99996
250.206,3.45455,3.45455,-3.45455,-3.45455,0,4.88547
250.239,3.99081,3.99081,-3.99081,-3.99081,0,5.64385
250.272,4.42321,4.42321,-4.42321,-4.42321,0,6.25536
250.305,4.74051,4.74051,-4.74051,-4.74051,0,6.7041
250.338,4.93446,4.93446,-4.93446,-4.93446,0,6.97838
250.371,5,5,-5,-5,0,7.07107
250.404,4.93543,4.93543,-4.93543,-4.93543,0,6.97975
250.437,4.74243,4.74243,-4.74243,-4.74243,0,6.7068
250.47,4.42601,4.42601,-4.42601,-4.42601,0,6.25933
250.503,3.99443,3.99443,-3.99443,-3.99443,0,5.64898
250.536,3.4589,3.4589,-3.4589,-3.4589,0,4.89162
250.569,2.83336,2.83336,-2.83336,-2.83336,0,4.00698
250.602,2.13409,2.13409,-2.13409,-2.13409,0,3.01806
250.635,1.37929,1.37929,-1.37929,-1.37929,0,1.95061
250.668,0.588597,0.588597,-0.588597,-0.588597,0,0.832402
250.701,-0.217413,-0.217413,0.217413,0.217413,0,-0.307469
250.734,-1.01777,-1.01777,1.01777,1.01777,0,-1.43934
250.767,-1.79164,-1.79164,1.79164,1.79164,0,-2.53375
250.8,-2.51888,-2.51888,2.51888,2.51888,0,-3.56224
250.833,-3.18058,-3.18058,3.18058,3.18058,0,-4.49802
250.866,-3.75951,-3.75951,3.75951,3.75951,0,-5.31676
250.899,-4.24062,-4.24062,4.24062,4.24062,0,-5.99714
250.932,-4.61137,-4.61137,4.61137,4.61137,0,-6.52146
250.965,-4.86212,-4.86212,4.86212,4.86212,0,-6.87608
250.998,-4.98636,-4.98636,4.98636,4.98636,0,-7.05177
251.031,-4.98083,-4.98083,4.98083,4.98083,0,-7.04396
251.064,-4.84569,-4.84569,4.84569,4.84569,0,-6.85284
251.097,-4.58446,-4.58446,4.58446,4.58446,0,-6.48341
251.13,-4.20393,-4.20393,4.20393,4.20393,0,-5.94525
251.163,-3.714,-3.714,3.714,3.714,0,-5.25239
251.196,-3.12743,-3.12743,3.12743,3.12743,0,-4.42285
251.229,-2.45947,-2.45947,2.45947,2.45947,0,-3.47822
251.262,-1.72752,-1.72752,1.72752,1.72752,0,-2.44308
251.295,-0.950608,-0.950608,0.950608,0.950608,0,-1.34436
251.328,-0.148961,-0.148961,0.148961,0.148961,0,-0.210662
251.361,0.656563,0.656563,-0.656563,-0.656563,0,0.92852
251.394,1.445,1.445,-1.445,-1.445,0,2.04354
251.427,2.19584,2.19584,-2.19584,-2.19584,0,3.10538
251.46,2.88953,2.88953,-2.88953,-2.88953,0,4.08642
251.493,3.50804,3.50804,-3.50804,-3.50804,0,4.96111
251.526,4.03525,4.03525,-4.03525,-4.03525,0,5.70671
251.559,4.45746,4.45746,-4.45746,-4.45746,0,6.30381
251.592,4.76368,4.76368,-4.76368,-4.76368,0,6.73686
251.625,4.94594,4.94594,-4.94594,-4.94594,0,6.99461
251.658,4.99949,4.99949,-4.99949,-4.99949,0,7.07034
251.691,4.92294,4.92294,-4.92294,-4.92294,0,6.96209
251.724,4.71829,4.71829,-4.71829,-4.71829,0,6.67267
251.757,4.39086,4.39086,-4.39086,-4.39086,0,6.20961
251.79,3.94917,3.94917,-3.94917,-3.94917,0,5.58496
251.823,3.40471,3.40471,-3.40471,-3.40471,0,4.81498
251.856,2.77165,2.77165,-2.77165,-2.77165,0,3.91971
251.889,2.06647,2.06647,-2.06647,-2.06647,0,2.92243
251.922,1.30751,1.30751,-1.30751,-1.30751,0,1.8491
251.955,0.514535,0.514535,-0.514535,-0.514535,0,0.727662
251.988,-0.291834,-0.291834,0.291834,0.291834,0,-0.412716
252.021,-1.09061,-1.09061,1.09061,1.09061,0,-1.54235
252.054,-1.861,-1.861,1.861,1.861,0,-2.63186
252.087,-2.58297,-2.58297,2.58297,2.58297,0,-3.65287
252.12,-3.23772,-3.23772,3.23772,3.23772,0,-4.57883
252.153,-3.80822,-3.80822,3.80822,3.80822,0,-5.38564
252.186,-4.27962,-4.27962,4.27962,4.27962,0,-6.0523
252.219,-4.63966,-4.63966,4.63966,4.63966,0,-6.56147
252.252,-4.87896,-4.87896,4.87896,4.87896,0,-6.89989
252.285,-4.9913,-4.9913,4.9913,4.9913,0,-7.05877
252.318,-4.97376,-4.97376,4.97376,4.97376,0,-7.03396
252.351,-4.82679,-4.82679,4.82679,4.82679,0,-6.82611
252.384,-4.55421,-4.55421,4.55421,4.55421,0,-6.44062
252.417,-4.16312,-4.16312,4.16312,4.16312,0,-5.88754
252.45,-3.6637,-3.6637,3.6637,3.6637,0,-5.18126
252.483,-3.06894,-3.06894,3.06894,3.06894,0,-4.34014
252.516,-2.39432,-2.39432,2.39432,2.39432,0,-3.38609
252.549,-1.6574,-1.6574,1.6574,1.6574,0,-2.34392
252.582,-0.877346,-0.877346,0.877346,0.877346,0,-1.24075
252.615,-0.0744617,-0.0744617,0.0744617,0.0744617,0,-0.105305
252.648,0.73036,0.73036,-0.73036,-0.73036,0,1.03289
252.681,1.51618,1.51618,-1.51618,-1.51618,0,2.1442
252.714,2.26254,2.26254,-2.26254,-2.26254,0,3.19971
252.747,2.95002,2.95002,-2.95002,-2.95002,0,4.17196
252.78,3.56074,3.56074,-3.56074,-3.56074,0,5.03565
252.813,4.07881,4.07881,-4.07881,-4.07881,0,5.7683
252.846,4.49073,4.49073,-4.49073,-4.49073,0,6.35085
252.879,4.78579,4.78579,-4.78579,-4.78579,0,6.76813
252.912,4.95632,4.95632,-4.95632,-4.95632,0,7.00929
252.945,4.99787,4.99787,-4.99787,-4.99787,0,7.06805
252.978,4.90936,4.90936,-4.90936,-4.90936,0,6.94289
253.011,4.69311,4.69311,-4.69311,-4.69311,0,6.63706
253.044,4.35473,4.35473,-4.35473,-4.35473,0,6.15851
253.077,3.90302,3.90302,-3.90302,-3.90302,0,5.51971
253.11,3.34976,3.34976,-3.34976,-3.34976,0,4.73727
253.143,2.70932,2.70932,-2.70932,-2.70932,0,3.83156
253.176,1.99839,1.99839,-1.99839,-1.99839,0,2.82614
253.209,1.23545,1.23545,-1.23545,-1.23545,0,1.74719
253.242,0.440358,0.440358,-0.440358,-0.440358,0,0.62276
253.275,-0.36619,-0.36619,0.36619,0.36619,0,-0.517871
253.308,-1.16321,-1.16321,1.16321,1.16321,0,-1.64503
253.341,-1.92996,-1.92996,1.92996,1.92996,0,-2.72937
253.374,-2.64649,-2.64649,2.64649,2.64649,0,-3.7427
253.407,-3.29415,-3.29415,3.29415,3.29415,0,-4.65863
253.44,-3.85609,-3.85609,3.85609,3.85609,0,-5.45333
253.473,-4.31768,-4.31768,4.31768,4.31768,0,-6.10612
253.506,-4.66692,-4.66692,4.66692,4.66692,0,-6.60002
253.539,-4.89472,-4.89472,4.89472,4.89472,0,-6.92217
253.572,-4.99514,-4.99514,4.99514,4.99514,0,-7.0642
253.605,-4.96558,-4.96558,4.96558,4.96558,0,-7.02239
253.638,-4.80681,-4.80681,4.80681,4.80681,0,-6.79785
253.671,-4.52295,-4.52295,4.52295,4.52295,0,-6.39641
253.704,-4.12139,-4.12139,4.12139,4.12139,0,-5.82853
253.737,-3.61259,-3.61259,3.61259,3.61259,0,-5.10897
253.77,-3.00977,-3.00977,3.00977,3.00977,0,-4.25646
253.803,-2.32864,-2.32864,2.32864,2.32864,0,-3.2932
253.836,-1.58691,-1.58691,1.58691,1.58691,0,-2.24423
253.869,-0.803889,-0.803889,0.803889,0.803889,0,-1.13687
253.902,5.36965e-05,5.36965e-05,-5.36965e-05,-5.36965e-05,0,7.59383e-05
253.935,0.803995,0.803995,-0.803995,-0.803995,0,1.13702
253.968,1.58702,1.58702,-1.58702,-1.58702,0,2.24438
254.001,2.32874,2.32874,-2.32874,-2.32874,0,3.29333
254.034,3.00986,3.00986,-3.00986,-3.00986,0,4.25659
254.067,3.61266,3.61266,-3.61266,-3.61266,0,5.10907
254.1,4.12145,4.12145,-4.12145,-4.12145,0,5.82861
254.133,4.52299,4.52299,-4.52299,-4.52299,0,6.39648
254.166,4.80684,4.80684,-4.80684,-4.80684,0,6.79789
254.199,4.96559,4.96559,-4.96559,-4.96559,0,7.02241
254.232,4.99514,4.99514,-4.99514,-4.99514,0,7.06419
254.265,4.89469,4.89469,-4.89469,-4.89469,0,6.92214
254.298,4.66688,4.66688,-4.66688,-4.66688,0,6.59997
254.331,4.31763,4.31763,-4.31763,-4.31763,0,6.10605
254.364,3.85602,3.85602,-3.85602,-3.85602,0,5.45323
254.397,3.29407,3.29407,-3.29407,-3.29407,0,4.65851
254.43,2.6464,2.6464,-2.6464,-2.6464,0,3.74257
254.463,1.92986,1.92986,-1.92986,-1.92986,0,2.72923
254.496,1.1631,1.1631,-1.1631,-1.1631,0,1.64488
254.529,0.366083,0.366083,-0.366083,-0.366083,0,0.51772
254.562,-0.440465,-0.440465,0.440465,0.440465,0,-0.622911
254.595,-1.23555,-1.23555,1.23555,1.23555,0,-1.74733
254.628,-1.99848,-1.99848,1.99848,1.99848,0,-2.82628
254.661,-2.70941,-2.70941,2.70941,2.70941,0,-3.83169
254.694,-3.34984,-3.34984,3.34984,3.34984,0,-4.73739
254.727,-3.90309,-3.90309,3.90309,3.90309,0,-5.51981
254.76,-4.35478,-4.35478,4.35478,4.35478,0,-6.15859
254.793,-4.69314,-4.69314,4.69314,4.69314,0,-6.63711
254.826,-4.90938,-4.90938,4.90938,4.90938,0,-6.94292
254.859,-4.99787,-4.99787,4.99787,4.99787,0,-7.06806
254.892,-4.9563,-4.9563,4.9563,4.9563,0,-7.00927
254.925,-4.78576,-4.78576,4.78576,4.78576,0,-6.76809
254.958,-4.49068,-4.49068,4.49068,4.49068,0,-6.35078
254.991,-4.07874,-4.07874,4.07874,4.07874,0,-5.76821
255.024,-3.56067,-3.56067,3.56067,3.56067,0,-5.03555
255.057,-2.94994,-2.94994,2.94994,2.94994,0,-4.17184
255.09,-2.26244,-2.26244,2.26244,2.26244,0,-3.19958
255.123,-1.51607,-1.51607,1.51607,1.51607,0,-2.14405
255.156,-0.730254,-0.730254,0.730254,0.730254,0,-1.03274
255.189,0.0745691,0.0745691,-0.0745691,-0.0745691,0,0.105457
255.222,0.877452,0.877452,-0.877452,-0.877452,0,1.2409
255.255,1.6575,1.6575,-1.6575,-1.6575,0,2.34406
255.288,2.39442,2.39442,-2.39442,-2.39442,0,3.38622
255.321,3.06903,3.06903,-3.06903,-3.06903,0,4.34026
255.354,3.66377,3.66377,-3.66377,-3.66377,0,5.18136
255.387,4.16318,4.16318,-4.16318,-4.16318,0,5.88763
255.42,4.55425,4.55425,-4.55425,-4.55425,0,6.44069
255.453,4.82681,4.82681,-4.82681,-4.82681,0,6.82615
255.486,4.97377,4.97377,-4.97377,-4.97377,0,7.03397
255.519,4.9913,4.9913,-4.9913,-4.9913,0,7.05876
255.552,4.87894,4.87894,-4.87894,-4.87894,0,6.89986
255.585,4.63962,4.63962,-4.63962,-4.63962,0,6.56141
255.618,4.27957,4.27957,-4.27957,-4.27957,0,6.05222
255.651,3.80815,3.80815,-3.80815,-3.80815,0,5.38554
255.684,3.23764,3.23764,-3.23764,-3.23764,0,4.57872
255.717,2.58288,2.58288,-2.58288,-2.58288,0,3.65274
255.75,1.8609,1.8609,-1.8609,-1.8609,0,2.63172
255.783,1.0905,1.0905,-1.0905,-1.0905,0,1.54221
255.816,0.291727,0.291727,-0.291727,-0.291727,0,0.412564
255.849,-0.514642,-0.514642,0.514642,0.514642,0,-0.727813
255.882,-1.30762,-1.30762,1.30762,1.30762,0,-1.84925
255.915,-2.06657,-2.06657,2.06657,2.06657,0,-2.92257
255.948,-2.77174,-2.77174,2.77174,2.77174,0,-3.91983
255.981,-3.40479,-3.40479,3.40479,3.40479,0,-4.81509
256.014,-3.94923,-3.94923,3.94923,3.94923,0,-5.58506
256.047,-4.39091,-4.39091,4.39091,4.39091,0,-6.20968
256.08,-4.71833,-4.71833,4.71833,4.71833,0,-6.67272
256.113,-4.92296,-4.92296,4.92296,4.92296,0,-6.96212
256.146,-4.99949,-4.99949,4.99949,4.99949,0,-7.07035
256.179,-4.94592,-4.94592,4.94592,4.94592,0,-6.99459
256.212,-4.76365,-4.76365,4.76365,4.76365,0,-6.73682
256.245,-4.45742,-4.45742,4.45742,4.45742,0,-6.30374
256.278,-4.03519,-4.03519,4.03519,4.03519,0,-5.70662
256.311,-3.50796,-3.50796,3.50796,3.50796,0,-4.96101
256.344,-2.88945,-2.88945,2.88945,2.88945,0,-4.08629
256.377,-2.19574,-2.19574,2.19574,2.19574,0,-3.10525
256.41,-1.4449,-1.4449,1.4449,1.4449,0,-2.0434
256.443,-0.656457,-0.656457,0.656457,0.656457,0,-0.92837
256.476,0.149068,0.149068,-0.149068,-0.149068,0,0.210814
256.509,0.950713,0.950713,-0.950713,-0.950713,0,1.34451
256.542,1.72762,1.72762,-1.72762,-1.72762,0,2.44322
256.575,2.45957,2.45957,-2.45957,-2.45957,0,3.47835
256.608,3.12751,3.12751,-3.12751,-3.12751,0,4.42297
256.641,3.71408,3.71408,-3.71408,-3.71408,0,5.2525
256.674,4.20399,4.20399,-4.20399,-4.20399,0,5.94534
256.707,4.5845,4.5845,-4.5845,-4.5845,0,6.48347
256.74,4.84572,4.84572,-4.84572,-4.84572,0,6.85288
256.773,4.98084,4.98084,-4.98084,-4.98084,0,7.04397
256.806,4.98635,4.98635,-4.98635,-4.98635,0,7.05176
256.839,4.8621,4.8621,-4.8621,-4.8621,0,6.87605
256.872,4.61133,4.61133,-4.61133,-4.61133,0,6.5214
256.905,4.24056,4.24056,-4.24056,-4.24056,0,5.99706
256.938,3.75944,3.75944,-3.75944,-3.75944,0,5.31666
256.971,3.1805,3.1805,-3.1805,-3.1805,0,4.4979
257.004,2.51879,2.51879,-2.51879,-2.51879,0,3.56211
257.037,1.79153,1.79153,-1.79153,-1.79153,0,2.53361
257.07,1.01766,1.01766,-1.01766,-1.01766,0,1.43919
257.103,0.217306,0.217306,-0.217306,-0.217306,0,0.307317
257.136,-0.588704,-0.588704,0.588704,0.588704,0,-0.832553
257.169,-1.37939,-1.37939,1.37939,1.37939,0,-1.95076
257.202,-2.13419,-2.13419,2.13419,2.13419,0,-3.0182
257.235,-2.83345,-2.83345,2.83345,2.83345,0,-4.0071
257.268,-3.45898,-3.45898,3.45898,3.45898,0,-4.89173
257.301,-3.99449,-3.99449,3.99449,3.99449,0,-5.64907
257.334,-4.42606,-4.42606,4.42606,4.42606,0,-6.2594
257.367,-4.74246,-4.74246,4.74246,4.74246,0,-6.70685
257.4,-4.93544,-4.93544,4.93544,4.93544,0,-6.97977
257.433,-5,-5,5,5,0,-7.07107
257.466,-4.93444,-4.93444,4.93444,4.93444,0,-6.97836
257.499,-4.74048,-4.74048,4.74048,4.74048,0,-6.70405
257.532,-4.42316,-4.42316,4.42316,4.42316,0,-6.25529
257.565,-3.99074,-3.99074,3.99074,3.99074,0,-5.64376
257.598,-3.45447,-3.45447,3.45447,3.45447,0,-4.88536
257.631,-2.82831,-2.82831,2.82831,2.82831,0,-3.99984
257.664,-2.12855,-2.12855,2.12855,2.12855,0,-3.01023
257.697,-1.3734,-1.3734,1.3734,1.3734,0,-1.94228
257.73,-0.582513,-0.582513,0.582513,0.582513,0,-0.823798
257.763,0.223534,0.223534,-0.223534,-0.223534,0,0.316124
257.796,1.02376,1.02376,-1.02376,-1.02376,0,1.44782
257.829,1.79735,1.79735,-1.79735,-1.79735,0,2.54184
257.862,2.52417,2.52417,-2.52417,-2.52417,0,3.56972
257.895,3.18531,3.18531,-3.18531,-3.18531,0,4.5047
257.928,3.76355,3.76355,-3.76355,-3.76355,0,5.32246
257.961,4.24386,4.24386,-4.24386,-4.24386,0,6.00172
257.994,4.61373,4.61373,-4.61373,-4.61373,0,6.52481
258.027,4.86355,4.86355,-4.86355,-4.86355,0,6.8781
258.06,4.9868,4.9868,-4.9868,-4.9868,0,7.05241
258.093,4.98029,4.98029,-4.98029,-4.98029,0,7.04319
258.126,4.84418,4.84418,-4.84418,-4.84418,0,6.8507
258.159,4.58201,4.58201,-4.58201,-4.58201,0,6.47994
258.192,4.20061,4.20061,-4.20061,-4.20061,0,5.94056
258.225,3.7099,3.7099,-3.7099,-3.7099,0,5.24659
258.258,3.12265,3.12265,-3.12265,-3.12265,0,4.41609
258.291,2.45414,2.45414,-2.45414,-2.45414,0,3.47068
258.324,1.72177,1.72177,-1.72177,-1.72177,0,2.43495
258.357,0.944593,0.944593,-0.944593,-0.944593,0,1.33586
258.39,0.142837,0.142837,-0.142837,-0.142837,0,0.202002
258.423,-0.662636,-0.662636,0.662636,0.662636,0,-0.937108
258.456,-1.45087,-1.45087,1.45087,1.45087,0,-2.05183
258.489,-2.20134,-2.20134,2.20134,2.20134,0,-3.11316
258.522,-2.89453,-2.89453,2.89453,2.89453,0,-4.09348
258.555,-3.5124,-3.5124,3.5124,3.5124,0,-4.96728
258.588,-4.03887,-4.03887,4.03887,4.03887,0,-5.71182
258.621,-4.46024,-4.46024,4.46024,4.46024,0,-6.30773
258.654,-4.76554,-4.76554,4.76554,4.76554,0,-6.73949
258.687,-4.94683,-4.94683,4.94683,4.94683,0,-6.99588
258.72,-4.9994,-4.9994,4.9994,4.9994,0,-7.07022
258.753,-4.92187,-4.92187,4.92187,4.92187,0,-6.96057
258.786,-4.71626,-4.71626,4.71626,4.71626,0,-6.6698
258.819,-4.38792,-4.38792,4.38792,4.38792,0,-6.20546
258.852,-3.9454,-3.9454,3.9454,3.9454,0,-5.57965
258.885,-3.40022,-3.40022,3.40022,3.40022,0,-4.80863
258.918,-2.76655,-2.76655,2.76655,2.76655,0,-3.91249
258.951,-2.06089,-2.06089,2.06089,2.06089,0,-2.91454
258.984,-1.3016,-1.3016,1.3016,1.3016,0,-1.84074
259.017,-0.508441,-0.508441,0.508441,0.508441,0,-0.719044
259.05,0.29795,0.29795,-0.29795,-0.29795,0,0.421365
259.083,1.09659,1.09659,-1.09659,-1.09659,0,1.55081
259.116,1.86669,1.86669,-1.86669,-1.86669,0,2.6399
259.149,2.58821,2.58821,-2.58821,-2.58821,0,3.66029
259.182,3.24239,3.24239,-3.24239,-3.24239,0,4.58543
259.215,3.81219,3.81219,-3.81219,-3.81219,0,5.39125
259.248,4.28279,4.28279,-4.28279,-4.28279,0,6.05678
259.281,4.64194,4.64194,-4.64194,-4.64194,0,6.5647
259.314,4.8803,4.8803,-4.8803,-4.8803,0,6.90178
259.347,4.99166,4.99166,-4.99166,-4.99166,0,7.05927
259.38,4.97313,4.97313,-4.97313,-4.97313,0,7.03306
259.413,4.82518,4.82518,-4.82518,-4.82518,0,6.82384
259.446,4.55168,4.55168,-4.55168,-4.55168,0,6.43704
259.479,4.15973,4.15973,-4.15973,-4.15973,0,5.88274
259.512,3.65953,3.65953,-3.65953,-3.65953,0,5.17536
259.545,3.0641,3.0641,-3.0641,-3.0641,0,4.3333
259.578,2.38894,2.38894,-2.38894,-2.38894,0,3.37848
259.611,1.65162,1.65162,-1.65162,-1.65162,0,2.33574
259.644,0.871314,0.871314,-0.871314,-0.871314,0,1.23222
259.677,0.0683361,0.0683361,-0.0683361,-0.0683361,0,0.0966418
259.71,-0.73642,-0.73642,0.73642,0.73642,0,-1.04146
259.743,-1.52201,-1.52201,1.52201,1.52201,0,-2.15245
259.776,-2.268,-2.268,2.268,2.268,0,-3.20744
259.809,-2.95497,-2.95497,2.95497,2.95497,0,-4.17896
259.842,-3.56504,-3.56504,3.56504,3.56504,0,-5.04173
259.875,-4.08235,-4.08235,4.08235,4.08235,0,-5.77331
259.908,-4.49342,-4.49342,4.49342,4.49342,0,-6.35465
259.941,-4.78756,-4.78756,4.78756,4.78756,0,-6.77063
259.974,-4.95712,-4.95712,4.95712,4.95712,0,-7.01043
260.007,-4.99769,-4.99769,4.99769,4.99769,0,-7.06779
260.04,-4.9082,-4.9082,4.9082,4.9082,0,-6.94124
260.073,-4.69099,-4.69099,4.69099,4.69099,0,-6.63406
260.106,-4.35171,-4.35171,4.35171,4.35171,0,-6.15425
260.139,-3.89919,-3.89919,3.89919,3.89919,0,-5.51429
260.172,-3.34521,-3.34521,3.34521,3.34521,0,-4.73084
260.205,-2.70417,-2.70417,2.70417,2.70417,0,-3.82428
260.238,-1.99277,-1.99277,1.99277,1.99277,0,-2.8182
260.271,-1.22951,-1.22951,1.22951,1.22951,0,-1.73879
260.304,-0.434255,-0.434255,0.434255,0.434255,0,-0.614129
260.337,0.3723,0.3723,-0.3723,-0.3723,0,0.526511
260.37,1.16917,1.16917,-1.16917,-1.16917,0,1.65345
260.403,1.93561,1.93561,-1.93561,-1.93561,0,2.73736
260.436,2.65168,2.65168,-2.65168,-2.65168,0,3.75004
260.469,3.29875,3.29875,-3.29875,-3.29875,0,4.66514
260.502,3.85998,3.85998,-3.85998,-3.85998,0,5.45884
260.535,4.32077,4.32077,-4.32077,-4.32077,0,6.11049
260.568,4.66912,4.66912,-4.66912,-4.66912,0,6.60313
260.601,4.89596,4.89596,-4.89596,-4.89596,0,6.92394
260.634,4.99541,4.99541,-4.99541,-4.99541,0,7.06457
260.667,4.96486,4.96486,-4.96486,-4.96486,0,7.02137
260.7,4.80512,4.80512,-4.80512,-4.80512,0,6.79546
260.733,4.52033,4.52033,-4.52033,-4.52033,0,6.39271
260.766,4.11792,4.11792,-4.11792,-4.11792,0,5.82362
260.799,3.60835,3.60835,-3.60835,-3.60835,0,5.10298
260.832,3.00488,3.00488,-3.00488,-3.00488,0,4.24954
260.865,2.32322,2.32322,-2.32322,-2.32322,0,3.28553
260.898,1.5811,1.5811,-1.5811,-1.5811,0,2.23602
260.931,0.797842,0.797842,-0.797842,-0.797842,0,1.12832
260.964,-0.00617995,-0.00617995,0.00617995,0.00617995,0,-0.00873976
260.997,-0.810041,-0.810041,0.810041,0.810041,0,-1.14557
261.03,-1.59282,-1.59282,1.59282,1.59282,0,-2.25259
261.063,-2.33416,-2.33416,2.33416,2.33416,0,-3.301
261.096,-3.01475,-3.01475,3.01475,3.01475,0,-4.2635
261.129,-3.61689,-3.61689,3.61689,3.61689,0,-5.11506
261.162,-4.12492,-4.12492,4.12492,4.12492,0,-5.83351
261.195,-4.5256,-4.5256,4.5256,4.5256,0,-6.40017
261.228,-4.80852,-4.80852,4.80852,4.80852,0,-6.80027
261.261,-4.96631,-4.96631,4.96631,4.96631,0,-7.02342
261.294,-4.99486,-4.99486,4.99486,4.99486,0,-7.0638
261.327,-4.89344,-4.89344,4.89344,4.89344,0,-6.92037
261.36,-4.66468,-4.66468,4.66468,4.66468,0,-6.59685
261.393,-4.31453,-4.31453,4.31453,4.31453,0,-6.10167
261.426,-3.85211,-3.85211,3.85211,3.85211,0,-5.44771
261.459,-3.28945,-3.28945,3.28945,3.28945,0,-4.65199
261.492,-2.6412,-2.6412,2.6412,2.6412,0,-3.73521
261.525,-1.92421,-1.92421,1.92421,1.92421,0,-2.72124
261.558,-1.15715,-1.15715,1.15715,1.15715,0,-1.63645
261.591,-0.359973,-0.359973,0.359973,0.359973,0,-0.509079
261.624,0.446567,0.446567,-0.446567,-0.446567,0,0.631541
261.657,1.24149,1.24149,-1.24149,-1.24149,0,1.75573
261.69,2.0041,2.0041,-2.0041,-2.0041,0,2.83422
261.723,2.71456,2.71456,-2.71456,-2.71456,0,3.83897
261.756,3.35438,3.35438,-3.35438,-3.35438,0,4.74381
261.789,3.90692,3.90692,-3.90692,-3.90692,0,5.52522
261.822,4.35779,4.35779,-4.35779,-4.35779,0,6.16284
261.855,4.69525,4.69525,-4.69525,-4.69525,0,6.64009
261.888,4.91054,4.91054,-4.91054,-4.91054,0,6.94455
261.921,4.99805,4.99805,-4.99805,-4.99805,0,7.0683
261.954,4.95549,4.95549,-4.95549,-4.95549,0,7.00812
261.987,4.78398,4.78398,-4.78398,-4.78398,0,6.76557
262.02,4.48798,4.48798,-4.48798,-4.48798,0,6.34697
262.053,4.0752,4.0752,-4.0752,-4.0752,0,5.7632
262.086,3.55637,3.55637,-3.55637,-3.55637,0,5.02946
262.119,2.94499,2.94499,-2.94499,-2.94499,0,4.16484
262.152,2.25698,2.25698,-2.25698,-2.25698,0,3.19185
262.185,1.51024,1.51024,-1.51024,-1.51024,0,2.1358
262.218,0.724193,0.724193,-0.724193,-0.724193,0,1.02416
262.251,-0.0806946,-0.0806946,0.0806946,0.0806946,0,-0.114119
262.284,-0.883482,-0.883482,0.883482,0.883482,0,-1.24943
262.317,-1.66328,-1.66328,1.66328,1.66328,0,-2.35223
262.35,-2.3998,-2.3998,2.3998,2.3998,0,-3.39382
262.383,-3.07386,-3.07386,3.07386,3.07386,0,-4.3471
262.416,-3.66794,-3.66794,3.66794,3.66794,0,-5.18725
262.449,-4.16657,-4.16657,4.16657,4.16657,0,-5.89242
262.482,-4.55678,-4.55678,4.55678,4.55678,0,-6.44426
262.515,-4.82841,-4.82841,4.82841,4.82841,0,-6.8284
262.548,-4.97439,-4.97439,4.97439,4.97439,0,-7.03485
262.581,-4.99093,-4.99093,4.99093,4.99093,0,-7.05824
262.614,-4.8776,-4.8776,4.8776,4.8776,0,-6.89796
262.647,-4.63733,-4.63733,4.63733,4.63733,0,-6.55818
262.68,-4.2764,-4.2764,4.2764,4.2764,0,-6.04774
262.713,-3.80418,-3.80418,3.80418,3.80418,0,-5.37992
262.746,-3.23297,-3.23297,3.23297,3.23297,0,-4.57211
262.779,-2.57763,-2.57763,2.57763,2.57763,0,-3.64532
262.812,-1.85522,-1.85522,1.85522,1.85522,0,-2.62367
262.845,-1.08452,-1.08452,1.08452,1.08452,0,-1.53375
262.878,-0.285611,-0.285611,0.285611,0.285611,0,-0.403915
262.911,0.520735,0.520735,-0.520735,-0.520735,0,0.73643
262.944,1.31353,1.31353,-1.31353,-1.31353,0,1.85761
262.977,2.07214,2.07214,-2.07214,-2.07214,0,2.93045
263.01,2.77684,2.77684,-2.77684,-2.77684,0,3.92704
263.043,3.40927,3.40927,-3.40927,-3.40927,0,4.82143
263.076,3.95299,3.95299,-3.95299,-3.95299,0,5.59037
263.109,4.39384,4.39384,-4.39384,-4.39384,0,6.21382
263.142,4.72035,4.72035,-4.72035,-4.72035,0,6.67558
263.175,4.92403,4.92403,-4.92403,-4.92403,0,6.96363
263.208,4.99957,4.99957,-4.99957,-4.99957,0,7.07047
263.241,4.94502,4.94502,-4.94502,-4.94502,0,6.99331
263.274,4.76178,4.76178,-4.76178,-4.76178,0,6.73418
263.307,4.45464,4.45464,-4.45464,-4.45464,0,6.29981
263.34,4.03157,4.03157,-4.03157,-4.03157,0,5.7015
263.373,3.50359,3.50359,-3.50359,-3.50359,0,4.95483
263.406,2.88444,2.88444,-2.88444,-2.88444,0,4.07922
263.439,2.19024,2.19024,-2.19024,-2.19024,0,3.09746
263.472,1.43903,1.43903,-1.43903,-1.43903,0,2.0351
263.505,0.650383,0.650383,-0.650383,-0.650383,0,0.91978
263.538,-0.155191,-0.155191,0.155191,0.155191,0,-0.219474
263.571,-0.956727,-0.956727,0.956727,0.956727,0,-1.35302
263.604,-1.73337,-1.73337,1.73337,1.73337,0,-2.45135
263.637,-2.4649,-2.4649,2.4649,2.4649,0,-3.4859
263.67,-3.13229,-3.13229,3.13229,3.13229,0,-4.42973
263.703,-3.71817,-3.71817,3.71817,3.71817,0,-5.25829
263.736,-4.2073,-4.2073,4.2073,4.2073,0,-5.95002
263.769,-4.58694,-4.58694,4.58694,4.58694,0,-6.48692
263.802,-4.84723,-4.84723,4.84723,4.84723,0,-6.85501
263.835,-4.98137,-4.98137,4.98137,4.98137,0,-7.04472
263.868,-4.98589,-4.98589,4.98589,4.98589,0,-7.05111
263.901,-4.86067,-4.86067,4.86067,4.86067,0,-6.87402
263.934,-4.60896,-4.60896,4.60896,4.60896,0,-6.51805
263.967,-4.23731,-4.23731,4.23731,4.23731,0,-5.99246
264,-3.7554,-3.7554,3.7554,3.7554,0,-5.31094
264.033,-3.17577,-3.17577,3.17577,3.17577,0,-4.49121
264.066,-2.51349,-2.51349,2.51349,2.51349,0,-3.55462
264.099,-1.78581,-1.78581,1.78581,1.78581,0,-2.52552
264.132,-1.01166,-1.01166,1.01166,1.01166,0,-1.43071
264.165,-0.211185,-0.211185,0.211185,0.211185,0,-0.298661
264.198,0.594787,0.594787,-0.594787,-0.594787,0,0.841156
264.231,1.38528,1.38528,-1.38528,-1.38528,0,1.95908
264.264,2.13973,2.13973,-2.13973,-2.13973,0,3.02603
264.297,2.8385,2.8385,-2.8385,-2.8385,0,4.01424
264.33,3.4634,3.4634,-3.4634,-3.4634,0,4.89798
264.363,3.99817,3.99817,-3.99817,-3.99817,0,5.65427
264.396,4.42891,4.42891,-4.42891,-4.42891,0,6.26343
264.429,4.7444,4.7444,-4.7444,-4.7444,0,6.70959
264.462,4.93642,4.93642,-4.93642,-4.93642,0,6.98116
264.495,4.99999,4.99999,-4.99999,-4.99999,0,7.07106
264.528,4.93345,4.93345,-4.93345,-4.93345,0,6.97695
264.561,4.73853,4.73853,-4.73853,-4.73853,0,6.70129
264.594,4.4203,4.4203,-4.4203,-4.4203,0,6.25125
264.627,3.98705,3.98705,-3.98705,-3.98705,0,5.63854
264.66,3.45004,3.45004,-3.45004,-3.45004,0,4.87909
264.693,2.82326,2.82326,-2.82326,-2.82326,0,3.99269
264.726,2.12301,2.12301,-2.12301,-2.12301,0,3.00238
264.759,1.36751,1.36751,-1.36751,-1.36751,0,1.93395
264.792,0.576428,0.576428,-0.576428,-0.576428,0,0.815193
264.825,-0.229654,-0.229654,0.229654,0.229654,0,-0.324779
264.858,-1.02976,-1.02976,1.02976,1.02976,0,-1.4563
264.891,-1.80307,-1.80307,1.80307,1.80307,0,-2.54992
264.924,-2.52946,-2.52946,2.52946,2.52946,0,-3.57719
264.957,-3.19003,-3.19003,3.19003,3.19003,0,-4.51138
264.99,-3.76758,-3.76758,3.76758,3.76758,0,-5.32816
265.023,-4.2471,-4.2471,4.2471,4.2471,0,-6.0063
265.056,-4.61609,-4.61609,4.61609,4.61609,0,-6.52814
265.089,-4.86497,-4.86497,4.86497,4.86497,0,-6.8801
265.122,-4.98724,-4.98724,4.98724,4.98724,0,-7.05303
265.155,-4.97974,-4.97974,4.97974,4.97974,0,-7.04242
265.188,-4.84266,-4.84266,4.84266,4.84266,0,-6.84855
265.221,-4.57956,-4.57956,4.57956,4.57956,0,-6.47647
265.254,-4.19728,-4.19728,4.19728,4.19728,0,-5.93586
265.287,-3.70579,-3.70579,3.70579,3.70579,0,-5.24078
265.32,-3.11786,-3.11786,3.11786,3.11786,0,-4.40932
265.353,-2.4488,-2.4488,2.4488,2.4488,0,-3.46313
265.386,-1.71602,-1.71602,1.71602,1.71602,0,-2.42681
265.419,-0.938576,-0.938576,0.938576,0.938576,0,-1.32735
265.452,-0.136713,-0.136713,0.136713,0.136713,0,-0.193342
265.485,0.668707,0.668707,-0.668707,-0.668707,0,0.945695
265.518,1.45673,1.45673,-1.45673,-1.45673,0,2.06012
265.551,2.20684,2.20684,-2.20684,-2.20684,0,3.12094
265.584,2.89952,2.89952,-2.89952,-2.89952,0,4.10055
265.617,3.51676,3.51676,-3.51676,-3.51676,0,4.97345
265.65,4.04248,4.04248,-4.04248,-4.04248,0,5.71692
265.683,4.463,4.463,-4.463,-4.463,0,6.31164
265.716,4.76739,4.76739,-4.76739,-4.76739,0,6.74211
265.749,4.94772,4.94772,-4.94772,-4.94772,0,6.99713
265.782,4.9993,4.9993,-4.9993,-4.9993,0,7.07008
265.815,4.92078,4.92078,-4.92078,-4.92078,0,6.95904
265.848,4.71422,4.71422,-4.71422,-4.71422,0,6.66692
265.881,4.38498,4.38498,-4.38498,-4.38498,0,6.2013
265.914,3.94164,3.94164,-3.94164,-3.94164,0,5.57432
265.947,3.39572,3.39572,-3.39572,-3.39572,0,4.80228
265.98,2.76144,2.76144,-2.76144,-2.76144,0,3.90527
266.013,2.05531,2.05531,-2.05531,-2.05531,0,2.90664
266.046,1.29568,1.29568,-1.29568,-1.29568,0,1.83237
266.079,0.502346,0.502346,-0.502346,-0.502346,0,0.710424
266.112,-0.304065,-0.304065,0.304065,0.304065,0,-0.430013
266.145,-1.10256,-1.10256,1.10256,1.10256,0,-1.55926
266.178,-1.87237,-1.87237,1.87237,1.87237,0,-2.64793
266.211,-2.59345,-2.59345,2.59345,2.59345,0,-3.6677
266.244,-3.24705,-3.24705,3.24705,3.24705,0,-4.59202
266.277,-3.81615,-3.81615,3.81615,3.81615,0,-5.39685
266.31,-4.28595,-4.28595,4.28595,4.28595,0,-6.06124
266.343,-4.64421,-4.64421,4.64421,4.64421,0,-6.56791
266.376,-4.88163,-4.88163,4.88163,4.88163,0,-6.90366
266.409,-4.99201,-4.99201,4.99201,4.99201,0,-7.05977
266.442,-4.97249,-4.97249,4.97249,4.97249,0,-7.03216
266.475,-4.82357,-4.82357,4.82357,4.82357,0,-6.82156
266.508,-4.54914,-4.54914,4.54914,4.54914,0,-6.43345
266.541,-4.15632,-4.15632,4.15632,4.15632,0,-5.87793
266.574,-3.65535,-3.65535,3.65535,3.65535,0,-5.16945
266.607,-3.05926,-3.05926,3.05926,3.05926,0,-4.32645
266.64,-2.38356,-2.38356,2.38356,2.38356,0,-3.37086
266.673,-1.64584,-1.64584,1.64584,1.64584,0,-2.32756
266.706,-0.865281,-0.865281,0.865281,0.865281,0,-1.22369
266.739,-0.0622104,-0.0622104,0.0622104,0.0622104,0,-0.0879787
266.772,0.742479,0.742479,-0.742479,-0.742479,0,1.05002
266.805,1.52785,1.52785,-1.52785,-1.52785,0,2.1607
266.838,2.27346,2.27346,-2.27346,-2.27346,0,3.21516
266.871,2.95991,2.95991,-2.95991,-2.95991,0,4.18594
266.904,3.56934,3.56934,-3.56934,-3.56934,0,5.0478
266.937,4.08588,4.08588,-4.08588,-4.08588,0,5.77831
266.97,4.4961,4.4961,-4.4961,-4.4961,0,6.35845
267.003,4.78932,4.78932,-4.78932,-4.78932,0,6.77313
267.036,4.95792,4.95792,-4.95792,-4.95792,0,7.01155
267.069,4.99749,4.99749,-4.99749,-4.99749,0,7.06753
267.102,4.90703,4.90703,-4.90703,-4.90703,0,6.93958
267.135,4.68887,4.68887,-4.68887,-4.68887,0,6.63106
267.168,4.34869,4.34869,-4.34869,-4.34869,0,6.14998
267.201,3.89535,3.89535,-3.89535,-3.89535,0,5.50886
267.234,3.34065,3.34065,-3.34065,-3.34065,0,4.7244
267.267,2.69902,2.69902,-2.69902,-2.69902,0,3.81699
267.3,1.98715,1.98715,-1.98715,-1.98715,0,2.81025
267.333,1.22357,1.22357,-1.22357,-1.22357,0,1.73039
267.366,0.428152,0.428152,-0.428152,-0.428152,0,0.605498
267.399,-0.378409,-0.378409,0.378409,0.378409,0,-0.535151
267.432,-1.17512,-1.17512,1.17512,1.17512,0,-1.66187
267.465,-1.94126,-1.94126,1.94126,1.94126,0,-2.74535
267.498,-2.65687,-2.65687,2.65687,2.65687,0,-3.75739
267.531,-3.30335,-3.30335,3.30335,3.30335,0,-4.67165
267.564,-3.86387,-3.86387,3.86387,3.86387,0,-5.46434
267.597,-4.32385,-4.32385,4.32385,4.32385,0,-6.11484
267.63,-4.6713,-4.6713,4.6713,4.6713,0,-6.60622
267.663,-4.8972,-4.8972,4.8972,4.8972,0,-6.92569
267.696,-4.99567,-4.99567,4.99567,4.99567,0,-7.06494
267.729,-4.96413,-4.96413,4.96413,4.96413,0,-7.02034
267.762,-4.80342,-4.80342,4.80342,4.80342,0,-6.79306
267.795,-4.51771,-4.51771,4.51771,4.51771,0,-6.38901
267.828,-4.11444,-4.11444,4.11444,4.11444,0,-5.8187
267.861,-3.6041,-3.6041,3.6041,3.6041,0,-5.09697
267.894,-2.99998,-2.99998,2.99998,2.99998,0,-4.24262
267.927,-2.31779,-2.31779,2.31779,2.31779,0,-3.27785
267.96,-1.57529,-1.57529,1.57529,1.57529,0,-2.2278
267.993,-0.791794,-0.791794,0.791794,0.791794,0,-1.11977
268.026,0.0123062,0.0123062,-0.0123062,-0.0123062,0,0.0174036
268.059,0.816086,0.816086,-0.816086,-0.816086,0,1.15412
268.092,1.59863,1.59863,-1.59863,-1.59863,0,2.2608
268.125,2.33957,2.33957,-2.33957,-2.33957,0,3.30866
268.158,3.01964,3.01964,-3.01964,-3.01964,0,4.27041
268.191,3.62112,3.62112,-3.62112,-3.62112,0,5.12104
268.224,4.12838,4.12838,-4.12838,-4.12838,0,5.83841
268.257,4.5282,4.5282,-4.5282,-4.5282,0,6.40384
268.29,4.81019,4.81019,-4.81019,-4.81019,0,6.80264
268.323,4.96701,4.96701,-4.96701,-4.96701,0,7.02442
268.356,4.99458,4.99458,-4.99458,-4.99458,0,7.0634
268.389,4.89218,4.89218,-4.89218,-4.89218,0,6.91859
268.422,4.66247,4.66247,-4.66247,-4.66247,0,6.59373
268.455,4.31143,4.31143,-4.31143,-4.31143,0,6.09729
268.488,3.84821,3.84821,-3.84821,-3.84821,0,5.44219
268.521,3.28484,3.28484,-3.28484,-3.28484,0,4.64546
268.554,2.63599,2.63599,-2.63599,-2.63599,0,3.72785
268.587,1.91855,1.91855,-1.91855,-1.91855,0,2.71324
268.62,1.15118,1.15118,-1.15118,-1.15118,0,1.62802
268.653,0.353862,0.353862,-0.353862,-0.353862,0,0.500437
268.686,-0.452668,-0.452668,0.452668,0.452668,0,-0.64017
268.719,-1.24742,-1.24742,1.24742,1.24742,0,-1.76412
268.752,-2.00971,-2.00971,2.00971,2.00971,0,-2.84216
268.785,-2.7197,-2.7197,2.7197,2.7197,0,-3.84624
268.818,-3.35892,-3.35892,3.35892,3.35892,0,-4.75024
268.851,-3.91074,-3.91074,3.91074,3.91074,0,-5.53062
268.884,-4.36079,-4.36079,4.36079,4.36079,0,-6.16708
268.917,-4.69736,-4.69736,4.69736,4.69736,0,-6.64307
268.95,-4.91169,-4.91169,4.91169,4.91169,0,-6.94618
268.983,-4.99821,-4.99821,4.99821,4.99821,0,-7.06854
269.016,-4.95467,-4.95467,4.95467,4.95467,0,-7.00696
269.049,-4.7822,-4.7822,4.7822,4.7822,0,-6.76305
269.082,-4.48528,-4.48528,4.48528,4.48528,0,-6.34314
269.115,-4.07164,-4.07164,4.07164,4.07164,0,-5.75817
269.148,-3.55206,-3.55206,3.55206,3.55206,0,-5.02337
269.181,-2.94004,-2.94004,2.94004,2.94004,0,-4.15784
269.214,-2.25151,-2.25151,2.25151,2.25151,0,-3.18412
269.247,-1.50439,-1.50439,1.50439,1.50439,0,-2.12753
269.28,-0.718131,-0.718131,0.718131,0.718131,0,-1.01559
269.313,0.08682,0.08682,-0.08682,-0.08682,0,0.122782
269.346,0.889511,0.889511,-0.889511,-0.889511,0,1.25796
269.379,1.66906,1.66906,-1.66906,-1.66906,0,2.3604
269.412,2.40517,2.40517,-2.40517,-2.40517,0,3.40142
269.445,3.07869,3.07869,-3.07869,-3.07869,0,4.35393
269.478,3.6721,3.6721,-3.6721,-3.6721,0,5.19314
269.511,4.16996,4.16996,-4.16996,-4.16996,0,5.89721
269.544,4.5593,4.5593,-4.5593,-4.5593,0,6.44782
269.577,4.83,4.83,-4.83,-4.83,0,6.83065
269.61,4.97501,4.97501,-4.97501,-4.97501,0,7.03572
269.643,4.99056,4.99056,-4.99056,-4.99056,0,7.05772
269.676,4.87624,4.87624,-4.87624,-4.87624,0,6.89605
269.709,4.63504,4.63504,-4.63504,-4.63504,0,6.55494
269.742,4.27322,4.27322,-4.27322,-4.27322,0,6.04325
269.775,3.8002,3.8002,-3.8002,-3.8002,0,5.3743
269.808,3.22829,3.22829,-3.22829,-3.22829,0,4.5655
269.841,2.57238,2.57238,-2.57238,-2.57238,0,3.63789
269.874,1.84953,1.84953,-1.84953,-1.84953,0,2.61562
269.907,1.07854,1.07854,-1.07854,-1.07854,0,1.52529
269.94,0.279494,0.279494,-0.279494,-0.279494,0,0.395265
269.973,-0.526827,-0.526827,0.526827,0.526827,0,-0.745046
270.006,-1.31944,-1.31944,1.31944,1.31944,0,-1.86597
270.039,-2.07772,-2.07772,2.07772,2.07772,0,-2.93834
270.072,-2.78193,-2.78193,2.78193,2.78193,0,-3.93424
270.105,-3.41375,-3.41375,3.41375,3.41375,0,-4.82777
270.138,-3.95673,-3.95673,3.95673,3.95673,0,-5.59567
270.171,-4.39676,-4.39676,4.39676,4.39676,0,-6.21795
270.204,-4.72237,-4.72237,4.72237,4.72237,0,-6.67843
270.237,-4.92509,-4.92509,4.92509,4.92509,0,-6.96513
270.27,-4.99965,-4.99965,4.99965,4.99965,0,-7.07057
270.303,-4.94411,-4.94411,4.94411,4.94411,0,-6.99203
270.336,-4.75991,-4.75991,4.75991,4.75991,0,-6.73153
270.369,-4.45185,-4.45185,4.45185,4.45185,0,-6.29587
270.402,-4.02794,-4.02794,4.02794,4.02794,0,-5.69637
270.435,-3.49922,-3.49922,3.49922,3.49922,0,-4.94864
270.468,-2.87944,-2.87944,2.87944,2.87944,0,-4.07214
270.501,-2.18473,-2.18473,2.18473,2.18473,0,-3.08967
270.534,-1.43316,-1.43316,1.43316,1.43316,0,-2.0268
270.567,-0.644308,-0.644308,0.644308,0.644308,0,-0.911189
270.6,0.161315,0.161315,-0.161315,-0.161315,0,0.228133
270.633,0.962739,0.962739,-0.962739,-0.962739,0,1.36152
270.666,1.73911,1.73911,-1.73911,-1.73911,0,2.45948
270.699,2.47023,2.47023,-2.47023,-2.47023,0,3.49343
270.732,3.13706,3.13706,-3.13706,-3.13706,0,4.43648
270.765,3.72227,3.72227,-3.72227,-3.72227,0,5.26408
270.798,4.21061,4.21061,-4.21061,-4.21061,0,5.9547
270.831,4.58938,4.58938,-4.58938,-4.58938,0,6.49036
270.864,4.84873,4.84873,-4.84873,-4.84873,0,6.85713
270.897,4.9819,4.9819,-4.9819,-4.9819,0,7.04547
270.93,4.98543,4.98543,-4.98543,-4.98543,0,7.05046
270.963,4.85923,4.85923,-4.85923,-4.85923,0,6.87198
270.996,4.60658,4.60658,-4.60658,-4.60658,0,6.51469
271.029,4.23406,4.23406,-4.23406,-4.23406,0,5.98786
271.062,3.75135,3.75135,-3.75135,-3.75135,0,5.30522
271.095,3.17103,3.17103,-3.17103,-3.17103,0,4.48452
271.128,2.5082,2.5082,-2.5082,-2.5082,0,3.54713
271.161,1.78009,1.78009,-1.78009,-1.78009,0,2.51743
271.194,1.00566,1.00566,-1.00566,-1.00566,0,1.42222
271.227,0.205065,0.205065,-0.205065,-0.205065,0,0.290005
271.26,-0.60087,-0.60087,0.60087,0.60087,0,-0.849758
271.293,-1.39117,-1.39117,1.39117,1.39117,0,-1.96741
271.326,-2.14526,-2.14526,2.14526,2.14526,0,-3.03386
271.359,-2.84354,-2.84354,2.84354,2.84354,0,-4.02137
271.392,-3.46781,-3.46781,3.46781,3.46781,0,-4.90423
271.425,-4.00185,-4.00185,4.00185,4.00185,0,-5.65947
271.458,-4.43175,-4.43175,4.43175,4.43175,0,-6.26744
271.491,-4.74633,-4.74633,4.74633,4.74633,0,-6.71232
271.524,-4.93739,-4.93739,4.93739,4.93739,0,-6.98253
271.557,-4.99998,-4.99998,4.99998,4.99998,0,-7.07103
271.59,-4.93245,-4.93245,4.93245,4.93245,0,-6.97554
271.623,-4.73657,-4.73657,4.73657,4.73657,0,-6.69852
271.656,-4.41743,-4.41743,4.41743,4.41743,0,-6.2472
271.689,-3.98335,-3.98335,3.98335,3.98335,0,-5.6333
271.722,-3.4456,-3.4456,3.4456,3.4456,0,-4.87282
271.755,-2.8182,-2.8182,2.8182,2.8182,0,-3.98554
271.788,-2.11746,-2.11746,2.11746,2.11746,0,-2.99454
271.821,-1.36162,-1.36162,1.36162,1.36162,0,-1.92562
271.854,-0.570342,-0.570342,0.570342,0.570342,0,-0.806586
271.887,0.235773,0.235773,-0.235773,-0.235773,0,0.333434
271.92,1.03575,1.03575,-1.03575,-1.03575,0,1.46478
271.953,1.80878,1.80878,-1.80878,-1.80878,0,2.558
271.986,2.53474,2.53474,-2.53474,-2.53474,0,3.58466
272.019,3.19474,3.19474,-3.19474,-3.19474,0,4.51804
272.052,3.77161,3.77161,-3.77161,-3.77161,0,5.33386
272.085,4.25033,4.25033,-4.25033,-4.25033,0,6.01087
272.118,4.61844,4.61844,-4.61844,-4.61844,0,6.53146
272.151,4.86638,4.86638,-4.86638,-4.86638,0,6.8821
272.184,4.98768,4.98768,-4.98768,-4.98768,0,7.05364
272.217,4.97919,4.97919,-4.97919,-4.97919,0,7.04164
272.25,4.84113,4.84113,-4.84113,-4.84113,0,6.84639
272.283,4.57709,4.57709,-4.57709,-4.57709,0,6.47299
272.316,4.19395,4.19395,-4.19395,-4.19395,0,5.93114
272.349,3.70167,3.70167,-3.70167,-3.70167,0,5.23496
272.382,3.11307,3.11307,-3.11307,-3.11307,0,4.40255
272.415,2.44346,2.44346,-2.44346,-2.44346,0,3.45557
272.448,1.71026,1.71026,-1.71026,-1.71026,0,2.41867
272.481,0.932558,0.932558,-0.932558,-0.932558,0,1.31884
272.514,0.130589,0.130589,-0.130589,-0.130589,0,0.184681
272.547,-0.674778,-0.674778,0.674778,0.674778,0,-0.95428
272.58,-1.46259,-1.46259,1.46259,1.46259,0,-2.06841
272.613,-2.21233,-2.21233,2.21233,2.21233,0,-3.12871
272.646,-2.90451,-2.90451,2.90451,2.90451,0,-4.1076
272.679,-3.52111,-3.52111,3.52111,3.52111,0,-4.9796
272.712,-4.04608,-4.04608,4.04608,4.04608,0,-5.72202
272.745,-4.46576,-4.46576,4.46576,4.46576,0,-6.31554
272.778,-4.76923,-4.76923,4.76923,4.76923,0,-6.74471
272.811,-4.9486,-4.9486,4.9486,4.9486,0,-6.99838
272.844,-4.99919,-4.99919,4.99919,4.99919,0,-7.06993
272.877,-4.91969,-4.91969,4.91969,4.91969,0,-6.9575
272.91,-4.71218,-4.71218,4.71218,4.71218,0,-6.66402
272.943,-4.38204,-4.38204,4.38204,4.38204,0,-6.19714
272.976,-3.93787,-3.93787,3.93787,3.93787,0,-5.56898
273.009,-3.39122,-3.39122,3.39122,3.39122,0,-4.79592
273.042,-2.75634,-2.75634,2.75634,2.75634,0,-3.89805
273.075,-2.04972,-2.04972,2.04972,2.04972,0,-2.89874
273.108,-1.28977,-1.28977,1.28977,1.28977,0,-1.824
273.141,-0.49625,-0.49625,0.49625,0.49625,0,-0.701804
273.174,0.31018,0.31018,-0.31018,-0.31018,0,0.43866
273.207,1.10854,1.10854,-1.10854,-1.10854,0,1.56771
273.24,1.87805,1.87805,-1.87805,-1.87805,0,2.65596
273.273,2.59869,2.59869,-2.59869,-2.59869,0,3.6751
273.306,3.25171,3.25171,-3.25171,-3.25171,0,4.59861
273.339,3.82011,3.82011,-3.82011,-3.82011,0,5.40245
273.372,4.2891,4.2891,-4.2891,-4.2891,0,6.0657
273.405,4.64648,4.64648,-4.64648,-4.64648,0,6.57111
273.438,4.88295,4.88295,-4.88295,-4.88295,0,6.90553
273.471,4.99235,4.99235,-4.99235,-4.99235,0,7.06025
273.504,4.97184,4.97184,-4.97184,-4.97184,0,7.03125
273.537,4.82196,4.82196,-4.82196,-4.82196,0,6.81928
273.57,4.54659,4.54659,-4.54659,-4.54659,0,6.42985
273.603,4.15292,4.15292,-4.15292,-4.15292,0,5.87311
273.636,3.65117,3.65117,-3.65117,-3.65117,0,5.16353
273.669,3.05441,3.05441,-3.05441,-3.05441,0,4.31959
273.702,2.37817,2.37817,-2.37817,-2.37817,0,3.36325
273.735,1.64005,1.64005,-1.64005,-1.64005,0,2.31938
273.768,0.859247,0.859247,-0.859247,-0.859247,0,1.21516
273.801,0.0560845,0.0560845,-0.0560845,-0.0560845,0,0.0793155
273.834,-0.748537,-0.748537,0.748537,0.748537,0,-1.05859
273.867,-1.53368,-1.53368,1.53368,1.53368,0,-2.16895
273.9,-2.27891,-2.27891,2.27891,2.27891,0,-3.22287
273.933,-2.96484,-2.96484,2.96484,2.96484,0,-4.19292
273.966,-3.57362,-3.57362,3.57362,3.57362,0,-5.05387
273.999,-4.08941,-4.08941,4.08941,4.08941,0,-5.7833
274.032,-4.49878,-4.49878,4.49878,4.49878,0,-6.36223
274.065,-4.79108,-4.79108,4.79108,4.79108,0,-6.77561
274.098,-4.95871,-4.95871,4.95871,4.95871,0,-7.01267
274.131,-4.9973,-4.9973,4.9973,4.9973,0,-7.06725
274.164,-4.90585,-4.90585,4.90585,4.90585,0,-6.93792
274.197,-4.68674,-4.68674,4.68674,4.68674,0,-6.62805
274.23,-4.34567,-4.34567,4.34567,4.34567,0,-6.1457
274.263,-3.89151,-3.89151,3.89151,3.89151,0,-5.50343
274.296,-3.33609,-3.33609,3.33609,3.33609,0,-4.71795
274.329,-2.69386,-2.69386,2.69386,2.69386,0,-3.80969
274.362,-1.98153,-1.98153,1.98153,1.98153,0,-2.8023
274.395,-1.21763,-1.21763,1.21763,1.21763,0,-1.72199
274.428,-0.422047,-0.422047,0.422047,0.422047,0,-0.596865
274.461,0.384517,0.384517,-0.384517,-0.384517,0,0.543789
274.494,1.18108,1.18108,-1.18108,-1.18108,0,1.67029
274.527,1.9469,1.9469,-1.9469,-1.9469,0,2.75333
274.56,2.66206,2.66206,-2.66206,-2.66206,0,3.76472
274.593,3.30795,3.30795,-3.30795,-3.30795,0,4.67815
274.626,3.86776,3.86776,-3.86776,-3.86776,0,5.46984
274.659,4.32692,4.32692,-4.32692,-4.32692,0,6.11919
274.692,4.67348,4.67348,-4.67348,-4.67348,0,6.60931
274.725,4.89844,4.89844,-4.89844,-4.89844,0,6.92743
274.758,4.99592,4.99592,-4.99592,-4.99592,0,7.06529
274.791,4.9634,4.9634,-4.9634,-4.9634,0,7.0193
274.824,4.80171,4.80171,-4.80171,-4.80171,0,6.79065
274.857,4.51508,4.51508,-4.51508,-4.51508,0,6.38529
274.89,4.11096,4.11096,-4.11096,-4.11096,0,5.81377
274.923,3.59986,3.59986,-3.59986,-3.59986,0,5.09097
274.956,2.99508,2.99508,-2.99508,-2.99508,0,4.23568
274.989,2.31236,2.31236,-2.31236,-2.31236,0,3.27017
275.022,1.56947,1.56947,-1.56947,-1.56947,0,2.21957
275.055,0.785744,0.785744,-0.785744,-0.785744,0,1.11121
275.088,-0.0184324,-0.0184324,0.0184324,0.0184324,0,-0.0260674
275.121,-0.822129,-0.822129,0.822129,0.822129,0,-1.16267
275.154,-1.60443,-1.60443,1.60443,1.60443,0,-2.26901
275.187,-2.34499,-2.34499,2.34499,2.34499,0,-3.31631
275.22,-3.02452,-3.02452,3.02452,3.02452,0,-4.27731
275.253,-3.62534,-3.62534,3.62534,3.62534,0,-5.12701
275.286,-4.13183,-4.13183,4.13183,4.13183,0,-5.84329
275.319,-4.5308,-4.5308,4.5308,4.5308,0,-6.40751
275.352,-4.81186,-4.81186,4.81186,4.81186,0,-6.805
275.385,-4.96771,-4.96771,4.96771,4.96771,0,-7.02541
275.418,-4.99429,-4.99429,4.99429,4.99429,0,-7.063
275.451,-4.89091,-4.89091,4.89091,4.89091,0,-6.91679
275.484,-4.66025,-4.66025,4.66025,4.66025,0,-6.5906
275.517,-4.30833,-4.30833,4.30833,4.30833,0,-6.0929
275.55,-3.84429,-3.84429,3.84429,3.84429,0,-5.43665
275.583,-3.28022,-3.28022,3.28022,3.28022,0,-4.63893
275.616,-2.63078,-2.63078,2.63078,2.63078,0,-3.72049
275.649,-1.91289,-1.91289,1.91289,1.91289,0,-2.70524
275.682,-1.14522,-1.14522,1.14522,1.14522,0,-1.61959
275.715,-0.347751,-0.347751,0.347751,0.347751,0,-0.491794
275.748,0.458769,0.458769,-0.458769,-0.458769,0,0.648797
275.781,1.25335,1.25335,-1.25335,-1.25335,0,1.77251
275.814,2.01532,2.01532,-2.01532,-2.01532,0,2.85009
275.847,2.72484,2.72484,-2.72484,-2.72484,0,3.85351
275.88,3.36346,3.36346,-3.36346,-3.36346,0,4.75665
275.913,3.91455,3.91455,-3.91455,-3.91455,0,5.53601
275.946,4.36378,4.36378,-4.36378,-4.36378,0,6.17132
275.979,4.69945,4.69945,-4.69945,-4.69945,0,6.64603
276.012,4.91283,4.91283,-4.91283,-4.91283,0,6.9478
276.045,4.99837,4.99837,-4.99837,-4.99837,0,7.06877
276.078,4.95384,4.95384,-4.95384,-4.95384,0,7.00579
276.111,4.7804,4.7804,-4.7804,-4.7804,0,6.76051
276.144,4.48257,4.48257,-4.48257,-4.48257,0,6.33931
276.177,4.06809,4.06809,-4.06809,-4.06809,0,5.75314
276.21,3.54774,3.54774,-3.54774,-3.54774,0,5.01727
276.243,2.93508,2.93508,-2.93508,-2.93508,0,4.15083
276.276,2.24604,2.24604,-2.24604,-2.24604,0,3.17638
276.309,1.49855,1.49855,-1.49855,-1.49855,0,2.11927
276.342,0.712067,0.712067,-0.712067,-0.712067,0,1.00702
276.375,-0.0929453,-0.0929453,0.0929453,0.0929453,0,-0.131444
276.408,-0.895539,-0.895539,0.895539,0.895539,0,-1.26648
276.441,-1.67483,-1.67483,1.67483,1.67483,0,-2.36857
276.474,-2.41054,-2.41054,2.41054,2.41054,0,-3.40901
276.507,-3.08352,-3.08352,3.08352,3.08352,0,-4.36075
276.54,-3.67626,-3.67626,3.67626,3.67626,0,-5.19901
276.573,-4.17333,-4.17333,4.17333,4.17333,0,-5.90198
276.606,-4.56181,-4.56181,4.56181,4.56181,0,-6.45137
276.639,-4.83158,-4.83158,4.83158,4.83158,0,-6.83288
276.672,-4.97562,-4.97562,4.97562,4.97562,0,-7.03658
276.705,-4.99018,-4.99018,4.99018,4.99018,0,-7.05718
276.738,-4.87489,-4.87489,4.87489,4.87489,0,-6.89413
276.771,-4.63274,-4.63274,4.63274,4.63274,0,-6.55168
276.804,-4.27004,-4.27004,4.27004,4.27004,0,-6.03874
276.837,-3.79622,-3.79622,3.79622,3.79622,0,-5.36866
276.87,-3.22361,-3.22361,3.22361,3.22361,0,-4.55888
276.903,-2.56712,-2.56712,2.56712,2.56712,0,-3.63046
276.936,-1.84383,-1.84383,1.84383,1.84383,0,-2.60757
276.969,-1.07256,-1.07256,1.07256,1.07256,0,-1.51683
277.002,-0.273378,-0.273378,0.273378,0.273378,0,-0.386614
277.035,0.532919,0.532919,-0.532919,-0.532919,0,0.753661
277.068,1.32535,1.32535,-1.32535,-1.32535,0,1.87433
277.101,2.08329,2.08329,-2.08329,-2.08329,0,2.94621
277.134,2.78702,2.78702,-2.78702,-2.78702,0,3.94144
277.167,3.41822,3.41822,-3.41822,-3.41822,0,4.8341
277.2,3.96048,3.96048,-3.96048,-3.96048,0,5.60096
277.233,4.39967,4.39967,-4.39967,-4.39967,0,6.22207
277.266,4.72438,4.72438,-4.72438,-4.72438,0,6.68128
277.299,4.92614,4.92614,-4.92614,-4.92614,0,6.96662
277.332,4.99972,4.99972,-4.99972,-4.99972,0,7.07067
277.365,4.94319,4.94319,-4.94319,-4.94319,0,6.99073
277.398,4.75803,4.75803,-4.75803,-4.75803,0,6.72887
277.431,4.44906,4.44906,-4.44906,-4.44906,0,6.29192
277.464,4.02431,4.02431,-4.02431,-4.02431,0,5.69123
277.497,3.49484,3.49484,-3.49484,-3.49484,0,4.94245
277.53,2.87443,2.87443,-2.87443,-2.87443,0,4.06505
277.563,2.17921,2.17921,-2.17921,-2.17921,0,3.08187
277.596,1.42729,1.42729,-1.42729,-1.42729,0,2.0185
277.629,0.638233,0.638233,-0.638233,-0.638233,0,0.902597
277.662,-0.167437,-0.167437,0.167437,0.167437,0,-0.236792
277.695,-0.96875,-0.96875,0.96875,0.96875,0,-1.37002
277.728,-1.74485,-1.74485,1.74485,1.74485,0,-2.4676
277.761,-2.47555,-2.47555,2.47555,2.47555,0,-3.50096
277.794,-3.14183,-3.14183,3.14183,3.14183,0,-4.44322
277.827,-3.72635,-3.72635,3.72635,3.72635,0,-5.26986
277.86,-4.21391,-4.21391,4.21391,4.21391,0,-5.95937
277.893,-4.59181,-4.59181,4.59181,4.59181,0,-6.4938
277.926,-4.85022,-4.85022,4.85022,4.85022,0,-6.85924
277.959,-4.98241,-4.98241,4.98241,4.98241,0,-7.0462
277.992,-4.98496,-4.98496,4.98496,4.98496,0,-7.04979
278.025,-4.85778,-4.85778,4.85778,4.85778,0,-6.86994
278.058,-4.60419,-4.60419,4.60419,4.60419,0,-6.51131
278.091,-4.23079,-4.23079,4.23079,4.23079,0,-5.98325
278.124,-3.7473,-3.7473,3.7473,3.7473,0,-5.29948
278.157,-3.1663,-3.1663,3.1663,3.1663,0,-4.47782
278.19,-2.5029,-2.5029,2.5029,2.5029,0,-3.53963
278.223,-1.77436,-1.77436,1.77436,1.77436,0,-2.50933
278.256,-0.99966,-0.99966,0.99966,0.99966,0,-1.41373
278.289,-0.198943,-0.198943,0.198943,0.198943,0,-0.281348
278.322,0.606951,0.606951,-0.606951,-0.606951,0,0.858358
278.355,1.39705,1.39705,-1.39705,-1.39705,0,1.97573
278.388,2.1508,2.1508,-2.1508,-2.1508,0,3.04169
278.421,2.84857,2.84857,-2.84857,-2.84857,0,4.02849
278.454,3.47222,3.47222,-3.47222,-3.47222,0,4.91047
278.487,4.00552,4.00552,-4.00552,-4.00552,0,5.66466
278.52,4.43458,4.43458,-4.43458,-4.43458,0,6.27145
278.553,4.74825,4.74825,-4.74825,-4.74825,0,6.71504
278.586,4.93836,4.93836,-4.93836,-4.93836,0,6.98389
278.619,4.99995,4.99995,-4.99995,-4.99995,0,7.071
278.652,4.93144,4.93144,-4.93144,-4.93144,0,6.97411
278.685,4.7346,4.7346,-4.7346,-4.7346,0,6.69574
278.718,4.41456,4.41456,-4.41456,-4.41456,0,6.24313
278.751,3.97964,3.97964,-3.97964,-3.97964,0,5.62806
278.784,3.44116,3.44116,-3.44116,-3.44116,0,4.86654
278.817,2.81314,2.81314,-2.81314,-2.81314,0,3.97838
278.85,2.11191,2.11191,-2.11191,-2.11191,0,2.98669
278.883,1.35572,1.35572,-1.35572,-1.35572,0,1.91728
278.916,0.564256,0.564256,-0.564256,-0.564256,0,0.797978
278.949,-0.241892,-0.241892,0.241892,0.241892,0,-0.342088
278.982,-1.04175,-1.04175,1.04175,1.04175,0,-1.47325
279.015,-1.81449,-1.81449,1.81449,1.81449,0,-2.56608
279.048,-2.54002,-2.54002,2.54002,2.54002,0,-3.59213
279.081,-3.19945,-3.19945,3.19945,3.19945,0,-4.52471
279.114,-3.77562,-3.77562,3.77562,3.77562,0,-5.33954
279.147,-4.25355,-4.25355,4.25355,4.25355,0,-6.01543
279.18,-4.62079,-4.62079,4.62079,4.62079,0,-6.53478
279.213,-4.86778,-4.86778,4.86778,4.86778,0,-6.88408
279.246,-4.9881,-4.9881,4.9881,4.9881,0,-7.05424
279.279,-4.97863,-4.97863,4.97863,4.97863,0,-7.04084
279.312,-4.83959,-4.83959,4.83959,4.83959,0,-6.84422
279.345,-4.57462,-4.57462,4.57462,4.57462,0,-6.4695
279.378,-4.19061,-4.19061,4.19061,4.19061,0,-5.92642
279.411,-3.69755,-3.69755,3.69755,3.69755,0,-5.22913
279.444,-3.10827,-3.10827,3.10827,3.10827,0,-4.39576
279.477,-2.43811,-2.43811,2.43811,2.43811,0,-3.44801
279.51,-1.7045,-1.7045,1.7045,1.7045,0,-2.41053
279.543,-0.926539,-0.926539,0.926539,0.926539,0,-1.31032
279.576,-0.124465,-0.124465,0.124465,0.124465,0,-0.17602
279.609,0.680848,0.680848,-0.680848,-0.680848,0,0.962864
279.642,1.46844,1.46844,-1.46844,-1.46844,0,2.07669
279.675,2.21783,2.21783,-2.21783,-2.21783,0,3.13648
279.708,2.9095,2.9095,-2.9095,-2.9095,0,4.11465
279.741,3.52546,3.52546,-3.52546,-3.52546,0,4.98575
279.774,4.04967,4.04967,-4.04967,-4.04967,0,5.72711
279.807,4.46851,4.46851,-4.46851,-4.46851,0,6.31943
279.84,4.77107,4.77107,-4.77107,-4.77107,0,6.74731
279.873,4.94947,4.94947,-4.94947,-4.94947,0,6.99961
279.906,4.99908,4.99908,-4.99908,-4.99908,0,7.06976
279.939,4.9186,4.9186,-4.9186,-4.9186,0,6.95595
279.972,4.71012,4.71012,-4.71012,-4.71012,0,6.66112
280.005,4.37908,4.37908,-4.37908,-4.37908,0,6.19296
280.038,3.93409,3.93409,-3.93409,-3.93409,0,5.56364
280.071,3.38672,3.38672,-3.38672,-3.38672,0,4.78955
280.104,2.75122,2.75122,-2.75122,-2.75122,0,3.89081
280.137,2.04413,2.04413,-2.04413,-2.04413,0,2.89084
280.17,1.28385,1.28385,-1.28385,-1.28385,0,1.81563
280.203,0.490154,0.490154,-0.490154,-0.490154,0,0.693182
280.236,-0.316294,-0.316294,0.316294,0.316294,0,-0.447307
280.269,-1.11451,-1.11451,1.11451,1.11451,0,-1.57616
280.302,-1.88373,-1.88373,1.88373,1.88373,0,-2.66399
280.335,-2.60392,-2.60392,2.60392,2.60392,0,-3.6825
280.368,-3.25636,-3.25636,3.25636,3.25636,0,-4.60519
280.401,-3.82406,-3.82406,3.82406,3.82406,0,-5.40803
280.434,-4.29224,-4.29224,4.29224,4.29224,0,-6.07015
280.467,-4.64874,-4.64874,4.64874,4.64874,0,-6.57431
280.5,-4.88426,-4.88426,4.88426,4.88426,0,-6.90739
280.533,-4.99269,-4.99269,4.99269,4.99269,0,-7.06073
280.566,-4.97119,-4.97119,4.97119,4.97119,0,-7.03033
280.599,-4.82033,-4.82033,4.82033,4.82033,0,-6.81698
280.632,-4.54404,-4.54404,4.54404,4.54404,0,-6.42624
280.665,-4.1495,-4.1495,4.1495,4.1495,0,-5.86828
280.698,-3.64698,-3.64698,3.64698,3.64698,0,-5.15761
280.731,-3.04956,-3.04956,3.04956,3.04956,0,-4.31273
280.764,-2.37278,-2.37278,2.37278,2.37278,0,-3.35562
280.797,-1.63426,-1.63426,1.63426,1.63426,0,-2.31119
280.83,-0.853211,-0.853211,0.853211,0.853211,0,-1.20662
280.863,-0.0499586,-0.0499586,0.0499586,0.0499586,0,-0.0706522
280.896,0.754594,0.754594,-0.754594,-0.754594,0,1.06716
280.929,1.53951,1.53951,-1.53951,-1.53951,0,2.1772
280.962,2.28436,2.28436,-2.28436,-2.28436,0,3.23058
280.995,2.96977,2.96977,-2.96977,-2.96977,0,4.1999
281.028,3.5779,3.5779,-3.5779,-3.5779,0,5.05992
281.061,4.09293,4.09293,-4.09293,-4.09293,0,5.78828
281.094,4.50145,4.50145,-4.50145,-4.50145,0,6.36601
281.127,4.79283,4.79283,-4.79283,-4.79283,0,6.77808
281.16,4.95949,4.95949,-4.95949,-4.95949,0,7.01378
281.193,4.99709,4.99709,-4.99709,-4.99709,0,7.06696
281.226,4.90466,4.90466,-4.90466,-4.90466,0,6.93624
281.259,4.6846,4.6846,-4.6846,-4.6846,0,6.62502
281.292,4.34263,4.34263,-4.34263,-4.34263,0,6.14141
281.325,3.88766,3.88766,-3.88766,-3.88766,0,5.49798
281.358,3.33153,3.33153,-3.33153,-3.33153,0,4.71149
281.391,2.6887,2.6887,-2.6887,-2.6887,0,3.80239
281.424,1.9759,1.9759,-1.9759,-1.9759,0,2.79434
281.457,1.21169,1.21169,-1.21169,-1.21169,0,1.71358
281.49,0.415943,0.415943,-0.415943,-0.415943,0,0.588232
281.523,-0.390625,-0.390625,0.390625,0.390625,0,-0.552427
281.556,-1.18703,-1.18703,1.18703,1.18703,0,-1.67871
281.589,-1.95254,-1.95254,1.95254,1.95254,0,-2.76131
281.622,-2.66725,-2.66725,2.66725,2.66725,0,-3.77205
281.655,-3.31254,-3.31254,3.31254,3.31254,0,-4.68464
281.688,-3.87164,-3.87164,3.87164,3.87164,0,-5.47532
281.721,-4.32999,-4.32999,4.32999,4.32999,0,-6.12353
281.754,-4.67566,-4.67566,4.67566,4.67566,0,-6.61238
281.787,-4.89966,-4.89966,4.89966,4.89966,0,-6.92917
281.82,-4.99616,-4.99616,4.99616,4.99616,0,-7.06564
281.853,-4.96265,-4.96265,4.96265,4.96265,0,-7.01825
281.886,-4.8,-4.8,4.8,4.8,0,-6.78823
281.919,-4.51245,-4.51245,4.51245,4.51245,0,-6.38156
281.952,-4.10747,-4.10747,4.10747,4.10747,0,-5.80884
281.985,-3.5956,-3.5956,3.5956,3.5956,0,-5.08495
282.018,-2.99017,-2.99017,2.99017,2.99017,0,-4.22874
282.051,-2.30693,-2.30693,2.30693,2.30693,0,-3.26249
282.084,-1.56366,-1.56366,1.56366,1.56366,0,-2.21134
282.117,-0.779694,-0.779694,0.779694,0.779694,0,-1.10265
282.15,0.0245586,0.0245586,-0.0245586,-0.0245586,0,0.0347311
282.183,0.828172,0.828172,-0.828172,-0.828172,0,1.17121
282.216,1.61023,1.61023,-1.61023,-1.61023,0,2.27721
282.249,2.35039,2.35039,-2.35039,-2.35039,0,3.32396
282.282,3.02939,3.02939,-3.02939,-3.02939,0,4.28421
282.315,3.62956,3.62956,-3.62956,-3.62956,0,5.13297
282.348,4.13528,4.13528,-4.13528,-4.13528,0,5.84816
282.381,4.53338,4.53338,-4.53338,-4.53338,0,6.41117
282.414,4.81352,4.81352,-4.81352,-4.81352,0,6.80735
282.447,4.9684,4.9684,-4.9684,-4.9684,0,7.02638
282.48,4.994,4.994,-4.994,-4.994,0,7.06258
282.513,4.88963,4.88963,-4.88963,-4.88963,0,6.91499
282.546,4.65803,4.65803,-4.65803,-4.65803,0,6.58745
282.579,4.30522,4.30522,-4.30522,-4.30522,0,6.0885
282.612,3.84037,3.84037,-3.84037,-3.84037,0,5.43111
282.645,3.27559,3.27559,-3.27559,-3.27559,0,4.63238
282.678,2.62557,2.62557,-2.62557,-2.62557,0,3.71312
282.711,1.90723,1.90723,-1.90723,-1.90723,0,2.69723
282.744,1.13926,1.13926,-1.13926,-1.13926,0,1.61115
282.777,0.341639,0.341639,-0.341639,-0.341639,0,0.483151
282.81,-0.464869,-0.464869,0.464869,0.464869,0,-0.657424
282.843,-1.25928,-1.25928,1.25928,1.25928,0,-1.78089
282.876,-2.02092,-2.02092,2.02092,2.02092,0,-2.85802
282.909,-2.72998,-2.72998,2.72998,2.72998,0,-3.86077
282.942,-3.36799,-3.36799,3.36799,3.36799,0,-4.76306
282.975,-3.91836,-3.91836,3.91836,3.91836,0,-5.5414
283.008,-4.36677,-4.36677,4.36677,4.36677,0,-6.17554
283.041,-4.70154,-4.70154,4.70154,4.70154,0,-6.64898
283.074,-4.91397,-4.91397,4.91397,4.91397,0,-6.9494
283.107,-4.99853,-4.99853,4.99853,4.99853,0,-7.06898
283.14,-4.95301,-4.95301,4.95301,4.95301,0,-7.00461
283.173,-4.77861,-4.77861,4.77861,4.77861,0,-6.75797
283.206,-4.47985,-4.47985,4.47985,4.47985,0,-6.33547
283.239,-4.06452,-4.06452,4.06452,4.06452,0,-5.7481
283.272,-3.54342,-3.54342,3.54342,3.54342,0,-5.01116
283.305,-2.93012,-2.93012,2.93012,2.93012,0,-4.14381
283.338,-2.24056,-2.24056,2.24056,2.24056,0,-3.16863
283.371,-1.4927,-1.4927,1.4927,1.4927,0,-2.111
283.404,-0.706003,-0.706003,0.706003,0.706003,0,-0.998439
283.437,0.0990704,0.0990704,-0.0990704,-0.0990704,0,0.140107
283.47,0.901566,0.901566,-0.901566,-0.901566,0,1.27501
283.503,1.6806,1.6806,-1.6806,-1.6806,0,2.37673
283.536,2.4159,2.4159,-2.4159,-2.4159,0,3.4166
283.569,3.08834,3.08834,-3.08834,-3.08834,0,4.36757
283.602,3.68041,3.68041,-3.68041,-3.68041,0,5.20488
283.635,4.1767,4.1767,-4.1767,-4.1767,0,5.90675
283.668,4.56431,4.56431,-4.56431,-4.56431,0,6.45491
283.701,4.83315,4.83315,-4.83315,-4.83315,0,6.83511
283.734,4.97622,4.97622,-4.97622,-4.97622,0,7.03743
283.767,4.98979,4.98979,-4.98979,-4.98979,0,7.05663
283.8,4.87352,4.87352,-4.87352,-4.87352,0,6.8922
283.833,4.63043,4.63043,-4.63043,-4.63043,0,6.54842
283.866,4.26685,4.26685,-4.26685,-4.26685,0,6.03423
283.899,3.79223,3.79223,-3.79223,-3.79223,0,5.36302
283.932,3.21893,3.21893,-3.21893,-3.21893,0,4.55225
283.965,2.56187,2.56187,-2.56187,-2.56187,0,3.62302
283.998,1.83814,1.83814,-1.83814,-1.83814,0,2.59952
284.031,1.06658,1.06658,-1.06658,-1.06658,0,1.50837
284.064,0.26726,0.26726,-0.26726,-0.26726,0,0.377963
284.097,-0.53901,-0.53901,0.53901,0.53901,0,-0.762275
284.13,-1.33125,-1.33125,1.33125,1.33125,0,-1.88268
284.163,-2.08886,-2.08886,2.08886,2.08886,0,-2.95409
284.196,-2.7921,-2.7921,2.7921,2.7921,0,-3.94863
284.229,-3.42269,-3.42269,3.42269,3.42269,0,-4.84041
284.262,-3.96421,-3.96421,3.96421,3.96421,0,-5.60624
284.295,-4.40258,-4.40258,4.40258,4.40258,0,-6.22619
284.328,-4.72638,-4.72638,4.72638,4.72638,0,-6.68411
284.361,-4.92719,-4.92719,4.92719,4.92719,0,-6.96809
284.394,-4.99978,-4.99978,4.99978,4.99978,0,-7.07076
284.427,-4.94227,-4.94227,4.94227,4.94227,0,-6.98942
284.46,-4.75615,-4.75615,4.75615,4.75615,0,-6.72621
284.493,-4.44626,-4.44626,4.44626,4.44626,0,-6.28796
284.526,-4.02067,-4.02067,4.02067,4.02067,0,-5.68609
284.559,-3.49046,-3.49046,3.49046,3.49046,0,-4.93625
284.592,-2.86941,-2.86941,2.86941,2.86941,0,-4.05796
284.625,-2.1737,-2.1737,2.1737,2.1737,0,-3.07407
284.658,-1.42142,-1.42142,1.42142,1.42142,0,-2.01019
284.691,-0.632156,-0.632156,0.632156,0.632156,0,-0.894003
284.724,0.17356,0.17356,-0.17356,-0.17356,0,0.245451
284.757,0.97476,0.97476,-0.97476,-0.97476,0,1.37852
284.79,1.75059,1.75059,-1.75059,-1.75059,0,2.47571
284.823,2.48087,2.48087,-2.48087,-2.48087,0,3.50849
284.856,3.1466,3.1466,-3.1466,-3.1466,0,4.44996
284.889,3.73044,3.73044,-3.73044,-3.73044,0,5.27563
284.922,4.2172,4.2172,-4.2172,-4.2172,0,5.96403
284.955,4.59423,4.59423,-4.59423,-4.59423,0,6.49722
284.988,4.8517,4.8517,-4.8517,-4.8517,0,6.86134
285.021,4.98292,4.98292,-4.98292,-4.98292,0,7.04692
285.054,4.98448,4.98448,-4.98448,-4.98448,0,7.04912
285.087,4.85633,4.85633,-4.85633,-4.85633,0,6.86788
285.12,4.6018,4.6018,-4.6018,-4.6018,0,6.50793
285.153,4.22753,4.22753,-4.22753,-4.22753,0,5.97862
285.186,3.74324,3.74324,-3.74324,-3.74324,0,5.29374
285.219,3.16155,3.16155,-3.16155,-3.16155,0,4.47111
285.252,2.49759,2.49759,-2.49759,-2.49759,0,3.53213
285.285,1.76864,1.76864,-1.76864,-1.76864,0,2.50123
285.318,0.993657,0.993657,-0.993657,-0.993657,0,1.40524
285.351,0.192822,0.192822,-0.192822,-0.192822,0,0.272691
285.384,-0.613031,-0.613031,0.613031,0.613031,0,-0.866957
285.417,-1.40293,-1.40293,1.40293,1.40293,0,-1.98405
285.45,-2.15633,-2.15633,2.15633,2.15633,0,-3.0495
285.483,-2.85361,-2.85361,2.85361,2.85361,0,-4.03561
285.516,-3.47663,-3.47663,3.47663,3.47663,0,-4.9167
285.549,-4.00918,-4.00918,4.00918,4.00918,0,-5.66984
285.582,-4.43741,-4.43741,4.43741,4.43741,0,-6.27545
285.615,-4.75017,-4.75017,4.75017,4.75017,0,-6.71775
285.648,-4.93931,-4.93931,4.93931,4.93931,0,-6.98524
285.681,-4.99992,-4.99992,4.99992,4.99992,0,-7.07096
285.714,-4.93043,-4.93043,4.93043,4.93043,0,-6.97268
285.747,-4.73263,-4.73263,4.73263,4.73263,0,-6.69295
285.78,-4.41168,-4.41168,4.41168,4.41168,0,-6.23906
285.813,-3.97593,-3.97593,3.97593,3.97593,0,-5.62281
285.846,-3.43672,-3.43672,3.43672,3.43672,0,-4.86025
285.879,-2.80807,-2.80807,2.80807,2.80807,0,-3.97121
285.912,-2.10635,-2.10635,2.10635,2.10635,0,-2.97883
285.945,-1.34982,-1.34982,1.34982,1.34982,0,-1.90894
285.978,-0.558168,-0.558168,0.558168,0.558168,0,-0.789369
286.011,0.248011,0.248011,-0.248011,-0.248011,0,0.350741
286.044,1.04774,1.04774,-1.04774,-1.04774,0,1.48172
286.077,1.8202,1.8202,-1.8202,-1.8202,0,2.57415
286.11,2.54529,2.54529,-2.54529,-2.54529,0,3.59959
286.143,3.20416,3.20416,-3.20416,-3.20416,0,4.53136
286.176,3.77964,3.77964,-3.77964,-3.77964,0,5.34522
286.209,4.25677,4.25677,-4.25677,-4.25677,0,6.01998
286.242,4.62312,4.62312,-4.62312,-4.62312,0,6.53808
286.275,4.86918,4.86918,-4.86918,-4.86918,0,6.88606
286.308,4.98852,4.98852,-4.98852,-4.98852,0,7.05484
286.341,4.97806,4.97806,-4.97806,-4.97806,0,7.04004
286.374,4.83805,4.83805,-4.83805,-4.83805,0,6.84204
286.407,4.57215,4.57215,-4.57215,-4.57215,0,6.46599
286.44,4.18727,4.18727,-4.18727,-4.18727,0,5.92169
286.473,3.69343,3.69343,-3.69343,-3.69343,0,5.22329
286.506,3.10347,3.10347,-3.10347,-3.10347,0,4.38897
286.539,2.43276,2.43276,-2.43276,-2.43276,0,3.44044
286.572,1.69874,1.69874,-1.69874,-1.69874,0,2.40238
286.605,0.920518,0.920518,-0.920518,-0.920518,0,1.30181
286.638,0.11834,0.11834,-0.11834,-0.11834,0,0.167358
286.671,-0.686917,-0.686917,0.686917,0.686917,0,-0.971447
286.704,-1.4743,-1.4743,1.4743,1.4743,0,-2.08497
286.737,-2.22332,-2.22332,2.22332,2.22332,0,-3.14424
286.77,-2.91448,-2.91448,2.91448,2.91448,0,-4.12169
286.803,-3.5298,-3.5298,3.5298,3.5298,0,-4.99189
286.836,-4.05326,-4.05326,4.05326,4.05326,0,-5.73218
286.869,-4.47126,-4.47126,4.47126,4.47126,0,-6.32331
286.902,-4.7729,-4.7729,4.7729,4.7729,0,-6.7499
286.935,-4.95034,-4.95034,4.95034,4.95034,0,-7.00083
286.968,-4.99896,-4.99896,4.99896,4.99896,0,-7.06959
287.001,-4.91749,-4.91749,4.91749,4.91749,0,-6.95439
287.034,-4.70807,-4.70807,4.70807,4.70807,0,-6.65821
287.067,-4.37612,-4.37612,4.37612,4.37612,0,-6.18877
287.1,-3.9303,-3.9303,3.9303,3.9303,0,-5.55829
287.133,-3.38221,-3.38221,3.38221,3.38221,0,-4.78317
287.166,-2.7461,-2.7461,2.7461,2.7461,0,-3.88358
287.199,-2.03854,-2.03854,2.03854,2.03854,0,-2.88293
287.232,-1.27792,-1.27792,1.27792,1.27792,0,-1.80726
287.265,-0.484057,-0.484057,0.484057,0.484057,0,-0.684559
287.298,0.322408,0.322408,-0.322408,-0.322408,0,0.455953
287.331,1.12048,1.12048,-1.12048,-1.12048,0,1.5846
287.364,1.8894,1.8894,-1.8894,-1.8894,0,2.67201
287.397,2.60915,2.60915,-2.60915,-2.60915,0,3.68989
287.43,3.261,3.261,-3.261,-3.261,0,4.61176
287.463,3.828,3.828,-3.828,-3.828,0,5.41361
287.496,4.29538,4.29538,-4.29538,-4.29538,0,6.07459
287.529,4.65099,4.65099,-4.65099,-4.65099,0,6.57749
287.562,4.88557,4.88557,-4.88557,-4.88557,0,6.90924
287.595,4.99301,4.99301,-4.99301,-4.99301,0,7.06119
287.628,4.97053,4.97053,-4.97053,-4.97053,0,7.02939
287.661,4.8187,4.8187,-4.8187,-4.8187,0,6.81467
287.694,4.54148,4.54148,-4.54148,-4.54148,0,6.42262
287.727,4.14608,4.14608,-4.14608,-4.14608,0,5.86344
287.76,3.64279,3.64279,-3.64279,-3.64279,0,5.15168
287.793,3.0447,3.0447,-3.0447,-3.0447,0,4.30586
287.826,2.36739,2.36739,-2.36739,-2.36739,0,3.34799
287.859,1.62847,1.62847,-1.62847,-1.62847,0,2.303
287.892,0.847174,0.847174,-0.847174,-0.847174,0,1.19808
287.925,0.0438326,0.0438326,-0.0438326,-0.0438326,0,0.0619887
287.958,-0.760649,-0.760649,0.760649,0.760649,0,-1.07572
287.991,-1.54534,-1.54534,1.54534,1.54534,0,-2.18544
288.024,-2.28981,-2.28981,2.28981,2.28981,0,-3.23828
288.057,-2.9747,-2.9747,2.9747,2.9747,0,-4.20686
288.09,-3.58218,-3.58218,3.58218,3.58218,0,-5.06597
288.123,-4.09645,-4.09645,4.09645,4.09645,0,-5.79325
288.156,-4.50411,-4.50411,4.50411,4.50411,0,-6.36978
288.189,-4.79457,-4.79457,4.79457,4.79457,0,-6.78055
288.222,-4.96026,-4.96026,4.96026,4.96026,0,-7.01487
288.255,-4.99688,-4.99688,4.99688,4.99688,0,-7.06665
288.288,-4.90347,-4.90347,4.90347,4.90347,0,-6.93455
288.321,-4.68245,-4.68245,4.68245,4.68245,0,-6.62199
288.354,-4.33959,-4.33959,4.33959,4.33959,0,-6.13711
288.387,-3.88381,-3.88381,3.88381,3.88381,0,-5.49253
288.42,-3.32695,-3.32695,3.32695,3.32695,0,-4.70502
288.453,-2.68353,-2.68353,2.68353,2.68353,0,-3.79508
288.486,-1.97027,-1.97027,1.97027,1.97027,0,-2.78638
288.519,-1.20574,-1.20574,1.20574,1.20574,0,-1.70518
288.552,-0.409837,-0.409837,0.409837,0.409837,0,-0.579598
288.585,0.396732,0.396732,-0.396732,-0.396732,0,0.561064
288.618,1.19298,1.19298,-1.19298,-1.19298,0,1.68713
288.651,1.95818,1.95818,-1.95818,-1.95818,0,2.76928
288.684,2.67242,2.67242,-2.67242,-2.67242,0,3.77938
288.717,3.31713,3.31713,-3.31713,-3.31713,0,4.69113
288.75,3.87551,3.87551,-3.87551,-3.87551,0,5.4808
288.783,4.33305,4.33305,-4.33305,-4.33305,0,6.12785
288.816,4.67783,4.67783,-4.67783,-4.67783,0,6.61544
288.849,4.90088,4.90088,-4.90088,-4.90088,0,6.93089
288.882,4.9964,4.9964,-4.9964,-4.9964,0,7.06597
288.915,4.9619,4.9619,-4.9619,-4.9619,0,7.01719
288.948,4.79828,4.79828,-4.79828,-4.79828,0,6.7858
288.981,4.5098,4.5098,-4.5098,-4.5098,0,6.37783
289.014,4.10397,4.10397,-4.10397,-4.10397,0,5.80389
289.047,3.59134,3.59134,-3.59134,-3.59134,0,5.07892
289.08,2.98526,2.98526,-2.98526,-2.98526,0,4.22179
289.113,2.30149,2.30149,-2.30149,-2.30149,0,3.2548
289.146,1.55784,1.55784,-1.55784,-1.55784,0,2.20311
289.179,0.773642,0.773642,-0.773642,-0.773642,0,1.09409
289.212,-0.0306848,-0.0306848,0.0306848,0.0306848,0,-0.0433948
289.245,-0.834213,-0.834213,0.834213,0.834213,0,-1.17975
289.278,-1.61603,-1.61603,1.61603,1.61603,0,-2.28542
289.311,-2.3558,-2.3558,2.3558,2.3558,0,-3.3316
289.344,-3.03426,-3.03426,3.03426,3.03426,0,-4.2911
289.377,-3.63377,-3.63377,3.63377,3.63377,0,-5.13893
289.41,-4.13872,-4.13872,4.13872,4.13872,0,-5.85303
289.443,-4.53596,-4.53596,4.53596,4.53596,0,-6.41482
289.476,-4.81518,-4.81518,4.81518,4.81518,0,-6.80969
289.509,-4.96909,-4.96909,4.96909,4.96909,0,-7.02735
289.542,-4.99369,-4.99369,4.99369,4.99369,0,-7.06215
289.575,-4.88835,-4.88835,4.88835,4.88835,0,-6.91317
289.608,-4.6558,-4.6558,4.6558,4.6558,0,-6.5843
289.641,-4.3021,-4.3021,4.3021,4.3021,0,-6.08409
289.674,-3.83645,-3.83645,3.83645,3.83645,0,-5.42555
289.707,-3.27096,-3.27096,3.27096,3.27096,0,-4.62584
289.74,-2.62036,-2.62036,2.62036,2.62036,0,-3.70574
289.773,-1.90157,-1.90157,1.90157,1.90157,0,-2.68922
289.806,-1.13329,-1.13329,1.13329,1.13329,0,-1.60272
289.839,-0.335527,-0.335527,0.335527,0.335527,0,-0.474507
289.872,0.470968,0.470968,-0.470968,-0.470968,0,0.66605
289.905,1.26521,1.26521,-1.26521,-1.26521,0,1.78928
289.938,2.02653,2.02653,-2.02653,-2.02653,0,2.86594
289.971,2.73511,2.73511,-2.73511,-2.73511,0,3.86803
290.004,3.37252,3.37252,-3.37252,-3.37252,0,4.76946
290.037,3.92216,3.92216,-3.92216,-3.92216,0,5.54678
290.07,4.36975,4.36975,-4.36975,-4.36975,0,6.17976
290.103,4.70362,4.70362,-4.70362,-4.70362,0,6.65193
290.136,4.9151,4.9151,-4.9151,-4.9151,0,6.951
290.169,4.99867,4.99867,-4.99867,-4.99867,0,7.06919
290.202,4.95217,4.95217,-4.95217,-4.95217,0,7.00342
290.235,4.7768,4.7768,-4.7768,-4.7768,0,6.75541
290.268,4.47713,4.47713,-4.47713,-4.47713,0,6.33161
290.301,4.06095,4.06095,-4.06095,-4.06095,0,5.74305
290.334,3.5391,3.5391,-3.5391,-3.5391,0,5.00504
290.367,2.92515,2.92515,-2.92515,-2.92515,0,4.13679
290.4,2.23508,2.23508,-2.23508,-2.23508,0,3.16089
290.433,1.48686,1.48686,-1.48686,-1.48686,0,2.10273
290.466,0.699938,0.699938,-0.699938,-0.699938,0,0.989861
290.499,-0.105195,-0.105195,0.105195,0.105195,0,-0.148769
290.532,-0.907591,-0.907591,0.907591,0.907591,0,-1.28353
290.565,-1.68637,-1.68637,1.68637,1.68637,0,-2.38489
290.598,-2.42126,-2.42126,2.42126,2.42126,0,-3.42418
290.631,-3.09315,-3.09315,3.09315,3.09315,0,-4.37438
290.664,-3.68455,-3.68455,3.68455,3.68455,0,-5.21074
290.697,-4.18007,-4.18007,4.18007,4.18007,0,-5.91151
290.73,-4.56681,-4.56681,4.56681,4.56681,0,-6.45845
290.763,-4.83472,-4.83472,4.83472,4.83472,0,-6.83732
290.796,-4.97681,-4.97681,4.97681,4.97681,0,-7.03827
290.829,-4.9894,-4.9894,4.9894,4.9894,0,-7.05607
290.862,-4.87215,-4.87215,4.87215,4.87215,0,-6.89026
290.895,-4.62812,-4.62812,4.62812,4.62812,0,-6.54514
290.928,-4.26365,-4.26365,4.26365,4.26365,0,-6.02971
290.961,-3.78823,-3.78823,3.78823,3.78823,0,-5.35737
290.994,-3.21424,-3.21424,3.21424,3.21424,0,-4.54562
291.027,-2.5566,-2.5566,2.5566,2.5566,0,-3.61558
291.06,-1.83244,-1.83244,1.83244,1.83244,0,-2.59146
291.093,-1.06059,-1.06059,1.06059,1.06059,0,-1.4999
291.126,-0.261143,-0.261143,0.261143,0.261143,0,-0.369311
291.159,0.5451,0.5451,-0.5451,-0.5451,0,0.770888
291.192,1.33716,1.33716,-1.33716,-1.33716,0,1.89103
291.225,2.09442,2.09442,-2.09442,-2.09442,0,2.96196
291.258,2.79718,2.79718,-2.79718,-2.79718,0,3.95581
291.291,3.42715,3.42715,-3.42715,-3.42715,0,4.84673
291.324,3.96794,3.96794,-3.96794,-3.96794,0,5.61152
291.357,4.40548,4.40548,-4.40548,-4.40548,0,6.23029
291.39,4.72837,4.72837,-4.72837,-4.72837,0,6.68693
291.423,4.92823,4.92823,-4.92823,-4.92823,0,6.96956
291.456,4.99983,4.99983,-4.99983,-4.99983,0,7.07083
291.489,4.94134,4.94134,-4.94134,-4.94134,0,6.9881
291.522,4.75425,4.75425,-4.75425,-4.75425,0,6.72353
291.555,4.44345,4.44345,-4.44345,-4.44345,0,6.28399
291.588,4.01703,4.01703,-4.01703,-4.01703,0,5.68093
291.621,3.48607,3.48607,-3.48607,-3.48607,0,4.93004
291.654,2.86439,2.86439,-2.86439,-2.86439,0,4.05086
291.687,2.16818,2.16818,-2.16818,-2.16818,0,3.06627
291.72,1.41555,1.41555,-1.41555,-1.41555,0,2.00189
291.753,0.626078,0.626078,-0.626078,-0.626078,0,0.885408
291.786,-0.179683,-0.179683,0.179683,0.179683,0,-0.25411
291.819,-0.980768,-0.980768,0.980768,0.980768,0,-1.38702
291.852,-1.75633,-1.75633,1.75633,1.75633,0,-2.48383
291.885,-2.48619,-2.48619,2.48619,2.48619,0,-3.516
291.918,-3.15135,-3.15135,3.15135,3.15135,0,-4.45669
291.951,-3.73451,-3.73451,3.73451,3.73451,0,-5.2814
291.984,-4.22049,-4.22049,4.22049,4.22049,0,-5.96868
292.017,-4.59664,-4.59664,4.59664,4.59664,0,-6.50063
292.05,-4.85318,-4.85318,4.85318,4.85318,0,-6.86343
292.083,-4.98343,-4.98343,4.98343,4.98343,0,-7.04763
292.116,-4.98399,-4.98399,4.98399,4.98399,0,-7.04843
292.149,-4.85486,-4.85486,4.85486,4.85486,0,-6.86581
292.182,-4.5994,-4.5994,4.5994,4.5994,0,-6.50454
292.215,-4.22425,-4.22425,4.22425,4.22425,0,-5.97399
292.248,-3.73918,-3.73918,3.73918,3.73918,0,-5.288
292.281,-3.1568,-3.1568,3.1568,3.1568,0,-4.46439
292.314,-2.49228,-2.49228,2.49228,2.49228,0,-3.52462
292.347,-1.7629,-1.7629,1.7629,1.7629,0,-2.49312
292.38,-0.987652,-0.987652,0.987652,0.987652,0,-1.39675
292.413,-0.1867,-0.1867,0.1867,0.1867,0,-0.264033
292.446,0.619111,0.619111,-0.619111,-0.619111,0,0.875555
292.479,1.40881,1.40881,-1.40881,-1.40881,0,1.99236
292.512,2.16185,2.16185,-2.16185,-2.16185,0,3.05732
292.545,2.85863,2.85863,-2.85863,-2.85863,0,4.04272
292.578,3.48103,3.48103,-3.48103,-3.48103,0,4.92292
292.611,4.01284,4.01284,-4.01284,-4.01284,0,5.67502
292.644,4.44023,4.44023,-4.44023,-4.44023,0,6.27943
292.677,4.75207,4.75207,-4.75207,-4.75207,0,6.72045
292.71,4.94026,4.94026,-4.94026,-4.94026,0,6.98658
292.743,4.99989,4.99989,-4.99989,-4.99989,0,7.07091
292.776,4.92941,4.92941,-4.92941,-4.92941,0,6.97123
292.809,4.73065,4.73065,-4.73065,-4.73065,0,6.69015
292.842,4.40879,4.40879,-4.40879,-4.40879,0,6.23498
292.875,3.97221,3.97221,-3.97221,-3.97221,0,5.61756
292.908,3.43226,3.43226,-3.43226,-3.43226,0,4.85395
292.941,2.803,2.803,-2.803,-2.803,0,3.96404
292.974,2.10079,2.10079,-2.10079,-2.10079,0,2.97097
293.007,1.34392,1.34392,-1.34392,-1.34392,0,1.90059
293.04,0.55208,0.55208,-0.55208,-0.55208,0,0.780759
293.073,-0.25413,-0.25413,0.25413,0.25413,0,-0.359394
293.106,-1.05373,-1.05373,1.05373,1.05373,0,-1.49019
293.139,-1.8259,-1.8259,1.8259,1.8259,0,-2.58222
293.172,-2.55057,-2.55057,2.55057,2.55057,0,-3.60704
293.205,-3.20886,-3.20886,3.20886,3.20886,0,-4.53801
293.238,-3.78365,-3.78365,3.78365,3.78365,0,-5.35088
293.271,-4.25998,-4.25998,4.25998,4.25998,0,-6.02452
293.304,-4.62545,-4.62545,4.62545,4.62545,0,-6.54138
293.337,-4.87056,-4.87056,4.87056,4.87056,0,-6.88802
293.37,-4.98893,-4.98893,4.98893,4.98893,0,-7.05542
293.403,-4.97748,-4.97748,4.97748,4.97748,0,-7.03922
293.436,-4.8365,-4.8365,4.8365,4.8365,0,-6.83985
293.469,-4.56967,-4.56967,4.56967,4.56967,0,-6.46248
293.502,-4.18392,-4.18392,4.18392,4.18392,0,-5.91695
293.535,-3.68929,-3.68929,3.68929,3.68929,0,-5.21745
293.568,-3.09867,-3.09867,3.09867,3.09867,0,-4.38218
293.601,-2.42741,-2.42741,2.42741,2.42741,0,-3.43287
293.634,-1.69298,-1.69298,1.69298,1.69298,0,-2.39423
293.667,-0.914495,-0.914495,0.914495,0.914495,0,-1.29329
293.7,-0.112216,-0.112216,0.112216,0.112216,0,-0.158697
293.733,0.692984,0.692984,-0.692984,-0.692984,0,0.980028
293.766,1.48015,1.48015,-1.48015,-1.48015,0,2.09325
293.799,2.2288,2.2288,-2.2288,-2.2288,0,3.152
293.832,2.91945,2.91945,-2.91945,-2.91945,0,4.12873
293.865,3.53413,3.53413,-3.53413,-3.53413,0,4.99802
293.898,4.05685,4.05685,-4.05685,-4.05685,0,5.73725
293.931,4.474,4.474,-4.474,-4.474,0,6.32719
293.964,4.77472,4.77472,-4.77472,-4.77472,0,6.75247
293.997,4.95119,4.95119,-4.95119,-4.95119,0,7.00205
294.03,4.99883,4.99883,-4.99883,-4.99883,0,7.06941
294.063,4.91638,4.91638,-4.91638,-4.91638,0,6.95281
294.096,4.706,4.706,-4.706,-4.706,0,6.65529
294.129,4.37316,4.37316,-4.37316,-4.37316,0,6.18458
294.162,3.92651,3.92651,-3.92651,-3.92651,0,5.55293
294.195,3.3777,3.3777,-3.3777,-3.3777,0,4.77678
294.228,2.74098,2.74098,-2.74098,-2.74098,0,3.87633
294.261,2.03294,2.03294,-2.03294,-2.03294,0,2.87501
294.294,1.272,1.272,-1.272,-1.272,0,1.79888
294.327,0.477959,0.477959,-0.477959,-0.477959,0,0.675936
294.36,-0.328521,-0.328521,0.328521,0.328521,0,-0.464599
294.393,-1.12645,-1.12645,1.12645,1.12645,0,-1.59304
294.426,-1.89507,-1.89507,1.89507,1.89507,0,-2.68003
294.459,-2.61437,-2.61437,2.61437,2.61437,0,-3.69728
294.492,-3.26565,-3.26565,3.26565,3.26565,0,-4.61832
294.525,-3.83194,-3.83194,3.83194,3.83194,0,-5.41918
294.558,-4.29852,-4.29852,4.29852,4.29852,0,-6.07902
294.591,-4.65324,-4.65324,4.65324,4.65324,0,-6.58067
294.624,-4.88687,-4.88687,4.88687,4.88687,0,-6.91108
294.657,-4.99333,-4.99333,4.99333,4.99333,0,-7.06164
294.69,-4.96986,-4.96986,4.96986,4.96986,0,-7.02845
294.723,-4.81706,-4.81706,4.81706,4.81706,0,-6.81236
294.756,-4.53891,-4.53891,4.53891,4.53891,0,-6.41899
294.789,-4.14265,-4.14265,4.14265,4.14265,0,-5.8586
294.822,-3.63859,-3.63859,3.63859,3.63859,0,-5.14574
294.855,-3.03984,-3.03984,3.03984,3.03984,0,-4.29899
294.888,-2.36199,-2.36199,2.36199,2.36199,0,-3.34036
294.921,-1.62268,-1.62268,1.62268,1.62268,0,-2.29481
294.954,-0.841135,-0.841135,0.841135,0.841135,0,-1.18955
294.987,-0.0377066,-0.0377066,0.0377066,0.0377066,0,-0.0533252
295.02,0.766703,0.766703,-0.766703,-0.766703,0,1.08428
295.053,1.55116,1.55116,-1.55116,-1.55116,0,2.19367
295.086,2.29526,2.29526,-2.29526,-2.29526,0,3.24598
295.119,2.97962,2.97962,-2.97962,-2.97962,0,4.21382
295.152,3.58645,3.58645,-3.58645,-3.58645,0,5.07201
295.185,4.09996,4.09996,-4.09996,-4.09996,0,5.79821
295.218,4.50677,4.50677,-4.50677,-4.50677,0,6.37353
295.251,4.7963,4.7963,-4.7963,-4.7963,0,6.783
295.284,4.96103,4.96103,-4.96103,-4.96103,0,7.01596
295.317,4.99666,4.99666,-4.99666,-4.99666,0,7.06634
295.35,4.90226,4.90226,-4.90226,-4.90226,0,6.93285
295.383,4.6803,4.6803,-4.6803,-4.6803,0,6.61895
295.416,4.33655,4.33655,-4.33655,-4.33655,0,6.1328
295.449,3.87995,3.87995,-3.87995,-3.87995,0,5.48707
295.482,3.32238,3.32238,-3.32238,-3.32238,0,4.69855
295.515,2.67836,2.67836,-2.67836,-2.67836,0,3.78777
295.548,1.96464,1.96464,-1.96464,-1.96464,0,2.77842
295.581,1.1998,1.1998,-1.1998,-1.1998,0,1.69677
295.614,0.403732,0.403732,-0.403732,-0.403732,0,0.570963
295.647,-0.402839,-0.402839,0.402839,0.402839,0,-0.5697
295.68,-1.19893,-1.19893,1.19893,1.19893,0,-1.69554
295.713,-1.96381,-1.96381,1.96381,1.96381,0,-2.77725
295.746,-2.6776,-2.6776,2.6776,2.6776,0,-3.7867
295.779,-3.32171,-3.32171,3.32171,3.32171,0,-4.69761
295.812,-3.87938,-3.87938,3.87938,3.87938,0,-5.48627
295.845,-4.3361,-4.3361,4.3361,4.3361,0,-6.13217
295.878,-4.67999,-4.67999,4.67999,4.67999,0,-6.6185
295.911,-4.90209,-4.90209,4.90209,4.90209,0,-6.9326
295.944,-4.99663,-4.99663,4.99663,4.99663,0,-7.0663
295.977,-4.96114,-4.96114,4.96114,4.96114,0,-7.01611
296.01,-4.79656,-4.79656,4.79656,4.79656,0,-6.78336
296.043,-4.50716,-4.50716,4.50716,4.50716,0,-6.37408
296.076,-4.10047,-4.10047,4.10047,4.10047,0,-5.79894
296.109,-3.58708,-3.58708,3.58708,3.58708,0,-5.07289
296.142,-2.98034,-2.98034,2.98034,2.98034,0,-4.21484
296.175,-2.29605,-2.29605,2.29605,2.29605,0,-3.24711
296.208,-1.55201,-1.55201,1.55201,1.55201,0,-2.19488
296.241,-0.767589,-0.767589,0.767589,0.767589,0,-1.08553
296.274,0.0368109,0.0368109,-0.0368109,-0.0368109,0,0.0520584
296.307,0.840252,0.840252,-0.840252,-0.840252,0,1.1883
296.34,1.62183,1.62183,-1.62183,-1.62183,0,2.29361
296.373,2.3612,2.3612,-2.3612,-2.3612,0,3.33924
296.406,3.03913,3.03913,-3.03913,-3.03913,0,4.29798
296.439,3.63797,3.63797,-3.63797,-3.63797,0,5.14487
296.472,4.14215,4.14215,-4.14215,-4.14215,0,5.85789
296.505,4.53854,4.53854,-4.53854,-4.53854,0,6.41846
296.538,4.81682,4.81682,-4.81682,-4.81682,0,6.81202
296.571,4.96976,4.96976,-4.96976,-4.96976,0,7.02831
296.604,4.99338,4.99338,-4.99338,-4.99338,0,7.06171
296.637,4.88706,4.88706,-4.88706,-4.88706,0,6.91134
296.67,4.65356,4.65356,-4.65356,-4.65356,0,6.58113
296.703,4.29897,4.29897,-4.29897,-4.29897,0,6.07967
296.736,3.83251,3.83251,-3.83251,-3.83251,0,5.41999
296.769,3.26632,3.26632,-3.26632,-3.26632,0,4.61928
296.802,2.61514,2.61514,-2.61514,-2.61514,0,3.69836
296.835,1.8959,1.8959,-1.8959,-1.8959,0,2.68121
296.868,1.12732,1.12732,-1.12732,-1.12732,0,1.59428
296.901,0.329415,0.329415,-0.329415,-0.329415,0,0.465863
296.934,-0.477067,-0.477067,0.477067,0.477067,0,-0.674675
296.967,-1.27113,-1.27113,1.27113,1.27113,0,-1.79766
297,-2.03212,-2.03212,2.03212,2.03212,0,-2.87386
297.033,-2.74023,-2.74023,2.74023,2.74023,0,-3.87528
297.066,-3.37704,-3.37704,3.37704,3.37704,0,-4.77585
297.099,-3.92596,-3.92596,3.92596,3.92596,0,-5.55215
297.132,-4.37272,-4.37272,4.37272,4.37272,0,-6.18396
297.165,-4.7057,-4.7057,4.7057,4.7057,0,-6.65486
297.198,-4.91622,-4.91622,4.91622,4.91622,0,-6.95258
297.231,-4.99881,-4.99881,4.99881,4.99881,0,-7.06938
297.264,-4.95132,-4.95132,4.95132,4.95132,0,-7.00222
297.297,-4.77499,-4.77499,4.77499,4.77499,0,-6.75285
297.33,-4.4744,-4.4744,4.4744,4.4744,0,-6.32775
297.363,-4.05737,-4.05737,4.05737,4.05737,0,-5.73799
297.396,-3.53477,-3.53477,3.53477,3.53477,0,-4.99892
297.429,-2.92018,-2.92018,2.92018,2.92018,0,-4.12976
297.462,-2.2296,-2.2296,2.2296,2.2296,0,-3.15313
297.495,-1.48101,-1.48101,1.48101,1.48101,0,-2.09446
297.528,-0.693871,-0.693871,0.693871,0.693871,0,-0.981282
297.561,0.11132,0.11132,-0.11132,-0.11132,0,0.15743
297.594,0.913615,0.913615,-0.913615,-0.913615,0,1.29205
297.627,1.69214,1.69214,-1.69214,-1.69214,0,2.39304
297.66,2.42662,2.42662,-2.42662,-2.42662,0,3.43176
297.693,3.09796,3.09796,-3.09796,-3.09796,0,4.38118
297.726,3.68869,3.68869,-3.68869,-3.68869,0,5.21659
297.759,4.18343,4.18343,-4.18343,-4.18343,0,5.91626
297.792,4.5693,4.5693,-4.5693,-4.5693,0,6.46197
297.825,4.83627,4.83627,-4.83627,-4.83627,0,6.83952
297.858,4.97739,4.97739,-4.97739,-4.97739,0,7.0391
297.891,4.98899,4.98899,-4.98899,-4.98899,0,7.0555
297.924,4.87077,4.87077,-4.87077,-4.87077,0,6.88831
297.957,4.62579,4.62579,-4.62579,-4.62579,0,6.54186
297.99,4.26045,4.26045,-4.26045,-4.26045,0,6.02518
298.023,3.78423,3.78423,-3.78423,-3.78423,0,5.35171
298.056,3.20954,3.20954,-3.20954,-3.20954,0,4.53898
298.089,2.55134,2.55134,-2.55134,-2.55134,0,3.60813
298.122,1.82674,1.82674,-1.82674,-1.82674,0,2.5834
298.155,1.0546,1.0546,-1.0546,-1.0546,0,1.49143
298.188,0.255024,0.255024,-0.255024,-0.255024,0,0.360659
298.221,-0.55119,-0.55119,0.55119,0.55119,0,-0.7795
298.254,-1.34306,-1.34306,1.34306,1.34306,0,-1.89937
298.287,-2.09998,-2.09998,2.09998,2.09998,0,-2.96982
298.32,-2.80226,-2.80226,2.80226,2.80226,0,-3.96299
298.353,-3.43161,-3.43161,3.43161,3.43161,0,-4.85303
298.386,-3.97167,-3.97167,3.97167,3.97167,0,-5.61679
298.419,-4.40837,-4.40837,4.40837,4.40837,0,-6.23438
298.452,-4.73036,-4.73036,4.73036,4.73036,0,-6.68974
298.485,-4.92926,-4.92926,4.92926,4.92926,0,-6.97102
298.518,-4.99988,-4.99988,4.99988,4.99988,0,-7.0709
298.551,-4.9404,-4.9404,4.9404,4.9404,0,-6.98678
298.584,-4.75235,-4.75235,4.75235,4.75235,0,-6.72084
298.617,-4.44064,-4.44064,4.44064,4.44064,0,-6.28002
298.65,-4.01338,-4.01338,4.01338,4.01338,0,-5.67577
298.683,-3.48167,-3.48167,3.48167,3.48167,0,-4.92383
298.716,-2.85937,-2.85937,2.85937,2.85937,0,-4.04376
298.749,-2.16266,-2.16266,2.16266,2.16266,0,-3.05846
298.782,-1.40967,-1.40967,1.40967,1.40967,0,-1.99358
298.815,-0.62,-0.62,0.62,0.62,0,-0.876812
298.848,0.185805,0.185805,-0.185805,-0.185805,0,0.262768
298.881,0.986774,0.986774,-0.986774,-0.986774,0,1.39551
298.914,1.76207,1.76207,-1.76207,-1.76207,0,2.49194
298.947,2.4915,2.4915,-2.4915,-2.4915,0,3.52352
298.98,3.15611,3.15611,-3.15611,-3.15611,0,4.46341
299.013,3.73858,3.73858,-3.73858,-3.73858,0,5.28716
299.046,4.22377,4.22377,-4.22377,-4.22377,0,5.97332
299.079,4.59905,4.59905,-4.59905,-4.59905,0,6.50404
299.112,4.85465,4.85465,-4.85465,-4.85465,0,6.86551
299.145,4.98392,4.98392,-4.98392,-4.98392,0,7.04833
299.178,4.9835,4.9835,-4.9835,-4.9835,0,7.04773
299.211,4.85339,4.85339,-4.85339,-4.85339,0,6.86374
299.244,4.59699,4.59699,-4.59699,-4.59699,0,6.50113
299.277,4.22097,4.22097,-4.22097,-4.22097,0,5.96935
299.31,3.73511,3.73511,-3.73511,-3.73511,0,5.28224
299.343,3.15205,3.15205,-3.15205,-3.15205,0,4.45767
299.376,2.48697,2.48697,-2.48697,-2.48697,0,3.5171
299.409,1.75717,1.75717,-1.75717,-1.75717,0,2.48501
299.442,0.981646,0.981646,-0.981646,-0.981646,0,1.38826
299.475,0.180578,0.180578,-0.180578,-0.180578,0,0.255376
299.508,-0.62519,-0.62519,0.62519,0.62519,0,-0.884152
299.541,-1.41469,-1.41469,1.41469,1.41469,0,-2.00067
299.574,-2.16737,-2.16737,2.16737,2.16737,0,-3.06513
299.607,-2.86366,-2.86366,2.86366,2.86366,0,-4.04983
299.64,-3.48543,-3.48543,3.48543,3.48543,0,-4.92914
299.673,-4.01649,-4.01649,4.01649,4.01649,0,-5.68018
299.706,-4.44304,-4.44304,4.44304,4.44304,0,-6.28341
299.739,-4.75398,-4.75398,4.75398,4.75398,0,-6.72314
299.772,-4.9412,-4.9412,4.9412,4.9412,0,-6.98791
299.805,-4.99984,-4.99984,4.99984,4.99984,0,-7.07084
299.838,-4.92838,-4.92838,4.92838,4.92838,0,-6.96978
299.871,-4.72866,-4.72866,4.72866,4.72866,0,-6.68734
299.904,-4.4059,-4.4059,4.4059,4.4059,0,-6.23089
299.937,-3.96849,-3.96849,3.96849,3.96849,0,-5.61229
299.97,-3.42781,-3.42781,3.42781,3.42781,0,-4.84765
