time,theta1,omega1,theta2,omega2,lensX,lensY
0,5,5,0,0,-3.53553,3.53553
0.01,4.99488,4.99488,0.00112462,0.00112462,-3.53271,3.53112
0.02,4.97951,4.97951,0.00449385,0.00449385,-3.52423,3.51787
0.03,4.95395,4.95395,0.0100939,0.0100939,-3.51011,3.49583
0.04,4.91823,4.91823,0.0179018,0.0179018,-3.49038,3.46506
0.05,4.87245,4.87245,0.0278854,0.0278854,-3.46506,3.42562
0.06,4.81669,4.81669,0.0400037,0.0400037,-3.4342,3.37762
0.07,4.75107,4.75107,0.0542068,0.0542068,-3.39784,3.32118
0.08,4.67574,4.67574,0.0704361,0.0704361,-3.35605,3.25644
0.09,4.59086,4.59086,0.0886243,0.0886243,-3.30889,3.18356
0.1,4.49661,4.49661,0.108696,0.108696,-3.25644,3.10272
0.11,4.39319,4.39319,0.130568,0.130568,-3.19878,3.01413
0.12,4.28083,4.28083,0.154148,0.154148,-3.136,2.918
0.13,4.15976,4.15976,0.179338,0.179338,-3.0682,2.81458
0.14,4.03024,4.03024,0.206032,0.206032,-2.9955,2.70413
0.15,3.89256,3.89256,0.234117,0.234117,-2.918,2.58691
0.16,3.74701,3.74701,0.263473,0.263473,-2.83584,2.46323
0.17,3.59389,3.59389,0.293974,0.293974,-2.74913,2.33339
0.18,3.43354,3.43354,0.325489,0.325489,-2.65803,2.19772
0.19,3.2663,3.2663,0.357882,0.357882,-2.56268,2.05656
0.2,3.09252,3.09252,0.391011,0.391011,-2.46323,1.91026
0.21,2.91258,2.91258,0.424729,0.424729,-2.35984,1.75918
0.22,2.72687,2.72687,0.458888,0.458888,-2.25267,1.6037
0.23,2.53577,2.53577,0.493332,0.493332,-2.1419,1.44422
0.24,2.33969,2.33969,0.527906,0.527906,-2.0277,1.28113
0.25,2.13906,2.13906,0.56245,0.56245,-1.91026,1.11483
0.26,1.9343,1.9343,0.596804,0.596804,-1.78976,0.945751
0.27,1.72584,1.72584,0.630804,0.630804,-1.6664,0.774306
0.28,1.51412,1.51412,0.664288,0.664288,-1.54037,0.600925
0.29,1.29961,1.29961,0.697092,0.697092,-1.41188,0.426042
0.3,1.08274,1.08274,0.729051,0.729051,-1.28113,0.250094
0.31,0.863978,0.863978,0.760004,0.760004,-1.14833,0.0735208
0.32,0.643789,0.643789,0.789787,0.789787,-1.01369,-0.103236
0.33,0.422636,0.422636,0.818241,0.818241,-0.877433,-0.279735
0.34,0.200985,0.200985,0.845208,0.845208,-0.73977,-0.455534
0.35,-0.0206973,-0.0206973,0.870533,0.870533,-0.600925,-0.630195
0.36,-0.241946,-0.241946,0.894065,0.894065,-0.461117,-0.803281
0.37,-0.462297,-0.462297,0.915655,0.915655,-0.320573,-0.974359
0.38,-0.681288,-0.681288,0.93516,0.93516,-0.179515,-1.143
0.39,-0.898462,-0.898462,0.952442,0.952442,-0.03817,-1.30879
0.4,-1.11337,-1.11337,0.967368,0.967368,0.103236,-1.4713
0.41,-1.32555,-1.32555,0.979811,0.979811,0.244477,-1.63014
0.42,-1.53458,-1.53458,0.989648,0.989648,0.385326,-1.7849
0.43,-1.74002,-1.74002,0.996767,0.996767,0.52556,-1.9352
0.44,-1.94144,-1.94144,1.00106,1.00106,0.664952,-2.08067
0.45,-2.13844,-2.13844,1.00243,1.00243,0.803281,-2.22093
0.46,-2.3306,-2.3306,1.00078,1.00078,0.940324,-2.35564
0.47,-2.51753,-2.51753,0.996032,0.996032,1.07586,-2.48447
0.48,-2.69886,-2.69886,0.98811,0.98811,1.20968,-2.60708
0.49,-2.87421,-2.87421,0.976949,0.976949,1.34156,-2.72318
0.5,-3.04323,-3.04323,0.962492,0.962492,1.4713,-2.83247
0.51,-3.20557,-3.20557,0.944693,0.944693,1.59868,-2.93468
0.52,-3.36093,-3.36093,0.923517,0.923517,1.72351,-3.02956
0.53,-3.50898,-3.50898,0.898935,0.898935,1.84558,-3.11686
0.54,-3.64943,-3.64943,0.870932,0.870932,1.96469,-3.19638
0.55,-3.78201,-3.78201,0.839503,0.839503,2.08067,-3.2679
0.56,-3.90646,-3.90646,0.804652,0.804652,2.19331,-3.33126
0.57,-4.02254,-4.02254,0.766394,0.766394,2.30244,-3.38629
0.58,-4.13004,-4.13004,0.724756,0.724756,2.4079,-3.43286
0.59,-4.22874,-4.22874,0.679774,0.679774,2.5095,-3.47084
0.6,-4.31847,-4.31847,0.631497,0.631497,2.60708,-3.50015
0.61,-4.39906,-4.39906,0.579983,0.579983,2.70049,-3.52071
0.62,-4.47037,-4.47037,0.525301,0.525301,2.78959,-3.53248
0.63,-4.53229,-4.53229,0.467532,0.467532,2.87422,-3.53541
0.64,-4.58471,-4.58471,0.406765,0.406765,2.95425,-3.52951
0.65,-4.62755,-4.62755,0.343102,0.343102,3.02956,-3.51478
0.66,-4.66074,-4.66074,0.276655,0.276655,3.10002,-3.49127
0.67,-4.68426,-4.68426,0.207543,0.207543,3.16552,-3.45903
0.68,-4.69809,-4.69809,0.1359,0.1359,3.22596,-3.41815
0.69,-4.70223,-4.70223,0.0618638,0.0618638,3.28123,-3.36872
0.7,-4.6967,-4.6967,-0.0144141,-0.0144141,3.33126,-3.31087
0.71,-4.68155,-4.68155,-0.0927753,-0.0927753,3.37596,-3.24475
0.72,-4.65684,-4.65684,-0.173052,-0.173052,3.41525,-3.17052
0.73,-4.62267,-4.62267,-0.255069,-0.255069,3.44909,-3.08836
0.74,-4.57914,-4.57914,-0.338643,-0.338643,3.4774,-2.99849
0.75,-4.52638,-4.52638,-0.423583,-0.423583,3.50015,-2.90112
0.76,-4.46453,-4.46453,-0.50969,-0.50969,3.5173,-2.79649
0.77,-4.39376,-4.39376,-0.596762,-0.596762,3.52883,-2.68488
0.78,-4.31425,-4.31425,-0.684586,-0.684586,3.53471,-2.56656
0.79,-4.2262,-4.2262,-0.772949,-0.772949,3.53493,-2.44182
0.8,-4.12985,-4.12985,-0.861628,-0.861628,3.52951,-2.31098
0.81,-4.02541,-4.02541,-0.950399,-0.950399,3.51843,-2.17436
0.82,-3.91315,-3.91315,-1.03903,-1.03903,3.50172,-2.03231
0.83,-3.79334,-3.79334,-1.1273,-1.1273,3.47942,-1.88518
0.84,-3.66626,-3.66626,-1.21496,-1.21496,3.45154,-1.73333
0.85,-3.53221,-3.53221,-1.30178,-1.30178,3.41815,-1.57716
0.86,-3.39151,-3.39151,-1.38752,-1.38752,3.37928,-1.41704
0.87,-3.24448,-3.24448,-1.47194,-1.47194,3.33501,-1.25338
0.88,-3.09147,-3.09147,-1.5548,-1.5548,3.28541,-1.08659
0.89,-2.93281,-2.93281,-1.63587,-1.63587,3.23055,-0.917077
0.9,-2.76889,-2.76889,-1.71491,-1.71491,3.17052,-0.745276
0.91,-2.60005,-2.60005,-1.79167,-1.79167,3.10542,-0.571612
0.92,-2.4267,-2.4267,-1.86593,-1.86593,3.03535,-0.396519
0.93,-2.24921,-2.24921,-1.93746,-1.93746,2.96042,-0.220435
0.94,-2.06798,-2.06798,-2.00604,-2.00604,2.88076,-0.0438005
0.95,-1.88341,-1.88341,-2.07142,-2.07142,2.79649,0.132944
0.96,-1.69592,-1.69592,-2.13342,-2.13342,2.70775,0.309356
0.97,-1.50591,-1.50591,-2.1918,-2.1918,2.61467,0.484994
0.98,-1.3138,-1.3138,-2.24636,-2.24636,2.51742,0.659421
0.99,-1.12001,-1.12001,-2.29692,-2.29692,2.41613,0.832199
1,-0.924954,-0.924954,-2.34326,-2.34326,2.31098,1.0029
1.01,-0.729057,-0.729057,-2.38523,-2.38523,2.20213,1.17109
1.02,-0.532739,-0.532739,-2.42263,-2.42263,2.08976,1.33635
1.03,-0.336419,-0.336419,-2.4553,-2.4553,1.97405,1.49828
1.04,-0.140514,-0.140514,-2.4831,-2.4831,1.85517,1.65646
1.05,0.0545616,0.0545616,-2.50587,-2.50587,1.73333,1.8105
1.06,0.248399,0.248399,-2.52347,-2.52347,1.60872,1.96001
1.07,0.440591,0.440591,-2.5358,-2.5358,1.48153,2.10462
1.08,0.63074,0.63074,-2.54272,-2.54272,1.35198,2.24398
1.09,0.818452,0.818452,-2.54416,-2.54416,1.22026,2.37772
1.1,1.00334,1.00334,-2.54001,-2.54001,1.08659,2.50553
1.11,1.18503,1.18503,-2.5302,-2.5302,0.951176,2.62707
1.12,1.36316,1.36316,-2.51467,-2.51467,0.814244,2.74204
1.13,1.53736,1.53736,-2.49338,-2.49338,0.676009,2.85016
1.14,1.70728,1.70728,-2.46628,-2.46628,0.536694,2.95116
1.15,1.8726,1.8726,-2.43336,-2.43336,0.396519,3.04477
1.16,2.03298,2.03298,-2.39461,-2.39461,0.25571,3.13078
1.17,2.18812,2.18812,-2.35004,-2.35004,0.114492,3.20897
1.18,2.33772,2.33772,-2.29967,-2.29967,-0.0269088,3.27913
1.19,2.4815,2.4815,-2.24353,-2.24353,-0.168267,3.3411
1.2,2.61917,2.61917,-2.18168,-2.18168,-0.309356,3.39471
1.21,2.7505,2.7505,-2.11418,-2.11418,-0.44995,3.43985
1.22,2.87524,2.87524,-2.0411,-2.0411,-0.589824,3.47638
1.23,2.99317,2.99317,-1.96255,-1.96255,-0.728754,3.50422
1.24,3.10408,3.10408,-1.87863,-1.87863,-0.866519,3.52331
1.25,3.20778,3.20778,-1.78947,-1.78947,-1.0029,3.53359
1.26,3.3041,3.3041,-1.69519,-1.69519,-1.13767,3.53503
1.27,3.39289,3.39289,-1.59595,-1.59595,-1.27063,3.52765
1.28,3.47401,3.47401,-1.49192,-1.49192,-1.40155,3.51144
1.29,3.54733,3.54733,-1.38326,-1.38326,-1.53023,3.48646
1.3,3.61276,3.61276,-1.27018,-1.27018,-1.65646,3.45276
1.31,3.67022,3.67022,-1.15286,-1.15286,-1.78004,3.41043
1.32,3.71963,3.71963,-1.03153,-1.03153,-1.90077,3.35958
1.33,3.76096,3.76096,-0.906417,-0.906417,-2.01846,3.30033
1.34,3.79417,3.79417,-0.777751,-0.777751,-2.13293,3.23283
1.35,3.81925,3.81925,-0.645784,-0.645784,-2.24398,3.15725
1.36,3.83621,3.83621,-0.510775,-0.510775,-2.35144,3.07378
1.37,3.84508,3.84508,-0.372994,-0.372994,-2.45514,2.98263
1.38,3.84591,3.84591,-0.232718,-0.232718,-2.55491,2.88402
1.39,3.83874,3.83874,-0.0902354,-0.0902354,-2.6506,2.77821
1.4,3.82367,3.82367,0.0541591,0.0541591,-2.74204,2.66545
1.41,3.80078,3.80078,0.200163,0.200163,-2.8291,2.54602
1.42,3.7702,3.7702,0.347466,0.347466,-2.91163,2.42024
1.43,3.73204,3.73204,0.495752,0.495752,-2.9895,2.2884
1.44,3.68646,3.68646,0.644702,0.644702,-3.06259,2.15085
1.45,3.63361,3.63361,0.793988,0.793988,-3.13078,2.00792
1.46,3.57367,3.57367,0.943282,0.943282,-3.19397,1.85996
1.47,3.50683,3.50683,1.09225,1.09225,-3.25204,1.70737
1.48,3.43329,3.43329,1.24056,1.24056,-3.30491,1.5505
1.49,3.35328,3.35328,1.38787,1.38787,-3.35249,1.38976
1.5,3.26701,3.26701,1.53384,1.53384,-3.39471,1.22554
1.51,3.17474,3.17474,1.67814,1.67814,-3.4315,1.05826
1.52,3.07672,3.07672,1.82042,1.82042,-3.4628,0.888338
1.53,2.97321,2.97321,1.96036,1.96036,-3.48856,0.716193
1.54,2.86449,2.86449,2.09762,2.09762,-3.50874,0.542258
1.55,2.75084,2.75084,2.23187,2.23187,-3.52331,0.366968
1.56,2.63256,2.63256,2.36278,2.36278,-3.53224,0.190761
1.57,2.50994,2.50994,2.49003,2.49003,-3.53552,0.0140772
1.58,2.3833,2.3833,2.61331,2.61331,-3.53314,-0.162642
1.59,2.25295,2.25295,2.73231,2.73231,-3.52511,-0.338955
1.6,2.11921,2.11921,2.84671,2.84671,-3.51144,-0.51442
1.61,1.98241,1.98241,2.95624,2.95624,-3.49215,-0.6886
1.62,1.84288,1.84288,3.0606,3.0606,-3.46728,-0.861059
1.63,1.70094,1.70094,3.15951,3.15951,-3.43686,-1.03136
1.64,1.55694,1.55694,3.25271,3.25271,-3.40094,-1.19909
1.65,1.41121,1.41121,3.33995,3.33995,-3.35958,-1.36382
1.66,1.26409,1.26409,3.42098,3.42098,-3.31285,-1.52515
1.67,1.11592,1.11592,3.49556,3.49556,-3.26081,-1.68266
1.68,0.967038,0.967038,3.56348,3.56348,-3.20356,-1.83596
1.69,0.817774,0.817774,3.62453,3.62453,-3.14119,-1.98468
1.7,0.668464,0.668464,3.67852,3.67852,-3.07378,-2.12843
1.71,0.519439,0.519439,3.72528,3.72528,-3.00147,-2.26687
1.72,0.371025,0.371025,3.76463,3.76463,-2.92435,-2.39964
1.73,0.223544,0.223544,3.79643,3.79643,-2.84255,-2.52641
1.74,0.0773126,0.0773126,3.82055,3.82055,-2.7562,-2.64687
1.75,-0.0673586,-0.0673586,3.83687,3.83687,-2.66545,-2.76071
1.76,-0.210166,-0.210166,3.8453,3.8453,-2.57043,-2.86765
1.77,-0.350812,-0.350812,3.84575,3.84575,-2.4713,-2.96742
1.78,-0.48901,-0.48901,3.83817,3.83817,-2.36821,-3.05978
1.79,-0.624478,-0.624478,3.82249,3.82249,-2.26134,-3.14448
1.8,-0.756947,-0.756947,3.7987,3.7987,-2.15085,-3.22133
1.81,-0.886156,-0.886156,3.76679,3.76679,-2.03691,-3.29013
1.82,-1.01185,-1.01185,3.72675,3.72675,-1.91972,-3.3507
1.83,-1.1338,-1.1338,3.67863,3.67863,-1.79946,-3.4029
1.84,-1.25177,-1.25177,3.62245,3.62245,-1.67632,-3.44659
1.85,-1.36554,-1.36554,3.55828,3.55828,-1.5505,-3.48167
1.86,-1.47492,-1.47492,3.48621,3.48621,-1.4222,-3.50805
1.87,-1.5797,-1.5797,3.40633,3.40633,-1.29162,-3.52565
1.88,-1.67971,-1.67971,3.31875,3.31875,-1.15897,-3.53445
1.89,-1.77479,-1.77479,3.22362,3.22362,-1.02448,-3.53441
1.9,-1.86478,-1.86478,3.12108,3.12108,-0.888338,-3.52554
1.91,-1.94954,-1.94954,3.01131,3.01131,-0.750779,-3.50785
1.92,-2.02896,-2.02896,2.89448,2.89448,-0.612019,-3.4814
1.93,-2.10291,-2.10291,2.77081,2.77081,-0.472281,-3.44624
1.94,-2.1713,-2.1713,2.64052,2.64052,-0.331786,-3.40247
1.95,-2.23406,-2.23406,2.50384,2.50384,-0.190761,-3.3502
1.96,-2.29111,-2.29111,2.36102,2.36102,-0.0494309,-3.28955
1.97,-2.34241,-2.34241,2.21233,2.21233,0.0919784,-3.22068
1.98,-2.3879,-2.3879,2.05805,2.05805,0.233241,-3.14377
1.99,-2.42758,-2.42758,1.89848,1.89848,0.37413,-3.05899
2,-2.46143,-2.46143,1.73393,1.73393,0.51442,-2.96657
2.01,-2.48945,-2.48945,1.56471,1.56471,0.653888,-2.86673
2.02,-2.51167,-2.51167,1.39117,1.39117,0.792309,-2.75973
2.03,-2.52811,-2.52811,1.21365,1.21365,0.929463,-2.64582
2.04,-2.53883,-2.53883,1.0325,1.0325,1.06513,-2.52531
2.05,-2.54387,-2.54387,0.848097,0.848097,1.19909,-2.39848
2.06,-2.54332,-2.54332,0.660809,0.660809,1.33114,-2.26566
2.07,-2.53726,-2.53726,0.471022,0.471022,1.46105,-2.12718
2.08,-2.52579,-2.52579,0.279129,0.279129,1.58863,-1.98338
2.09,-2.50902,-2.50902,0.0855266,0.0855266,1.71367,-1.83462
2.1,-2.48706,-2.48706,-0.109379,-0.109379,1.83596,-1.68128
2.11,-2.46006,-2.46006,-0.30518,-0.30518,1.95532,-1.52373
2.12,-2.42815,-2.42815,-0.501462,-0.501462,2.07155,-1.36238
2.13,-2.39149,-2.39149,-0.697808,-0.697808,2.18447,-1.19762
2.14,-2.35025,-2.35025,-0.8938,-0.8938,2.29389,-1.02986
2.15,-2.30458,-2.30458,-1.08902,-1.08902,2.39964,-0.859536
2.16,-2.25469,-2.25469,-1.28304,-1.28304,2.50155,-0.68706
2.17,-2.20075,-2.20075,-1.47544,-1.47544,2.59946,-0.512867
2.18,-2.14296,-2.14296,-1.66582,-1.66582,2.69321,-0.337392
2.19,-2.08153,-2.08153,-1.85374,-1.85374,2.78266,-0.161074
2.2,-2.01667,-2.01667,-2.0388,-2.0388,2.86765,0.0156472
2.21,-1.94859,-1.94859,-2.22058,-2.22058,2.94805,0.192329
2.22,-1.87752,-1.87752,-2.3987,-2.3987,3.02374,0.36853
2.23,-1.80367,-1.80367,-2.57274,-2.57274,3.09459,0.54381
2.24,-1.72729,-1.72729,-2.74231,-2.74231,3.16049,0.717731
2.25,-1.6486,-1.6486,-2.90705,-2.90705,3.22133,0.889857
2.26,-1.56784,-1.56784,-3.06657,-3.06657,3.27702,1.05976
2.27,-1.48525,-1.48525,-3.22051,-3.22051,3.32747,1.22701
2.28,-1.40106,-1.40106,-3.36851,-3.36851,3.37259,1.3912
2.29,-1.31551,-1.31551,-3.51024,-3.51024,3.41232,1.55191
2.3,-1.22885,-1.22885,-3.64537,-3.64537,3.44659,1.70874
2.31,-1.1413,-1.1413,-3.77358,-3.77358,3.47535,1.8613
2.32,-1.05312,-1.05312,-3.89457,-3.89457,3.49855,2.00921
2.33,-0.96453,-0.96453,-4.00805,-4.00805,3.51614,2.15209
2.34,-0.875766,-0.875766,-4.11375,-4.11375,3.52812,2.2896
2.35,-0.787057,-0.787057,-4.21141,-4.21141,3.53445,2.42138
2.36,-0.698629,-0.698629,-4.30079,-4.30079,3.53512,2.54711
2.37,-0.610704,-0.610704,-4.38167,-4.38167,3.53014,2.66648
2.38,-0.523499,-0.523499,-4.45385,-4.45385,3.51952,2.77918
2.39,-0.437224,-0.437224,-4.51713,-4.51713,3.50326,2.88493
2.4,-0.352085,-0.352085,-4.57135,-4.57135,3.4814,2.98347
2.41,-0.26828,-0.26828,-4.61636,-4.61636,3.45397,3.07456
2.42,-0.186003,-0.186003,-4.65203,-4.65203,3.42101,3.15796
2.43,-0.105437,-0.105437,-4.67825,-4.67825,3.38258,3.23347
2.44,-0.0267591,-0.0267591,-4.69493,-4.69493,3.33874,3.30089
2.45,0.0498614,0.0498614,-4.70199,-4.70199,3.28955,3.36007
2.46,0.124265,0.124265,-4.6994,-4.6994,3.23511,3.41084
2.47,0.196299,0.196299,-4.68712,-4.68712,3.17549,3.4531
2.48,0.265823,0.265823,-4.66514,-4.66514,3.11079,3.48672
2.49,0.332703,0.332703,-4.63348,-4.63348,3.04111,3.51162
2.5,0.396817,0.396817,-4.59217,-4.59217,2.96657,3.52775
2.51,0.458052,0.458052,-4.54128,-4.54128,2.88728,3.53506
2.52,0.516305,0.516305,-4.48087,-4.48087,2.80337,3.53353
2.53,0.571484,0.571484,-4.41104,-4.41104,2.71498,3.52318
2.54,0.623508,0.623508,-4.33192,-4.33192,2.62224,3.50401
2.55,0.672304,0.672304,-4.24363,-4.24363,2.52531,3.47609
2.56,0.717814,0.717814,-4.14635,-4.14635,2.42434,3.43948
2.57,0.759988,0.759988,-4.04024,-4.04024,2.31949,3.39428
2.58,0.798786,0.798786,-3.92551,-3.92551,2.21093,3.34058
2.59,0.834181,0.834181,-3.80238,-3.80238,2.09883,3.27854
2.6,0.866156,0.866156,-3.67108,-3.67108,1.98338,3.20831
2.61,0.894705,0.894705,-3.53186,-3.53186,1.86475,3.13005
2.62,0.91983,0.91983,-3.385,-3.385,1.74314,3.04398
2.63,0.941548,0.941548,-3.23079,-3.23079,1.61874,2.95029
2.64,0.959882,0.959882,-3.06954,-3.06954,1.49175,2.84923
2.65,0.974868,0.974868,-2.90156,-2.90156,1.36238,2.74105
2.66,0.986551,0.986551,-2.72719,-2.72719,1.23082,2.62601
2.67,0.994985,0.994985,-2.5468,-2.5468,1.0973,2.50442
2.68,1.00023,1.00023,-2.36073,-2.36073,0.962017,2.37656
2.69,1.00237,1.00237,-2.16938,-2.16938,0.825199,2.24276
2.7,1.00148,1.00148,-1.97313,-1.97313,0.68706,2.10336
2.71,0.997643,0.997643,-1.77238,-1.77238,0.547822,1.9587
2.72,0.990967,0.990967,-1.56755,-1.56755,0.407708,1.80915
2.73,0.981555,0.981555,-1.35907,-1.35907,0.266941,1.65507
2.74,0.969519,0.969519,-1.14735,-1.14735,0.125748,1.49686
2.75,0.954981,0.954981,-0.932852,-0.932852,-0.0156472,1.3349
2.76,0.938065,0.938065,-0.716009,-0.716009,-0.157017,1.16961
2.77,0.918904,0.918904,-0.497277,-0.497277,-0.298136,1.00139
2.78,0.897637,0.897637,-0.277112,-0.277112,-0.438777,0.830673
2.79,0.874405,0.874405,-0.0559756,-0.0559756,-0.578717,0.657878
2.8,0.849355,0.849355,0.165669,0.165669,-0.717731,0.483439
2.81,0.822639,0.822639,0.387356,0.387356,-0.855596,0.307792
2.82,0.794412,0.794412,0.60862,0.60862,-0.992093,0.131375
2.83,0.76483,0.76483,0.828993,0.828993,-1.127,-0.0453705
2.84,0.734053,0.734053,1.04801,1.04801,-1.26011,-0.222002
2.85,0.702243,0.702243,1.26521,1.26521,-1.3912,-0.398079
2.86,0.669563,0.669563,1.48013,1.48013,-1.52007,-0.573161
2.87,0.636176,0.636176,1.69233,1.69233,-1.6465,-0.74681
2.88,0.602247,0.602247,1.90133,1.90133,-1.7703,-0.918593
2.89,0.567938,0.567938,2.10672,2.10672,-1.89127,-1.08808
2.9,0.533413,0.533413,2.30803,2.30803,-2.00921,-1.25485
2.91,0.498834,0.498834,2.50486,2.50486,-2.12393,-1.41848
2.92,0.464358,0.464358,2.69678,2.69678,-2.23526,-1.57856
2.93,0.430144,0.430144,2.88338,2.88338,-2.34302,-1.7347
2.94,0.396346,0.396346,3.06427,3.06427,-2.44702,-1.88651
2.95,0.363113,0.363113,3.23905,3.23905,-2.54711,-2.03359
2.96,0.330593,0.330593,3.40736,3.40736,-2.64313,-2.1756
2.97,0.298929,0.298929,3.56883,3.56883,-2.73492,-2.31217
2.98,0.268257,0.268257,3.72312,3.72312,-2.82233,-2.44296
2.99,0.23871,0.23871,3.8699,3.8699,-2.90523,-2.56764
3,0.210415,0.210415,4.00885,4.00885,-2.98347,-2.6859
3.01,0.183492,0.183492,4.13969,4.13969,-3.05695,-2.79745
3.02,0.158055,0.158055,4.26212,4.26212,-3.12554,-2.90201
3.03,0.134211,0.134211,4.37589,4.37589,-3.18912,-2.99932
3.04,0.112061,0.112061,4.48075,4.48075,-3.24761,-3.08913
3.05,0.091697,0.091697,4.57647,4.57647,-3.30089,-3.17121
3.06,0.0732035,0.0732035,4.66286,4.66286,-3.3489,-3.24538
3.07,0.0566576,0.0566576,4.73972,4.73972,-3.39155,-3.31142
3.08,0.0421276,0.0421276,4.80689,4.80689,-3.42877,-3.3692
3.09,0.0296737,0.0296737,4.86423,4.86423,-3.46051,-3.41855
3.1,0.0193471,0.0193471,4.91161,4.91161,-3.48672,-3.45936
3.11,0.0111903,0.0111903,4.94894,4.94894,-3.50734,-3.49152
3.12,0.00523688,0.00523688,4.97613,4.97613,-3.52235,-3.51495
3.13,0.00151119,0.00151119,4.99311,4.99311,-3.53173,-3.5296
3.14,2.85359e-05,2.85359e-05,4.99987,4.99987,-3.53546,-3.53542
3.15,0.000794997,0.000794997,4.99638,4.99638,-3.53353,-3.53241
3.16,0.00380743,0.00380743,4.98265,4.98265,-3.52595,-3.52057
3.17,0.00905348,0.00905348,4.9587,4.9587,-3.51273,-3.49993
3.18,0.0165116,0.0165116,4.9246,4.9246,-3.49389,-3.47054
3.19,0.0261513,0.0261513,4.88041,4.88041,-3.46946,-3.43248
3.2,0.0379327,0.0379327,4.82623,4.82623,-3.43948,-3.38584
3.21,0.0518075,0.0518075,4.76217,4.76217,-3.404,-3.33073
3.22,0.0677183,0.0677183,4.68838,4.68838,-3.36307,-3.2673
3.23,0.0855994,0.0855994,4.60501,4.60501,-3.31676,-3.19571
3.24,0.105377,0.105377,4.51224,4.51224,-3.26515,-3.11612
3.25,0.126968,0.126968,4.41027,4.41027,-3.20831,-3.02875
3.26,0.150282,0.150282,4.29931,4.29931,-3.14634,-2.93381
3.27,0.175223,0.175223,4.17961,4.17961,-3.07933,-2.83153
3.28,0.201685,0.201685,4.05142,4.05142,-3.0074,-2.72218
3.29,0.229556,0.229556,3.91502,3.91502,-2.93066,-2.60602
3.3,0.258717,0.258717,3.7707,3.7707,-2.84923,-2.48335
3.31,0.289045,0.289045,3.61877,3.61877,-2.76324,-2.35447
3.32,0.320408,0.320408,3.45955,3.45955,-2.67283,-2.21971
3.33,0.35267,0.35267,3.29338,3.29338,-2.57815,-2.0794
3.34,0.385691,0.385691,3.12062,3.12062,-2.47934,-1.93389
3.35,0.419326,0.419326,2.94164,2.94164,-2.37656,-1.78355
3.36,0.453424,0.453424,2.75682,2.75682,-2.26998,-1.62874
3.37,0.487833,0.487833,2.56655,2.56655,-2.15977,-1.46987
3.38,0.522397,0.522397,2.37124,2.37124,-2.04611,-1.30733
3.39,0.556957,0.556957,2.1713,2.1713,-1.92917,-1.14152
3.4,0.591352,0.591352,1.96717,1.96717,-1.80915,-0.972849
3.41,0.625419,0.625419,1.75927,1.75927,-1.68623,-0.801752
3.42,0.658997,0.658997,1.54804,1.54804,-1.56061,-0.62865
3.43,0.69192,0.69192,1.33394,1.33394,-1.4325,-0.453977
3.44,0.724025,0.724025,1.11742,1.11742,-1.30209,-0.278169
3.45,0.755148,0.755148,0.898926,0.898926,-1.16961,-0.101667
3.46,0.785128,0.785128,0.678934,0.678934,-1.03525,0.0750905
3.47,0.813805,0.813805,0.457904,0.457904,-0.899234,0.25166
3.48,0.841019,0.841019,0.236301,0.236301,-0.76178,0.4276
3.49,0.866616,0.866616,0.0145921,0.0145921,-0.623108,0.602472
3.5,0.890443,0.890443,-0.206757,-0.206757,-0.483439,0.775837
3.51,0.912352,0.912352,-0.427281,-0.427281,-0.342997,0.947264
3.52,0.932199,0.932199,-0.64652,-0.64652,-0.202006,1.11632
3.53,0.949844,0.949844,-0.864014,-0.864014,-0.0606913,1.28259
3.54,0.965154,0.965154,-1.07931,-1.07931,0.08072,1.44565
3.55,0.978,0.978,-1.29196,-1.29196,0.222002,1.6051
3.56,0.988261,0.988261,-1.50152,-1.50152,0.362929,1.76054
3.57,0.99582,0.99582,-1.70756,-1.70756,0.503276,1.91158
3.58,1.00057,1.00057,-1.90965,-1.90965,0.642817,2.05784
3.59,1.00241,1.00241,-2.10738,-2.10738,0.78133,2.19895
3.6,1.00125,1.00125,-2.30034,-2.30034,0.918593,2.33457
3.61,0.996999,0.996999,-2.48813,-2.48813,1.05439,2.46436
3.62,0.989587,0.989587,-2.67037,-2.67037,1.18849,2.58798
3.63,0.978946,0.978946,-2.8467,-2.8467,1.3207,2.70514
3.64,0.965017,0.965017,-3.01675,-3.01675,1.45079,2.81553
3.65,0.947753,0.947753,-3.18018,-3.18018,1.57856,2.91889
3.66,0.927117,0.927117,-3.33667,-3.33667,1.70381,3.01495
3.67,0.903079,0.903079,-3.4859,-3.4859,1.82633,3.10348
3.68,0.875622,0.875622,-3.62758,-3.62758,1.94593,3.18424
3.69,0.844738,0.844738,-3.76143,-3.76143,2.06241,3.25705
3.7,0.810431,0.810431,-3.88719,-3.88719,2.1756,3.32172
3.71,0.772714,0.772714,-4.00462,-4.00462,2.28531,3.37809
3.72,0.731612,0.731612,-4.1135,-4.1135,2.39135,3.42601
3.73,0.68716,0.68716,-4.21361,-4.21361,2.49358,3.46537
3.74,0.639404,0.639404,-4.30478,-4.30478,2.59181,3.49607
3.75,0.588401,0.588401,-4.38684,-4.38684,2.6859,3.51803
3.76,0.534219,0.534219,-4.45964,-4.45964,2.77569,3.53119
3.77,0.476935,0.476935,-4.52306,-4.52306,2.86105,3.53553
3.78,0.41664,0.41664,-4.577,-4.577,2.94182,3.53104
3.79,0.353431,0.353431,-4.62137,-4.62137,3.01789,3.51771
3.8,0.287419,0.287419,-4.6561,-4.6561,3.08913,3.4956
3.81,0.218724,0.218724,-4.68117,-4.68117,3.15542,3.46475
3.82,0.147474,0.147474,-4.69654,-4.69654,3.21667,3.42523
3.83,0.0738092,0.0738092,-4.70222,-4.70222,3.27278,3.37716
3.84,-0.00212202,-0.00212202,-4.69822,-4.69822,3.32365,3.32065
3.85,-0.0801624,-0.0801624,-4.6846,-4.6846,3.3692,3.25583
3.86,-0.160146,-0.160146,-4.66142,-4.66142,3.40936,3.18288
3.87,-0.241898,-0.241898,-4.62875,-4.62875,3.44407,3.10197
3.88,-0.325236,-0.325236,-4.5867,-4.5867,3.47326,3.01331
3.89,-0.409972,-0.409972,-4.5354,-4.5354,3.4969,2.91712
3.9,-0.495907,-0.495907,-4.47498,-4.47498,3.51495,2.81363
3.91,-0.582838,-0.582838,-4.40562,-4.40562,3.52737,2.70311
3.92,-0.670557,-0.670557,-4.32749,-4.32749,3.53415,2.58584
3.93,-0.758849,-0.758849,-4.24079,-4.24079,3.53528,2.4621
3.94,-0.847492,-0.847492,-4.14574,-4.14574,3.53075,2.33221
3.95,-0.936264,-0.936264,-4.04257,-4.04257,3.52057,2.19649
3.96,-1.02493,-1.02493,-3.93154,-3.93154,3.50476,2.05528
3.97,-1.11327,-1.11327,-3.81292,-3.81292,3.48334,1.90894
3.98,-1.20105,-1.20105,-3.68698,-3.68698,3.45635,1.75782
3.99,-1.28802,-1.28802,-3.55402,-3.55402,3.42383,1.60231
4,-1.37394,-1.37394,-3.41435,-3.41435,3.38584,1.44279
4.01,-1.45859,-1.45859,-3.26831,-3.26831,3.34242,1.27966
4.02,-1.54172,-1.54172,-3.11622,-3.11622,3.29366,1.11334
4.03,-1.62309,-1.62309,-2.95844,-2.95844,3.23963,0.944238
4.04,-1.70246,-1.70246,-2.79533,-2.79533,3.18042,0.772774
4.05,-1.77961,-1.77961,-2.62725,-2.62725,3.11612,0.599377
4.06,-1.85428,-1.85428,-2.45459,-2.45459,3.04684,0.424483
4.07,-1.92626,-1.92626,-2.27774,-2.27774,2.97268,0.248528
4.08,-1.99532,-1.99532,-2.09708,-2.09708,2.89376,0.0719511
4.09,-2.06123,-2.06123,-1.91302,-1.91302,2.81022,-0.104805
4.1,-2.12378,-2.12378,-1.72596,-1.72596,2.72218,-0.2813
4.11,-2.18275,-2.18275,-1.53632,-1.53632,2.62978,-0.457091
4.12,-2.23794,-2.23794,-1.34452,-1.34452,2.53318,-0.63174
4.13,-2.28914,-2.28914,-1.15097,-1.15097,2.43252,-0.80481
4.14,-2.33617,-2.33617,-0.956086,-0.956086,2.32798,-0.975868
4.15,-2.37884,-2.37884,-0.760296,-0.760296,2.21971,-1.14449
4.16,-2.41698,-2.41698,-0.564017,-0.564017,2.10789,-1.31025
4.17,-2.45042,-2.45042,-0.367669,-0.367669,1.99269,-1.47273
4.18,-2.479,-2.479,-0.17167,-0.17167,1.87431,-1.63153
4.19,-2.50258,-2.50258,0.0235652,0.0235652,1.75293,-1.78626
4.2,-2.52102,-2.52102,0.217627,0.217627,1.62874,-1.93652
4.21,-2.53419,-2.53419,0.410108,0.410108,1.50195,-2.08193
4.22,-2.54199,-2.54199,0.600609,0.600609,1.37276,-2.22215
4.23,-2.5443,-2.5443,0.788735,0.788735,1.24137,-2.35681
4.24,-2.54104,-2.54104,0.9741,0.9741,1.108,-2.48558
4.25,-2.53214,-2.53214,1.15633,1.15633,0.972849,-2.60814
4.26,-2.51753,-2.51753,1.33504,1.33504,0.836145,-2.72418
4.27,-2.49716,-2.49716,1.50989,1.50989,0.698104,-2.83341
4.28,-2.47099,-2.47099,1.68052,1.68052,0.558945,-2.93556
4.29,-2.439,-2.439,1.84659,1.84659,0.418892,-3.03037
4.3,-2.40117,-2.40117,2.00778,2.00778,0.278169,-3.1176
4.31,-2.35753,-2.35753,2.16378,2.16378,0.137002,-3.19705
4.32,-2.30808,-2.30808,2.31428,2.31428,-0.00438549,-3.2685
4.33,-2.25286,-2.25286,2.459,2.459,-0.145766,-3.33178
4.34,-2.19191,-2.19191,2.59766,2.59766,-0.286912,-3.38674
4.35,-2.1253,-2.1253,2.73002,2.73002,-0.4276,-3.43323
4.36,-2.05311,-2.05311,2.85582,2.85582,-0.567604,-3.47114
4.37,-1.97543,-1.97543,2.97485,2.97485,-0.7067,-3.50037
4.38,-1.89235,-1.89235,3.08689,3.08689,-0.844665,-3.52086
4.39,-1.80401,-1.80401,3.19175,3.19175,-0.981279,-3.53254
4.4,-1.71054,-1.71054,3.28926,3.28926,-1.11632,-3.5354
4.41,-1.61208,-1.61208,3.37926,3.37926,-1.24958,-3.52941
4.42,-1.5088,-1.5088,3.46161,3.46161,-1.38084,-3.51461
4.43,-1.40087,-1.40087,3.53618,3.53618,-1.50989,-3.49102
4.44,-1.28848,-1.28848,3.60287,3.60287,-1.63652,-3.45871
4.45,-1.17182,-1.17182,3.6616,3.6616,-1.76054,-3.41775
4.46,-1.05112,-1.05112,3.7123,3.7123,-1.88174,-3.36824
4.47,-0.926588,-0.926588,3.75492,3.75492,-1.99993,-3.31032
4.48,-0.79847,-0.79847,3.78942,3.78942,-2.11492,-3.24413
4.49,-0.667012,-0.667012,3.8158,3.8158,-2.22653,-3.16982
4.5,-0.53247,-0.53247,3.83405,3.83405,-2.33457,-3.0876
4.51,-0.395112,-0.395112,3.84421,3.84421,-2.43888,-2.99765
4.52,-0.255214,-0.255214,3.84631,3.84631,-2.53929,-2.90022
4.53,-0.113064,-0.113064,3.84042,3.84042,-2.63564,-2.79553
4.54,0.0310464,0.0310464,3.8266,3.8266,-2.72777,-2.68386
4.55,0.176814,0.176814,3.80495,3.80495,-2.81553,-2.56548
4.56,0.323931,0.323931,3.77558,3.77558,-2.89879,-2.44068
4.57,0.472083,0.472083,3.73862,3.73862,-2.97742,-2.30979
4.58,0.620948,0.620948,3.69421,3.69421,-3.05128,-2.17312
4.59,0.770203,0.770203,3.64251,3.64251,-3.12026,-2.03102
4.6,0.919518,0.919518,3.58368,3.58368,-3.18424,-1.88385
4.61,1.06856,1.06856,3.51793,3.51793,-3.24314,-1.73197
4.62,1.21699,1.21699,3.44544,3.44544,-3.29684,-1.57575
4.63,1.36448,1.36448,3.36645,3.36645,-3.34527,-1.4156
4.64,1.51069,1.51069,3.28116,3.28116,-3.38835,-1.25191
4.65,1.65528,1.65528,3.18983,3.18983,-3.42601,-1.08509
4.66,1.79791,1.79791,3.09271,3.09271,-3.45819,-0.91556
4.67,1.93825,1.93825,2.99005,2.99005,-3.48483,-0.743741
4.68,2.07595,2.07595,2.88214,2.88214,-3.5059,-0.570062
4.69,2.2107,2.2107,2.76926,2.76926,-3.52137,-0.394959
4.7,2.34217,2.34217,2.65169,2.65169,-3.53119,-0.218868
4.71,2.47002,2.47002,2.52975,2.52975,-3.53537,-0.0422306
4.72,2.59396,2.59396,2.40373,2.40373,-3.5339,0.134513
4.73,2.71365,2.71365,2.27395,2.27395,-3.52677,0.31092
4.74,2.82881,2.82881,2.14073,2.14073,-3.51399,0.486549
4.75,2.93913,2.93913,2.00439,2.00439,-3.4956,0.660963
4.76,3.04433,3.04433,1.86527,1.86527,-3.47161,0.833725
4.77,3.14413,3.14413,1.72369,1.72369,-3.44207,1.0044
4.78,3.23826,3.23826,1.58,1.58,-3.40703,1.17257
4.79,3.32647,3.32647,1.43452,1.43452,-3.36653,1.33781
4.8,3.4085,3.4085,1.2876,1.2876,-3.32065,1.4997
4.81,3.48412,3.48412,1.13958,1.13958,-3.26945,1.65784
4.82,3.55312,3.55312,0.990784,0.990784,-3.21302,1.81184
4.83,3.61528,3.61528,0.841558,0.841558,-3.15146,1.96132
4.84,3.6704,3.6704,0.692233,0.692233,-3.08485,2.10589
4.85,3.71832,3.71832,0.543141,0.543141,-3.01331,2.24519
4.86,3.75886,3.75886,0.394608,0.394608,-2.93695,2.37889
4.87,3.79187,3.79187,0.246957,0.246957,-2.85588,2.50663
4.88,3.81722,3.81722,0.100506,0.100506,-2.77025,2.62812
4.89,3.8348,3.8348,-0.0444345,-0.0444345,-2.68019,2.74303
4.9,3.84449,3.84449,-0.187558,-0.187558,-2.58584,2.85109
4.91,3.84622,3.84622,-0.328569,-0.328569,-2.48735,2.95202
4.92,3.83992,3.83992,-0.467175,-0.467175,-2.38489,3.04557
4.93,3.82553,3.82553,-0.603097,-0.603097,-2.27861,3.13151
4.94,3.80304,3.80304,-0.736061,-0.736061,-2.16868,3.20963
4.95,3.77242,3.77242,-0.865806,-0.865806,-2.05528,3.27972
4.96,3.73367,3.73367,-0.99208,-0.99208,-1.9386,3.34161
4.97,3.68683,3.68683,-1.11464,-1.11464,-1.81881,3.39515
4.98,3.63193,3.63193,-1.23326,-1.23326,-1.69612,3.44021
4.99,3.56903,3.56903,-1.34771,-1.34771,-1.57071,3.47666
5,3.49821,3.49821,-1.4578,-1.4578,-1.44279,3.50443
5.01,3.41957,3.41957,-1.56333,-1.56333,-1.31256,3.52344
5.02,3.33321,3.33321,-1.66411,-1.66411,-1.18023,3.53364
5.03,3.23927,3.23927,-1.75999,-1.75999,-1.04601,3.53501
5.04,3.1379,3.1379,-1.8508,-1.8508,-0.91012,3.52754
5.05,3.02927,3.02927,-1.9364,-1.9364,-0.772774,3.51126
5.06,2.91355,2.91355,-2.01667,-2.01667,-0.63419,3.48619
5.07,2.79096,2.79096,-2.0915,-2.0915,-0.494593,3.45242
5.08,2.66171,2.66171,-2.16079,-2.16079,-0.354204,3.41002
5.09,2.52602,2.52602,-2.22445,-2.22445,-0.213248,3.35909
5.1,2.38416,2.38416,-2.28241,-2.28241,-0.0719511,3.29977
5.11,2.23639,2.23639,-2.33462,-2.33462,0.0694608,3.2322
5.12,2.08299,2.08299,-2.38105,-2.38105,0.210762,3.15655
5.13,1.92424,1.92424,-2.42165,-2.42165,0.351725,3.07301
5.14,1.76046,1.76046,-2.45643,-2.45643,0.492126,2.98179
5.15,1.59196,1.59196,-2.48538,-2.48538,0.63174,2.88312
5.16,1.41909,1.41909,-2.50852,-2.50852,0.770343,2.77724
5.17,1.24218,1.24218,-2.52588,-2.52588,0.907713,2.66442
5.18,1.06158,1.06158,-2.5375,-2.5375,1.04363,2.54493
5.19,0.87767,0.87767,-2.54344,-2.54344,1.17788,2.41909
5.2,0.690815,0.690815,-2.54378,-2.54378,1.31025,2.28721
5.21,0.5014,0.5014,-2.53859,-2.53859,1.44051,2.1496
5.22,0.309815,0.309815,-2.52798,-2.52798,1.56848,2.00662
5.23,0.116459,0.116459,-2.51204,-2.51204,1.69393,1.85863
5.24,-0.078267,-0.078267,-2.4909,-2.4909,1.81668,1.70599
5.25,-0.273953,-0.273953,-2.46469,-2.46469,1.93652,1.54909
5.26,-0.470186,-0.470186,-2.43356,-2.43356,2.05326,1.38831
5.27,-0.66655,-0.66655,-2.39764,-2.39764,2.16671,1.22407
5.28,-0.862626,-0.862626,-2.35712,-2.35712,2.2767,1.05676
5.29,-1.05799,-1.05799,-2.31214,-2.31214,2.38305,0.886818
5.3,-1.25223,-1.25223,-2.26291,-2.26291,2.48558,0.714656
5.31,-1.44493,-1.44493,-2.2096,-2.2096,2.58414,0.540707
5.32,-1.63565,-1.63565,-2.15241,-2.15241,2.67857,0.365407
5.33,-1.82399,-1.82399,-2.09155,-2.09155,2.7687,0.189193
5.34,-2.00953,-2.00953,-2.02722,-2.02722,2.85441,0.0125071
5.35,-2.19187,-2.19187,-1.95964,-1.95964,2.93556,-0.16421
5.36,-2.37059,-2.37059,-1.88903,-1.88903,3.012,-0.340518
5.37,-2.54531,-2.54531,-1.81561,-1.81561,3.08363,-0.515974
5.38,-2.71562,-2.71562,-1.73962,-1.73962,3.15033,-0.69014
5.39,-2.88115,-2.88115,-1.66128,-1.66128,3.21198,-0.862581
5.4,-3.04153,-3.04153,-1.58083,-1.58083,3.2685,-1.03287
5.41,-3.19638,-3.19638,-1.49851,-1.49851,3.31979,-1.20057
5.42,-3.34535,-3.34535,-1.41456,-1.41456,3.36577,-1.36527
5.43,-3.4881,-3.4881,-1.32922,-1.32922,3.40636,-1.52656
5.44,-3.6243,-3.6243,-1.24271,-1.24271,3.4415,-1.68404
5.45,-3.75364,-3.75364,-1.1553,-1.1553,3.47114,-1.8373
5.46,-3.8758,-3.8758,-1.0672,-1.0672,3.49522,-1.98598
5.47,-3.99049,-3.99049,-0.978657,-0.978657,3.51372,-2.12969
5.48,-4.09744,-4.09744,-0.889905,-0.889905,3.52659,-2.26807
5.49,-4.1964,-4.1964,-0.801172,-0.801172,3.53382,-2.40079
5.5,-4.28712,-4.28712,-0.712685,-0.712685,3.5354,-2.52751
5.51,-4.36937,-4.36937,-0.624665,-0.624665,3.53132,-2.64791
5.52,-4.44295,-4.44295,-0.537331,-0.537331,3.52159,-2.76169
5.53,-4.50766,-4.50766,-0.450894,-0.450894,3.50622,-2.86856
5.54,-4.56333,-4.56333,-0.36556,-0.36556,3.48525,-2.96827
5.55,-4.60982,-4.60982,-0.28153,-0.28153,3.45871,-3.06056
5.56,-4.64698,-4.64698,-0.198997,-0.198997,3.42663,-3.1452
5.57,-4.67471,-4.67471,-0.118146,-0.118146,3.38906,-3.22198
5.58,-4.69291,-4.69291,-0.0391563,-0.0391563,3.34608,-3.2907
5.59,-4.70151,-4.70151,0.0378029,0.0378029,3.29774,-3.3512
5.6,-4.70046,-4.70046,0.11257,0.11257,3.24413,-3.40333
5.61,-4.68972,-4.68972,0.184991,0.184991,3.18533,-3.44694
5.62,-4.66929,-4.66929,0.254924,0.254924,3.12143,-3.48194
5.63,-4.63917,-4.63917,0.322233,0.322233,3.05253,-3.50824
5.64,-4.5994,-4.5994,0.386796,0.386796,2.97876,-3.52577
5.65,-4.55002,-4.55002,0.448496,0.448496,2.90022,-3.53449
5.66,-4.49112,-4.49112,0.507231,0.507231,2.81704,-3.53437
5.67,-4.42279,-4.42279,0.562905,0.562905,2.72935,-3.52542
5.68,-4.34514,-4.34514,0.615436,0.615436,2.6373,-3.50765
5.69,-4.2583,-4.2583,0.664751,0.664751,2.54102,-3.48112
5.7,-4.16244,-4.16244,0.710788,0.710788,2.44068,-3.44589
5.71,-4.05772,-4.05772,0.753496,0.753496,2.33644,-3.40205
5.72,-3.94435,-3.94435,0.792834,0.792834,2.22846,-3.3497
5.73,-3.82254,-3.82254,0.828773,0.828773,2.11692,-3.28898
5.74,-3.69253,-3.69253,0.861293,0.861293,2.00198,-3.22004
5.75,-3.55455,-3.55455,0.890387,0.890387,1.88385,-3.14305
5.76,-3.40889,-3.40889,0.916057,0.916057,1.7627,-3.0582
5.77,-3.25583,-3.25583,0.938316,0.938316,1.63873,-2.96571
5.78,-3.09568,-3.09568,0.957187,0.957187,1.51214,-2.86581
5.79,-2.92875,-2.92875,0.972704,0.972704,1.38313,-2.75874
5.8,-2.75538,-2.75538,0.984909,0.984909,1.25191,-2.64478
5.81,-2.57592,-2.57592,0.993857,0.993857,1.11869,-2.52421
5.82,-2.39073,-2.39073,0.999608,0.999608,0.983671,-2.39733
5.83,-2.20019,-2.20019,1.00224,1.00224,0.847083,-2.26446
5.84,-2.00469,-2.00469,1.00182,1.00182,0.70914,-2.12593
5.85,-1.80464,-1.80464,0.998447,0.998447,0.570062,-1.98208
5.86,-1.60043,-1.60043,0.992216,0.992216,0.430073,-1.83328
5.87,-1.3925,-1.3925,0.983233,0.983233,0.289395,-1.6799
5.88,-1.18127,-1.18127,0.971607,0.971607,0.148254,-1.52231
5.89,-0.967183,-0.967183,0.957459,0.957459,0.00687626,-1.36093
5.9,-0.750683,-0.750683,0.940913,0.940913,-0.134513,-1.19614
5.91,-0.532221,-0.532221,0.922101,0.922101,-0.275686,-1.02836
5.92,-0.312254,-0.312254,0.901159,0.901159,-0.416419,-0.858013
5.93,-0.0912411,-0.0912411,0.87823,0.87823,-0.556485,-0.68552
5.94,0.130354,0.130354,0.85346,0.85346,-0.695662,-0.511313
5.95,0.352066,0.352066,0.827,0.827,-0.833725,-0.335829
5.96,0.573428,0.573428,0.799002,0.799002,-0.970454,-0.159505
5.97,0.793974,0.793974,0.769625,0.769625,-1.10563,0.0172172
5.98,1.01324,1.01324,0.739028,0.739028,-1.23904,0.193897
5.99,1.23076,1.23076,0.707371,0.707371,-1.37047,0.370091
6,1.44608,1.44608,0.674819,0.674819,-1.4997,0.545361
6.01,1.65873,1.65873,0.641534,0.641534,-1.62653,0.719268
6.02,1.86828,1.86828,0.60768,0.60768,-1.75077,0.891377
6.03,2.07427,2.07427,0.573421,0.573421,-1.8722,1.06126
6.04,2.27626,2.27626,0.53892,0.53892,-1.99063,1.22849
6.05,2.47383,2.47383,0.504338,0.504338,-2.10589,1.39264
6.06,2.66656,2.66656,0.469835,0.469835,-2.21777,1.55332
6.07,2.85404,2.85404,0.435569,0.435569,-2.3261,1.71011
6.08,3.03586,3.03586,0.401694,0.401694,-2.43072,1.86263
6.09,3.21164,3.21164,0.368362,0.368362,-2.53144,2.0105
6.1,3.381,3.381,0.335719,0.335719,-2.62812,2.15334
6.11,3.54358,3.54358,0.303909,0.303909,-2.72059,2.29079
6.12,3.69904,3.69904,0.27307,0.27307,-2.80871,2.42253
6.13,3.84704,3.84704,0.243335,0.243335,-2.89233,2.5482
6.14,3.98726,3.98726,0.214833,0.214833,-2.97133,2.66751
6.15,4.11941,4.11941,0.187683,0.187683,-3.04557,2.78015
6.16,4.24319,4.24319,0.162002,0.162002,-3.11494,2.88584
6.17,4.35836,4.35836,0.137898,0.137898,-3.17933,2.98432
6.18,4.46465,4.46465,0.115472,0.115472,-3.23864,3.07533
6.19,4.56185,4.56185,0.0948172,0.0948172,-3.29276,3.15867
6.2,4.64973,4.64973,0.0760204,0.0760204,-3.34161,3.2341
6.21,4.72812,4.72812,0.0591595,0.0591595,-3.38512,3.30146
6.22,4.79685,4.79685,0.0443042,0.0443042,-3.42321,3.36056
6.23,4.85576,4.85576,0.031516,0.031516,-3.45583,3.41126
6.24,4.90474,4.90474,0.0208475,0.0208475,-3.48292,3.45343
6.25,4.94367,4.94367,0.0123427,0.0123427,-3.50443,3.48698
6.26,4.97248,4.97248,0.00603643,0.00603643,-3.52034,3.5118
6.27,4.99109,4.99109,0.00195468,0.00195468,-3.53062,3.52785
6.28,4.99948,4.99948,0.000114141,0.000114141,-3.53525,3.53509
6.29,4.99762,4.99762,0.000522368,0.000522368,-3.53422,3.53348
6.3,4.98552,4.98552,0.00317768,0.00317768,-3.52754,3.52305
6.31,4.9632,4.9632,0.0080692,0.0080692,-3.51522,3.5038
6.32,4.93071,4.93071,0.0151769,0.0151769,-3.49727,3.47581
6.33,4.88812,4.88812,0.0244715,0.0244715,-3.47373,3.43912
6.34,4.83552,4.83552,0.0359148,0.0359148,-3.44463,3.39384
6.35,4.77303,4.77303,0.0494598,0.0494598,-3.41002,3.34007
6.36,4.70078,4.70078,0.0650506,0.0650506,-3.36995,3.27796
6.37,4.61892,4.61892,0.0826226,0.0826226,-3.32449,3.20765
6.38,4.52764,4.52764,0.102103,0.102103,-3.27372,3.12932
6.39,4.42711,4.42711,0.123411,0.123411,-3.21771,3.04318
6.4,4.31757,4.31757,0.146458,0.146458,-3.15655,2.94942
6.41,4.19925,4.19925,0.171146,0.171146,-3.09034,2.8483
6.42,4.0724,4.0724,0.197373,0.197373,-3.01918,2.74006
6.43,3.93729,3.93729,0.225027,0.225027,-2.9432,2.62496
6.44,3.79421,3.79421,0.253991,0.253991,-2.86251,2.50331
6.45,3.64346,3.64346,0.284142,0.284142,-2.77724,2.3754
6.46,3.48538,3.48538,0.315349,0.315349,-2.68752,2.24155
6.47,3.3203,3.3203,0.347477,0.347477,-2.59351,2.1021
6.48,3.14856,3.14856,0.380387,0.380387,-2.49534,1.9574
6.49,2.97055,2.97055,0.413934,0.413934,-2.39319,1.8078
6.5,2.78663,2.78663,0.447969,0.447969,-2.28721,1.65368
6.51,2.5972,2.5972,0.482339,0.482339,-2.17756,1.49543
6.52,2.40266,2.40266,0.516888,0.516888,-2.06444,1.33345
6.53,2.20344,2.20344,0.551459,0.551459,-1.94801,1.16813
6.54,1.99994,1.99994,0.585891,0.585891,-1.82846,0.999886
6.55,1.79261,1.79261,0.620022,0.620022,-1.70599,0.829147
6.56,1.58189,1.58189,0.653689,0.653689,-1.58079,0.656336
6.57,1.36821,1.36821,0.686727,0.686727,-1.45306,0.481884
6.58,1.15204,1.15204,0.718973,0.718973,-1.32301,0.306227
6.59,0.933837,0.933837,0.750264,0.750264,-1.19084,0.129806
6.6,0.714053,0.714053,0.780437,0.780437,-1.05676,-0.0469404
6.61,0.493157,0.493157,0.809331,0.809331,-0.920998,-0.223569
6.62,0.271614,0.271614,0.836789,0.836789,-0.783759,-0.399639
6.63,0.0498906,0.0498906,0.862654,0.862654,-0.645266,-0.57471
6.64,-0.171547,-0.171547,0.886773,0.886773,-0.505741,-0.748345
6.65,-0.392234,-0.392234,0.908997,0.908997,-0.365407,-0.920109
6.66,-0.611708,-0.611708,0.929182,0.929182,-0.224488,-1.08957
6.67,-0.82951,-0.82951,0.947187,0.947187,-0.0832101,-1.25631
6.68,-1.04519,-1.04519,0.962878,0.962878,0.0582009,-1.41992
6.69,-1.25829,-1.25829,0.976124,0.976124,0.199519,-1.57997
6.7,-1.46837,-1.46837,0.986805,0.986805,0.340518,-1.73607
6.71,-1.675,-1.675,0.994802,0.994802,0.480972,-1.88783
6.72,-1.87775,-1.87775,1.00001,1.00001,0.620656,-2.03488
6.73,-2.0762,-2.0762,1.00232,1.00232,0.759348,-2.17684
6.74,-2.26994,-2.26994,1.00164,1.00164,0.896825,-2.31335
6.75,-2.45858,-2.45858,0.997886,0.997886,1.03287,-2.44409
6.76,-2.64173,-2.64173,0.990982,0.990982,1.16726,-2.56872
6.77,-2.81902,-2.81902,0.980859,0.980859,1.29978,-2.68692
6.78,-2.9901,-2.9901,0.967458,0.967458,1.43022,-2.79841
6.79,-3.15461,-3.15461,0.950728,0.950728,1.55838,-2.90291
6.8,-3.31222,-3.31222,0.930631,0.930631,1.68404,-3.00015
6.81,-3.46263,-3.46263,0.907136,0.907136,1.80701,-3.08989
6.82,-3.60553,-3.60553,0.880224,0.880224,1.92708,-3.17191
6.83,-3.74065,-3.74065,0.849886,0.849886,2.04408,-3.246
6.84,-3.86772,-3.86772,0.816124,0.816124,2.1578,-3.31197
6.85,-3.98649,-3.98649,0.778949,0.778949,2.26807,-3.36967
6.86,-4.09674,-4.09674,0.738384,0.738384,2.37472,-3.41895
6.87,-4.19826,-4.19826,0.694462,0.694462,2.47756,-3.45968
6.88,-4.29087,-4.29087,0.647229,0.647229,2.57644,-3.49176
6.89,-4.37439,-4.37439,0.596739,0.596739,2.6712,-3.51512
6.9,-4.44867,-4.44867,0.543058,0.543058,2.76169,-3.52969
6.91,-4.5136,-4.5136,0.486263,0.486263,2.84775,-3.53543
6.92,-4.56905,-4.56905,0.42644,0.42644,2.92927,-3.53234
6.93,-4.61494,-4.61494,0.363689,0.363689,3.00609,-3.52043
6.94,-4.65122,-4.65122,0.298115,0.298115,3.07811,-3.49971
6.95,-4.67782,-4.67782,0.229839,0.229839,3.1452,-3.47024
6.96,-4.69474,-4.69474,0.158987,0.158987,3.20726,-3.4321
6.97,-4.70196,-4.70196,0.0856971,0.0856971,3.26419,-3.38539
6.98,-4.69951,-4.69951,0.0101166,0.0101166,3.3159,-3.33021
6.99,-4.68741,-4.68741,-0.0675988,-0.0675988,3.3623,-3.2667
7,-4.66575,-4.66575,-0.147284,-0.147284,3.40333,-3.19503
7.01,-4.63458,-4.63458,-0.228767,-0.228767,3.43891,-3.11538
7.02,-4.59402,-4.59402,-0.311865,-0.311865,3.46898,-3.02794
7.03,-4.54418,-4.54418,-0.396391,-0.396391,3.49351,-2.93293
7.04,-4.48521,-4.48521,-0.482148,-0.482148,3.51245,-2.83059
7.05,-4.41726,-4.41726,-0.568935,-0.568935,3.52577,-2.72117
7.06,-4.34051,-4.34051,-0.656543,-0.656543,3.53345,-2.60496
7.07,-4.25516,-4.25516,-0.744758,-0.744758,3.53548,-2.48223
7.08,-4.16143,-4.16143,-0.83336,-0.83336,3.53185,-2.3533
7.09,-4.05954,-4.05954,-0.922126,-0.922126,3.52257,-2.21849
7.1,-3.94974,-3.94974,-1.01083,-1.01083,3.50765,-2.07813
7.11,-3.83231,-3.83231,-1.09924,-1.09924,3.48713,-1.93257
7.12,-3.70751,-3.70751,-1.18711,-1.18711,3.46102,-1.78219
7.13,-3.57565,-3.57565,-1.27423,-1.27423,3.42938,-1.62735
7.14,-3.43703,-3.43703,-1.36034,-1.36034,3.39225,-1.46845
7.15,-3.29198,-3.29198,-1.44521,-1.44521,3.3497,-1.30587
7.16,-3.14084,-3.14084,-1.52859,-1.52859,3.30178,-1.14003
7.17,-2.98394,-2.98394,-1.61026,-1.61026,3.24859,-0.97134
7.18,-2.82165,-2.82165,-1.68997,-1.68997,3.1902,-0.800222
7.19,-2.65434,-2.65434,-1.76748,-1.76748,3.1267,-0.627105
7.2,-2.48238,-2.48238,-1.84257,-1.84257,3.0582,-0.45242
7.21,-2.30617,-2.30617,-1.91499,-1.91499,2.98481,-0.276604
7.22,-2.12609,-2.12609,-1.98453,-1.98453,2.90664,-0.100097
7.23,-1.94254,-1.94254,-2.05095,-2.05095,2.82383,0.0766602
7.24,-1.75594,-1.75594,-2.11405,-2.11405,2.73649,0.253226
7.25,-1.56668,-1.56668,-2.1736,-2.1736,2.64478,0.429159
7.26,-1.3752,-1.3752,-2.22941,-2.22941,2.54884,0.604019
7.27,-1.18189,-1.18189,-2.28126,-2.28126,2.44882,0.777369
7.28,-0.987196,-0.987196,-2.32897,-2.32897,2.34488,0.948776
7.29,-0.791522,-0.791522,-2.37235,-2.37235,2.23719,1.11781
7.3,-0.595293,-0.595293,-2.41122,-2.41122,2.12593,1.28405
7.31,-0.398928,-0.398928,-2.44542,-2.44542,2.01126,1.44709
7.32,-0.202846,-0.202846,-2.47478,-2.47478,1.89337,1.6065
7.33,-0.00746104,-0.00746104,-2.49917,-2.49917,1.77245,1.7619
7.34,0.186815,0.186815,-2.51843,-2.51843,1.6487,1.9129
7.35,0.379575,0.379575,-2.53245,-2.53245,1.52231,2.05911
7.36,0.570418,0.570418,-2.54111,-2.54111,1.39349,2.20018
7.37,0.758948,0.758948,-2.5443,-2.5443,1.26244,2.33575
7.38,0.944778,0.944778,-2.54194,-2.54194,1.12936,2.46548
7.39,1.12753,1.12753,-2.53394,-2.53394,0.994483,2.58905
7.4,1.30683,1.30683,-2.52024,-2.52024,0.858013,2.70615
7.41,1.48232,1.48232,-2.50079,-2.50079,0.720169,2.81648
7.42,1.65364,1.65364,-2.47554,-2.47554,0.581174,2.91977
7.43,1.82046,1.82046,-2.44448,-2.44448,0.441249,3.01577
7.44,1.98245,1.98245,-2.40759,-2.40759,0.300617,3.10423
7.45,2.1393,2.1393,-2.36487,-2.36487,0.159505,3.18493
7.46,2.29069,2.29069,-2.31634,-2.31634,0.0181379,3.25766
7.47,2.43635,2.43635,-2.26204,-2.26204,-0.123258,3.32226
7.48,2.576,2.576,-2.202,-2.202,-0.264457,3.37855
7.49,2.70937,2.70937,-2.13629,-2.13629,-0.405233,3.4264
7.5,2.83624,2.83624,-2.06498,-2.06498,-0.545361,3.46568
7.51,2.95636,2.95636,-1.98816,-1.98816,-0.684617,3.4963
7.52,3.06952,3.06952,-1.90594,-1.90594,-0.822777,3.51818
7.53,3.17554,3.17554,-1.81843,-1.81843,-0.95962,3.53127
7.54,3.27423,3.27423,-1.72577,-1.72577,-1.09493,3.53553
7.55,3.36543,3.36543,-1.62809,-1.62809,-1.22849,3.53096
7.56,3.44901,3.44901,-1.52557,-1.52557,-1.36008,3.51756
7.57,3.52483,3.52483,-1.41836,-1.41836,-1.48949,3.49536
7.58,3.59278,3.59278,-1.30667,-1.30667,-1.61653,3.46443
7.59,3.65278,3.65278,-1.19068,-1.19068,-1.74097,3.42484
7.6,3.70477,3.70477,-1.0706,-1.0706,-1.86263,3.3767
7.61,3.74867,3.74867,-0.946667,-0.946667,-1.98132,3.32011
7.62,3.78447,3.78447,-0.819105,-0.819105,-2.09683,3.25522
7.63,3.81214,3.81214,-0.688162,-0.688162,-2.20899,3.18219
7.64,3.83169,3.83169,-0.554093,-0.554093,-2.31761,3.10122
7.65,3.84313,3.84313,-0.417165,-0.417165,-2.42253,3.01249
7.66,3.84652,3.84652,-0.277653,-0.277653,-2.52357,2.91623
7.67,3.84189,3.84189,-0.135842,-0.135842,-2.62057,2.81268
7.68,3.82932,3.82932,0.00797578,0.00797578,-2.71338,2.7021
7.69,3.80892,3.80892,0.1535,0.1535,-2.80185,2.58477
7.7,3.78077,3.78077,0.300423,0.300423,-2.88584,2.46098
7.71,3.74501,3.74501,0.448431,0.448431,-2.96521,2.33103
7.72,3.70177,3.70177,0.597205,0.597205,-3.03984,2.19526
7.73,3.65122,3.65122,0.746419,0.746419,-3.1096,2.05401
7.74,3.59352,3.59352,0.895747,0.895747,-3.17439,1.90761
7.75,3.52886,3.52886,1.04485,1.04485,-3.2341,1.75645
7.76,3.45743,3.45743,1.19341,1.19341,-3.28864,1.60091
7.77,3.37945,3.37945,1.34107,1.34107,-3.33792,1.44135
7.78,3.29516,3.29516,1.48751,1.48751,-3.38185,1.2782
7.79,3.20477,3.20477,1.63237,1.63237,-3.42038,1.11185
7.8,3.10855,3.10855,1.77534,1.77534,-3.45343,0.942725
7.81,3.00676,3.00676,1.91606,1.91606,-3.48096,0.771241
7.82,2.89967,2.89967,2.05421,2.05421,-3.50292,0.59783
7.83,2.78756,2.78756,2.18945,2.18945,-3.51928,0.422924
7.84,2.67072,2.67072,2.32146,2.32146,-3.53001,0.246961
7.85,2.54945,2.54945,2.44992,2.44992,-3.53509,0.0703814
7.86,2.42406,2.42406,2.57449,2.57449,-3.53451,-0.106375
7.87,2.29485,2.29485,2.69489,2.69489,-3.52828,-0.282865
7.88,2.16216,2.16216,2.81079,2.81079,-3.5164,-0.458648
7.89,2.0263,2.0263,2.9219,2.9219,-3.4989,-0.633285
7.9,1.8876,1.8876,3.02793,3.02793,-3.47581,-0.806338
7.91,1.74639,1.74639,3.12861,3.12861,-3.44715,-0.977377
7.92,1.60301,1.60301,3.22366,3.22366,-3.41297,-1.14597
7.93,1.4578,1.4578,3.31283,3.31283,-3.37334,-1.3117
7.94,1.31109,1.31109,3.39586,3.39586,-3.32831,-1.47416
7.95,1.16321,1.16321,3.47252,3.47252,-3.27796,-1.63292
7.96,1.01452,1.01452,3.54258,3.54258,-3.22236,-1.78761
7.97,0.86534,0.86534,3.60584,3.60584,-3.1616,-1.93783
7.98,0.716009,0.716009,3.6621,3.6621,-3.09579,-2.0832
7.99,0.566857,0.566857,3.71118,3.71118,-3.02503,-2.22337
8,0.418213,0.418213,3.7529,3.7529,-2.94942,-2.35798
8.01,0.2704,0.2704,3.78712,3.78712,-2.8691,-2.4867
8.02,0.123737,0.123737,3.8137,3.8137,-2.78419,-2.6092
8.03,-0.0214643,-0.0214643,3.83252,3.83252,-2.69483,-2.72518
8.04,-0.164898,-0.164898,3.84348,3.84348,-2.60115,-2.83435
8.05,-0.306264,-0.306264,3.84648,3.84648,-2.50331,-2.93643
8.06,-0.445273,-0.445273,3.84146,3.84146,-2.40147,-3.03118
8.07,-0.58164,-0.58164,3.82837,3.82837,-2.29578,-3.11834
8.08,-0.715093,-0.715093,3.80716,3.80716,-2.18642,-3.19772
8.09,-0.845369,-0.845369,3.77784,3.77784,-2.07357,-3.2691
8.1,-0.972211,-0.972211,3.74039,3.74039,-1.9574,-3.33231
8.11,-1.09538,-1.09538,3.69483,3.69483,-1.83809,-3.38719
8.12,-1.21464,-1.21464,3.64121,3.64121,-1.71585,-3.43361
8.13,-1.32977,-1.32977,3.57958,3.57958,-1.59086,-3.47144
8.14,-1.44057,-1.44057,3.51002,3.51002,-1.46332,-3.50059
8.15,-1.54683,-1.54683,3.43261,3.43261,-1.33345,-3.521
8.16,-1.64839,-1.64839,3.34747,3.34747,-1.20144,-3.53261
8.17,-1.74505,-1.74505,3.25473,3.25473,-1.06751,-3.53538
8.18,-1.83668,-1.83668,3.15454,3.15454,-0.931866,-3.52932
8.19,-1.92312,-1.92312,3.04705,3.04705,-0.794737,-3.51444
8.2,-2.00425,-2.00425,2.93245,2.93245,-0.656336,-3.49077
8.21,-2.07995,-2.07995,2.81094,2.81094,-0.516884,-3.45838
8.22,-2.15013,-2.15013,2.68273,2.68273,-0.376606,-3.41734
8.23,-2.21469,-2.21469,2.54805,2.54805,-0.235726,-3.36777
8.24,-2.27356,-2.27356,2.40716,2.40716,-0.0944683,-3.30977
8.25,-2.3267,-2.3267,2.26031,2.26031,0.0469404,-3.2435
8.26,-2.37404,-2.37404,2.10778,2.10778,0.188274,-3.16913
8.27,-2.41558,-2.41558,1.94987,1.94987,0.329306,-3.08683
8.28,-2.45128,-2.45128,1.78687,1.78687,0.469812,-2.99682
8.29,-2.48116,-2.48116,1.6191,1.6191,0.609566,-2.89932
8.3,-2.50522,-2.50522,1.4469,1.4469,0.748345,-2.79457
8.31,-2.5235,-2.5235,1.27061,1.27061,0.885927,-2.68284
8.32,-2.53603,-2.53603,1.09058,1.09058,1.02209,-2.5644
8.33,-2.54288,-2.54288,0.907167,0.907167,1.15662,-2.43955
8.34,-2.5441,-2.5441,0.720756,0.720756,1.2893,-2.3086
8.35,-2.53979,-2.53979,0.531723,0.531723,1.41992,-2.17188
8.36,-2.53003,-2.53003,0.340457,0.340457,1.54826,-2.02974
8.37,-2.51493,-2.51493,0.147356,0.147356,1.67413,-1.88252
8.38,-2.49461,-2.49461,-0.0471791,-0.0471791,1.79732,-1.7306
8.39,-2.4692,-2.4692,-0.242739,-0.242739,1.91763,-1.57435
8.4,-2.43884,-2.43884,-0.438913,-0.438913,2.03488,-1.41416
8.41,-2.40368,-2.40368,-0.635284,-0.635284,2.14887,-1.25044
8.42,-2.36387,-2.36387,-0.831434,-0.831434,2.25942,-1.0836
8.43,-2.3196,-2.3196,-1.02694,-1.02694,2.36636,-0.914044
8.44,-2.27103,-2.27103,-1.22139,-1.22139,2.46951,-0.742206
8.45,-2.21836,-2.21836,-1.41436,-1.41436,2.56872,-0.568513
8.46,-2.16177,-2.16177,-1.60542,-1.60542,2.66381,-0.393399
8.47,-2.10148,-2.10148,-1.79417,-1.79417,2.75464,-0.217301
8.48,-2.03769,-2.03769,-1.98019,-1.98019,2.84107,-0.0406607
8.49,-1.97061,-1.97061,-2.16306,-2.16306,2.92295,0.136082
8.5,-1.90047,-1.90047,-2.34238,-2.34238,3.00015,0.312484
8.51,-1.82748,-1.82748,-2.51776,-2.51776,3.07255,0.488105
8.52,-1.75188,-1.75188,-2.68881,-2.68881,3.14004,0.662506
8.53,-1.6739,-1.6739,-2.85513,-2.85513,3.20251,0.835251
8.54,-1.59378,-1.59378,-3.01634,-3.01634,3.25985,1.00591
8.55,-1.51174,-1.51174,-3.1721,-3.1721,3.31197,1.17405
8.56,-1.42803,-1.42803,-3.32203,-3.32203,3.3588,1.33926
8.57,-1.34289,-1.34289,-3.4658,-3.4658,3.40026,1.50112
8.58,-1.25656,-1.25656,-3.60306,-3.60306,3.43627,1.65923
8.59,-1.16927,-1.16927,-3.73351,-3.73351,3.46679,1.81319
8.6,-1.08127,-1.08127,-3.85683,-3.85683,3.49176,1.96262
8.61,-0.992779,-0.992779,-3.97273,-3.97273,3.51115,2.10715
8.62,-0.904045,-0.904045,-4.08094,-4.08094,3.52492,2.2464
8.63,-0.815293,-0.815293,-4.18119,-4.18119,3.53305,2.38005
8.64,-0.726752,-0.726752,-4.27323,-4.27323,3.53552,2.50774
8.65,-0.638643,-0.638643,-4.35685,-4.35685,3.53234,2.62917
8.66,-0.551185,-0.551185,-4.43182,-4.43182,3.52351,2.74402
8.67,-0.464591,-0.464591,-4.49795,-4.49795,3.50905,2.85202
8.68,-0.379069,-0.379069,-4.55508,-4.55508,3.48897,2.95288
8.69,-0.294818,-0.294818,-4.60304,-4.60304,3.46331,3.04637
8.7,-0.212034,-0.212034,-4.64169,-4.64169,3.4321,3.13224
8.71,-0.130903,-0.130903,-4.67093,-4.67093,3.39541,3.21029
8.72,-0.051605,-0.051605,-4.69066,-4.69066,3.35328,3.2803
8.73,0.0256886,0.0256886,-4.70079,-4.70079,3.30579,3.34212
8.74,0.100815,0.100815,-4.70128,-4.70128,3.25302,3.39559
8.75,0.17362,0.17362,-4.69208,-4.69208,3.19503,3.44057
8.76,0.243958,0.243958,-4.67319,-4.67319,3.13194,3.47695
8.77,0.311694,0.311694,-4.64461,-4.64461,3.06384,3.50464
8.78,0.376702,0.376702,-4.60638,-4.60638,2.99083,3.52357
8.79,0.438865,0.438865,-4.55853,-4.55853,2.91304,3.53369
8.8,0.498079,0.498079,-4.50114,-4.50114,2.83059,3.53498
8.81,0.554247,0.554247,-4.4343,-4.4343,2.74361,3.52743
8.82,0.607284,0.607284,-4.35812,-4.35812,2.65224,3.51107
8.83,0.657115,0.657115,-4.27274,-4.27274,2.55663,3.48593
8.84,0.703678,0.703678,-4.1783,-4.1783,2.45693,3.45208
8.85,0.746919,0.746919,-4.07499,-4.07499,2.3533,3.4096
8.86,0.786796,0.786796,-3.96298,-3.96298,2.2459,3.3586
8.87,0.823278,0.823278,-3.8425,-3.8425,2.13491,3.2992
8.88,0.856343,0.856343,-3.71377,-3.71377,2.02051,3.23156
8.89,0.885983,0.885983,-3.57705,-3.57705,1.90287,3.15584
8.9,0.912198,0.912198,-3.43259,-3.43259,1.78219,3.07223
8.91,0.934999,0.934999,-3.28069,-3.28069,1.65866,2.98094
8.92,0.954407,0.954407,-3.12165,-3.12165,1.53247,2.88221
8.93,0.970456,0.970456,-2.95577,-2.95577,1.40383,2.77626
8.94,0.983185,0.983185,-2.78341,-2.78341,1.27295,2.66338
8.95,0.992647,0.992647,-2.60489,-2.60489,1.14003,2.54384
8.96,0.998903,0.998903,-2.42059,-2.42059,1.00529,2.41795
8.97,1.00202,1.00202,-2.23088,-2.23088,0.868933,2.28601
8.98,1.00209,1.00209,-2.03615,-2.03615,0.731191,2.14835
8.99,0.999178,0.999178,-1.83679,-1.83679,0.592279,2.00533
9,0.993396,0.993396,-1.63321,-1.63321,0.45242,1.85729
9.01,0.984843,0.984843,-1.42585,-1.42585,0.311837,1.70462
9.02,0.973631,0.973631,-1.21511,-1.21511,0.170755,1.54768
9.03,0.959876,0.959876,-1.00145,-1.00145,0.0293995,1.38687
9.04,0.943703,0.943703,-0.785307,-0.785307,-0.112003,1.2226
9.05,0.925243,0.925243,-0.567127,-0.567127,-0.253226,1.05527
9.06,0.904631,0.904631,-0.347369,-0.347369,-0.394044,0.885298
9.07,0.882009,0.882009,-0.126492,-0.126492,-0.534232,0.713118
9.08,0.857522,0.857522,0.0950416,0.0950416,-0.673564,0.539155
9.09,0.831321,0.831321,0.316766,0.316766,-0.81182,0.363845
9.1,0.803558,0.803558,0.538215,0.538215,-0.948776,0.187626
9.11,0.77439,0.77439,0.758922,0.758922,-1.08422,0.0109371
9.12,0.743976,0.743976,0.978423,0.978423,-1.21792,-0.165779
9.13,0.712477,0.712477,1.19625,1.19625,-1.34968,-0.34208
9.14,0.680057,0.680057,1.41195,1.41195,-1.47927,-0.517527
9.15,0.646877,0.646877,1.62506,1.62506,-1.6065,-0.69168
9.16,0.613103,0.613103,1.83513,1.83513,-1.73116,-0.864104
9.17,0.578898,0.578898,2.04172,2.04172,-1.85305,-1.03437
9.18,0.544424,0.544424,2.24438,2.24438,-1.97198,-1.20205
9.19,0.509845,0.509845,2.44268,2.44268,-2.08775,-1.36672
9.2,0.475319,0.475319,2.63621,2.63621,-2.20018,-1.52798
9.21,0.441005,0.441005,2.82455,2.82455,-2.30909,-1.68542
9.22,0.407057,0.407057,3.00729,3.00729,-2.41431,-1.83865
9.23,0.373628,0.373628,3.18406,3.18406,-2.51567,-1.98728
9.24,0.340866,0.340866,3.35447,3.35447,-2.613,-2.13094
9.25,0.308914,0.308914,3.51816,3.51816,-2.70615,-2.26928
9.26,0.277911,0.277911,3.67477,3.67477,-2.79497,-2.40194
9.27,0.247992,0.247992,3.82398,3.82398,-2.87932,-2.5286
9.28,0.219285,0.219285,3.96546,3.96546,-2.95906,-2.64895
9.29,0.191912,0.191912,4.09891,4.09891,-3.03407,-2.76267
9.3,0.16599,0.16599,4.22405,4.22405,-3.10423,-2.86948
9.31,0.141627,0.141627,4.3406,4.3406,-3.16942,-2.96913
9.32,0.118927,0.118927,4.44833,4.44833,-3.22954,-3.06135
9.33,0.0979845,0.0979845,4.54698,4.54698,-3.28449,-3.14592
9.34,0.0788864,0.0788864,4.63637,4.63637,-3.33419,-3.22262
9.35,0.0617122,0.0617122,4.71628,4.71628,-3.37855,-3.29128
9.36,0.0465332,0.0465332,4.78656,4.78656,-3.41751,-3.3517
9.37,0.033412,0.033412,4.84704,4.84704,-3.451,-3.40375
9.38,0.0224028,0.0224028,4.89761,4.89761,-3.47897,-3.44729
9.39,0.0135508,0.0135508,4.93815,4.93815,-3.50138,-3.48222
9.4,0.00689243,0.00689243,4.96857,4.96857,-3.51818,-3.50844
9.41,0.00245503,0.00245503,4.98881,4.98881,-3.52936,-3.52589
9.42,0.000256805,0.000256805,4.99883,4.99883,-3.53489,-3.53453
9.43,0.000306755,0.000306755,4.9986,4.9986,-3.53476,-3.53433
9.44,0.00260468,0.00260468,4.98813,4.98813,-3.52898,-3.5253
9.45,0.00714116,0.00714116,4.96743,4.96743,-3.51756,-3.50746
9.46,0.0138976,0.0138976,4.93656,4.93656,-3.5005,-3.48085
9.47,0.0228462,0.0228462,4.89558,4.89558,-3.47785,-3.44554
9.48,0.0339503,0.0339503,4.84457,4.84457,-3.44963,-3.40162
9.49,0.0471641,0.0471641,4.78364,4.78364,-3.4159,-3.3492
9.5,0.0624331,0.0624331,4.71294,4.71294,-3.3767,-3.2884
9.51,0.0796942,0.0796942,4.6326,4.6326,-3.33209,-3.21939
9.52,0.098876,0.098876,4.5428,4.5428,-3.28216,-3.14233
9.53,0.119899,0.119899,4.44373,4.44373,-3.22698,-3.05741
9.54,0.142675,0.142675,4.33561,4.33561,-3.16663,-2.96486
9.55,0.167108,0.167108,4.21867,4.21867,-3.10122,-2.86489
9.56,0.193097,0.193097,4.09316,4.09316,-3.03084,-2.75776
9.57,0.220532,0.220532,3.95935,3.95935,-2.95562,-2.64374
9.58,0.249296,0.249296,3.81751,3.81751,-2.87567,-2.52311
9.59,0.279266,0.279266,3.66797,3.66797,-2.79112,-2.39618
9.6,0.310313,0.310313,3.51104,3.51104,-2.7021,-2.26325
9.61,0.342304,0.342304,3.34704,3.34704,-2.60876,-2.12467
9.62,0.3751,0.3751,3.17634,3.17634,-2.51125,-1.98078
9.63,0.408555,0.408555,2.9993,2.9993,-2.40972,-1.83194
9.64,0.442522,0.442522,2.8163,2.8163,-2.30433,-1.67851
9.65,0.476849,0.476849,2.62772,2.62772,-2.19526,-1.5209
9.66,0.51138,0.51138,2.43397,2.43397,-2.08268,-1.35948
9.67,0.545959,0.545959,2.23547,2.23547,-1.96676,-1.19466
9.68,0.580424,0.580424,2.03262,2.03262,-1.8477,-1.02686
9.69,0.614613,0.614613,1.82587,1.82587,-1.72568,-0.85649
9.7,0.648365,0.648365,1.61566,1.61566,-1.60091,-0.683979
9.71,0.681514,0.681514,1.40242,1.40242,-1.47357,-0.50976
9.72,0.713897,0.713897,1.18662,1.18662,-1.34387,-0.334266
9.73,0.745351,0.745351,0.968707,0.968707,-1.21202,-0.157937
9.74,0.775713,0.775713,0.749143,0.749143,-1.07824,0.0187873
9.75,0.804821,0.804821,0.528393,0.528393,-0.942725,0.195464
9.76,0.832519,0.832519,0.306922,0.306922,-0.805706,0.371653
9.77,0.858647,0.858647,0.0851963,0.0851963,-0.667398,0.546912
9.78,0.883054,0.883054,-0.136318,-0.136318,-0.528023,0.720805
9.79,0.90559,0.90559,-0.357155,-0.357155,-0.387802,0.892896
9.8,0.926109,0.926109,-0.576853,-0.576853,-0.246961,1.06276
9.81,0.944471,0.944471,-0.794952,-0.794952,-0.105726,1.22996
9.82,0.960539,0.960539,-1.011,-1.011,0.0356794,1.39409
9.83,0.974183,0.974183,-1.22454,-1.22454,0.177027,1.55473
9.84,0.98528,0.98528,-1.43513,-1.43513,0.318092,1.71149
9.85,0.993712,0.993712,-1.64234,-1.64234,0.458648,1.86397
9.86,0.999368,0.999368,-1.84573,-1.84573,0.59847,2.01179
9.87,1.00215,1.00215,-2.04489,-2.04489,0.737335,2.15458
9.88,1.00195,1.00195,-2.23941,-2.23941,0.87502,2.29199
9.89,0.998692,0.998692,-2.42889,-2.42889,1.0113,2.42367
9.9,0.992296,0.992296,-2.61295,-2.61295,1.14597,2.54929
9.91,0.982689,0.982689,-2.79119,-2.79119,1.27881,2.66854
9.92,0.969814,0.969814,-2.96328,-2.96328,1.40959,2.78112
9.93,0.953617,0.953617,-3.12886,-3.12886,1.53813,2.88675
9.94,0.934058,0.934058,-3.28759,-3.28759,1.6642,2.98516
9.95,0.911106,0.911106,-3.43917,-3.43917,1.78761,3.07611
9.96,0.884739,0.884739,-3.58329,-3.58329,1.90816,3.15937
9.97,0.854947,0.854947,-3.71966,-3.71966,2.02566,3.23474
9.98,0.82173,0.82173,-3.84803,-3.84803,2.13992,3.30202
9.99,0.785097,0.785097,-3.96814,-3.96814,2.25075,3.36104
10,0.74507,0.74507,-4.07976,-4.07976,2.35798,3.41167
10.01,0.70168,0.70168,-4.18269,-4.18269,2.46144,3.45377
10.02,0.654971,0.654971,-4.27672,-4.27672,2.56097,3.48723
10.03,0.604996,0.604996,-4.3617,-4.3617,2.65639,3.51198
10.04,0.551818,0.551818,-4.43747,-4.43747,2.74757,3.52796
10.05,0.495513,0.495513,-4.50389,-4.50389,2.83435,3.53511
10.06,0.436167,0.436167,-4.56085,-4.56085,2.91659,3.53343
10.07,0.373875,0.373875,-4.60828,-4.60828,2.99418,3.52291
10.08,0.308743,0.308743,-4.64609,-4.64609,3.06697,3.50359
10.09,0.240889,0.240889,-4.67424,-4.67424,3.13485,3.47552
10.1,0.170438,0.170438,-4.69269,-4.69269,3.19772,3.43875
10.11,0.0975269,0.0975269,-4.70146,-4.70146,3.25547,3.3934
10.12,0.022301,0.022301,-4.70054,-4.70054,3.30802,3.33956
10.13,-0.0550851,-0.0550851,-4.68998,-4.68998,3.35527,3.27737
10.14,-0.134468,-0.134468,-4.66983,-4.66983,3.39715,3.20699
10.15,-0.215676,-0.215676,-4.64018,-4.64018,3.43361,3.12859
10.16,-0.29853,-0.29853,-4.6011,-4.6011,3.46456,3.04238
10.17,-0.382841,-0.382841,-4.55273,-4.55273,3.48998,2.94856
10.18,-0.468416,-0.468416,-4.4952,-4.4952,3.50981,2.84737
10.19,-0.555052,-0.555052,-4.42867,-4.42867,3.52403,2.73906
10.2,-0.642544,-0.642544,-4.35331,-4.35331,3.53261,2.62391
10.21,-0.730676,-0.730676,-4.26932,-4.26932,3.53553,2.5022
10.22,-0.819232,-0.819232,-4.17691,-4.17691,3.5328,2.37424
10.23,-0.907987,-0.907987,-4.0763,-4.0763,3.52442,2.24034
10.24,-0.996715,-0.996715,-3.96775,-3.96775,3.51041,2.10084
10.25,-1.08519,-1.08519,-3.85151,-3.85151,3.49077,1.95609
10.26,-1.17316,-1.17316,-3.72787,-3.72787,3.46555,1.80645
10.27,-1.26041,-1.26041,-3.59711,-3.59711,3.43479,1.65229
10.28,-1.3467,-1.3467,-3.45955,-3.45955,3.39853,1.49401
10.29,-1.43178,-1.43178,-3.3155,-3.3155,3.35684,1.33199
10.3,-1.51542,-1.51542,-3.1653,-3.1653,3.30977,1.16664
10.31,-1.59738,-1.59738,-3.0093,-3.0093,3.25741,0.99838
10.32,-1.67741,-1.67741,-2.84784,-2.84784,3.19984,0.827621
10.33,-1.75529,-1.75529,-2.68131,-2.68131,3.13715,0.654793
10.34,-1.83078,-1.83078,-2.51007,-2.51007,3.06944,0.480328
10.35,-1.90364,-1.90364,-2.3345,-2.3345,2.99682,0.304663
10.36,-1.97366,-1.97366,-2.15501,-2.15501,2.91941,0.128237
10.37,-2.04059,-2.04059,-1.97199,-1.97199,2.83732,-0.0485103
10.38,-2.10423,-2.10423,-1.78584,-1.78584,2.7507,-0.225136
10.39,-2.16437,-2.16437,-1.59698,-1.59698,2.65968,-0.401199
10.4,-2.22078,-2.22078,-1.40583,-1.40583,2.5644,-0.576259
10.41,-2.27327,-2.27327,-1.21278,-1.21278,2.46502,-0.749879
10.42,-2.32166,-2.32166,-1.01828,-1.01828,2.36169,-0.921625
10.43,-2.36574,-2.36574,-0.822734,-0.822734,2.25459,-1.09107
10.44,-2.40534,-2.40534,-0.626565,-0.626565,2.14388,-1.25778
10.45,-2.44029,-2.44029,-0.430194,-0.430194,2.02974,-1.42135
10.46,-2.47044,-2.47044,-0.234039,-0.234039,1.91235,-1.58137
10.47,-2.49562,-2.49562,-0.0385154,-0.0385154,1.79191,-1.73744
10.48,-2.51571,-2.51571,0.155964,0.155964,1.66859,-1.88916
10.49,-2.53058,-2.53058,0.348993,0.348993,1.54261,-2.03616
10.5,-2.54009,-2.54009,0.540168,0.540168,1.41416,-2.17807
10.51,-2.54416,-2.54416,0.729092,0.729092,1.28345,-2.31454
10.52,-2.54269,-2.54269,0.915379,0.915379,1.15068,-2.44522
10.53,-2.53559,-2.53559,1.09864,1.09864,1.01608,-2.5698
10.54,-2.52281,-2.52281,1.27852,1.27852,0.879845,-2.68794
10.55,-2.50427,-2.50427,1.45464,1.45464,0.742206,-2.79937
10.56,-2.47995,-2.47995,1.62665,1.62665,0.603379,-2.90381
10.57,-2.44982,-2.44982,1.79421,1.79421,0.463587,-3.00098
10.58,-2.41385,-2.41385,1.95699,1.95699,0.323053,-3.09065
10.59,-2.37206,-2.37206,2.11467,2.11467,0.182002,-3.1726
10.6,-2.32446,-2.32446,2.26696,2.26696,0.0406607,-3.24662
10.61,-2.27107,-2.27107,2.41355,2.41355,-0.100746,-3.31252
10.62,-2.21194,-2.21194,2.55417,2.55417,-0.241992,-3.37015
10.63,-2.14713,-2.14713,2.68856,2.68856,-0.38285,-3.41935
10.64,-2.07671,-2.07671,2.81648,2.81648,-0.523096,-3.46
10.65,-2.00076,-2.00076,2.93768,2.93768,-0.662506,-3.49201
10.66,-1.91939,-1.91939,3.05197,3.05197,-0.800855,-3.51529
10.67,-1.83272,-1.83272,3.15914,3.15914,-0.937923,-3.52978
10.68,-1.74086,-1.74086,3.25901,3.25901,-1.07349,-3.53545
10.69,-1.64398,-1.64398,3.35142,3.35142,-1.20734,-3.53228
10.7,-1.54221,-1.54221,3.43621,3.43621,-1.33926,-3.52028
10.71,-1.43574,-1.43574,3.51327,3.51327,-1.46904,-3.49948
10.72,-1.32475,-1.32475,3.58249,3.58249,-1.59646,-3.46994
10.73,-1.20943,-1.20943,3.64376,3.64376,-1.72133,-3.43173
10.74,-1.08999,-1.08999,3.69703,3.69703,-1.84345,-3.38493
10.75,-0.966655,-0.966655,3.74222,3.74222,-1.96262,-3.32968
10.76,-0.839654,-0.839654,3.77931,3.77931,-2.07865,-3.2661
10.77,-0.709233,-0.709233,3.80828,3.80828,-2.19136,-3.19436
10.78,-0.575644,-0.575644,3.82912,3.82912,-2.30055,-3.11464
10.79,-0.439153,-0.439153,3.84185,3.84185,-2.40607,-3.02713
10.8,-0.300034,-0.300034,3.84651,3.84651,-2.50774,-2.93205
10.81,-0.15857,-0.15857,3.84316,3.84316,-2.6054,-2.82965
10.82,-0.0150515,-0.0150515,3.83185,3.83185,-2.69889,-2.72017
10.83,0.130221,0.130221,3.81269,3.81269,-2.78806,-2.6039
10.84,0.276942,0.276942,3.78577,3.78577,-2.87277,-2.48111
10.85,0.424799,0.424799,3.75121,3.75121,-2.95288,-2.35213
10.86,0.573472,0.573472,3.70915,3.70915,-3.02827,-2.21726
10.87,0.722639,0.722639,3.65976,3.65976,-3.09882,-2.07686
10.88,0.87197,0.87197,3.60318,3.60318,-3.16441,-1.93126
10.89,1.02114,1.02114,3.53961,3.53961,-3.22494,-1.78083
10.9,1.1698,1.1698,3.46925,3.46925,-3.2803,-1.62596
10.91,1.31763,1.31763,3.3923,3.3923,-3.33042,-1.46702
10.92,1.46428,1.46428,3.309,3.309,-3.37522,-1.30441
10.93,1.60942,1.60942,3.21956,3.21956,-3.41461,-1.13854
10.94,1.75271,1.75271,3.12426,3.12426,-3.44854,-0.96983
10.95,1.89381,1.89381,3.02334,3.02334,-3.47695,-0.798693
10.96,2.03239,2.03239,2.91707,2.91707,-3.4998,-0.62556
10.97,2.16812,2.16812,2.80574,2.80574,-3.51705,-0.450863
10.98,2.30067,2.30067,2.68963,2.68963,-3.52868,-0.275039
10.99,2.42971,2.42971,2.56905,2.56905,-3.53466,-0.0985277
11,2.55493,2.55493,2.44429,2.44429,-3.53498,0.0782299
11.01,2.676,2.676,2.31567,2.31567,-3.52965,0.254792
11.02,2.79264,2.79264,2.18351,2.18351,-3.51867,0.430717
11.03,2.90453,2.90453,2.04814,2.04814,-3.50207,0.605566
11.04,3.0114,3.0114,1.90986,1.90986,-3.47986,0.778901
11.05,3.11295,3.11295,1.76903,1.76903,-3.45208,0.950289
11.06,3.20891,3.20891,1.62598,1.62598,-3.41878,1.1193
11.07,3.29903,3.29903,1.48103,1.48103,-3.38002,1.28552
11.08,3.38305,3.38305,1.33454,1.33454,-3.33584,1.44852
11.09,3.46074,3.46074,1.18683,1.18683,-3.28633,1.6079
11.1,3.53187,3.53187,1.03824,1.03824,-3.23156,1.76326
11.11,3.59623,3.59623,0.889118,0.889118,-3.17162,1.91422
11.12,3.65362,3.65362,0.739788,0.739788,-3.10661,2.06039
11.13,3.70385,3.70385,0.590586,0.590586,-3.03663,2.20141
11.14,3.74676,3.74676,0.44184,0.44184,-2.96179,2.33693
11.15,3.78218,3.78218,0.293873,0.293873,-2.88221,2.46661
11.16,3.80999,3.80999,0.147006,0.147006,-2.79802,2.59012
11.17,3.83005,3.83005,0.00155069,0.00155069,-2.70935,2.70716
11.18,3.84226,3.84226,-0.142184,-0.142184,-2.61635,2.81743
11.19,3.84654,3.84654,-0.2839,-0.2839,-2.51916,2.92066
11.2,3.8428,3.8428,-0.423303,-0.423303,-2.41795,3.01659
11.21,3.83099,3.83099,-0.56011,-0.56011,-2.31286,3.10498
11.22,3.81108,3.81108,-0.694045,-0.694045,-2.20408,3.18561
11.23,3.78305,3.78305,-0.824844,-0.824844,-2.09177,3.25827
11.24,3.74689,3.74689,-0.95225,-0.95225,-1.97611,3.3228
11.25,3.70263,3.70263,-1.07602,-1.07602,-1.85729,3.37901
11.26,3.65029,3.65029,-1.19592,-1.19592,-1.7355,3.42678
11.27,3.58993,3.58993,-1.31172,-1.31172,-1.61094,3.46599
11.28,3.52162,3.52162,-1.42322,-1.42322,-1.4838,3.49653
11.29,3.44546,3.44546,-1.53022,-1.53022,-1.35428,3.51834
11.3,3.36155,3.36155,-1.63253,-1.63253,-1.2226,3.53135
11.31,3.27001,3.27001,-1.72999,-1.72999,-1.08896,3.53553
11.32,3.17099,3.17099,-1.82243,-1.82243,-0.953574,3.53088
11.33,3.06465,3.06465,-1.9097,-1.9097,-0.816667,3.5174
11.34,2.95117,2.95117,-1.99169,-1.99169,-0.678454,3.49513
11.35,2.83074,2.83074,-2.06826,-2.06826,-0.539155,3.46412
11.36,2.70359,2.70359,-2.13932,-2.13932,-0.398994,3.42445
11.37,2.56993,2.56993,-2.20478,-2.20478,-0.258194,3.37623
11.38,2.43001,2.43001,-2.26457,-2.26457,-0.116982,3.31957
11.39,2.28409,2.28409,-2.31862,-2.31862,0.0244181,3.25461
11.4,2.13244,2.13244,-2.36689,-2.36689,0.165779,3.18151
11.41,1.97536,1.97536,-2.40935,-2.40935,0.306874,3.10046
11.42,1.81315,1.81315,-2.44598,-2.44598,0.447479,3.01166
11.43,1.64612,1.64612,-2.47679,-2.47679,0.587368,2.91534
11.44,1.47461,1.47461,-2.50178,-2.50178,0.726317,2.81173
11.45,1.29894,1.29894,-2.52097,-2.52097,0.864104,2.70109
11.46,1.11948,1.11948,-2.53442,-2.53442,1.00051,2.5837
11.47,0.936589,0.936589,-2.54216,-2.54216,1.13531,2.45985
11.48,0.75063,0.75063,-2.54428,-2.54428,1.2683,2.32985
11.49,0.561989,0.561989,-2.54084,-2.54084,1.39926,2.19403
11.5,0.371052,0.371052,-2.53194,-2.53194,1.52798,2.05273
11.51,0.178217,0.178217,-2.51769,-2.51769,1.65426,1.90629
11.52,-0.0161171,-0.0161171,-2.49819,-2.49819,1.77789,1.75509
11.53,-0.211542,-0.211542,-2.47358,-2.47358,1.89867,1.59951
11.54,-0.407645,-0.407645,-2.444,-2.444,2.01642,1.43992
11.55,-0.604013,-0.604013,-2.40959,-2.40959,2.13094,1.27674
11.56,-0.800226,-0.800226,-2.37052,-2.37052,2.24205,1.11036
11.57,-0.995866,-0.995866,-2.32694,-2.32694,2.34958,0.941212
11.58,-1.19051,-1.19051,-2.27904,-2.27904,2.45335,0.769709
11.59,-1.38374,-1.38374,-2.22701,-2.22701,2.55319,0.596282
11.6,-1.57514,-1.57514,-2.17104,-2.17104,2.64895,0.421365
11.61,-1.76428,-1.76428,-2.11132,-2.11132,2.74047,0.245395
11.62,-1.95076,-1.95076,-2.04807,-2.04807,2.8276,0.0688116
11.63,-2.13416,-2.13416,-1.9815,-1.9815,2.91021,-0.107944
11.64,-2.31408,-2.31408,-1.91183,-1.91183,2.98817,-0.28443
11.65,-2.49011,-2.49011,-1.83929,-1.83929,3.06135,-0.460205
11.66,-2.66187,-2.66187,-1.76409,-1.76409,3.12963,-0.634829
11.67,-2.82897,-2.82897,-1.68647,-1.68647,3.1929,-0.807867
11.68,-2.99102,-2.99102,-1.60667,-1.60667,3.25106,-0.978886
11.69,-3.14767,-3.14767,-1.52492,-1.52492,3.30403,-1.14746
11.7,-3.29856,-3.29856,-1.44147,-1.44147,3.3517,-1.31316
11.71,-3.44333,-3.44333,-1.35654,-1.35654,3.39402,-1.47558
11.72,-3.58165,-3.58165,-1.27038,-1.27038,3.4309,-1.63432
11.73,-3.71321,-3.71321,-1.18323,-1.18323,3.4623,-1.78896
11.74,-3.83768,-3.83768,-1.09532,-1.09532,3.48816,-1.93914
11.75,-3.95478,-3.95478,-1.00689,-1.00689,3.50844,-2.08447
11.76,-4.06423,-4.06423,-0.918184,-0.918184,3.5231,-2.22459
11.77,-4.16576,-4.16576,-0.82942,-0.82942,3.53213,-2.35915
11.78,-4.25913,-4.25913,-0.74083,-0.74083,3.53551,-2.48781
11.79,-4.3441,-4.3441,-0.652638,-0.652638,3.53323,-2.61026
11.8,-4.42046,-4.42046,-0.565062,-0.565062,3.5253,-2.72618
11.81,-4.48802,-4.48802,-0.478316,-0.478316,3.51173,-2.83529
11.82,-4.54659,-4.54659,-0.392609,-0.392609,3.49254,-2.93731
11.83,-4.59602,-4.59602,-0.308143,-0.308143,3.46776,-3.03198
11.84,-4.63616,-4.63616,-0.225112,-0.225112,3.43744,-3.11908
11.85,-4.66691,-4.66691,-0.143706,-0.143706,3.40162,-3.19839
11.86,-4.68815,-4.68815,-0.0641045,-0.0641045,3.36035,-3.2697
11.87,-4.69982,-4.69982,0.0135194,0.0135194,3.31371,-3.33283
11.88,-4.70185,-4.70185,0.0890015,0.0890015,3.26177,-3.38764
11.89,-4.69419,-4.69419,0.162186,0.162186,3.20461,-3.43398
11.9,-4.67685,-4.67685,0.232926,0.232926,3.14233,-3.47174
11.91,-4.64981,-4.64981,0.301086,0.301086,3.07501,-3.50081
11.92,-4.61311,-4.61311,0.366536,0.366536,3.00278,-3.52114
11.93,-4.56679,-4.56679,0.42916,0.42916,2.92575,-3.53267
11.94,-4.51091,-4.51091,0.48885,0.48885,2.84403,-3.53537
11.95,-4.44557,-4.44557,0.545509,0.545509,2.75776,-3.52923
11.96,-4.37087,-4.37087,0.599049,0.599049,2.66708,-3.51427
11.97,-4.28695,-4.28695,0.649396,0.649396,2.57214,-3.49052
11.98,-4.19394,-4.19394,0.696483,0.696483,2.47308,-3.45805
11.99,-4.09203,-4.09203,0.740257,0.740257,2.37006,-3.41694
12,-3.98139,-3.98139,0.780672,0.780672,2.26325,-3.36729
12.01,-3.86225,-3.86225,0.817696,0.817696,2.15282,-3.30922
12.02,-3.73482,-3.73482,0.851306,0.851306,2.03895,-3.24288
12.03,-3.59935,-3.59935,0.881492,0.881492,1.92181,-3.16843
12.04,-3.45611,-3.45611,0.908252,0.908252,1.80161,-3.08607
12.05,-3.30537,-3.30537,0.931595,0.931595,1.67851,-2.99599
12.06,-3.14744,-3.14744,0.951542,0.951542,1.55274,-2.89842
12.07,-2.98264,-2.98264,0.968123,0.968123,1.42448,-2.79361
12.08,-2.81128,-2.81128,0.981378,0.981378,1.29394,-2.68181
12.09,-2.63372,-2.63372,0.991357,0.991357,1.16133,-2.56332
12.1,-2.45032,-2.45032,0.998119,0.998119,1.02686,-2.43841
12.11,-2.26144,-2.26144,1.00173,1.00173,0.890748,-2.30741
12.12,-2.06748,-2.06748,1.00228,1.00228,0.753213,-2.17065
12.13,-1.86883,-1.86883,0.999836,0.999836,0.614472,-2.02845
12.14,-1.6659,-1.6659,0.994505,0.994505,0.474749,-1.88119
12.15,-1.45911,-1.45911,0.986386,0.986386,0.334266,-1.72923
12.16,-1.24888,-1.24888,0.97559,0.97559,0.193248,-1.57294
12.17,-1.03566,-1.03566,0.962232,0.962232,0.0519214,-1.41272
12.18,-0.81988,-0.81988,0.946436,0.946436,-0.0894885,-1.24897
12.19,-0.601993,-0.601993,0.928331,0.928331,-0.230755,-1.0821
12.2,-0.382456,-0.382456,0.908052,0.908052,-0.371653,-0.912527
12.21,-0.161726,-0.161726,0.885741,0.885741,-0.511956,-0.740671
12.22,0.0597342,0.0597342,0.861541,0.861541,-0.65144,-0.566963
12.23,0.281459,0.281459,0.835602,0.835602,-0.789882,-0.391838
12.24,0.502983,0.502983,0.808077,0.808077,-0.92706,-0.215734
12.25,0.72384,0.72384,0.779123,0.779123,-1.06276,-0.0390907
12.26,0.943564,0.943564,0.748897,0.748897,-1.19675,0.13765
12.27,1.16169,1.16169,0.71756,0.71756,-1.32883,0.314047
12.28,1.37776,1.37776,0.685275,0.685275,-1.45879,0.48966
12.29,1.59131,1.59131,0.652206,0.652206,-1.58641,0.664048
12.3,1.8019,1.8019,0.618515,0.618515,-1.71149,0.836776
12.31,2.00906,2.00906,0.584368,0.584368,-1.83383,1.00741
12.32,2.21238,2.21238,0.549926,0.549926,-1.95324,1.17553
12.33,2.41141,2.41141,0.515352,0.515352,-2.06953,1.34071
12.34,2.60572,2.60572,0.480807,0.480807,-2.18251,1.50254
12.35,2.79492,2.79492,0.446449,0.446449,-2.29199,1.66062
12.36,2.97858,2.97858,0.412433,0.412433,-2.39781,1.81454
12.37,3.15632,3.15632,0.378911,0.378911,-2.49979,1.96393
12.38,3.32777,3.32777,0.346033,0.346033,-2.59777,2.10841
12.39,3.49255,3.49255,0.313942,0.313942,-2.6916,2.24762
12.4,3.65032,3.65032,0.28278,0.28278,-2.78112,2.38121
12.41,3.80072,3.80072,0.252679,0.252679,-2.86619,2.50885
12.42,3.94346,3.94346,0.223771,0.223771,-2.94668,2.63022
12.43,4.07821,4.07821,0.196177,0.196177,-3.02245,2.74501
12.44,4.20469,4.20469,0.170016,0.170016,-3.09338,2.85294
12.45,4.32263,4.32263,0.145399,0.145399,-3.15937,2.95375
12.46,4.43177,4.43177,0.122427,0.122427,-3.2203,3.04717
12.47,4.53189,4.53189,0.101199,0.101199,-3.27609,3.13297
12.48,4.62276,4.62276,0.0818012,0.0818012,-3.32663,3.21094
12.49,4.70419,4.70419,0.0643157,0.0643157,-3.37185,3.28089
12.5,4.77602,4.77602,0.0488145,0.0488145,-3.41167,3.34264
12.51,4.83807,4.83807,0.0353617,0.0353617,-3.44604,3.39603
12.52,4.89022,4.89022,0.0240128,0.0240128,-3.47489,3.44093
12.53,4.93237,4.93237,0.0148146,0.0148146,-3.49818,3.47723
12.54,4.9644,4.9644,0.00780478,0.00780478,-3.51588,3.50485
12.55,4.98627,4.98627,0.00301221,0.00301221,-3.52796,3.5237
12.56,4.99792,4.99792,0.000456515,0.000456515,-3.53439,3.53374
12.57,4.99932,4.99932,0.000148183,0.000148183,-3.53516,3.53495
12.58,4.99048,4.99048,0.00208848,0.00208848,-3.53028,3.52733
12.59,4.97141,4.97141,0.00626944,0.00626944,-3.51975,3.51089
12.6,4.94216,4.94216,0.0126739,0.0126739,-3.50359,3.48567
12.61,4.90278,4.90278,0.0212756,0.0212756,-3.48183,3.45174
12.62,4.85336,4.85336,0.0320392,0.0320392,-3.4545,3.40919
12.63,4.794,4.794,0.0449204,0.0449204,-3.42164,3.35811
12.64,4.72485,4.72485,0.0598661,0.0598661,-3.3833,3.29864
12.65,4.64603,4.64603,0.0768146,0.0768146,-3.33956,3.23092
12.66,4.55773,4.55773,0.0956956,0.0956956,-3.29047,3.15513
12.67,4.46012,4.46012,0.116431,0.116431,-3.23611,3.07145
12.68,4.35343,4.35343,0.138934,0.138934,-3.17658,2.9801
12.69,4.23788,4.23788,0.16311,0.16311,-3.11197,2.8813
12.7,4.11371,4.11371,0.188859,0.188859,-3.04238,2.77529
12.71,3.9812,3.9812,0.216071,0.216071,-2.96792,2.66235
12.72,3.84063,3.84063,0.244631,0.244631,-2.88871,2.54275
12.73,3.69229,3.69229,0.274417,0.274417,-2.80489,2.4168
12.74,3.53651,3.53651,0.305302,0.305302,-2.71657,2.28481
12.75,3.37362,3.37362,0.337152,0.337152,-2.62391,2.14711
12.76,3.20396,3.20396,0.369829,0.369829,-2.52705,2.00404
12.77,3.02791,3.02791,0.403188,0.403188,-2.42615,1.85596
12.78,2.84583,2.84583,0.437084,0.437084,-2.32137,1.70324
12.79,2.65811,2.65811,0.471364,0.471364,-2.21287,1.54626
12.8,2.46516,2.46516,0.505873,0.505873,-2.10084,1.38542
12.81,2.26738,2.26738,0.540455,0.540455,-1.98544,1.22112
12.82,2.0652,2.0652,0.574949,0.574949,-1.86687,1.05377
12.83,1.85904,1.85904,0.609193,0.609193,-1.74531,0.883778
12.84,1.64935,1.64935,0.643025,0.643025,-1.62095,0.71158
12.85,1.43657,1.43657,0.676281,0.676281,-1.49401,0.537604
12.86,1.22114,1.22114,0.708797,0.708797,-1.36467,0.362283
12.87,1.00354,1.00354,0.74041,0.74041,-1.23316,0.186058
12.88,0.784204,0.784204,0.770957,0.770957,-1.09966,0.00936703
12.89,0.563611,0.563611,0.800276,0.800276,-0.964414,-0.167347
12.9,0.342224,0.342224,0.828208,0.828208,-0.827621,-0.343643
12.91,0.120507,0.120507,0.854597,0.854597,-0.689503,-0.51908
12.92,-0.101072,-0.101072,0.879289,0.879289,-0.550283,-0.693219
12.93,-0.322048,-0.322048,0.902132,0.902132,-0.410182,-0.865626
12.94,-0.541958,-0.541958,0.922982,0.922982,-0.269425,-1.03587
12.95,-0.760343,-0.760343,0.941697,0.941697,-0.128237,-1.20352
12.96,-0.976745,-0.976745,0.958139,0.958139,0.0131565,-1.36817
12.97,-1.19071,-1.19071,0.972178,0.972178,0.154529,-1.5294
12.98,-1.40181,-1.40181,0.983688,0.983688,0.295654,-1.6868
12.99,-1.60958,-1.60958,0.992552,0.992552,0.436305,-1.83999
13,-1.81361,-1.81361,0.998658,0.998658,0.576259,-1.98857
13.01,-2.01348,-2.01348,1.0019,1.0019,0.715291,-2.13219
13.02,-2.20876,-2.20876,1.00218,1.00218,0.853179,-2.27048
13.03,-2.39907,-2.39907,0.99942,0.99942,0.989702,-2.40309
13.04,-2.58401,-2.58401,0.993528,0.993528,1.12464,-2.5297
13.05,-2.76321,-2.76321,0.984437,0.984437,1.25778,-2.64999
13.06,-2.9363,-2.9363,0.972085,0.972085,1.38891,-2.76365
13.07,-3.10294,-3.10294,0.956421,0.956421,1.51782,-2.8704
13.08,-3.26278,-3.26278,0.9374,0.9374,1.64429,-2.96998
13.09,-3.41552,-3.41552,0.91499,0.91499,1.76814,-3.06213
13.1,-3.56084,-3.56084,0.889168,0.889168,1.88916,-3.14663
13.11,-3.69847,-3.69847,0.859922,0.859922,2.00716,-3.22327
13.12,-3.82813,-3.82813,0.827249,0.827249,2.12194,-3.29185
13.13,-3.94957,-3.94957,0.791159,0.791159,2.23333,-3.3522
13.14,-4.06256,-4.06256,0.751671,0.751671,2.34115,-3.40418
13.15,-4.16688,-4.16688,0.708814,0.708814,2.44522,-3.44764
13.16,-4.26235,-4.26235,0.662631,0.662631,2.54539,-3.48249
13.17,-4.34878,-4.34878,0.613171,0.613171,2.64147,-3.50863
13.18,-4.42602,-4.42602,0.560499,0.560499,2.73334,-3.526
13.19,-4.49394,-4.49394,0.504687,0.504687,2.82083,-3.53456
13.2,-4.55242,-4.55242,0.445818,0.445818,2.90381,-3.53429
13.21,-4.60137,-4.60137,0.383989,0.383989,2.98214,-3.52518
13.22,-4.64071,-4.64071,0.319302,0.319302,3.0557,-3.50726
13.23,-4.6704,-4.6704,0.251873,0.251873,3.12437,-3.48057
13.24,-4.6904,-4.6904,0.181827,0.181827,3.18805,-3.44519
13.25,-4.70071,-4.70071,0.109298,0.109298,3.24662,-3.40119
13.26,-4.70134,-4.70134,0.0344306,0.0344306,3.3,-3.34869
13.27,-4.69231,-4.69231,-0.0426222,-0.0426222,3.3481,-3.28782
13.28,-4.67368,-4.67368,-0.121698,-0.121698,3.39085,-3.21874
13.29,-4.64553,-4.64553,-0.202628,-0.202628,3.42817,-3.14161
13.3,-4.60795,-4.60795,-0.285231,-0.285231,3.46,-3.05662
13.31,-4.56105,-4.56105,-0.369323,-0.369323,3.4863,-2.964
13.32,-4.50497,-4.50497,-0.45471,-0.45471,3.50703,-2.86397
13.33,-4.43987,-4.43987,-0.541192,-0.541192,3.52214,-2.75678
13.34,-4.3659,-4.3659,-0.628561,-0.628561,3.53162,-2.6427
13.35,-4.28327,-4.28327,-0.716606,-0.716606,3.53545,-2.52201
13.36,-4.19218,-4.19218,-0.805109,-0.805109,3.53362,-2.39502
13.37,-4.09286,-4.09286,-0.893848,-0.893848,3.52614,-2.26205
13.38,-3.98556,-3.98556,-0.982595,-0.982595,3.51302,-2.12342
13.39,-3.87053,-3.87053,-1.07112,-1.07112,3.49427,-1.97948
13.4,-3.74804,-3.74804,-1.15919,-1.15919,3.46994,-1.83059
13.41,-3.6184,-3.6184,-1.24658,-1.24658,3.44006,-1.67713
13.42,-3.4819,-3.4819,-1.33303,-1.33303,3.40467,-1.51948
13.43,-3.33886,-3.33886,-1.41832,-1.41832,3.36384,-1.35803
13.44,-3.18962,-3.18962,-1.50221,-1.50221,3.31762,-1.19318
13.45,-3.03452,-3.03452,-1.58445,-1.58445,3.2661,-1.02536
13.46,-2.87391,-2.87391,-1.6648,-1.6648,3.20935,-0.854966
13.47,-2.70816,-2.70816,-1.74304,-1.74304,3.14747,-0.682439
13.48,-2.53764,-2.53764,-1.81893,-1.81893,3.08056,-0.508206
13.49,-2.36274,-2.36274,-1.89222,-1.89222,3.00871,-0.332703
13.5,-2.18384,-2.18384,-1.96271,-1.96271,2.93205,-0.156368
13.51,-2.00136,-2.00136,-2.03015,-2.03015,2.8507,0.0203573
13.52,-1.81568,-1.81568,-2.09433,-2.09433,2.76479,0.197032
13.53,-1.62723,-1.62723,-2.15503,-2.15503,2.67446,0.373214
13.54,-1.43641,-1.43641,-2.21205,-2.21205,2.57985,0.548464
13.55,-1.24364,-1.24364,-2.26518,-2.26518,2.48111,0.722342
13.56,-1.04934,-1.04934,-2.31423,-2.31423,2.3784,0.894415
13.57,-0.85393,-0.85393,-2.35901,-2.35901,2.27189,1.06425
13.58,-0.657832,-0.657832,-2.39934,-2.39934,2.16175,1.23143
13.59,-0.461465,-0.461465,-2.43504,-2.43504,2.04814,1.39553
13.6,-0.265248,-0.265248,-2.46596,-2.46596,1.93126,1.55614
13.61,-0.0695963,-0.0695963,-2.49195,-2.49195,1.81129,1.71286
13.62,0.125077,0.125077,-2.51286,-2.51286,1.68842,1.8653
13.63,0.318364,0.318364,-2.52856,-2.52856,1.56285,2.01308
13.64,0.50986,0.50986,-2.53894,-2.53894,1.43478,2.15583
13.65,0.69917,0.69917,-2.54388,-2.54388,1.30441,2.29319
13.66,0.885902,0.885902,-2.5433,-2.5433,1.17196,2.42481
13.67,1.06967,1.06967,-2.5371,-2.5371,1.03763,2.55038
13.68,1.25011,1.25011,-2.52523,-2.52523,0.901642,2.66957
13.69,1.42685,1.42685,-2.50761,-2.50761,0.764212,2.78209
13.7,1.59954,1.59954,-2.48422,-2.48422,0.62556,2.88765
13.71,1.76783,1.76783,-2.45501,-2.45501,0.485906,2.986
13.72,1.9314,1.9314,-2.41997,-2.41997,0.345476,3.07688
13.73,2.08991,2.08991,-2.37911,-2.37911,0.204492,3.16008
13.74,2.24308,2.24308,-2.33243,-2.33243,0.0631817,3.23537
13.75,2.39059,2.39059,-2.27996,-2.27996,-0.0782299,3.30258
13.76,2.53218,2.53218,-2.22174,-2.22174,-0.219516,3.36153
13.77,2.66758,2.66758,-2.15783,-2.15783,-0.360452,3.41208
13.78,2.79655,2.79655,-2.08829,-2.08829,-0.50081,3.4541
13.79,2.91884,2.91884,-2.01322,-2.01322,-0.640368,3.48749
13.8,3.03424,3.03424,-1.93271,-1.93271,-0.778901,3.51217
13.81,3.14256,3.14256,-1.84687,-1.84687,-0.916188,3.52806
13.82,3.2436,3.2436,-1.75583,-1.75583,-1.05201,3.53513
13.83,3.3372,3.3372,-1.65974,-1.65974,-1.18615,3.53337
13.84,3.42322,3.42322,-1.55874,-1.55874,-1.31839,3.52278
13.85,3.50152,3.50152,-1.45301,-1.45301,-1.44852,3.50338
13.86,3.57199,3.57199,-1.34272,-1.34272,-1.57633,3.47523
13.87,3.63454,3.63454,-1.22808,-1.22808,-1.70163,3.43839
13.88,3.68908,3.68908,-1.10928,-1.10928,-1.8242,3.39295
13.89,3.73557,3.73557,-0.986549,-0.986549,-1.94385,3.33904
13.9,3.77395,3.77395,-0.860117,-0.860117,-2.06039,3.27678
13.91,3.80421,3.80421,-0.730223,-0.730223,-2.17364,3.20633
13.92,3.82634,3.82634,-0.597122,-0.597122,-2.2834,3.12786
13.93,3.84037,3.84037,-0.461075,-0.461075,-2.38952,3.04158
13.94,3.84631,3.84631,-0.322356,-0.322356,-2.49181,2.94769
13.95,3.84423,3.84423,-0.181245,-0.181245,-2.59012,2.84644
13.96,3.83418,3.83418,-0.0380343,-0.0380343,-2.68428,2.73807
13.97,3.81626,3.81626,0.106979,0.106979,-2.77415,2.62286
13.98,3.79057,3.79057,0.253491,0.253491,-2.85958,2.50109
13.99,3.75722,3.75722,0.401188,0.401188,-2.94044,2.37307
14,3.71635,3.71635,0.549752,0.549752,-3.01659,2.23912
14.01,3.66811,3.66811,0.698862,0.698862,-3.08791,2.09957
14.02,3.61266,3.61266,0.848189,0.848189,-3.1543,1.95478
14.03,3.5502,3.5502,0.997403,0.997403,-3.21564,1.8051
14.04,3.4809,3.4809,1.14617,1.14617,-3.27184,1.65091
14.05,3.40499,3.40499,1.29415,1.29415,-3.3228,1.49259
14.06,3.32268,3.32268,1.44102,1.44102,-3.36844,1.33054
14.07,3.23421,3.23421,1.58642,1.58642,-3.4087,1.16516
14.08,3.13982,3.13982,1.73003,1.73003,-3.4435,0.996873
14.09,3.03977,3.03977,1.8715,1.8715,-3.4728,0.826094
14.1,2.93434,2.93434,2.01051,2.01051,-3.49653,0.65325
14.11,2.8238,2.8238,2.14671,2.14671,-3.51468,0.478773
14.12,2.70843,2.70843,2.27978,2.27978,-3.5272,0.303099
14.13,2.58854,2.58854,2.40941,2.40941,-3.53408,0.126668
14.14,2.46443,2.46443,2.53525,2.53525,-3.53531,-0.0500802
14.15,2.3364,2.3364,2.65701,2.65701,-3.53088,-0.226703
14.16,2.20479,2.20479,2.77437,2.77437,-3.5208,-0.402759
14.17,2.0699,2.0699,2.88704,2.88704,-3.50509,-0.577808
14.18,1.93207,1.93207,2.99473,2.99473,-3.48377,-0.751414
14.19,1.79162,1.79162,3.09714,3.09714,-3.45688,-0.923141
14.2,1.6489,1.6489,3.19401,3.19401,-3.42445,-1.09256
14.21,1.50423,1.50423,3.28508,3.28508,-3.38655,-1.25925
14.22,1.35796,1.35796,3.37009,3.37009,-3.34324,-1.42279
14.23,1.21042,1.21042,3.4488,3.4488,-3.29457,-1.58278
14.24,1.06195,1.06195,3.52099,3.52099,-3.24063,-1.7388
14.25,0.91289,0.91289,3.58644,3.58644,-3.18151,-1.89049
14.26,0.763571,0.763571,3.64495,3.64495,-3.1173,-2.03745
14.27,0.614327,0.614327,3.69634,3.69634,-3.0481,-2.17931
14.28,0.465486,0.465486,3.74042,3.74042,-2.97403,-2.31573
14.29,0.317374,0.317374,3.77705,3.77705,-2.89519,-2.44636
14.3,0.17031,0.17031,3.80607,3.80607,-2.81173,-2.57087
14.31,0.0246093,0.0246093,3.82738,3.82738,-2.72377,-2.68896
14.32,-0.11942,-0.11942,3.84085,3.84085,-2.63145,-2.80033
14.33,-0.261477,-0.261477,3.84639,3.84639,-2.53492,-2.9047
14.34,-0.401267,-0.401267,3.84393,3.84393,-2.43433,-3.00181
14.35,-0.538506,-0.538506,3.83341,3.83341,-2.32985,-3.09142
14.36,-0.672917,-0.672917,3.8148,3.8148,-2.22165,-3.17329
14.37,-0.804233,-0.804233,3.78806,3.78806,-2.10988,-3.24724
14.38,-0.932196,-0.932196,3.7532,3.7532,-1.99475,-3.31307
14.39,-1.05656,-1.05656,3.71022,3.71022,-1.87642,-3.37062
14.4,-1.17709,-1.17709,3.65916,3.65916,-1.75509,-3.41975
14.41,-1.29356,-1.29356,3.60008,3.60008,-1.63096,-3.46032
14.42,-1.40576,-1.40576,3.53303,3.53303,-1.50421,-3.49225
14.43,-1.51349,-1.51349,3.45811,3.45811,-1.37506,-3.51545
14.44,-1.61656,-1.61656,3.37542,3.37542,-1.2437,-3.52987
14.45,-1.7148,-1.7148,3.28509,3.28509,-1.11036,-3.53546
14.46,-1.80805,-1.80805,3.18725,3.18725,-0.975244,-3.53221
14.47,-1.89616,-1.89616,3.08207,3.08207,-0.838565,-3.52013
14.48,-1.97899,-1.97899,2.96971,2.96971,-0.700545,-3.49926
14.49,-2.05643,-2.05643,2.85038,2.85038,-0.561404,-3.46964
14.5,-2.12838,-2.12838,2.72428,2.72428,-0.421365,-3.43135
14.51,-2.19474,-2.19474,2.59164,2.59164,-0.280652,-3.38448
14.52,-2.25543,-2.25543,2.4527,2.4527,-0.13949,-3.32915
14.53,-2.3104,-2.3104,2.30772,2.30772,0.00189472,-3.2655
14.54,-2.35959,-2.35959,2.15697,2.15697,0.143277,-3.19369
14.55,-2.40298,-2.40298,2.00073,2.00073,0.28443,-3.11389
14.56,-2.44054,-2.44054,1.83932,1.83932,0.425128,-3.02632
14.57,-2.47227,-2.47227,1.67304,1.67304,0.565145,-2.93118
14.58,-2.49818,-2.49818,1.50221,1.50221,0.704259,-2.82871
14.59,-2.5183,-2.5183,1.32719,1.32719,0.842246,-2.71917
14.6,-2.53266,-2.53266,1.14831,1.14831,0.978886,-2.60283
14.61,-2.54131,-2.54131,0.965932,0.965932,1.11396,-2.47999
14.62,-2.54432,-2.54432,0.780437,0.780437,1.24725,-2.35095
14.63,-2.54176,-2.54176,0.592197,0.592197,1.37855,-2.21604
14.64,-2.53372,-2.53372,0.401599,0.401599,1.50764,-2.07558
14.65,-2.52031,-2.52031,0.209039,0.209039,1.63432,-1.92994
14.66,-2.50164,-2.50164,0.0149171,0.0149171,1.75838,-1.77948
14.67,-2.47784,-2.47784,-0.180361,-0.180361,1.87963,-1.62456
14.68,-2.44904,-2.44904,-0.376384,-0.376384,1.99788,-1.46559
14.69,-2.41539,-2.41539,-0.572738,-0.572738,2.11292,-1.30295
14.7,-2.37704,-2.37704,-0.769004,-0.769004,2.22459,-1.13706
14.71,-2.33417,-2.33417,-0.964763,-0.964763,2.3327,-0.96832
14.72,-2.28695,-2.28695,-1.15959,-1.15959,2.43708,-0.797163
14.73,-2.23557,-2.23557,-1.35308,-1.35308,2.53756,-0.624014
14.74,-2.18021,-2.18021,-1.54479,-1.54479,2.63398,-0.449305
14.75,-2.12108,-2.12108,-1.73433,-1.73433,2.72618,-0.273474
14.76,-2.05838,-2.05838,-1.92126,-1.92126,2.81402,-0.0969582
14.77,-1.99232,-1.99232,-2.10517,-2.10517,2.89737,0.0797996
14.78,-1.92313,-1.92313,-2.28567,-2.28567,2.97607,0.256358
14.79,-1.85102,-1.85102,-2.46235,-2.46235,3.05002,0.432275
14.8,-1.77623,-1.77623,-2.63482,-2.63482,3.11908,0.607112
14.81,-1.69899,-1.69899,-2.80268,-2.80268,3.18316,0.780432
14.82,-1.61952,-1.61952,-2.96557,-2.96557,3.24214,0.951801
14.83,-1.53806,-1.53806,-3.1231,-3.1231,3.29594,1.12079
14.84,-1.45486,-1.45486,-3.27493,-3.27493,3.34447,1.28698
14.85,-1.37015,-1.37015,-3.42069,-3.42069,3.38764,1.44995
14.86,-1.28417,-1.28417,-3.56007,-3.56007,3.42539,1.6093
14.87,-1.19716,-1.19716,-3.69272,-3.69272,3.45767,1.76462
14.88,-1.10936,-1.10936,-3.81834,-3.81834,3.48441,1.91554
14.89,-1.021,-1.021,-3.93664,-3.93664,3.50558,2.06167
14.9,-0.932322,-0.932322,-4.04732,-4.04732,3.52114,2.20264
14.91,-0.843551,-0.843551,-4.15013,-4.15013,3.53107,2.33811
14.92,-0.754919,-0.754919,-4.24482,-4.24482,3.53535,2.46773
14.93,-0.666648,-0.666648,-4.33114,-4.33114,3.53397,2.59119
14.94,-0.57896,-0.57896,-4.40889,-4.40889,3.52694,2.70817
14.95,-0.492068,-0.492068,-4.47786,-4.47786,3.51427,2.81838
14.96,-0.406182,-0.406182,-4.53787,-4.53787,3.49597,2.92154
14.97,-0.321504,-0.321504,-4.58876,-4.58876,3.47208,3.01741
14.98,-0.238232,-0.238232,-4.6304,-4.6304,3.44264,3.10573
14.99,-0.156555,-0.156555,-4.66265,-4.66265,3.40769,3.18629
15,-0.0766543,-0.0766543,-4.68541,-4.68541,3.36729,3.25888
15.01,0.00129587,0.00129587,-4.69861,-4.69861,3.3215,3.32333
15.02,0.0771297,0.0771297,-4.70217,-4.70217,3.2704,3.37948
15.03,0.15069,0.15069,-4.69606,-4.69606,3.21406,3.42717
15.04,0.221829,0.221829,-4.68026,-4.68026,3.15259,3.4663
15.05,0.290408,0.290408,-4.65477,-4.65477,3.08607,3.49677
15.06,0.356298,0.356298,-4.6196,-4.6196,3.01461,3.51849
15.07,0.41938,0.41938,-4.57481,-4.57481,2.93833,3.53142
15.08,0.479544,0.479544,-4.52045,-4.52045,2.85735,3.53553
15.09,0.536691,0.536691,-4.45661,-4.45661,2.7718,3.5308
15.1,0.590734,0.590734,-4.38339,-4.38339,2.68181,3.51724
15.11,0.641594,0.641594,-4.30093,-4.30093,2.58754,3.49489
15.12,0.689205,0.689205,-4.20936,-4.20936,2.48912,3.46381
15.13,0.733509,0.733509,-4.10885,-4.10885,2.38673,3.42406
15.14,0.774461,0.774461,-3.99959,-3.99959,2.28051,3.37576
15.15,0.812027,0.812027,-3.88178,-3.88178,2.17065,3.31903
15.16,0.846182,0.846182,-3.75566,-3.75566,2.05731,3.25399
15.17,0.876914,0.876914,-3.62145,-3.62145,1.94068,3.18082
15.18,0.904219,0.904219,-3.47943,-3.47943,1.82095,3.09971
15.19,0.928105,0.928105,-3.32987,-3.32987,1.6983,3.01084
15.2,0.948591,0.948591,-3.17307,-3.17307,1.57294,2.91445
15.21,0.965706,0.965706,-3.00933,-3.00933,1.44506,2.81078
15.22,0.979488,0.979488,-2.839,-2.839,1.31487,2.70008
15.23,0.989984,0.989984,-2.6624,-2.6624,1.18258,2.58263
15.24,0.997254,0.997254,-2.4799,-2.4799,1.04839,2.45872
15.25,1.00136,1.00136,-2.29187,-2.29187,0.912527,2.32867
15.26,1.00239,1.00239,-2.0987,-2.0987,0.775204,2.1928
15.27,1.00042,1.00042,-1.90077,-1.90077,0.636641,2.05145
15.28,0.995543,0.995543,-1.69849,-1.69849,0.497059,1.90497
15.29,0.987862,0.987862,-1.49229,-1.49229,0.356682,1.75373
15.3,0.977484,0.977484,-1.28258,-1.28258,0.215734,1.5981
15.31,0.964526,0.964526,-1.0698,-1.0698,0.0744413,1.43849
15.32,0.949109,0.949109,-0.854399,-0.854399,-0.0669705,1.27527
15.33,0.931363,0.931363,-0.636818,-0.636818,-0.208275,1.10887
15.34,0.911422,0.911422,-0.417512,-0.417512,-0.349247,0.939698
15.35,0.889424,0.889424,-0.196941,-0.196941,-0.48966,0.768177
15.36,0.865516,0.865516,0.0244335,0.0244335,-0.629289,0.594735
15.37,0.839844,0.839844,0.246148,0.246148,-0.767912,0.419807
15.38,0.812561,0.812561,0.467735,0.467735,-0.905306,0.243829
15.39,0.783823,0.783823,0.688729,0.688729,-1.04125,0.0672418
15.4,0.753789,0.753789,0.908664,0.908664,-1.17553,-0.109513
15.41,0.722618,0.722618,1.12708,1.12708,-1.30793,-0.285995
15.42,0.690474,0.690474,1.3435,1.3435,-1.43824,-0.461761
15.43,0.657518,0.657518,1.55749,1.55749,-1.56624,-0.636374
15.44,0.623916,0.623916,1.76857,1.76857,-1.69175,-0.809395
15.45,0.58983,0.58983,1.97632,1.97632,-1.81454,-0.980394
15.46,0.555424,0.555424,2.18027,2.18027,-1.93443,-1.14894
15.47,0.520861,0.520861,2.38001,2.38001,-2.05123,-1.31462
15.48,0.486301,0.486301,2.57511,2.57511,-2.16474,-1.47701
15.49,0.451902,0.451902,2.76514,2.76514,-2.27479,-1.63571
15.5,0.417821,0.417821,2.94971,2.94971,-2.38121,-1.79032
15.51,0.384211,0.384211,3.12843,3.12843,-2.48381,-1.94045
15.52,0.35122,0.35122,3.3009,3.3009,-2.58244,-2.08574
15.53,0.318995,0.318995,3.46677,3.46677,-2.67694,-2.22581
15.54,0.287675,0.287675,3.62567,3.62567,-2.76715,-2.36032
15.55,0.257397,0.257397,3.77728,3.77728,-2.85294,-2.48893
15.56,0.22829,0.22829,3.92125,3.92125,-2.93417,-2.61132
15.57,0.200479,0.200479,4.05729,4.05729,-3.0107,-2.72718
15.58,0.174082,0.174082,4.18511,4.18511,-3.08241,-2.83622
15.59,0.149212,0.149212,4.30443,4.30443,-3.1492,-2.93818
15.6,0.125972,0.125972,4.41499,4.41499,-3.21094,-3.03279
15.61,0.104459,0.104459,4.51656,4.51656,-3.26755,-3.11982
15.62,0.0847645,0.0847645,4.60891,4.60891,-3.31893,-3.19906
15.63,0.0669694,0.0669694,4.69186,4.69186,-3.365,-3.27029
15.64,0.0511477,0.0511477,4.76523,4.76523,-3.40569,-3.33336
15.65,0.0373647,0.0373647,4.82885,4.82885,-3.44093,-3.38809
15.66,0.0256774,0.0256774,4.88259,4.88259,-3.47067,-3.43435
15.67,0.0161339,0.0161339,4.92633,4.92633,-3.49485,-3.47203
15.68,0.00877339,0.00877339,4.95998,4.95998,-3.51344,-3.50103
15.69,0.00362614,0.00362614,4.98347,4.98347,-3.52641,-3.52128
15.7,0.000713249,0.000713249,4.99675,4.99675,-3.53374,-3.53273
15.71,4.66675e-05,4.66675e-05,4.99979,4.99979,-3.53542,-3.53535
15.72,0.00162913,0.00162913,4.99258,4.99258,-3.53144,-3.52913
15.73,0.00545414,0.00545414,4.97513,4.97513,-3.52181,-3.51409
15.74,0.011506,0.011506,4.9475,4.9475,-3.50654,-3.49027
15.75,0.0197599,0.0197599,4.90972,4.90972,-3.48567,-3.45773
15.76,0.030182,0.030182,4.8619,4.8619,-3.45922,-3.41654
15.77,0.0427292,0.0427292,4.80412,4.80412,-3.42724,-3.36681
15.78,0.05735,0.05735,4.73651,4.73651,-3.38977,-3.30867
15.79,0.073984,0.073984,4.65922,4.65922,-3.34688,-3.24225
15.8,0.0925622,0.0925622,4.57242,4.57242,-3.29864,-3.16774
15.81,0.113008,0.113008,4.47628,4.47628,-3.24512,-3.0853
15.82,0.135235,0.135235,4.37102,4.37102,-3.18641,-2.99515
15.83,0.159152,0.159152,4.25687,4.25687,-3.1226,-2.89752
15.84,0.184657,0.184657,4.13405,4.13405,-3.05379,-2.79265
15.85,0.211643,0.211643,4.00285,4.00285,-2.9801,-2.68079
15.86,0.239997,0.239997,3.86354,3.86354,-2.90164,-2.56223
15.87,0.269596,0.269596,3.71642,3.71642,-2.81854,-2.43727
15.88,0.300315,0.300315,3.56181,3.56181,-2.73093,-2.30622
15.89,0.33202,0.33202,3.40002,3.40002,-2.63895,-2.16941
15.9,0.364575,0.364575,3.23142,3.23142,-2.54275,-2.02717
15.91,0.397836,0.397836,3.05636,3.05636,-2.44249,-1.87986
15.92,0.431656,0.431656,2.87522,2.87522,-2.33831,-1.72786
15.93,0.465885,0.465885,2.68837,2.68837,-2.23039,-1.57153
15.94,0.500368,0.500368,2.49622,2.49622,-2.11891,-1.41128
15.95,0.534949,0.534949,2.29919,2.29919,-2.00404,-1.2475
15.96,0.569468,0.569468,2.09768,2.09768,-1.88596,-1.08061
15.97,0.603763,0.603763,1.89213,1.89213,-1.76486,-0.91101
15.98,0.637671,0.637671,1.68297,1.68297,-1.64094,-0.739135
15.99,0.67103,0.67103,1.47065,1.47065,-1.51439,-0.565413
16,0.703675,0.703675,1.25561,1.25561,-1.38542,-0.390278
16.01,0.735442,0.735442,1.03832,1.03832,-1.25424,-0.214167
16.02,0.76617,0.76617,0.819232,0.819232,-1.12105,-0.0375207
16.03,0.795695,0.795695,0.598809,0.598809,-0.986064,0.139219
16.04,0.823859,0.823859,0.377517,0.377517,-0.849501,0.315611
16.05,0.850504,0.850504,0.155822,0.155822,-0.71158,0.491214
16.06,0.875476,0.875476,-0.06581,-0.06581,-0.57252,0.66559
16.07,0.898624,0.898624,-0.286913,-0.286913,-0.432545,0.838302
16.08,0.919801,0.919801,-0.507024,-0.507024,-0.291877,1.00892
16.09,0.938865,0.938865,-0.725682,-0.725682,-0.150743,1.17701
16.1,0.955678,0.955678,-0.942431,-0.942431,-0.00936703,1.34217
16.11,0.970108,0.970108,-1.15682,-1.15682,0.132024,1.50396
16.12,0.982029,0.982029,-1.3684,-1.3684,0.273203,1.662
16.13,0.991322,0.991322,-1.57673,-1.57673,0.413945,1.81589
16.14,0.997874,0.997874,-1.78138,-1.78138,0.554026,1.96523
16.15,1.00158,1.00158,-1.98194,-1.98194,0.693219,2.10967
16.16,1.00234,1.00234,-2.17798,-2.17798,0.831304,2.24883
16.17,1.00007,1.00007,-2.36911,-2.36911,0.968059,2.38237
16.18,0.994678,0.994678,-2.55493,-2.55493,1.10327,2.50995
16.19,0.986102,0.986102,-2.73507,-2.73507,1.23671,2.63126
16.2,0.974273,0.974273,-2.90916,-2.90916,1.36817,2.746
16.21,0.959139,0.959139,-3.07684,-3.07684,1.49744,2.85387
16.22,0.940655,0.940655,-3.23779,-3.23779,1.62432,2.95461
16.23,0.918787,0.918787,-3.39168,-3.39168,1.7486,3.04796
16.24,0.893509,0.893509,-3.53821,-3.53821,1.87008,3.1337
16.25,0.864809,0.864809,-3.67708,-3.67708,1.98857,3.2116
16.26,0.832682,0.832682,-3.80802,-3.80802,2.10388,3.28147
16.27,0.797135,0.797135,-3.93079,-3.93079,2.21583,3.34315
16.28,0.758186,0.758186,-4.04514,-4.04514,2.32423,3.39646
16.29,0.715864,0.715864,-4.15086,-4.15086,2.42891,3.44129
16.3,0.670207,0.670207,-4.24775,-4.24775,2.5297,3.47752
16.31,0.621265,0.621265,-4.33563,-4.33563,2.62645,3.50505
16.32,0.5691,0.5691,-4.41434,-4.41434,2.719,3.52382
16.33,0.513783,0.513783,-4.48375,-4.48375,2.80719,3.53379
16.34,0.455395,0.455395,-4.54374,-4.54374,2.8909,3.53492
16.35,0.39403,0.39403,-4.59421,-4.59421,2.96998,3.52722
16.36,0.329791,0.329791,-4.63509,-4.63509,3.04431,3.5107
16.37,0.26279,0.26279,-4.66632,-4.66632,3.11377,3.48541
16.38,0.193152,0.193152,-4.68787,-4.68787,3.17824,3.4514
16.39,0.12101,0.12101,-4.69972,-4.69972,3.23764,3.40877
16.4,0.0465048,0.0465048,-4.70188,-4.70188,3.29185,3.35762
16.41,-0.0302106,-0.0302106,-4.69439,-4.69439,3.3408,3.29807
16.42,-0.108976,-0.108976,-4.67729,-4.67729,3.3844,3.23028
16.43,-0.189622,-0.189622,-4.65065,-4.65065,3.42259,3.15442
16.44,-0.271971,-0.271971,-4.61456,-4.61456,3.4553,3.07068
16.45,-0.355839,-0.355839,-4.56914,-4.56914,3.48249,2.97925
16.46,-0.441033,-0.441033,-4.51451,-4.51451,3.5041,2.88039
16.47,-0.527353,-0.527353,-4.45083,-4.45083,3.52011,2.77432
16.48,-0.614595,-0.614595,-4.37827,-4.37827,3.53049,2.66132
16.49,-0.702547,-0.702547,-4.297,-4.297,3.53521,2.54166
16.5,-0.790992,-0.790992,-4.20725,-4.20725,3.53429,2.41566
16.51,-0.879708,-0.879708,-4.10922,-4.10922,3.52771,2.28361
16.52,-0.96847,-0.96847,-4.00317,-4.00317,3.51548,2.14586
16.53,-1.05705,-1.05705,-3.88935,-3.88935,3.49763,2.00274
16.54,-1.14521,-1.14521,-3.76804,-3.76804,3.47419,1.85462
16.55,-1.23272,-1.23272,-3.63951,-3.63951,3.44519,1.70186
16.56,-1.31934,-1.31934,-3.50409,-3.50409,3.41067,1.54485
16.57,-1.40483,-1.40483,-3.36207,-3.36207,3.3707,1.38398
16.58,-1.48895,-1.48895,-3.21379,-3.21379,3.32534,1.21965
16.59,-1.57147,-1.57147,-3.0596,-3.0596,3.27466,1.05227
16.6,-1.65214,-1.65214,-2.89984,-2.89984,3.21874,0.882258
16.61,-1.73073,-1.73073,-2.73488,-2.73488,3.15767,0.710042
16.62,-1.80701,-1.80701,-2.5651,-2.5651,3.09155,0.536052
16.63,-1.88073,-1.88073,-2.39087,-2.39087,3.02048,0.360722
16.64,-1.95168,-1.95168,-2.21259,-2.21259,2.94458,0.18449
16.65,-2.01962,-2.01962,-2.03065,-2.03065,2.86397,0.00779698
16.66,-2.08433,-2.08433,-1.84545,-1.84545,2.77878,-0.168915
16.67,-2.14561,-2.14561,-1.65741,-1.65741,2.68914,-0.345206
16.68,-2.20323,-2.20323,-1.46694,-1.46694,2.5952,-0.520633
16.69,-2.25699,-2.25699,-1.27445,-1.27445,2.49711,-0.694759
16.7,-2.3067,-2.3067,-1.08037,-1.08037,2.39502,-0.867148
16.71,-2.35217,-2.35217,-0.885109,-0.885109,2.2891,-1.03737
16.72,-2.39322,-2.39322,-0.689093,-0.689093,2.17952,-1.205
16.73,-2.42967,-2.42967,-0.492741,-0.492741,2.06646,-1.36962
16.74,-2.46137,-2.46137,-0.296472,-0.296472,1.95008,-1.53081
16.75,-2.48815,-2.48815,-0.100702,-0.100702,1.83059,-1.68818
16.76,-2.50987,-2.50987,0.0941548,0.0941548,1.70817,-1.84133
16.77,-2.52642,-2.52642,0.287689,0.287689,1.58302,-1.98987
16.78,-2.53765,-2.53765,0.479498,0.479498,1.45533,-2.13344
16.79,-2.54346,-2.54346,0.669182,0.669182,1.32532,-2.27168
16.8,-2.54377,-2.54377,0.856351,0.856351,1.19318,-2.40425
16.81,-2.53847,-2.53847,1.04062,1.04062,1.05914,-2.5308
16.82,-2.5275,-2.5275,1.22161,1.22161,0.923403,-2.65103
16.83,-2.5108,-2.5108,1.39897,1.39897,0.786188,-2.76463
16.84,-2.48833,-2.48833,1.57232,1.57232,0.647715,-2.87132
16.85,-2.46005,-2.46005,1.74134,1.74134,0.508206,-2.97083
16.86,-2.42594,-2.42594,1.90568,1.90568,0.367884,-3.06292
16.87,-2.38601,-2.38601,2.06502,2.06502,0.226974,-3.14735
16.88,-2.34025,-2.34025,2.21905,2.21905,0.0857002,-3.22392
16.89,-2.2887,-2.2887,2.36749,2.36749,-0.0557105,-3.29242
16.9,-2.23139,-2.23139,2.51004,2.51004,-0.197032,-3.3527
16.91,-2.16839,-2.16839,2.64644,2.64644,-0.338038,-3.4046
16.92,-2.09974,-2.09974,2.77645,2.77645,-0.478504,-3.44799
16.93,-2.02555,-2.02555,2.89982,2.89982,-0.618204,-3.48276
16.94,-1.94589,-1.94589,3.01633,3.01633,-0.756915,-3.50882
16.95,-1.86089,-1.86089,3.12579,3.12579,-0.894415,-3.52612
16.96,-1.77068,-1.77068,3.228,3.228,-1.03048,-3.5346
16.97,-1.67538,-1.67538,3.3228,3.3228,-1.1649,-3.53425
16.98,-1.57515,-1.57515,3.41004,3.41004,-1.29746,-3.52506
16.99,-1.47016,-1.47016,3.48957,3.48957,-1.42794,-3.50706
17,-1.36058,-1.36058,3.5613,3.5613,-1.55614,-3.4803
17.01,-1.24662,-1.24662,3.62511,3.62511,-1.68185,-3.44483
17.02,-1.12847,-1.12847,3.68093,3.68093,-1.80487,-3.40076
17.03,-1.00635,-1.00635,3.7287,3.7287,-1.92499,-3.34819
17.04,-0.880491,-0.880491,3.76838,3.76838,-2.04204,-3.28725
17.05,-0.751132,-0.751132,3.79993,3.79993,-2.15583,-3.21809
17.06,-0.618524,-0.618524,3.82336,3.82336,-2.26616,-3.14089
17.07,-0.482928,-0.482928,3.83867,3.83867,-2.37287,-3.05583
17.08,-0.344616,-0.344616,3.8459,3.8459,-2.47578,-2.96314
17.09,-0.203868,-0.203868,3.84509,3.84509,-2.57474,-2.86305
17.1,-0.0609714,-0.0609714,3.83631,3.83631,-2.66957,-2.7558
17.11,0.0837755,0.0837755,3.81964,3.81964,-2.76013,-2.64165
17.12,0.230069,0.230069,3.79518,3.79518,-2.84628,-2.52091
17.13,0.377598,0.377598,3.76304,3.76304,-2.92787,-2.39387
17.14,0.526046,0.526046,3.72335,3.72335,-3.00478,-2.26084
17.15,0.675091,0.675091,3.67628,3.67628,-3.07688,-2.12216
17.16,0.824406,0.824406,3.62197,3.62197,-3.14406,-1.97818
17.17,0.97366,0.97366,3.56061,3.56061,-3.20621,-1.82925
17.18,1.12252,1.12252,3.49239,3.49239,-3.26323,-1.67575
17.19,1.27065,1.27065,3.41751,3.41751,-3.31503,-1.51806
17.2,1.41772,1.41772,3.33621,3.33621,-3.36153,-1.35658
17.21,1.56337,1.56337,3.2487,3.2487,-3.40265,-1.19171
17.22,1.70729,1.70729,3.15524,3.15524,-3.43833,-1.02385
17.23,1.84913,1.84913,3.05608,3.05608,-3.4685,-0.853443
17.24,1.98855,1.98855,2.95148,2.95148,-3.49313,-0.680898
17.25,2.12522,2.12522,2.84173,2.84173,-3.51217,-0.506652
17.26,2.25881,2.25881,2.72712,2.72712,-3.52558,-0.33114
17.27,2.38901,2.38901,2.60793,2.60793,-3.53336,-0.1548
17.28,2.51547,2.51547,2.48446,2.48446,-3.53549,0.0219273
17.29,2.6379,2.6379,2.35704,2.35704,-3.53196,0.1986
17.3,2.75599,2.75599,2.22598,2.22598,-3.52278,0.374775
17.31,2.86943,2.86943,2.09159,2.09159,-3.50797,0.550015
17.32,2.97792,2.97792,1.9542,1.9542,-3.48754,0.723879
17.33,3.08119,3.08119,1.81415,1.81415,-3.46153,0.895934
17.34,3.17897,3.17897,1.67177,1.67177,-3.42999,1.06575
17.35,3.27097,3.27097,1.52739,1.52739,-3.39295,1.2329
17.36,3.35697,3.35697,1.38135,1.38135,-3.35049,1.39697
17.37,3.4367,3.4367,1.23399,1.23399,-3.30267,1.55755
17.38,3.50994,3.50994,1.08565,1.08565,-3.24957,1.71424
17.39,3.57648,3.57648,0.936657,0.936657,-3.19127,1.86664
17.4,3.63611,3.63611,0.787356,0.787356,-3.12786,2.01437
17.41,3.68864,3.68864,0.638078,0.638078,-3.05945,2.15707
17.42,3.73389,3.73389,0.489151,0.489151,-2.98614,2.29438
17.43,3.77172,3.77172,0.340901,0.340901,-2.90806,2.42595
17.44,3.80197,3.80197,0.193649,0.193649,-2.82533,2.55146
17.45,3.82451,3.82451,0.0477104,0.0477104,-2.73807,2.6706
17.46,3.83923,3.83923,-0.0966055,-0.0966055,-2.64644,2.78306
17.47,3.84604,3.84604,-0.238996,-0.238996,-2.55057,2.88856
17.48,3.84486,3.84486,-0.379167,-0.379167,-2.45062,2.98684
17.49,3.83563,3.83563,-0.516831,-0.516831,-2.34675,3.07766
17.5,3.81831,3.81831,-0.651711,-0.651711,-2.23912,3.16078
17.51,3.79286,3.79286,-0.783536,-0.783536,-2.12791,3.236
17.52,3.75929,3.75929,-0.91205,-0.91205,-2.0133,3.30314
17.53,3.71761,3.71761,-1.037,-1.037,-1.89547,3.36202
17.54,3.66783,3.66783,-1.15816,-1.15816,-1.77461,3.41249
17.55,3.61002,3.61002,-1.27529,-1.27529,-1.65091,3.45444
17.56,3.54424,3.54424,-1.38818,-1.38818,-1.52456,3.48775
17.57,3.47057,3.47057,-1.49664,-1.49664,-1.39578,3.51235
17.58,3.38911,3.38911,-1.60046,-1.60046,-1.26476,3.52816
17.59,3.29998,3.29998,-1.69948,-1.69948,-1.13172,3.53516
17.6,3.20333,3.20333,-1.79354,-1.79354,-0.996873,3.53332
17.61,3.0993,3.0993,-1.88247,-1.88247,-0.860429,3.52265
17.62,2.98808,2.98808,-1.96616,-1.96616,-0.722608,3.50317
17.63,2.86984,2.86984,-2.04446,-2.04446,-0.583631,3.47494
17.64,2.74481,2.74481,-2.11729,-2.11729,-0.44372,3.43802
17.65,2.61319,2.61319,-2.18455,-2.18455,-0.303099,3.39251
17.66,2.47524,2.47524,-2.24615,-2.24615,-0.161993,3.33852
17.67,2.3312,2.3312,-2.30203,-2.30203,-0.0206287,3.27619
17.68,2.18135,2.18135,-2.35214,-2.35214,0.120769,3.20567
17.69,2.02597,2.02597,-2.39646,-2.39646,0.261974,3.12713
17.7,1.86536,1.86536,-2.43495,-2.43495,0.402759,3.04078
17.71,1.69983,1.69983,-2.46761,-2.46761,0.5429,2.94683
17.72,1.52971,1.52971,-2.49445,-2.49445,0.682173,2.84551
17.73,1.35533,1.35533,-2.51548,-2.51548,0.820354,2.73708
17.74,1.17704,1.17704,-2.53076,-2.53076,0.957223,2.62181
17.75,0.995197,0.995197,-2.54031,-2.54031,1.09256,2.49998
17.76,0.810173,0.810173,-2.54421,-2.54421,1.22615,2.37191
17.77,0.622345,0.622345,-2.54253,-2.54253,1.35778,2.23791
17.78,0.432097,0.432097,-2.53536,-2.53536,1.48723,2.09831
17.79,0.239823,0.239823,-2.5228,-2.5228,1.61431,1.95347
17.8,0.045922,0.045922,-2.50496,-2.50496,1.7388,1.80375
17.81,-0.149199,-0.149199,-2.48197,-2.48197,1.86052,1.64952
17.82,-0.345132,-0.345132,-2.45395,-2.45395,1.97925,1.49116
17.83,-0.54146,-0.54146,-2.42107,-2.42107,2.09482,1.32908
17.84,-0.737768,-0.737768,-2.38346,-2.38346,2.20704,1.16368
17.85,-0.933637,-0.933637,-2.3413,-2.3413,2.31573,0.995367
17.86,-1.12864,-1.12864,-2.29476,-2.29476,2.42071,0.824567
17.87,-1.32237,-1.32237,-2.24402,-2.24402,2.52182,0.651707
17.88,-1.5144,-1.5144,-2.18928,-2.18928,2.6189,0.477217
17.89,-1.7043,-1.7043,-2.13074,-2.13074,2.71178,0.301535
17.9,-1.89168,-1.89168,-2.06859,-2.06859,2.80033,0.125099
17.91,-2.0761,-2.0761,-2.00306,-2.00306,2.8844,-0.0516501
17.92,-2.25717,-2.25717,-1.93435,-1.93435,2.96385,-0.22827
17.93,-2.43449,-2.43449,-1.86269,-1.86269,3.03856,-0.404319
17.94,-2.60765,-2.60765,-1.78831,-1.78831,3.10842,-0.579357
17.95,-2.77627,-2.77627,-1.71144,-1.71144,3.17329,-0.752948
17.96,-2.93997,-2.93997,-1.63231,-1.63231,3.2331,-0.924656
17.97,-3.09839,-3.09839,-1.55116,-1.55116,3.28772,-1.09405
17.98,-3.25114,-3.25114,-1.46822,-1.46822,3.33709,-1.26072
17.99,-3.3979,-3.3979,-1.38374,-1.38374,3.38113,-1.42423
18,-3.53831,-3.53831,-1.29794,-1.29794,3.41975,-1.58418
18.01,-3.67205,-3.67205,-1.21108,-1.21108,3.4529,-1.74017
18.02,-3.79882,-3.79882,-1.12339,-1.12339,3.48053,-1.89181
18.03,-3.9183,-3.9183,-1.0351,-1.0351,3.50258,-2.03873
18.04,-4.03022,-4.03022,-0.946458,-0.946458,3.51904,-2.18055
18.05,-4.1343,-4.1343,-0.857686,-0.857686,3.52987,-2.31691
18.06,-4.23029,-4.23029,-0.769016,-0.769016,3.53504,-2.44749
18.07,-4.31796,-4.31796,-0.680673,-0.680673,3.53457,-2.57195
18.08,-4.39709,-4.39709,-0.592878,-0.592878,3.52844,-2.68998
18.09,-4.46747,-4.46747,-0.505845,-0.505845,3.51666,-2.80129
18.1,-4.52892,-4.52892,-0.419785,-0.419785,3.49926,-2.9056
18.11,-4.58127,-4.58127,-0.334901,-0.334901,3.47626,-3.00264
18.12,-4.62439,-4.62439,-0.251393,-0.251393,3.4477,-3.09218
18.13,-4.65814,-4.65814,-0.169449,-0.169449,3.41362,-3.17399
18.14,-4.68242,-4.68242,-0.0892535,-0.0892535,3.37409,-3.24786
18.15,-4.69715,-4.69715,-0.0109814,-0.0109814,3.32915,-3.31362
18.16,-4.70225,-4.70225,0.0652002,0.0652002,3.27889,-3.3711
18.17,-4.69768,-4.69768,0.139133,0.139133,3.22338,-3.42015
18.18,-4.68343,-4.68343,0.210667,0.210667,3.16272,-3.46065
18.19,-4.65948,-4.65948,0.279663,0.279663,3.09699,-3.4925
18.2,-4.62585,-4.62585,0.345989,0.345989,3.02632,-3.51562
18.21,-4.58258,-4.58258,0.409526,0.409526,2.9508,-3.52995
18.22,-4.52974,-4.52974,0.470161,0.470161,2.87056,-3.53547
18.23,-4.46741,-4.46741,0.527795,0.527795,2.78573,-3.53214
18.24,-4.39568,-4.39568,0.582338,0.582338,2.69644,-3.51999
18.25,-4.31467,-4.31467,0.63371,0.63371,2.60283,-3.49904
18.26,-4.22454,-4.22454,0.681842,0.681842,2.50507,-3.46934
18.27,-4.12545,-4.12545,0.726676,0.726676,2.40329,-3.43097
18.28,-4.01757,-4.01757,0.768165,0.768165,2.29767,-3.38402
18.29,-3.90111,-3.90111,0.806272,0.806272,2.18838,-3.32862
18.3,-3.77629,-3.77629,0.840972,0.840972,2.07558,-3.2649
18.31,-3.64336,-3.64336,0.872249,0.872249,1.95947,-3.19301
18.32,-3.50256,-3.50256,0.900099,0.900099,1.84022,-3.11315
18.33,-3.35418,-3.35418,0.924529,0.924529,1.71802,-3.0255
18.34,-3.19851,-3.19851,0.945555,0.945555,1.59308,-2.9303
18.35,-3.03586,-3.03586,0.963205,0.963205,1.46559,-2.82777
18.36,-2.86655,-2.86655,0.977514,0.977514,1.33575,-2.71817
18.37,-2.69093,-2.69093,0.98853,0.98853,1.20378,-2.60177
18.38,-2.50935,-2.50935,0.99631,0.99631,1.06988,-2.47887
18.39,-2.32217,-2.32217,1.00092,1.00092,0.934269,-2.34978
18.4,-2.12979,-2.12979,1.00243,1.00243,0.797163,-2.21482
18.41,-1.93259,-1.93259,1.00093,1.00093,0.658783,-2.07431
18.42,-1.73098,-1.73098,0.99651,0.99651,0.519348,-1.92863
18.43,-1.52537,-1.52537,0.989268,0.989268,0.379083,-1.77812
18.44,-1.31619,-1.31619,0.979312,0.979312,0.238211,-1.62317
18.45,-1.10388,-1.10388,0.966757,0.966757,0.0969582,-1.46416
18.46,-0.888862,-0.888862,0.951724,0.951724,-0.0444498,-1.30149
18.47,-0.671598,-0.671598,0.93434,0.93434,-0.185787,-1.13557
18.48,-0.452537,-0.452537,0.914739,0.914739,-0.326826,-0.96681
18.49,-0.232136,-0.232136,0.89306,0.89306,-0.467343,-0.795634
18.5,-0.0108586,-0.0108586,0.869445,0.869445,-0.607112,-0.622469
18.51,0.210833,0.210833,0.844044,0.844044,-0.74591,-0.447748
18.52,0.432471,0.432471,0.817008,0.817008,-0.883515,-0.271908
18.53,0.653591,0.653591,0.788491,0.788491,-1.01971,-0.0953887
18.54,0.873726,0.873726,0.758653,0.758653,-1.15427,0.0813692
18.55,1.09241,1.09241,0.727652,0.727652,-1.28698,0.257924
18.56,1.30919,1.30919,0.695652,0.695652,-1.41763,0.433834
18.57,1.52359,1.52359,0.662815,0.662815,-1.54602,0.608659
18.58,1.73517,1.73517,0.629304,0.629304,-1.67193,0.781963
18.59,1.94347,1.94347,0.595284,0.595284,-1.79517,0.953313
18.6,2.14806,2.14806,0.560919,0.560919,-1.91554,1.12228
18.61,2.3485,2.3485,0.52637,0.52637,-2.03284,1.28844
18.62,2.54436,2.54436,0.491798,0.491798,-2.14689,1.45138
18.63,2.73523,2.73523,0.457363,0.457363,-2.25751,1.6107
18.64,2.9207,2.9207,0.423222,0.423222,-2.36451,1.76598
18.65,3.10037,3.10037,0.389526,0.389526,-2.46773,1.91686
18.66,3.27387,3.27387,0.356427,0.356427,-2.567,2.06294
18.67,3.44081,3.44081,0.32407,0.32407,-2.66217,2.20387
18.68,3.60085,3.60085,0.292597,0.292597,-2.75308,2.33928
18.69,3.75363,3.75363,0.262144,0.262144,-2.83958,2.46886
18.7,3.89884,3.89884,0.232842,0.232842,-2.92154,2.59226
18.71,4.03617,4.03617,0.204817,0.204817,-2.99883,2.70918
18.72,4.16532,4.16532,0.178187,0.178187,-3.07132,2.81933
18.73,4.286,4.286,0.153066,0.153066,-3.1389,2.92243
18.74,4.39797,4.39797,0.12956,0.12956,-3.20145,3.01823
18.75,4.50099,4.50099,0.107766,0.107766,-3.25888,3.10648
18.76,4.59483,4.59483,0.0877761,0.0877761,-3.3111,3.18697
18.77,4.67929,4.67929,0.0696733,0.0696733,-3.35802,3.25949
18.78,4.75419,4.75419,0.0535326,0.0535326,-3.39957,3.32387
18.79,4.81937,4.81937,0.0394209,0.0394209,-3.43569,3.37994
18.8,4.87469,4.87469,0.0273964,0.0273964,-3.4663,3.42756
18.81,4.92004,4.92004,0.0175086,0.0175086,-3.49137,3.46661
18.82,4.9553,4.9553,0.00979816,0.00979816,-3.51085,3.497
18.83,4.98041,4.98041,0.00429676,0.00429676,-3.52472,3.51865
18.84,4.99532,4.99532,0.00102698,0.00102698,-3.53295,3.5315
18.85,4.99999,4.99999,2.21856e-06,2.21856e-06,-3.53553,3.53553
18.86,4.99441,4.99441,0.00122668,0.00122668,-3.53245,3.53071
18.87,4.9786,4.9786,0.00469534,0.00469534,-3.52372,3.51708
18.88,4.95258,4.95258,0.010394,0.010394,-3.50935,3.49465
18.89,4.91641,4.91641,0.0182992,0.0182992,-3.48937,3.46349
18.9,4.87018,4.87018,0.0283786,0.0283786,-3.46381,3.42367
18.91,4.81398,4.81398,0.0405906,0.0405906,-3.4327,3.3753
18.92,4.74793,4.74793,0.054885,0.054885,-3.3961,3.31848
18.93,4.67217,4.67217,0.0712027,0.0712027,-3.35407,3.25338
18.94,4.58687,4.58687,0.0894763,0.0894763,-3.30668,3.18014
18.95,4.49221,4.49221,0.10963,0.10963,-3.25399,3.09895
18.96,4.38839,4.38839,0.131579,0.131579,-3.1961,3.01002
18.97,4.27563,4.27563,0.155234,0.155234,-3.1331,2.91356
18.98,4.15418,4.15418,0.180493,0.180493,-3.06508,2.80982
18.99,4.0243,4.0243,0.207251,0.207251,-2.99216,2.69906
19,3.88626,3.88626,0.235394,0.235394,-2.91445,2.58155
19.01,3.74036,3.74036,0.264804,0.264804,-2.83208,2.45759
19.02,3.58692,3.58692,0.295353,0.295353,-2.74518,2.32749
19.03,3.42626,3.42626,0.32691,0.32691,-2.65389,2.19157
19.04,3.25872,3.25872,0.359339,0.359339,-2.55835,2.05017
19.05,3.08466,3.08466,0.392497,0.392497,-2.45872,1.90365
19.06,2.90446,2.90446,0.426238,0.426238,-2.35516,1.75237
19.07,2.71849,2.71849,0.460412,0.460412,-2.24783,1.5967
19.08,2.52716,2.52716,0.494866,0.494866,-2.1369,1.43705
19.09,2.33088,2.33088,0.529441,0.529441,-2.02255,1.27381
19.1,2.13005,2.13005,0.563981,0.563981,-1.90497,1.10738
19.11,1.92512,1.92512,0.598322,0.598322,-1.78434,0.938185
19.12,1.7165,1.7165,0.632303,0.632303,-1.66086,0.766644
19.13,1.50465,1.50465,0.665761,0.665761,-1.53471,0.593187
19.14,1.29002,1.29002,0.69853,0.69853,-1.40612,0.418248
19.15,1.07306,1.07306,0.730448,0.730448,-1.27527,0.242263
19.16,0.854227,0.854227,0.761352,0.761352,-1.14239,0.0656721
19.17,0.633985,0.633985,0.79108,0.79108,-1.00767,-0.111083
19.18,0.4128,0.4128,0.819471,0.819471,-0.871348,-0.28756
19.19,0.191138,0.191138,0.846369,0.846369,-0.733628,-0.463318
19.2,-0.0305351,-0.0305351,0.871617,0.871617,-0.594735,-0.637918
19.21,-0.251754,-0.251754,0.895066,0.895066,-0.45489,-0.810924
19.22,-0.472054,-0.472054,0.916566,0.916566,-0.314318,-0.981903
19.23,-0.690974,-0.690974,0.935976,0.935976,-0.173243,-1.15043
19.24,-0.908057,-0.908057,0.953156,0.953156,-0.0318901,-1.31608
19.25,-1.12285,-1.12285,0.967974,0.967974,0.109513,-1.47844
19.26,-1.33491,-1.33491,0.980304,0.980304,0.250741,-1.6371
19.27,-1.54378,-1.54378,0.990023,0.990023,0.391569,-1.79167
19.28,-1.74905,-1.74905,0.997019,0.997019,0.531769,-1.94177
19.29,-1.95029,-1.95029,1.00118,1.00118,0.671119,-2.08701
19.3,-2.14708,-2.14708,1.00242,1.00242,0.809395,-2.22703
19.31,-2.33901,-2.33901,1.00064,1.00064,0.946377,-2.36149
19.32,-2.52571,-2.52571,0.995748,0.995748,1.08184,-2.49005
19.33,-2.70677,-2.70677,0.987684,0.987684,1.21558,-2.61238
19.34,-2.88185,-2.88185,0.976377,0.976377,1.34737,-2.72818
19.35,-3.05058,-3.05058,0.961773,0.961773,1.47701,-2.83716
19.36,-3.21262,-3.21262,0.943825,0.943825,1.60428,-2.93905
19.37,-3.36766,-3.36766,0.922497,0.922497,1.72899,-3.0336
19.38,-3.51538,-3.51538,0.897764,0.897764,1.85093,-3.12056
19.39,-3.65548,-3.65548,0.869609,0.869609,1.96991,-3.19972
19.4,-3.78771,-3.78771,0.838028,0.838028,2.08574,-3.27089
19.41,-3.91179,-3.91179,0.803025,0.803025,2.19823,-3.33388
19.42,-4.0275,-4.0275,0.764616,0.764616,2.30721,-3.38854
19.43,-4.13461,-4.13461,0.722829,0.722829,2.41249,-3.43473
19.44,-4.23291,-4.23291,0.6777,0.6777,2.51392,-3.47233
19.45,-4.32224,-4.32224,0.629278,0.629278,2.61132,-3.50125
19.46,-4.40242,-4.40242,0.577621,0.577621,2.70454,-3.52142
19.47,-4.47332,-4.47332,0.5228,0.5228,2.79344,-3.53279
19.48,-4.53482,-4.53482,0.464896,0.464896,2.87787,-3.53533
19.49,-4.58681,-4.58681,0.403999,0.403999,2.9577,-3.52904
19.5,-4.62923,-4.62923,0.34021,0.34021,3.03279,-3.51392
19.51,-4.66199,-4.66199,0.273641,0.273641,3.10303,-3.49002
19.52,-4.68508,-4.68508,0.204415,0.204415,3.16831,-3.4574
19.53,-4.69848,-4.69848,0.132661,0.132661,3.22852,-3.41613
19.54,-4.70219,-4.70219,0.0585229,0.0585229,3.28357,-3.36633
19.55,-4.69623,-4.69623,-0.017851,-0.017851,3.33336,-3.30811
19.56,-4.68065,-4.68065,-0.0963008,-0.0963008,3.37782,-3.24163
19.57,-4.65553,-4.65553,-0.176659,-0.176659,3.41687,-3.16704
19.58,-4.62094,-4.62094,-0.258749,-0.258749,3.45046,-3.08453
19.59,-4.577,-4.577,-0.342388,-0.342388,3.47853,-2.99432
19.6,-4.52382,-4.52382,-0.427383,-0.427383,3.50103,-2.89662
19.61,-4.46157,-4.46157,-0.513538,-0.513538,3.51794,-2.79168
19.62,-4.39041,-4.39041,-0.600647,-0.600647,3.52921,-2.67977
19.63,-4.31052,-4.31052,-0.688501,-0.688501,3.53484,-2.56115
19.64,-4.2221,-4.2221,-0.776882,-0.776882,3.53481,-2.43614
19.65,-4.12538,-4.12538,-0.86557,-0.86557,3.52913,-2.30503
19.66,-4.02059,-4.02059,-0.954339,-0.954339,3.51781,-2.16817
19.67,-3.90799,-3.90799,-1.04296,-1.04296,3.50085,-2.02588
19.68,-3.78785,-3.78785,-1.1312,-1.1312,3.4783,-1.87853
19.69,-3.66045,-3.66045,-1.21883,-1.21883,3.45018,-1.72649
19.7,-3.5261,-3.5261,-1.30561,-1.30561,3.41654,-1.57013
19.71,-3.38512,-3.38512,-1.3913,-1.3913,3.37743,-1.40984
19.72,-3.23781,-3.23781,-1.47565,-1.47565,3.33292,-1.24604
19.73,-3.08454,-3.08454,-1.55844,-1.55844,3.28308,-1.07911
19.74,-2.92564,-2.92564,-1.63943,-1.63943,3.22799,-0.909493
19.75,-2.76149,-2.76149,-1.71837,-1.71837,3.16774,-0.7376
19.76,-2.59245,-2.59245,-1.79502,-1.79502,3.10241,-0.563863
19.77,-2.4189,-2.4189,-1.86917,-1.86917,3.03212,-0.388717
19.78,-2.24124,-2.24124,-1.94057,-1.94057,2.95699,-0.2126
19.79,-2.05985,-2.05985,-2.00901,-2.00901,2.87712,-0.0359508
19.8,-1.87515,-1.87515,-2.07425,-2.07425,2.79265,0.140788
19.81,-1.68753,-1.68753,-2.13609,-2.13609,2.70371,0.317175
19.82,-1.49742,-1.49742,-2.1943,-2.1943,2.61044,0.492769
19.83,-1.30523,-1.30523,-2.24869,-2.24869,2.513,0.667132
19.84,-1.11137,-1.11137,-2.29906,-2.29906,2.41154,0.839827
19.85,-0.916269,-0.916269,-2.34522,-2.34522,2.30622,1.01042
19.86,-0.720345,-0.720345,-2.38699,-2.38699,2.19721,1.17849
19.87,-0.524018,-0.524018,-2.42418,-2.42418,2.08469,1.34362
19.88,-0.327708,-0.327708,-2.45664,-2.45664,1.96883,1.50538
19.89,-0.131831,-0.131831,-2.48422,-2.48422,1.84982,1.66339
19.9,0.0631988,0.0631988,-2.50676,-2.50676,1.72786,1.81723
19.91,0.256971,0.256971,-2.52413,-2.52413,1.60313,1.96654
19.92,0.449081,0.449081,-2.53622,-2.53622,1.47583,2.11093
19.93,0.63913,0.63913,-2.54291,-2.54291,1.34617,2.25004
19.94,0.826725,0.826725,-2.54409,-2.54409,1.21436,2.38353
19.95,1.01148,1.01148,-2.53969,-2.53969,1.08061,2.51106
19.96,1.19302,1.19302,-2.52963,-2.52963,0.945125,2.63231
19.97,1.37098,1.37098,-2.51385,-2.51385,0.808131,2.74699
19.98,1.545,1.545,-2.4923,-2.4923,0.669844,2.8548
19.99,1.71472,1.71472,-2.46494,-2.46494,0.530485,2.95547
20,1.87983,1.87983,-2.43177,-2.43177,0.390278,3.04876
20.01,2.03999,2.03999,-2.39276,-2.39276,0.249446,3.13442
20.02,2.19489,2.19489,-2.34793,-2.34793,0.108215,3.21226
20.03,2.34423,2.34423,-2.2973,-2.2973,-0.0331887,3.28206
20.04,2.48774,2.48774,-2.2409,-2.2409,-0.17454,3.34366
20.05,2.62514,2.62514,-2.1788,-2.1788,-0.315611,3.3969
20.06,2.75618,2.75618,-2.11105,-2.11105,-0.456178,3.44165
20.07,2.88062,2.88062,-2.03773,-2.03773,-0.596015,3.4778
20.08,2.99824,2.99824,-1.95894,-1.95894,-0.734898,3.50526
20.09,3.10884,3.10884,-1.87478,-1.87478,-0.872606,3.52395
20.1,3.21221,3.21221,-1.78539,-1.78539,-1.00892,3.53384
20.11,3.30821,3.30821,-1.69089,-1.69089,-1.14362,3.53489
20.12,3.39666,3.39666,-1.59143,-1.59143,-1.27648,3.52711
20.13,3.47743,3.47743,-1.48719,-1.48719,-1.40731,3.51052
20.14,3.5504,3.5504,-1.37833,-1.37833,-1.53588,3.48514
20.15,3.61548,3.61548,-1.26506,-1.26506,-1.662,3.45106
20.16,3.67258,3.67258,-1.14756,-1.14756,-1.78546,3.40835
20.17,3.72164,3.72164,-1.02606,-1.02606,-1.90606,3.35713
20.18,3.7626,3.7626,-0.900777,-0.900777,-2.02362,3.29751
20.19,3.79545,3.79545,-0.771959,-0.771959,-2.13793,3.22965
20.2,3.82017,3.82017,-0.639851,-0.639851,-2.24883,3.15371
20.21,3.83678,3.83678,-0.504713,-0.504713,-2.35613,3.0699
20.22,3.84529,3.84529,-0.366815,-0.366815,-2.45965,2.97841
20.23,3.84576,3.84576,-0.226435,-0.226435,-2.55925,2.87948
20.24,3.83824,3.83824,-0.0838615,-0.0838615,-2.65475,2.77335
20.25,3.82282,3.82282,0.0606109,0.0606109,-2.746,2.66028
20.26,3.79959,3.79959,0.206679,0.206679,-2.83286,2.54057
20.27,3.76866,3.76866,0.354032,0.354032,-2.91519,2.41451
20.28,3.73017,3.73017,0.502355,0.502355,-2.99285,2.28241
20.29,3.68426,3.68426,0.651327,0.651327,-3.06573,2.14461
20.3,3.6311,3.6311,0.80062,0.80062,-3.1337,2.00145
20.31,3.57085,3.57085,0.949907,0.949907,-3.19666,1.85328
20.32,3.5037,3.5037,1.09885,1.09885,-3.2545,1.70049
20.33,3.42988,3.42988,1.24712,1.24712,-3.30714,1.54344
20.34,3.34958,3.34958,1.39438,1.39438,-3.35448,1.38253
20.35,3.26304,3.26304,1.54028,1.54028,-3.39646,1.21817
20.36,3.17051,3.17051,1.6845,1.6845,-3.43301,1.05077
20.37,3.07224,3.07224,1.82669,1.82669,-3.46407,0.880737
20.38,2.96849,2.96849,1.96652,1.96652,-3.48958,0.708504
20.39,2.85955,2.85955,2.10365,2.10365,-3.50951,0.5345
20.4,2.74568,2.74568,2.23776,2.23776,-3.52382,0.35916
20.41,2.6272,2.6272,2.36851,2.36851,-3.5325,0.182922
20.42,2.5044,2.5044,2.49559,2.49559,-3.53553,0.00622693
20.43,2.37759,2.37759,2.61869,2.61869,-3.5329,-0.170484
20.44,2.24708,2.24708,2.73749,2.73749,-3.52462,-0.346768
20.45,2.1132,2.1132,2.85168,2.85168,-3.5107,-0.522186
20.46,1.97627,1.97627,2.96098,2.96098,-3.49117,-0.696298
20.47,1.83662,1.83662,3.06511,3.06511,-3.46604,-0.86867
20.48,1.69459,1.69459,3.16377,3.16377,-3.43538,-1.03887
20.49,1.5505,1.5505,3.25672,3.25672,-3.39922,-1.20648
20.5,1.40471,1.40471,3.34368,3.34368,-3.35762,-1.37106
20.51,1.25753,1.25753,3.42443,3.42443,-3.31065,-1.53223
20.52,1.10932,1.10932,3.49872,3.49872,-3.25838,-1.68956
20.53,0.960415,0.960415,3.56634,3.56634,-3.2009,-1.84267
20.54,0.811142,0.811142,3.62708,3.62708,-3.1383,-1.99117
20.55,0.661838,0.661838,3.68075,3.68075,-3.07068,-2.1347
20.56,0.512833,0.512833,3.72718,3.72718,-2.99814,-2.27289
20.57,0.364453,0.364453,3.7662,3.7662,-2.92081,-2.4054
20.58,0.217021,0.217021,3.79766,3.79766,-2.83881,-2.53189
20.59,0.0708527,0.0708527,3.82144,3.82144,-2.75226,-2.65206
20.6,-0.0737421,-0.0737421,3.83741,3.83741,-2.66132,-2.7656
20.61,-0.216459,-0.216459,3.84549,3.84549,-2.56611,-2.87223
20.62,-0.357003,-0.357003,3.84559,3.84559,-2.4668,-2.97168
20.63,-0.495085,-0.495085,3.83764,3.83764,-2.36354,-3.0637
20.64,-0.630427,-0.630427,3.82161,3.82161,-2.25651,-3.14806
20.65,-0.762756,-0.762756,3.79746,3.79746,-2.14586,-3.22456
20.66,-0.891814,-0.891814,3.76518,3.76518,-2.03178,-3.29299
20.67,-1.01735,-1.01735,3.72479,3.72479,-1.91445,-3.3532
20.68,-1.13913,-1.13913,3.6763,3.6763,-1.79405,-3.40502
20.69,-1.25691,-1.25691,3.61977,3.61977,-1.67079,-3.44833
20.7,-1.3705,-1.3705,3.55525,3.55525,-1.54485,-3.48303
20.71,-1.47967,-1.47967,3.48283,3.48283,-1.41644,-3.50901
20.72,-1.58425,-1.58425,3.4026,3.4026,-1.28577,-3.52623
20.73,-1.68404,-1.68404,3.31469,3.31469,-1.15304,-3.53463
20.74,-1.7789,-1.7789,3.21922,3.21922,-1.01846,-3.5342
20.75,-1.86866,-1.86866,3.11636,3.11636,-0.882258,-3.52494
20.76,-1.95318,-1.95318,3.00627,3.00627,-0.744641,-3.50686
20.77,-2.03236,-2.03236,2.88913,2.88913,-0.605833,-3.48002
20.78,-2.10606,-2.10606,2.76517,2.76517,-0.466056,-3.44448
20.79,-2.17421,-2.17421,2.63458,2.63458,-0.325533,-3.40033
20.8,-2.23672,-2.23672,2.49762,2.49762,-0.18449,-3.34768
20.81,-2.29351,-2.29351,2.35454,2.35454,-0.0431513,-3.28667
20.82,-2.34455,-2.34455,2.20559,2.20559,0.0982564,-3.21744
20.83,-2.38979,-2.38979,2.05108,2.05108,0.239507,-3.14017
20.84,-2.42921,-2.42921,1.89128,1.89128,0.380374,-3.05504
20.85,-2.4628,-2.4628,1.72651,1.72651,0.520633,-2.96229
20.86,-2.49056,-2.49056,1.5571,1.5571,0.660059,-2.86213
20.87,-2.51252,-2.51252,1.38337,1.38337,0.798429,-2.75481
20.88,-2.52871,-2.52871,1.20568,1.20568,0.935521,-2.64061
20.89,-2.53917,-2.53917,1.02438,1.02438,1.07112,-2.51981
20.9,-2.54397,-2.54397,0.839839,0.839839,1.205,-2.39271
20.91,-2.54317,-2.54317,0.652431,0.652431,1.33695,-2.25963
20.92,-2.53687,-2.53687,0.462542,0.462542,1.46677,-2.1209
20.93,-2.52516,-2.52516,0.270564,0.270564,1.59424,-1.97688
20.94,-2.50815,-2.50815,0.076896,0.076896,1.71916,-1.82791
20.95,-2.48597,-2.48597,-0.118058,-0.118058,1.84133,-1.67437
20.96,-2.45875,-2.45875,-0.313889,-0.313889,1.96055,-1.51664
20.97,-2.42662,-2.42662,-0.510183,-0.510183,2.07664,-1.35513
20.98,-2.38976,-2.38976,-0.706522,-0.706522,2.1894,-1.19023
20.99,-2.34831,-2.34831,-0.902488,-0.902488,2.29866,-1.02235
21,-2.30246,-2.30246,-1.09766,-1.09766,2.40425,-0.851919
21.01,-2.25238,-2.25238,-1.29162,-1.29162,2.50598,-0.679358
21.02,-2.19826,-2.19826,-1.48394,-1.48394,2.60371,-0.505098
21.03,-2.14031,-2.14031,-1.67422,-1.67422,2.69728,-0.329577
21.04,-2.07872,-2.07872,-1.86202,-1.86202,2.78653,-0.153231
21.05,-2.01371,-2.01371,-2.04694,-2.04694,2.87132,0.0234974
21.06,-1.9455,-1.9455,-2.22857,-2.22857,2.95151,0.200167
21.07,-1.87429,-1.87429,-2.40651,-2.40651,3.02699,0.376337
21.08,-1.80033,-1.80033,-2.58036,-2.58036,3.09762,0.551565
21.09,-1.72384,-1.72384,-2.74974,-2.74974,3.1633,0.725416
21.1,-1.64506,-1.64506,-2.91425,-2.91425,3.22392,0.897453
21.11,-1.56421,-1.56421,-3.07352,-3.07352,3.27937,1.06725
21.12,-1.48154,-1.48154,-3.22721,-3.22721,3.32959,1.23437
21.13,-1.39728,-1.39728,-3.37494,-3.37494,3.37447,1.39841
21.14,-1.31168,-1.31168,-3.51639,-3.51639,3.41396,1.55896
21.15,-1.22498,-1.22498,-3.65121,-3.65121,3.44799,1.71561
21.16,-1.1374,-1.1374,-3.77911,-3.77911,3.4765,1.86797
21.17,-1.04919,-1.04919,-3.89977,-3.89977,3.49945,2.01566
21.18,-0.96059,-0.96059,-4.01291,-4.01291,3.5168,2.15832
21.19,-0.871824,-0.871824,-4.11826,-4.11826,3.52852,2.29557
21.2,-0.783122,-0.783122,-4.21556,-4.21556,3.5346,2.4271
21.21,-0.694712,-0.694712,-4.30457,-4.30457,3.53502,2.55255
21.22,-0.606815,-0.606815,-4.38507,-4.38507,3.52979,2.67163
21.23,-0.519646,-0.519646,-4.45685,-4.45685,3.51891,2.78402
21.24,-0.433417,-0.433417,-4.51973,-4.51973,3.50241,2.88946
21.25,-0.348333,-0.348333,-4.57355,-4.57355,3.4803,2.98768
21.26,-0.264593,-0.264593,-4.61815,-4.61815,3.45262,3.07843
21.27,-0.182387,-0.182387,-4.6534,-4.6534,3.41942,3.16148
21.28,-0.101902,-0.101902,-4.67919,-4.67919,3.38075,3.23663
21.29,-0.0233117,-0.0233117,-4.69545,-4.69545,3.33667,3.3037
21.3,0.0532137,0.0532137,-4.70208,-4.70208,3.28725,3.3625
21.31,0.127515,0.127515,-4.69906,-4.69906,3.23257,3.4129
21.32,0.199441,0.199441,-4.68635,-4.68635,3.17272,3.45477
21.33,0.26885,0.26885,-4.66394,-4.66394,3.1078,3.48801
21.34,0.33561,0.33561,-4.63185,-4.63185,3.0379,3.51252
21.35,0.399598,0.399598,-4.59012,-4.59012,2.96314,3.52826
21.36,0.460703,0.460703,-4.5388,-4.5388,2.88365,3.53518
21.37,0.518821,0.518821,-4.47797,-4.47797,2.79954,3.53326
21.38,0.573862,0.573862,-4.40772,-4.40772,2.71095,3.52251
21.39,0.625743,0.625743,-4.32819,-4.32819,2.61802,3.50296
21.4,0.674396,0.674396,-4.2395,-4.2395,2.52091,3.47465
21.41,0.719758,0.719758,-4.14182,-4.14182,2.41976,3.43766
21.42,0.761783,0.761783,-4.03533,-4.03533,2.31475,3.39207
21.43,0.80043,0.80043,-3.92022,-3.92022,2.20603,3.33801
21.44,0.835674,0.835674,-3.79672,-3.79672,2.09378,3.2756
21.45,0.867497,0.867497,-3.66506,-3.66506,1.97818,3.205
21.46,0.895893,0.895893,-3.5255,-3.5255,1.85941,3.1264
21.47,0.920867,0.920867,-3.37831,-3.37831,1.73767,3.03998
21.48,0.942433,0.942433,-3.22378,-3.22378,1.61316,2.94596
21.49,0.960618,0.960618,-3.06222,-3.06222,1.48606,2.84458
21.5,0.975457,0.975457,-2.89395,-2.89395,1.35658,2.73608
21.51,0.986994,0.986994,-2.71931,-2.71931,1.22493,2.62075
21.52,0.995285,0.995285,-2.53865,-2.53865,1.09133,2.49887
21.53,1.00039,1.00039,-2.35234,-2.35234,0.955973,2.37074
21.54,1.00239,1.00239,-2.16076,-2.16076,0.819091,2.23669
21.55,1.00137,1.00137,-1.9643,-1.9643,0.680898,2.09705
21.56,0.997406,0.997406,-1.76337,-1.76337,0.541617,1.95216
21.57,0.990606,0.990606,-1.55837,-1.55837,0.401469,1.8024
21.58,0.981075,0.981075,-1.34973,-1.34973,0.260678,1.64813
21.59,0.968926,0.968926,-1.13788,-1.13788,0.119471,1.48974
21.6,0.954279,0.954279,-0.923269,-0.923269,-0.0219273,1.32763
21.61,0.937261,0.937261,-0.706333,-0.706333,-0.163291,1.1622
21.62,0.918004,0.918004,-0.487527,-0.487527,-0.304393,0.99386
21.63,0.896646,0.896646,-0.267309,-0.267309,-0.445008,0.82304
21.64,0.87333,0.87333,-0.0461402,-0.0461402,-0.584911,0.650163
21.65,0.848203,0.848203,0.175516,0.175516,-0.723879,0.475661
21.66,0.821417,0.821417,0.397195,0.397195,-0.861688,0.29997
21.67,0.793126,0.793126,0.618428,0.618428,-0.998119,0.12353
21.68,0.763487,0.763487,0.838751,0.838751,-1.13295,-0.05322
21.69,0.732661,0.732661,1.0577,1.0577,-1.26598,-0.229836
21.7,0.700809,0.700809,1.27481,1.27481,-1.39697,-0.405879
21.71,0.668094,0.668094,1.48962,1.48962,-1.52573,-0.580906
21.72,0.634679,0.634679,1.70168,1.70168,-1.65205,-0.754482
21.73,0.60073,0.60073,1.91053,1.91053,-1.77573,-0.926171
21.74,0.566408,0.566408,2.11574,2.11574,-1.89657,-1.09555
21.75,0.531878,0.531878,2.31687,2.31687,-2.01437,-1.26218
21.76,0.497299,0.497299,2.51349,2.51349,-2.12895,-1.42566
21.77,0.462832,0.462832,2.70519,2.70519,-2.24013,-1.58558
21.78,0.428633,0.428633,2.89154,2.89154,-2.34772,-1.74154
21.79,0.394857,0.394857,3.07216,3.07216,-2.45155,-1.89314
21.8,0.361653,0.361653,3.24666,3.24666,-2.55146,-2.04001
21.81,0.329168,0.329168,3.41467,3.41467,-2.6473,-2.18178
21.82,0.297545,0.297545,3.57583,3.57583,-2.73889,-2.3181
21.83,0.26692,0.26692,3.7298,3.7298,-2.82611,-2.44862
21.84,0.237426,0.237426,3.87624,3.87624,-2.9088,-2.57303
21.85,0.20919,0.20919,4.01484,4.01484,-2.98684,-2.691
21.86,0.18233,0.18233,4.14531,4.14531,-3.0601,-2.80225
21.87,0.156962,0.156962,4.26736,4.26736,-3.12847,-2.90649
21.88,0.133191,0.133191,4.38073,4.38073,-3.19183,-3.00347
21.89,0.111118,0.111118,4.48519,4.48519,-3.25008,-3.09294
21.9,0.0908355,0.0908355,4.58051,4.58051,-3.30314,-3.17468
21.91,0.0724269,0.0724269,4.66647,4.66647,-3.35091,-3.24848
21.92,0.0559691,0.0559691,4.74291,4.74291,-3.39332,-3.31417
21.93,0.0415301,0.0415301,4.80965,4.80965,-3.4303,-3.37157
21.94,0.0291696,0.0291696,4.86655,4.86655,-3.4618,-3.42054
21.95,0.0189386,0.0189386,4.91349,4.91349,-3.48775,-3.46097
21.96,0.010879,0.010879,4.95036,4.95036,-3.50813,-3.49274
21.97,0.00502401,0.00502401,4.9771,4.9771,-3.52289,-3.51579
21.98,0.00139768,0.00139768,4.99363,4.99363,-3.53202,-3.53004
21.99,1.48412e-05,1.48412e-05,4.99993,4.99993,-3.5355,-3.53548
22,0.000881176,0.000881176,4.99599,4.99599,-3.53332,-3.53207
22.01,0.00399313,0.00399313,4.9818,4.9818,-3.52549,-3.51984
22.02,0.00933794,0.00933794,4.9574,4.9574,-3.51202,-3.49881
22.03,0.0168937,0.0168937,4.92285,4.92285,-3.49293,-3.46904
22.04,0.0266293,0.0266293,4.87822,4.87822,-3.46825,-3.43059
22.05,0.0385048,0.0385048,4.82359,4.82359,-3.43802,-3.38357
22.06,0.0524713,0.0524713,4.7591,4.7591,-3.4023,-3.32809
22.07,0.0684711,0.0684711,4.68488,4.68488,-3.36113,-3.2643
22.08,0.086438,0.086438,4.60109,4.60109,-3.31458,-3.19234
22.09,0.106298,0.106298,4.5079,4.5079,-3.26273,-3.11241
22.1,0.127967,0.127967,4.40553,4.40553,-3.20567,-3.02469
22.11,0.151356,0.151356,4.29418,4.29418,-3.14347,-2.92942
22.12,0.176367,0.176367,4.1741,4.1741,-3.07624,-2.82682
22.13,0.202893,0.202893,4.04554,4.04554,-3.0041,-2.71716
22.14,0.230824,0.230824,3.90878,3.90878,-2.92714,-2.60071
22.15,0.26004,0.26004,3.76411,3.76411,-2.84551,-2.47775
22.16,0.290417,0.290417,3.61185,3.61185,-2.75932,-2.34861
22.17,0.321822,0.321822,3.45231,3.45231,-2.66872,-2.21359
22.18,0.354122,0.354122,3.28585,3.28585,-2.57385,-2.07304
22.19,0.387173,0.387173,3.1128,3.1128,-2.47486,-1.92731
22.2,0.420831,0.420831,2.93355,2.93355,-2.37191,-1.77676
22.21,0.454947,0.454947,2.74848,2.74848,-2.26517,-1.62177
22.22,0.489366,0.489366,2.55798,2.55798,-2.1548,-1.46273
22.23,0.523933,0.523933,2.36245,2.36245,-2.04098,-1.30003
22.24,0.558489,0.558489,2.16232,2.16232,-1.92391,-1.13408
22.25,0.592873,0.592873,1.95801,1.95801,-1.80375,-0.9653
22.26,0.626922,0.626922,1.74995,1.74995,-1.68071,-0.794104
22.27,0.660474,0.660474,1.53859,1.53859,-1.55497,-0.620923
22.28,0.693364,0.693364,1.32437,1.32437,-1.42676,-0.446191
22.29,0.725429,0.725429,1.10775,1.10775,-1.29625,-0.270343
22.3,0.756505,0.756505,0.889185,0.889185,-1.16368,-0.0938192
22.31,0.786431,0.786431,0.669137,0.669137,-1.02924,0.0829388
22.32,0.815045,0.815045,0.448072,0.448072,-0.893159,0.25949
22.33,0.842191,0.842191,0.226454,0.226454,-0.755646,0.435392
22.34,0.867713,0.867713,0.00475137,0.00475137,-0.616925,0.610206
22.35,0.891458,0.891458,-0.216571,-0.216571,-0.477217,0.783494
22.36,0.913278,0.913278,-0.437048,-0.437048,-0.336746,0.954825
22.37,0.93303,0.93303,-0.656219,-0.656219,-0.195735,1.12377
22.38,0.950575,0.950575,-0.873625,-0.873625,-0.0544119,1.2899
22.39,0.965778,0.965778,-1.08881,-1.08881,0.0869985,1.45281
22.4,0.978512,0.978512,-1.30133,-1.30133,0.22827,1.61209
22.41,0.988655,0.988655,-1.51075,-1.51075,0.369176,1.76734
22.42,0.996091,0.996091,-1.71662,-1.71662,0.509491,1.91818
22.43,1.00071,1.00071,-1.91853,-1.91853,0.648992,2.06422
22.44,1.00242,1.00242,-2.11605,-2.11605,0.787454,2.20509
22.45,1.00113,1.00113,-2.30879,-2.30879,0.924656,2.34046
22.46,0.996738,0.996738,-2.49634,-2.49634,1.06038,2.46998
22.47,0.989184,0.989184,-2.67833,-2.67833,1.19441,2.59332
22.48,0.978397,0.978397,-2.85438,-2.85438,1.32652,2.71018
22.49,0.964321,0.964321,-3.02415,-3.02415,1.45652,2.82027
22.5,0.946909,0.946909,-3.18728,-3.18728,1.58418,2.92331
22.51,0.926122,0.926122,-3.34345,-3.34345,1.70931,3.01904
22.52,0.901932,0.901932,-3.49235,-3.49235,1.8317,3.10723
22.53,0.874323,0.874323,-3.63369,-3.63369,1.95117,3.18765
22.54,0.843287,0.843287,-3.76719,-3.76719,2.06751,3.2601
22.55,0.808828,0.808828,-3.89259,-3.89259,2.18055,3.3244
22.56,0.770961,0.770961,-4.00964,-4.00964,2.29009,3.3804
22.57,0.729709,0.729709,-4.11813,-4.11813,2.39598,3.42794
22.58,0.685109,0.685109,-4.21785,-4.21785,2.49803,3.46692
22.59,0.637208,0.637208,-4.30862,-4.30862,2.59608,3.49723
22.6,0.586062,0.586062,-4.39027,-4.39027,2.68998,3.5188
22.61,0.53174,0.53174,-4.46266,-4.46266,2.77958,3.53157
22.62,0.474321,0.474321,-4.52566,-4.52566,2.86473,3.53552
22.63,0.413894,0.413894,-4.57917,-4.57917,2.9453,3.53063
22.64,0.350558,0.350558,-4.62311,-4.62311,3.02115,3.51692
22.65,0.284424,0.284424,-4.65742,-4.65742,3.09218,3.49441
22.66,0.215613,0.215613,-4.68206,-4.68206,3.15825,3.46317
22.67,0.144253,0.144253,-4.697,-4.697,3.21928,3.42328
22.68,0.0704842,0.0704842,-4.70224,-4.70224,3.27515,3.37483
22.69,-0.00554407,-0.00554407,-4.69782,-4.69782,3.32578,3.31794
22.7,-0.0836743,-0.0836743,-4.68377,-4.68377,3.3711,3.25276
22.71,-0.16374,-0.16374,-4.66016,-4.66016,3.41102,3.17945
22.72,-0.245566,-0.245566,-4.62708,-4.62708,3.44548,3.0982
22.73,-0.328971,-0.328971,-4.58462,-4.58462,3.47443,3.00919
22.74,-0.413764,-0.413764,-4.5329,-4.5329,3.49782,2.91267
22.75,-0.499747,-0.499747,-4.47209,-4.47209,3.51562,2.80887
22.76,-0.586719,-0.586719,-4.40233,-4.40233,3.52779,2.69805
22.77,-0.674468,-0.674468,-4.32382,-4.32382,3.53432,2.58048
22.78,-0.762779,-0.762779,-4.23674,-4.23674,3.5352,2.45646
22.79,-0.851433,-0.851433,-4.14133,-4.14133,3.53042,2.32631
22.8,-0.940205,-0.940205,-4.03781,-4.03781,3.51999,2.19034
22.81,-1.02887,-1.02887,-3.92644,-3.92644,3.50393,2.04889
22.82,-1.11719,-1.11719,-3.80748,-3.80748,3.48226,1.90232
22.83,-1.20493,-1.20493,-3.68122,-3.68122,3.45503,1.751
22.84,-1.29186,-1.29186,-3.54795,-3.54795,3.42226,1.5953
22.85,-1.37773,-1.37773,-3.408,-3.408,3.38402,1.43562
22.86,-1.46232,-1.46232,-3.26168,-3.26168,3.34037,1.27234
22.87,-1.54537,-1.54537,-3.10934,-3.10934,3.29138,1.10589
22.88,-1.62666,-1.62666,-2.95131,-2.95131,3.23711,0.936671
22.89,-1.70594,-1.70594,-2.78797,-2.78797,3.17767,0.765111
22.9,-1.78298,-1.78298,-2.61968,-2.61968,3.11315,0.591639
22.91,-1.85754,-1.85754,-2.44683,-2.44683,3.04365,0.416688
22.92,-1.9294,-1.9294,-2.26979,-2.26979,2.96927,0.240696
22.93,-1.99832,-1.99832,-2.08897,-2.08897,2.89015,0.0641023
22.94,-2.06408,-2.06408,-1.90477,-1.90477,2.8064,-0.112652
22.95,-2.12647,-2.12647,-1.71759,-1.71759,2.71817,-0.289124
22.96,-2.18528,-2.18528,-1.52785,-1.52785,2.62558,-0.464874
22.97,-2.2403,-2.2403,-1.33596,-1.33596,2.52879,-0.639462
22.98,-2.29132,-2.29132,-1.14234,-1.14234,2.42796,-0.812452
22.99,-2.33816,-2.33816,-0.947408,-0.947408,2.32325,-0.983411
23,-2.38064,-2.38064,-0.751587,-0.751587,2.21482,-1.15191
23.01,-2.41857,-2.41857,-0.555296,-0.555296,2.10284,-1.31753
23.02,-2.4518,-2.4518,-0.358955,-0.358955,1.9875,-1.47986
23.03,-2.48016,-2.48016,-0.162981,-0.162981,1.86898,-1.63849
23.04,-2.50351,-2.50351,0.032211,0.032211,1.74747,-1.79303
23.05,-2.52172,-2.52172,0.226211,0.226211,1.62317,-1.94308
23.06,-2.53465,-2.53465,0.418613,0.418613,1.49627,-2.08827
23.07,-2.54221,-2.54221,0.609016,0.609016,1.36697,-2.22825
23.08,-2.54427,-2.54427,0.797028,0.797028,1.23549,-2.36266
23.09,-2.54077,-2.54077,0.982262,0.982262,1.10203,-2.49116
23.1,-2.53162,-2.53162,1.16434,1.16434,0.96681,-2.61343
23.11,-2.51675,-2.51675,1.34289,1.34289,0.830042,-2.72918
23.12,-2.49612,-2.49612,1.51756,1.51756,0.691946,-2.8381
23.13,-2.46969,-2.46969,1.68799,1.68799,0.552743,-2.93993
23.14,-2.43744,-2.43744,1.85386,1.85386,0.412656,-3.0344
23.15,-2.39936,-2.39936,2.01482,2.01482,0.271908,-3.1213
23.16,-2.35546,-2.35546,2.17058,2.17058,0.130726,-3.20039
23.17,-2.30575,-2.30575,2.32083,2.32083,-0.0106657,-3.27149
23.18,-2.25027,-2.25027,2.46529,2.46529,-0.15204,-3.3344
23.19,-2.18907,-2.18907,2.60368,2.60368,-0.293171,-3.38899
23.2,-2.12221,-2.12221,2.73575,2.73575,-0.433834,-3.4351
23.21,-2.04978,-2.04978,2.86125,2.86125,-0.573802,-3.47262
23.22,-1.97185,-1.97185,2.97997,2.97997,-0.712852,-3.50147
23.23,-1.88854,-1.88854,3.0917,3.0917,-0.850762,-3.52156
23.24,-1.79997,-1.79997,3.19624,3.19624,-0.987311,-3.53286
23.25,-1.70628,-1.70628,3.29342,3.29342,-1.12228,-3.53532
23.26,-1.6076,-1.6076,3.38308,3.38308,-1.25545,-3.52894
23.27,-1.50411,-1.50411,3.46508,3.46508,-1.38662,-3.51375
23.28,-1.39597,-1.39597,3.53931,3.53931,-1.51557,-3.48977
23.29,-1.28339,-1.28339,3.60565,3.60565,-1.64209,-3.45707
23.3,-1.16655,-1.16655,3.66402,3.66402,-1.76598,-3.41573
23.31,-1.04567,-1.04567,3.71436,3.71436,-1.88705,-3.36585
23.32,-0.920973,-0.920973,3.75662,3.75662,-2.00511,-3.30756
23.33,-0.792702,-0.792702,3.79076,3.79076,-2.11995,-3.241
23.34,-0.661101,-0.661101,3.81678,3.81678,-2.2314,-3.16634
23.35,-0.526428,-0.526428,3.83468,3.83468,-2.33928,-3.08377
23.36,-0.388951,-0.388951,3.84448,3.84448,-2.44342,-2.99348
23.37,-0.248947,-0.248947,3.84622,3.84622,-2.54366,-2.89572
23.38,-0.106703,-0.106703,3.83997,3.83997,-2.63982,-2.79072
23.39,0.0374867,0.0374867,3.8258,3.8258,-2.73176,-2.67874
23.4,0.183321,0.183321,3.80381,3.80381,-2.81933,-2.56007
23.41,0.330491,0.330491,3.7741,3.7741,-2.90238,-2.435
23.42,0.478681,0.478681,3.7368,3.7368,-2.9808,-2.30384
23.43,0.627571,0.627571,3.69207,3.69207,-3.05444,-2.16693
23.44,0.776835,0.776835,3.64004,3.64004,-3.1232,-2.02459
23.45,0.926145,0.926145,3.58091,3.58091,-3.18697,-1.8772
23.46,1.07517,1.07517,3.51485,3.51485,-3.24563,-1.72512
23.47,1.22357,1.22357,3.44207,3.44207,-3.29911,-1.56872
23.48,1.37101,1.37101,3.36279,3.36279,-3.3473,-1.4084
23.49,1.51715,1.51715,3.27723,3.27723,-3.39014,-1.24457
23.5,1.66166,1.66166,3.18564,3.18564,-3.42756,-1.07762
23.51,1.80419,1.80419,3.08826,3.08826,-3.45949,-0.907976
23.52,1.94442,1.94442,2.98537,2.98537,-3.48589,-0.736064
23.53,2.082,2.082,2.87723,2.87723,-3.50671,-0.562313
23.54,2.21661,2.21661,2.76414,2.76414,-3.52192,-0.387157
23.55,2.34792,2.34792,2.64637,2.64637,-3.5315,-0.211033
23.56,2.47561,2.47561,2.52424,2.52424,-3.53543,-0.0343808
23.57,2.59936,2.59936,2.39804,2.39804,-3.5337,0.142357
23.58,2.71887,2.71887,2.2681,2.2681,-3.52632,0.318739
23.59,2.83381,2.83381,2.13473,2.13473,-3.5133,0.494324
23.6,2.94392,2.94392,1.99827,1.99827,-3.49465,0.668673
23.61,3.04888,3.04888,1.85903,1.85903,-3.47042,0.841352
23.62,3.14843,3.14843,1.71735,1.71735,-3.44063,1.01193
23.63,3.24231,3.24231,1.57357,1.57357,-3.40534,1.17997
23.64,3.33024,3.33024,1.42803,1.42803,-3.3646,1.34507
23.65,3.41199,3.41199,1.28105,1.28105,-3.31848,1.5068
23.66,3.48733,3.48733,1.13298,1.13298,-3.26705,1.66477
23.67,3.55603,3.55603,0.984164,0.984164,-3.2104,1.81858
23.68,3.61788,3.61788,0.834926,0.834926,-3.14861,1.96784
23.69,3.67269,3.67269,0.685605,0.685605,-3.08178,2.11219
23.7,3.72028,3.72028,0.536531,0.536531,-3.01002,2.25125
23.71,3.76049,3.76049,0.38803,0.38803,-2.93344,2.38469
23.72,3.79316,3.79316,0.240426,0.240426,-2.85218,2.51216
23.73,3.81817,3.81817,0.0940348,0.0940348,-2.76635,2.63336
23.74,3.83539,3.83539,-0.0508311,-0.0508311,-2.67609,2.74798
23.75,3.84474,3.84474,-0.193867,-0.193867,-2.58155,2.85572
23.76,3.84611,3.84611,-0.334777,-0.334777,-2.48289,2.95633
23.77,3.83945,3.83945,-0.47327,-0.47327,-2.38025,3.04955
23.78,3.82471,3.82471,-0.609066,-0.609066,-2.2738,3.13515
23.79,3.80185,3.80185,-0.741893,-0.741893,-2.16372,3.21291
23.8,3.77087,3.77087,-0.871489,-0.871489,-2.05017,3.28264
23.81,3.73176,3.73176,-0.997603,-0.997603,-1.93334,3.34417
23.82,3.68456,3.68456,-1.11999,-1.11999,-1.81342,3.39733
23.83,3.62931,3.62931,-1.23843,-1.23843,-1.69061,3.44201
23.84,3.56605,3.56605,-1.3527,-1.3527,-1.56508,3.47808
23.85,3.49488,3.49488,-1.46259,-1.46259,-1.43705,3.50546
23.86,3.41589,3.41589,-1.56791,-1.56791,-1.30672,3.52408
23.87,3.3292,3.3292,-1.66848,-1.66848,-1.17431,3.53389
23.88,3.23492,3.23492,-1.76413,-1.76413,-1.04001,3.53486
23.89,3.13323,3.13323,-1.85471,-1.85471,-0.90405,3.527
23.9,3.02428,3.02428,-1.94008,-1.94008,-0.766644,3.51033
23.91,2.90825,2.90825,-2.02011,-2.02011,-0.628011,3.48488
23.92,2.78536,2.78536,-2.0947,-2.0947,-0.488373,3.45072
23.93,2.65582,2.65582,-2.16373,-2.16373,-0.347954,3.40794
23.94,2.51985,2.51985,-2.22714,-2.22714,-0.206979,3.35663
23.95,2.37773,2.37773,-2.28485,-2.28485,-0.0656721,3.29694
23.96,2.2297,2.2297,-2.33681,-2.33681,0.0757397,3.22901
23.97,2.07605,2.07605,-2.38297,-2.38297,0.21703,3.153
23.98,1.91707,1.91707,-2.42332,-2.42332,0.357974,3.06912
23.99,1.75307,1.75307,-2.45784,-2.45784,0.498344,2.97756
24,1.58438,1.58438,-2.48653,-2.48653,0.637918,2.87856
24.01,1.41131,1.41131,-2.50941,-2.50941,0.776471,2.77237
24.02,1.23423,1.23423,-2.52651,-2.52651,0.913782,2.65925
24.03,1.05348,1.05348,-2.53788,-2.53788,1.04963,2.53948
24.04,0.869432,0.869432,-2.54358,-2.54358,1.1838,2.41336
24.05,0.682455,0.682455,-2.54367,-2.54367,1.31608,2.28121
24.06,0.492935,0.492935,-2.53824,-2.53824,1.44625,2.14336
24.07,0.301263,0.301263,-2.52738,-2.52738,1.5741,2.00015
24.08,0.107837,0.107837,-2.51121,-2.51121,1.69944,1.85195
24.09,-0.0869397,-0.0869397,-2.48984,-2.48984,1.82206,1.69911
24.1,-0.282658,-0.282658,-2.46341,-2.46341,1.94177,1.54203
24.11,-0.478906,-0.478906,-2.43206,-2.43206,2.05837,1.38109
24.12,-0.675266,-0.675266,-2.39594,-2.39594,2.17167,1.2167
24.13,-0.87132,-0.87132,-2.35521,-2.35521,2.2815,1.04927
24.14,-1.06665,-1.06665,-2.31005,-2.31005,2.38768,0.879216
24.15,-1.26083,-1.26083,-2.26063,-2.26063,2.49005,0.706966
24.16,-1.45344,-1.45344,-2.20714,-2.20714,2.58842,0.532948
24.17,-1.64407,-1.64407,-2.14979,-2.14979,2.68266,0.357598
24.18,-1.83229,-1.83229,-2.08876,-2.08876,2.77261,0.181354
24.19,-2.0177,-2.0177,-2.02429,-2.02429,2.85812,0.00465688
24.2,-2.19988,-2.19988,-1.95657,-1.95657,2.93905,-0.172052
24.21,-2.37844,-2.37844,-1.88582,-1.88582,3.01529,-0.348331
24.22,-2.55297,-2.55297,-1.81229,-1.81229,3.0867,-0.523739
24.23,-2.72308,-2.72308,-1.73619,-1.73619,3.15317,-0.697837
24.24,-2.88839,-2.88839,-1.65775,-1.65775,3.2146,-0.870192
24.25,-3.04852,-3.04852,-1.57721,-1.57721,3.27089,-1.04037
24.26,-3.20312,-3.20312,-1.49482,-1.49482,3.32194,-1.20795
24.27,-3.35182,-3.35182,-1.4108,-1.4108,3.36768,-1.37251
24.28,-3.49429,-3.49429,-1.3254,-1.3254,3.40804,-1.53364
24.29,-3.6302,-3.6302,-1.23885,-1.23885,3.44294,-1.69094
24.3,-3.75922,-3.75922,-1.1514,-1.1514,3.47233,-1.84401
24.31,-3.88105,-3.88105,-1.06327,-1.06327,3.49616,-1.99247
24.32,-3.99541,-3.99541,-0.974719,-0.974719,3.51441,-2.13595
24.33,-4.10201,-4.10201,-0.885963,-0.885963,3.52703,-2.27409
24.34,-4.20061,-4.20061,-0.797236,-0.797236,3.53401,-2.40655
24.35,-4.29095,-4.29095,-0.708764,-0.708764,3.53533,-2.53299
24.36,-4.37282,-4.37282,-0.620771,-0.620771,3.531,-2.6531
24.37,-4.44601,-4.44601,-0.533472,-0.533472,3.52102,-2.76658
24.38,-4.51032,-4.51032,-0.447079,-0.447079,3.50541,-2.87315
24.39,-4.56559,-4.56559,-0.361799,-0.361799,3.48419,-2.97253
24.4,-4.61167,-4.61167,-0.277832,-0.277832,3.4574,-3.06448
24.41,-4.64842,-4.64842,-0.195369,-0.195369,3.42507,-3.14878
24.42,-4.67572,-4.67572,-0.114598,-0.114598,3.38727,-3.2252
24.43,-4.6935,-4.6935,-0.0356944,-0.0356944,3.34404,-3.29357
24.44,-4.70167,-4.70167,0.0411708,0.0411708,3.29547,-3.3537
24.45,-4.70019,-4.70019,0.115836,0.115836,3.24163,-3.40544
24.46,-4.68902,-4.68902,0.18815,0.18815,3.1826,-3.44868
24.47,-4.66816,-4.66816,0.257969,0.257969,3.11847,-3.4833
24.48,-4.63761,-4.63761,0.32516,0.32516,3.04936,-3.50921
24.49,-4.59741,-4.59741,0.389597,0.389597,2.97537,-3.52634
24.5,-4.54761,-4.54761,0.451168,0.451168,2.89662,-3.53467
24.51,-4.48829,-4.48829,0.509769,0.509769,2.81324,-3.53416
24.52,-4.41954,-4.41954,0.565305,0.565305,2.72535,-3.52482
24.53,-4.34147,-4.34147,0.617695,0.617695,2.63311,-3.50666
24.54,-4.25423,-4.25423,0.666866,0.666866,2.53665,-3.47974
24.55,-4.15797,-4.15797,0.712756,0.712756,2.43614,-3.44413
24.56,-4.05287,-4.05287,0.755315,0.755315,2.33172,-3.3999
24.57,-3.93912,-3.93912,0.794502,0.794502,2.22358,-3.34718
24.58,-3.81694,-3.81694,0.83029,0.83029,2.11188,-3.28609
24.59,-3.68657,-3.68657,0.862658,0.862658,1.9968,-3.21679
24.6,-3.54824,-3.54824,0.8916,0.8916,1.87853,-3.13944
24.61,-3.40225,-3.40225,0.917118,0.917118,1.75725,-3.05425
24.62,-3.24887,-3.24887,0.939226,0.939226,1.63316,-2.96143
24.63,-3.08841,-3.08841,0.957947,0.957947,1.50646,-2.8612
24.64,-2.92118,-2.92118,0.973316,0.973316,1.37735,-2.75383
24.65,-2.74754,-2.74754,0.985375,0.985375,1.24604,-2.63957
24.66,-2.56781,-2.56781,0.994179,0.994179,1.11273,-2.51871
24.67,-2.38238,-2.38238,0.99979,0.99979,0.977638,-2.39155
24.68,-2.19161,-2.19161,1.00228,1.00228,0.840985,-2.25842
24.69,-1.9959,-1.9959,1.00173,1.00173,0.702986,-2.11965
24.7,-1.79565,-1.79565,0.99823,0.99823,0.563863,-1.97557
24.71,-1.59127,-1.59127,0.991875,0.991875,0.423838,-1.82656
24.72,-1.38319,-1.38319,0.982771,0.982771,0.283135,-1.67298
24.73,-1.17182,-1.17182,0.971031,0.971031,0.141979,-1.51522
24.74,-0.957617,-0.957617,0.956774,0.956774,0.00059605,-1.35368
24.75,-0.74102,-0.74102,0.940125,0.940125,-0.140788,-1.18875
24.76,-0.522482,-0.522482,0.921215,0.921215,-0.281947,-1.02085
24.77,-0.302458,-0.302458,0.900182,0.900182,-0.422655,-0.850395
24.78,-0.0814094,-0.0814094,0.877168,0.877168,-0.562686,-0.677817
24.79,0.140201,0.140201,0.85232,0.85232,-0.701818,-0.503544
24.8,0.361907,0.361907,0.825788,0.825788,-0.839827,-0.328013
24.81,0.583242,0.583242,0.797726,0.797726,-0.976492,-0.151663
24.82,0.803742,0.803742,0.768291,0.768291,-1.11159,0.0250674
24.83,1.02294,1.02294,0.737643,0.737643,-1.24492,0.201735
24.84,1.24037,1.24037,0.705944,0.705944,-1.37625,0.377898
24.85,1.45558,1.45558,0.673355,0.673355,-1.50538,0.553116
24.86,1.66811,1.66811,0.640041,0.640041,-1.63211,0.726952
24.87,1.8775,1.8775,0.606166,0.606166,-1.75622,0.898971
24.88,2.08332,2.08332,0.571893,0.571893,-1.87752,1.06874
24.89,2.28513,2.28513,0.537385,0.537385,-1.99582,1.23584
24.9,2.4825,2.4825,0.502803,0.502803,-2.11093,1.39986
24.91,2.675,2.675,0.468308,0.468308,-2.22266,1.56037
24.92,2.86223,2.86223,0.434056,0.434056,-2.33083,1.71698
24.93,3.04379,3.04379,0.400202,0.400202,-2.43527,1.8693
24.94,3.2193,3.2193,0.366897,0.366897,-2.53582,2.01695
24.95,3.38837,3.38837,0.334288,0.334288,-2.63231,2.15956
24.96,3.55064,3.55064,0.302518,0.302518,-2.72459,2.29677
24.97,3.70577,3.70577,0.271725,0.271725,-2.81252,2.42824
24.98,3.85343,3.85343,0.242043,0.242043,-2.89594,2.55364
24.99,3.9933,3.9933,0.213598,0.213598,-2.97473,2.67265
25,4.12508,4.12508,0.186511,0.186511,-3.04876,2.78499
25.01,4.24849,4.24849,0.160898,0.160898,-3.11791,2.89037
25.02,4.36327,4.36327,0.136866,0.136866,-3.18208,2.98852
25.03,4.46916,4.46916,0.114516,0.114516,-3.24115,3.0792
25.04,4.56595,4.56595,0.0939424,0.0939424,-3.29504,3.16219
25.05,4.65342,4.65342,0.07523,0.07523,-3.34366,3.23727
25.06,4.73138,4.73138,0.0584567,0.0584567,-3.38693,3.30426
25.07,4.79967,4.79967,0.043692,0.043692,-3.42478,3.36299
25.08,4.85815,4.85815,0.0309969,0.0309969,-3.45715,3.41331
25.09,4.90668,4.90668,0.0204236,0.0204236,-3.48399,3.45511
25.1,4.94517,4.94517,0.0120157,0.0120157,-3.50526,3.48826
25.11,4.97352,4.97352,0.00580781,0.00580781,-3.52092,3.5127
25.12,4.99168,4.99168,0.0018253,0.0018253,-3.53094,3.52836
25.13,4.99961,4.99961,8.45341e-05,8.45341e-05,-3.53532,3.5352
25.14,4.9973,4.9973,0.000592653,0.000592653,-3.53404,3.53321
25.15,4.98474,4.98474,0.00334757,0.00334757,-3.52711,3.52238
25.16,4.96197,4.96197,0.008338,0.008338,-3.51454,3.50275
25.17,4.92903,4.92903,0.0155435,0.0155435,-3.49634,3.47436
25.18,4.886,4.886,0.0249344,0.0249344,-3.47255,3.43729
25.19,4.83296,4.83296,0.0364721,0.0364721,-3.44321,3.39163
25.2,4.77003,4.77003,0.0501092,0.0501092,-3.40835,3.33749
25.21,4.69735,4.69735,0.0657894,0.0657894,-3.36805,3.27501
25.22,4.61507,4.61507,0.0834478,0.0834478,-3.32235,3.20434
25.23,4.52337,4.52337,0.103011,0.103011,-3.27134,3.12566
25.24,4.42244,4.42244,0.124398,0.124398,-3.2151,3.03917
25.25,4.3125,4.3125,0.14752,0.14752,-3.15371,2.94509
25.26,4.1938,4.1938,0.172279,0.172279,-3.08728,2.84364
25.27,4.06657,4.06657,0.198572,0.198572,-3.01591,2.73509
25.28,3.9311,3.9311,0.226287,0.226287,-2.93972,2.6197
25.29,3.78767,3.78767,0.255306,0.255306,-2.85882,2.49776
25.3,3.6366,3.6366,0.285506,0.285506,-2.77335,2.36958
25.31,3.4782,3.4782,0.316757,0.316757,-2.68344,2.23547
25.32,3.31281,3.31281,0.348923,0.348923,-2.58924,2.09578
25.33,3.14079,3.14079,0.381865,0.381865,-2.49089,1.95085
25.34,2.9625,2.9625,0.415436,0.415436,-2.38856,1.80105
25.35,2.77833,2.77833,0.449489,0.449489,-2.28241,1.64674
25.36,2.58867,2.58867,0.48387,0.48387,-2.17261,1.48832
25.37,2.39391,2.39391,0.518424,0.518424,-2.05933,1.32617
25.38,2.19449,2.19449,0.552993,0.552993,-1.94276,1.16071
25.39,1.99081,1.99081,0.587415,0.587415,-1.82308,0.992354
25.4,1.78332,1.78332,0.621528,0.621528,-1.70049,0.821513
25.41,1.57246,1.57246,0.65517,0.65517,-1.57517,0.64862
25.42,1.35866,1.35866,0.688177,0.688177,-1.44733,0.474106
25.43,1.14239,1.14239,0.720384,0.720384,-1.31718,0.298406
25.44,0.924107,0.924107,0.751628,0.751628,-1.18492,0.12196
25.45,0.704264,0.704264,0.781748,0.781748,-1.05077,-0.0547898
25.46,0.483329,0.483329,0.810582,0.810582,-0.914933,-0.231403
25.47,0.261768,0.261768,0.837972,0.837972,-0.777634,-0.407438
25.48,0.0400475,0.0400475,0.863763,0.863763,-0.63909,-0.582455
25.49,-0.181366,-0.181366,0.887801,0.887801,-0.499525,-0.756016
25.5,-0.402009,-0.402009,0.909938,0.909938,-0.35916,-0.927687
25.51,-0.621419,-0.621419,0.930029,0.930029,-0.21822,-1.09704
25.52,-0.839136,-0.839136,0.947934,0.947934,-0.0769315,-1.26365
25.53,-1.05471,-1.05471,0.963519,0.963519,0.0644802,-1.4271
25.54,-1.26768,-1.26768,0.976654,0.976654,0.205789,-1.58699
25.55,-1.47762,-1.47762,0.987217,0.987217,0.346768,-1.7429
25.56,-1.68409,-1.68409,0.995093,0.995093,0.487193,-1.89447
25.57,-1.88665,-1.88665,1.00017,1.00017,0.626838,-2.04129
25.58,-2.0849,-2.0849,1.00235,1.00235,0.76548,-2.18302
25.59,-2.27843,-2.27843,1.00154,1.00154,0.902898,-2.31929
25.6,-2.46683,-2.46683,0.997647,0.997647,1.03887,-2.44976
25.61,-2.64973,-2.64973,0.990601,0.990601,1.17318,-2.5741
25.62,-2.82676,-2.82676,0.980334,0.980334,1.30562,-2.69202
25.63,-2.99754,-2.99754,0.966786,0.966786,1.43596,-2.8032
25.64,-3.16175,-3.16175,0.949907,0.949907,1.56401,-2.90738
25.65,-3.31906,-3.31906,0.929659,0.929659,1.68956,-3.0043
25.66,-3.46914,-3.46914,0.906013,0.906013,1.8124,-3.0937
25.67,-3.6117,-3.6117,0.87895,0.87895,1.93235,-3.17537
25.68,-3.74646,-3.74646,0.84846,0.84846,2.0492,-3.2491
25.69,-3.87317,-3.87317,0.814545,0.814545,2.16277,-3.31471
25.7,-3.99157,-3.99157,0.777219,0.777219,2.27289,-3.37204
25.71,-4.10144,-4.10144,0.736504,0.736504,2.37937,-3.42094
25.72,-4.20257,-4.20257,0.692435,0.692435,2.48204,-3.46129
25.73,-4.29477,-4.29477,0.645056,0.645056,2.58074,-3.49299
25.74,-4.37788,-4.37788,0.594422,0.594422,2.67531,-3.51595
25.75,-4.45176,-4.45176,0.540601,0.540601,2.7656,-3.53013
25.76,-4.51626,-4.51626,0.48367,0.48367,2.85147,-3.53548
25.77,-4.57129,-4.57129,0.423715,0.423715,2.93278,-3.532
25.78,-4.61676,-4.61676,0.360836,0.360836,3.00939,-3.51969
25.79,-4.65261,-4.65261,0.29514,0.29514,3.08119,-3.49858
25.8,-4.67878,-4.67878,0.226746,0.226746,3.14806,-3.46873
25.81,-4.69527,-4.69527,0.155783,0.155783,3.2099,-3.43021
25.82,-4.70206,-4.70206,0.0823882,0.0823882,3.2666,-3.38311
25.83,-4.69917,-4.69917,0.00670952,0.00670952,3.31807,-3.32756
25.84,-4.68665,-4.68665,-0.0710969,-0.0710969,3.36424,-3.26369
25.85,-4.66456,-4.66456,-0.150866,-0.150866,3.40502,-3.19167
25.86,-4.63298,-4.63298,-0.232424,-0.232424,3.44036,-3.11166
25.87,-4.592,-4.592,-0.31559,-0.31559,3.47019,-3.02388
25.88,-4.54175,-4.54175,-0.400174,-0.400174,3.49447,-2.92854
25.89,-4.48238,-4.48238,-0.485982,-0.485982,3.51316,-2.82588
25.9,-4.41403,-4.41403,-0.57281,-0.57281,3.52623,-2.71616
25.91,-4.3369,-4.3369,-0.660449,-0.660449,3.53366,-2.59964
25.92,-4.25118,-4.25118,-0.748686,-0.748686,3.53544,-2.47663
25.93,-4.15707,-4.15707,-0.8373,-0.8373,3.53156,-2.34743
25.94,-4.05483,-4.05483,-0.926069,-0.926069,3.52203,-2.21237
25.95,-3.94469,-3.94469,-1.01476,-1.01476,3.50686,-2.07177
25.96,-3.82692,-3.82692,-1.10315,-1.10315,3.48609,-1.92599
25.97,-3.7018,-3.7018,-1.191,-1.191,3.45974,-1.7754
25.98,-3.56964,-3.56964,-1.27807,-1.27807,3.42785,-1.62038
25.99,-3.43073,-3.43073,-1.36413,-1.36413,3.39048,-1.4613
26,-3.2854,-3.2854,-1.44894,-1.44894,3.34768,-1.29857
26.01,-3.13399,-3.13399,-1.53226,-1.53226,3.29953,-1.1326
26.02,-2.97685,-2.97685,-1.61384,-1.61384,3.24611,-0.963789
26.03,-2.81433,-2.81433,-1.69346,-1.69346,3.18748,-0.792574
26.04,-2.6468,-2.6468,-1.77087,-1.77087,3.12376,-0.619378
26.05,-2.47465,-2.47465,-1.84584,-1.84584,3.05504,-0.444633
26.06,-2.29825,-2.29825,-1.91814,-1.91814,2.98144,-0.268777
26.07,-2.11801,-2.11801,-1.98755,-1.98755,2.90306,-0.0922497
26.08,-1.93432,-1.93432,-2.05383,-2.05383,2.82004,0.0845084
26.09,-1.74758,-1.74758,-2.11677,-2.11677,2.73251,0.261055
26.1,-1.55822,-1.55822,-2.17616,-2.17616,2.64061,0.43695
26.11,-1.36665,-1.36665,-2.2318,-2.2318,2.54448,0.611752
26.12,-1.17327,-1.17327,-2.28347,-2.28347,2.44429,0.785025
26.13,-0.978524,-0.978524,-2.33099,-2.33099,2.34018,0.956336
26.14,-0.782816,-0.782816,-2.37417,-2.37417,2.23233,1.12526
26.15,-0.586572,-0.586572,-2.41284,-2.41284,2.1209,1.29137
26.16,-0.390211,-0.390211,-2.44683,-2.44683,2.00609,1.45425
26.17,-0.194151,-0.194151,-2.47597,-2.47597,1.88806,1.61349
26.18,0.00119289,0.00119289,-2.50013,-2.50013,1.76702,1.7687
26.19,0.19541,0.19541,-2.51917,-2.51917,1.64314,1.9195
26.2,0.388093,0.388093,-2.53295,-2.53295,1.51664,2.06549
26.21,0.578842,0.578842,-2.54137,-2.54137,1.38772,2.20632
26.22,0.76726,0.76726,-2.54432,-2.54432,1.25657,2.34164
26.23,0.952962,0.952962,-2.5417,-2.5417,1.12341,2.4711
26.24,1.13557,1.13557,-2.53345,-2.53345,0.988455,2.59439
26.25,1.31471,1.31471,-2.5195,-2.5195,0.851919,2.71119
26.26,1.49001,1.49001,-2.49979,-2.49979,0.71402,2.82122
26.27,1.66115,1.66115,-2.47429,-2.47429,0.574978,2.92419
26.28,1.82776,1.82776,-2.44297,-2.44297,0.435017,3.01986
26.29,1.98953,1.98953,-2.40582,-2.40582,0.294359,3.10798
26.3,2.14614,2.14614,-2.36284,-2.36284,0.153231,3.18833
26.31,2.29728,2.29728,-2.31405,-2.31405,0.0118578,3.26071
26.32,2.44268,2.44268,-2.25949,-2.25949,-0.129535,3.32494
26.33,2.58205,2.58205,-2.1992,-2.1992,-0.27072,3.38086
26.34,2.71515,2.71515,-2.13324,-2.13324,-0.411472,3.42833
26.35,2.84171,2.84171,-2.06168,-2.06168,-0.551565,3.46723
26.36,2.96153,2.96153,-1.98462,-1.98462,-0.690777,3.49746
26.37,3.07438,3.07438,-1.90217,-1.90217,-0.828883,3.51895
26.38,3.18008,3.18008,-1.81442,-1.81442,-0.965663,3.53165
26.39,3.27844,3.27844,-1.72154,-1.72154,-1.1009,3.53552
26.4,3.36931,3.36931,-1.62364,-1.62364,-1.23437,3.53055
26.41,3.45254,3.45254,-1.52091,-1.52091,-1.36587,3.51676
26.42,3.52801,3.52801,-1.4135,-1.4135,-1.49519,3.49417
26.43,3.59561,3.59561,-1.30161,-1.30161,-1.62211,3.46286
26.44,3.65526,3.65526,-1.18543,-1.18543,-1.74644,3.42289
26.45,3.70689,3.70689,-1.06518,-1.06518,-1.86797,3.37436
26.46,3.75043,3.75043,-0.941078,-0.941078,-1.98651,3.3174
26.47,3.78587,3.78587,-0.81336,-0.81336,-2.10188,3.25215
26.48,3.81318,3.81318,-0.682273,-0.682273,-2.21389,3.17877
26.49,3.83237,3.83237,-0.548071,-0.548071,-2.32235,3.09744
26.5,3.84346,3.84346,-0.411023,-0.411023,-2.4271,3.00837
26.51,3.84648,3.84648,-0.271403,-0.271403,-2.52796,2.91178
26.52,3.8415,3.8415,-0.129496,-0.129496,-2.62478,2.80792
26.53,3.82858,3.82858,0.0144042,0.0144042,-2.7174,2.69703
26.54,3.80783,3.80783,0.159997,0.159997,-2.80568,2.57941
26.55,3.77934,3.77934,0.306975,0.306975,-2.88946,2.45533
26.56,3.74325,3.74325,0.455024,0.455024,-2.96863,2.32512
26.57,3.69968,3.69968,0.603824,0.603824,-3.04304,2.1891
26.58,3.64881,3.64881,0.753051,0.753051,-3.11259,2.04761
26.59,3.5908,3.5908,0.902376,0.902376,-3.17715,1.901
26.6,3.52583,3.52583,1.05147,1.05147,-3.23663,1.74964
26.61,3.45411,3.45411,1.19999,1.19999,-3.29094,1.5939
26.62,3.37584,3.37584,1.3476,1.3476,-3.33998,1.43418
26.63,3.29127,3.29127,1.49398,1.49398,-3.38368,1.27088
26.64,3.20062,3.20062,1.63877,1.63877,-3.42196,1.1044
26.65,3.10415,3.10415,1.78164,1.78164,-3.45477,0.935157
26.66,3.00212,3.00212,1.92225,1.92225,-3.48206,0.763578
26.67,2.8948,2.8948,2.06028,2.06028,-3.50377,0.590091
26.68,2.78247,2.78247,2.19539,2.19539,-3.51988,0.415129
26.69,2.66543,2.66543,2.32725,2.32725,-3.53035,0.23913
26.7,2.54397,2.54397,2.45553,2.45553,-3.53518,0.0625325
26.71,2.4184,2.4184,2.57993,2.57993,-3.53435,-0.114221
26.72,2.28903,2.28903,2.70013,2.70013,-3.52787,-0.290689
26.73,2.15619,2.15619,2.81582,2.81582,-3.51575,-0.466431
26.74,2.0202,2.0202,2.92672,2.92672,-3.498,-0.641006
26.75,1.88138,1.88138,3.03252,3.03252,-3.47465,-0.81398
26.76,1.74007,1.74007,3.13295,3.13295,-3.44575,-0.984919
26.77,1.5966,1.5966,3.22775,3.22775,-3.41133,-1.1534
26.78,1.45131,1.45131,3.31665,3.31665,-3.37145,-1.31899
26.79,1.30454,1.30454,3.3994,3.3994,-3.32619,-1.48129
26.8,1.15663,1.15663,3.47577,3.47577,-3.2756,-1.63988
26.81,1.0079,1.0079,3.54554,3.54554,-3.21977,-1.79438
26.82,0.858709,0.858709,3.60849,3.60849,-3.15879,-1.94439
26.83,0.709379,0.709379,3.66444,3.66444,-3.09275,-2.08954
26.84,0.560243,0.560243,3.71319,3.71319,-3.02177,-2.22947
26.85,0.411629,0.411629,3.75458,3.75458,-2.94596,-2.36383
26.86,0.263861,0.263861,3.78847,3.78847,-2.86543,-2.49227
26.87,0.117256,0.117256,3.8147,3.8147,-2.78032,-2.61449
26.88,-0.0278736,-0.0278736,3.83318,3.83318,-2.69076,-2.73017
26.89,-0.171222,-0.171222,3.84378,3.84378,-2.59689,-2.83903
26.9,-0.312489,-0.312489,3.84643,3.84643,-2.49887,-2.9408
26.91,-0.451386,-0.451386,3.84105,3.84105,-2.39685,-3.03521
26.92,-0.58763,-0.58763,3.8276,3.8276,-2.291,-3.12204
26.93,-0.720948,-0.720948,3.80603,3.80603,-2.18148,-3.20106
26.94,-0.851076,-0.851076,3.77635,3.77635,-2.06848,-3.27208
26.95,-0.977761,-0.977761,3.73853,3.73853,-1.95216,-3.33492
26.96,-1.10076,-1.10076,3.69262,3.69262,-1.83272,-3.38943
26.97,-1.21984,-1.21984,3.63864,3.63864,-1.71035,-3.43547
26.98,-1.33479,-1.33479,3.57666,3.57666,-1.58525,-3.47292
26.99,-1.44539,-1.44539,3.50675,3.50675,-1.4576,-3.50169
27,-1.55145,-1.55145,3.42899,3.42899,-1.32763,-3.5217
27.01,-1.65278,-1.65278,3.34351,3.34351,-1.19553,-3.53292
27.02,-1.74923,-1.74923,3.25044,3.25044,-1.06152,-3.5353
27.03,-1.84063,-1.84063,3.14992,3.14992,-0.925807,-3.52885
27.04,-1.92684,-1.92684,3.04211,3.04211,-0.788616,-3.51357
27.05,-2.00773,-2.00773,2.9272,2.9272,-0.650163,-3.48952
27.06,-2.08319,-2.08319,2.80538,2.80538,-0.510671,-3.45674
27.07,-2.15311,-2.15311,2.67688,2.67688,-0.370361,-3.41532
27.08,-2.21742,-2.21742,2.54193,2.54193,-0.229459,-3.36537
27.09,-2.27604,-2.27604,2.40076,2.40076,-0.0881902,-3.307
27.1,-2.32892,-2.32892,2.25366,2.25366,0.05322,-3.24037
27.11,-2.37601,-2.37601,2.10088,2.10088,0.194545,-3.16564
27.12,-2.41728,-2.41728,1.94273,1.94273,0.335559,-3.083
27.13,-2.45273,-2.45273,1.77951,1.77951,0.476036,-2.99265
27.14,-2.48235,-2.48235,1.61154,1.61154,0.615751,-2.89482
27.15,-2.50615,-2.50615,1.43916,1.43916,0.754482,-2.78976
27.16,-2.52418,-2.52418,1.26269,1.26269,0.892005,-2.67772
27.17,-2.53645,-2.53645,1.0825,1.0825,1.0281,-2.55899
27.18,-2.54305,-2.54305,0.89895,0.89895,1.16255,-2.43386
27.19,-2.54403,-2.54403,0.712414,0.712414,1.29514,-2.30265
27.2,-2.53947,-2.53947,0.523273,0.523273,1.42566,-2.16569
27.21,-2.52947,-2.52947,0.331918,0.331918,1.5539,-2.02331
27.22,-2.51414,-2.51414,0.138744,0.138744,1.67966,-1.87587
27.23,-2.49359,-2.49359,-0.0558447,-0.0558447,1.80272,-1.72375
27.24,-2.46796,-2.46796,-0.251441,-0.251441,1.9229,-1.56731
27.25,-2.43738,-2.43738,-0.447632,-0.447632,2.04001,-1.40696
27.26,-2.40201,-2.40201,-0.644002,-0.644002,2.15385,-1.2431
27.27,-2.362,-2.362,-0.840133,-0.840133,2.26425,-1.07612
27.28,-2.31753,-2.31753,-1.0356,-1.0356,2.37102,-0.906458
27.29,-2.26878,-2.26878,-1.23,-1.23,2.474,-0.734529
27.3,-2.21593,-2.21593,-1.42289,-1.42289,2.57303,-0.560763
27.31,-2.15917,-2.15917,-1.61386,-1.61386,2.66794,-0.385596
27.32,-2.09872,-2.09872,-1.80249,-1.80249,2.75857,-0.209465
27.33,-2.03478,-2.03478,-1.98838,-1.98838,2.8448,-0.0328108
27.34,-1.96756,-1.96756,-2.1711,-2.1711,2.92647,0.143926
27.35,-1.89728,-1.89728,-2.35026,-2.35026,3.00347,0.320302
27.36,-1.82418,-1.82418,-2.52546,-2.52546,3.07565,0.495878
27.37,-1.74847,-1.74847,-2.6963,-2.6963,3.14292,0.670215
27.38,-1.67039,-1.67039,-2.8624,-2.8624,3.20516,0.842877
27.39,-1.59017,-1.59017,-3.02338,-3.02338,3.26227,1.01343
27.4,-1.50806,-1.50806,-3.17888,-3.17888,3.31417,1.18145
27.41,-1.42428,-1.42428,-3.32855,-3.32855,3.36076,1.34652
27.42,-1.33908,-1.33908,-3.47203,-3.47203,3.40197,1.50822
27.43,-1.2527,-1.2527,-3.609,-3.609,3.43774,1.66616
27.44,-1.16538,-1.16538,-3.73914,-3.73914,3.46802,1.81993
27.45,-1.07734,-1.07734,-3.86214,-3.86214,3.49274,1.96915
27.46,-0.988842,-0.988842,-3.9777,-3.9777,3.51188,2.11344
27.47,-0.900102,-0.900102,-4.08556,-4.08556,3.5254,2.25246
27.48,-0.811355,-0.811355,-4.18545,-4.18545,3.53328,2.38585
27.49,-0.722828,-0.722828,-4.27713,-4.27713,3.5355,2.51327
27.5,-0.634744,-0.634744,-4.36036,-4.36036,3.53207,2.63441
27.51,-0.54732,-0.54732,-4.43494,-4.43494,3.52299,2.74896
27.52,-0.460769,-0.460769,-4.50068,-4.50068,3.50827,2.85665
27.53,-0.375299,-0.375299,-4.5574,-4.5574,3.48795,2.95719
27.54,-0.291109,-0.291109,-4.60495,-4.60495,3.46204,3.05035
27.55,-0.208394,-0.208394,-4.64319,-4.64319,3.43059,3.13588
27.56,-0.127341,-0.127341,-4.67201,-4.67201,3.39365,3.21357
27.57,-0.0481288,-0.0481288,-4.69131,-4.69131,3.35129,3.28322
27.58,0.029072,0.029072,-4.70102,-4.70102,3.30356,3.34468
27.59,0.104098,0.104098,-4.70107,-4.70107,3.25055,3.39777
27.6,0.176797,0.176797,-4.69145,-4.69145,3.19234,3.44237
27.61,0.247022,0.247022,-4.67213,-4.67213,3.12902,3.47836
27.62,0.31464,0.31464,-4.64312,-4.64312,3.0607,3.50567
27.63,0.379524,0.379524,-4.60445,-4.60445,2.98748,3.5242
27.64,0.441558,0.441558,-4.55618,-4.55618,2.90948,3.53393
27.65,0.500638,0.500638,-4.49837,-4.49837,2.82682,3.53483
27.66,0.556669,0.556669,-4.43111,-4.43111,2.73965,3.52689
27.67,0.609565,0.609565,-4.35452,-4.35452,2.64809,3.51014
27.68,0.659253,0.659253,-4.26874,-4.26874,2.55229,3.48461
27.69,0.705669,0.705669,-4.1739,-4.1739,2.45241,3.45038
27.7,0.748762,0.748762,-4.0702,-4.0702,2.34861,3.40752
27.71,0.788488,0.788488,-3.95781,-3.95781,2.24105,3.35614
27.72,0.824818,0.824818,-3.83696,-3.83696,2.1299,3.29637
27.73,0.857732,0.857732,-3.70787,-3.70787,2.01535,3.22837
27.74,0.88722,0.88722,-3.5708,-3.5708,1.89757,3.15229
27.75,0.913282,0.913282,-3.426,-3.426,1.77676,3.06834
27.76,0.935932,0.935932,-3.27378,-3.27378,1.65311,2.97672
27.77,0.955191,0.955191,-3.11442,-3.11442,1.52681,2.87765
27.78,0.971091,0.971091,-2.94826,-2.94826,1.39807,2.7714
27.79,0.983674,0.983674,-2.77561,-2.77561,1.26709,2.65821
27.8,0.992993,0.992993,-2.59683,-2.59683,1.13408,2.53839
27.81,0.999108,0.999108,-2.41228,-2.41228,0.999263,2.41221
27.82,1.00209,1.00209,-2.22234,-2.22234,0.862844,2.28001
27.83,1.00202,1.00202,-2.02739,-2.02739,0.725046,2.14211
27.84,0.998981,0.998981,-1.82783,-1.82783,0.586087,1.99886
27.85,0.993074,0.993074,-1.62408,-1.62408,0.446191,1.85061
27.86,0.984401,0.984401,-1.41656,-1.41656,0.305581,1.69773
27.87,0.973073,0.973073,-1.20568,-1.20568,0.164482,1.54061
27.88,0.959208,0.959208,-0.991904,-0.991904,0.0231194,1.37964
27.89,0.942931,0.942931,-0.775658,-0.775658,-0.11828,1.21523
27.9,0.924372,0.924372,-0.557399,-0.557399,-0.25949,1.04777
27.91,0.903668,0.903668,-0.337581,-0.337581,-0.400284,0.877696
27.92,0.88096,0.88096,-0.116664,-0.116664,-0.540439,0.705427
27.93,0.856394,0.856394,0.104887,0.104887,-0.679729,0.531396
27.94,0.83012,0.83012,0.326609,0.326609,-0.817931,0.356036
27.95,0.802291,0.802291,0.548035,0.548035,-0.954825,0.179786
27.96,0.773064,0.773064,0.768699,0.768699,-1.09019,0.00308682
27.97,0.742599,0.742599,0.988135,0.988135,-1.22381,-0.17362
27.98,0.711056,0.711056,1.20588,1.20588,-1.35548,-0.349893
27.99,0.678598,0.678598,1.42147,1.42147,-1.48497,-0.525291
28,0.645389,0.645389,1.63446,1.63446,-1.61209,-0.699377
28.01,0.611592,0.611592,1.84438,1.84438,-1.73664,-0.871714
28.02,0.577371,0.577371,2.0508,2.0508,-1.8584,-1.04187
28.03,0.54289,0.54289,2.25328,2.25328,-1.97719,-1.20943
28.04,0.508309,0.508309,2.45138,2.45138,-2.09282,-1.37396
28.05,0.473789,0.473789,2.64469,2.64469,-2.20509,-1.53506
28.06,0.439488,0.439488,2.83278,2.83278,-2.31385,-1.69232
28.07,0.40556,0.40556,3.01527,3.01527,-2.4189,-1.84535
28.08,0.372158,0.372158,3.19177,3.19177,-2.52008,-1.99376
28.09,0.339429,0.339429,3.36188,3.36188,-2.61722,-2.1372
28.1,0.307516,0.307516,3.52526,3.52526,-2.71018,-2.27529
28.11,0.276558,0.276558,3.68156,3.68156,-2.79881,-2.4077
28.12,0.24669,0.24669,3.83043,3.83043,-2.88296,-2.53409
28.13,0.21804,0.21804,3.97156,3.97156,-2.96249,-2.65414
28.14,0.190729,0.190729,4.10465,4.10465,-3.03729,-2.76756
28.15,0.164874,0.164874,4.22941,4.22941,-3.10723,-2.87406
28.16,0.140583,0.140583,4.34558,4.34558,-3.17219,-2.97338
28.17,0.117959,0.117959,4.4529,4.4529,-3.23209,-3.06527
28.18,0.0970966,0.0970966,4.55115,4.55115,-3.28681,-3.14949
28.19,0.0780823,0.0780823,4.64012,4.64012,-3.33627,-3.22585
28.2,0.0609954,0.0609954,4.71961,4.71961,-3.3804,-3.29414
28.21,0.0459064,0.0459064,4.78945,4.78945,-3.41911,-3.35419
28.22,0.032878,0.032878,4.8495,4.8495,-3.45236,-3.40587
28.23,0.0219636,0.0219636,4.89962,4.89962,-3.48009,-3.44903
28.24,0.0132083,0.0132083,4.93971,4.93971,-3.50224,-3.48356
28.25,0.00664808,0.00664808,4.96969,4.96969,-3.5188,-3.5094
28.26,0.0023098,0.0023098,4.98947,4.98947,-3.52972,-3.52646
28.27,0.00021129,0.00021129,4.99904,4.99904,-3.535,-3.5347
28.28,0.00036114,0.00036114,4.99835,4.99835,-3.53463,-3.53412
28.29,0.00275874,0.00275874,4.98743,4.98743,-3.52859,-3.52469
28.3,0.00739426,0.00739426,4.96628,4.96628,-3.51692,-3.50646
28.31,0.0142487,0.0142487,4.93495,4.93495,-3.49962,-3.47946
28.32,0.0232939,0.0232939,4.89352,4.89352,-3.47671,-3.44377
28.33,0.0344927,0.0344927,4.84207,4.84207,-3.44825,-3.39947
28.34,0.0477989,0.0477989,4.78071,4.78071,-3.41427,-3.34667
28.35,0.0631578,0.0631578,4.70957,4.70957,-3.37483,-3.28551
28.36,0.0805059,0.0805059,4.62881,4.62881,-3.32999,-3.21614
28.37,0.0997711,0.0997711,4.53859,4.53859,-3.27982,-3.13872
28.38,0.120874,0.120874,4.43912,4.43912,-3.2244,-3.05346
28.39,0.143725,0.143725,4.33061,4.33061,-3.16383,-2.96057
28.4,0.16823,0.16823,4.21328,4.21328,-3.0982,-2.86028
28.41,0.194286,0.194286,4.08739,4.08739,-3.0276,-2.75284
28.42,0.221782,0.221782,3.95322,3.95322,-2.95217,-2.63852
28.43,0.250602,0.250602,3.81104,3.81104,-2.87201,-2.51761
28.44,0.280623,0.280623,3.66116,3.66116,-2.78726,-2.3904
28.45,0.311715,0.311715,3.5039,3.5039,-2.69805,-2.25722
28.46,0.343745,0.343745,3.3396,3.3396,-2.60452,-2.11839
28.47,0.376572,0.376572,3.16861,3.16861,-2.50682,-1.97427
28.48,0.410053,0.410053,2.9913,2.9913,-2.40512,-1.82522
28.49,0.44404,0.44404,2.80804,2.80804,-2.29957,-1.6716
28.5,0.478379,0.478379,2.61922,2.61922,-2.19034,-1.51381
28.51,0.512916,0.512916,2.42526,2.42526,-2.0776,-1.35223
28.52,0.547493,0.547493,2.22655,2.22655,-1.96154,-1.18727
28.53,0.581949,0.581949,2.02352,2.02352,-1.84234,-1.01934
28.54,0.616123,0.616123,1.81661,1.81661,-1.7202,-0.848871
28.55,0.649851,0.649851,1.60625,1.60625,-1.5953,-0.676276
28.56,0.682969,0.682969,1.39289,1.39289,-1.46785,-0.50199
28.57,0.715315,0.715315,1.17698,1.17698,-1.33806,-0.32645
28.58,0.746723,0.746723,0.958988,0.958988,-1.20612,-0.150094
28.59,0.777033,0.777033,0.739362,0.739362,-1.07225,0.0266374
28.6,0.806083,0.806083,0.51857,0.51857,-0.936671,0.203302
28.61,0.833713,0.833713,0.297078,0.297078,-0.79959,0.379459
28.62,0.859769,0.859769,0.0753514,0.0753514,-0.66123,0.554667
28.63,0.884096,0.884096,-0.146142,-0.146142,-0.521812,0.728489
28.64,0.906545,0.906545,-0.366939,-0.366939,-0.381559,0.90049
28.65,0.926972,0.926972,-0.586576,-0.586576,-0.240696,1.07024
28.66,0.945234,0.945234,-0.804593,-0.804593,-0.099448,1.23731
28.67,0.961197,0.961197,-1.02054,-1.02054,0.0419592,1.4013
28.68,0.974731,0.974731,-1.23396,-1.23396,0.183299,1.56178
28.69,0.985712,0.985712,-1.44441,-1.44441,0.324346,1.71835
28.7,0.994023,0.994023,-1.65145,-1.65145,0.464874,1.87063
28.71,0.999554,0.999554,-1.85467,-1.85467,0.604659,2.01824
28.72,1.0022,1.0022,-2.05363,-2.05363,0.743476,2.1608
28.73,1.00187,1.00187,-2.24794,-2.24794,0.881103,2.29796
28.74,0.998476,0.998476,-2.43718,-2.43718,1.01732,2.42938
28.75,0.991938,0.991938,-2.62099,-2.62099,1.15191,2.55472
28.76,0.982187,0.982187,-2.79897,-2.79897,1.28466,2.67368
28.77,0.969165,0.969165,-2.97077,-2.97077,1.41535,2.78596
28.78,0.95282,0.95282,-3.13605,-3.13605,1.54378,2.89127
28.79,0.933111,0.933111,-3.29448,-3.29448,1.66974,2.98936
28.8,0.910008,0.910008,-3.44573,-3.44573,1.79303,3.07997
28.81,0.883489,0.883489,-3.58951,-3.58951,1.91344,3.16289
28.82,0.853545,0.853545,-3.72553,-3.72553,2.0308,3.2379
28.83,0.820175,0.820175,-3.85354,-3.85354,2.14491,3.30481
28.84,0.783391,0.783391,-3.97328,-3.97328,2.25559,3.36347
28.85,0.743214,0.743214,-4.08452,-4.08452,2.36266,3.41372
28.86,0.699676,0.699676,-4.18705,-4.18705,2.46595,3.45544
28.87,0.652821,0.652821,-4.28069,-4.28069,2.56529,3.48852
28.88,0.602702,0.602702,-4.36526,-4.36526,2.66053,3.51288
28.89,0.549383,0.549383,-4.44061,-4.44061,2.75152,3.52846
28.9,0.492942,0.492942,-4.50662,-4.50662,2.8381,3.53522
28.91,0.433462,0.433462,-4.56316,-4.56316,2.92014,3.53315
28.92,0.371042,0.371042,-4.61016,-4.61016,2.99751,3.52224
28.93,0.305787,0.305787,-4.64754,-4.64754,3.07009,3.50253
28.94,0.237814,0.237814,-4.67526,-4.67526,3.13775,3.47407
28.95,0.167251,0.167251,-4.69329,-4.69329,3.20039,3.43692
28.96,0.0942343,0.0942343,-4.70162,-4.70162,3.25792,3.39118
28.97,0.0189091,0.0189091,-4.70028,-4.70028,3.31023,3.33697
28.98,-0.0585692,-0.0585692,-4.68929,-4.68929,3.35724,3.27441
28.99,-0.138037,-0.138037,-4.66872,-4.66872,3.39889,3.20368
29,-0.219322,-0.219322,-4.63864,-4.63864,3.4351,3.12493
29.01,-0.302244,-0.302244,-4.59915,-4.59915,3.46581,3.03837
29.02,-0.386616,-0.386616,-4.55037,-4.55037,3.49098,2.94422
29.03,-0.472242,-0.472242,-4.49244,-4.49244,3.51056,2.84271
29.04,-0.558921,-0.558921,-4.42551,-4.42551,3.52453,2.73409
29.05,-0.646445,-0.646445,-4.34977,-4.34977,3.53286,2.61864
29.06,-0.734602,-0.734602,-4.2654,-4.2654,3.53553,2.49665
29.07,-0.823171,-0.823171,-4.17261,-4.17261,3.53255,2.36841
29.08,-0.91193,-0.91193,-4.07165,-4.07165,3.52392,2.23426
29.09,-1.00065,-1.00065,-3.96275,-3.96275,3.50965,2.09452
29.1,-1.0891,-1.0891,-3.84618,-3.84618,3.48977,1.94954
29.11,-1.17706,-1.17706,-3.72221,-3.72221,3.4643,1.7997
29.12,-1.26427,-1.26427,-3.59114,-3.59114,3.4333,1.64535
29.13,-1.35051,-1.35051,-3.45329,-3.45329,3.39679,1.48689
29.14,-1.43553,-1.43553,-3.30896,-3.30896,3.35486,1.32472
29.15,-1.5191,-1.5191,-3.1585,-3.1585,3.30756,1.15923
29.16,-1.60097,-1.60097,-3.00224,-3.00224,3.25496,0.990846
29.17,-1.68092,-1.68092,-2.84055,-2.84055,3.19716,0.819986
29.18,-1.7587,-1.7587,-2.6738,-2.6738,3.13425,0.647077
29.19,-1.83407,-1.83407,-2.50236,-2.50236,3.06632,0.47255
29.2,-1.90681,-1.90681,-2.32661,-2.32661,2.99348,0.296841
29.21,-1.9767,-1.9767,-2.14695,-2.14695,2.91586,0.120391
29.22,-2.04349,-2.04349,-1.96379,-1.96379,2.83357,-0.0563597
29.23,-2.10698,-2.10698,-1.77751,-1.77751,2.74675,-0.23297
29.24,-2.16695,-2.16695,-1.58854,-1.58854,2.65553,-0.408998
29.25,-2.2232,-2.2232,-1.39729,-1.39729,2.56007,-0.584003
29.26,-2.27551,-2.27551,-1.20418,-1.20418,2.46051,-0.757549
29.27,-2.32371,-2.32371,-1.00962,-1.00962,2.35701,-0.929202
29.28,-2.36759,-2.36759,-0.814033,-0.814033,2.24975,-1.09853
29.29,-2.40699,-2.40699,-0.617846,-0.617846,2.13888,-1.26512
29.3,-2.44173,-2.44173,-0.421476,-0.421476,2.02459,-1.42854
29.31,-2.47166,-2.47166,-0.22534,-0.22534,1.90707,-1.58839
29.32,-2.49662,-2.49662,-0.0298538,-0.0298538,1.78649,-1.74427
29.33,-2.51648,-2.51648,0.16457,0.16457,1.66305,-1.89579
29.34,-2.53111,-2.53111,0.357525,0.357525,1.53696,-2.04257
29.35,-2.54039,-2.54039,0.548608,0.548608,1.4084,-2.18425
29.36,-2.54422,-2.54422,0.737424,0.737424,1.2776,-2.32047
29.37,-2.5425,-2.5425,0.923584,0.923584,1.14474,-2.45089
29.38,-2.53515,-2.53515,1.10671,1.10671,1.01006,-2.57518
29.39,-2.52211,-2.52211,1.28642,1.28642,0.873761,-2.69304
29.4,-2.50332,-2.50332,1.46236,1.46236,0.736064,-2.80416
29.41,-2.47874,-2.47874,1.63418,1.63418,0.59719,-2.90828
29.42,-2.44834,-2.44834,1.80154,1.80154,0.45736,-3.00512
29.43,-2.41212,-2.41212,1.9641,1.9641,0.316799,-3.09446
29.44,-2.37007,-2.37007,2.12155,2.12155,0.17573,-3.17606
29.45,-2.32221,-2.32221,2.27359,2.27359,0.0343808,-3.24972
29.46,-2.26857,-2.26857,2.41992,2.41992,-0.107024,-3.31526
29.47,-2.20918,-2.20918,2.56027,2.56027,-0.248257,-3.37251
29.48,-2.14412,-2.14412,2.69438,2.69438,-0.389093,-3.42134
29.49,-2.07345,-2.07345,2.822,2.822,-0.529307,-3.46161
29.5,-1.99726,-1.99726,2.94291,2.94291,-0.668673,-3.49323
29.51,-1.91566,-1.91566,3.05688,3.05688,-0.806971,-3.51612
29.52,-1.82875,-1.82875,3.16373,3.16373,-0.943977,-3.53022
29.53,-1.73667,-1.73667,3.26327,3.26327,-1.07947,-3.53549
29.54,-1.63956,-1.63956,3.35534,3.35534,-1.21324,-3.53193
29.55,-1.53758,-1.53758,3.4398,3.4398,-1.34507,-3.51954
29.56,-1.43091,-1.43091,3.51652,3.51652,-1.47475,-3.49836
29.57,-1.31972,-1.31972,3.58538,3.58538,-1.60206,-3.46843
29.58,-1.20421,-1.20421,3.6463,3.6463,-1.72682,-3.42983
29.59,-1.08459,-1.08459,3.6992,3.6992,-1.84881,-3.38266
29.6,-0.961091,-0.961091,3.74404,3.74404,-1.96784,-3.32703
29.61,-0.833933,-0.833933,3.78077,3.78077,-2.08373,-3.26309
29.62,-0.703366,-0.703366,3.80938,3.80938,-2.19628,-3.19099
29.63,-0.569643,-0.569643,3.82986,3.82986,-2.30532,-3.11092
29.64,-0.433029,-0.433029,3.84223,3.84223,-2.41067,-3.02307
29.65,-0.2938,-0.2938,3.84654,3.84654,-2.51216,-2.92766
29.66,-0.152238,-0.152238,3.84282,3.84282,-2.60964,-2.82494
29.67,-0.00863527,-0.00863527,3.83117,3.83117,-2.70294,-2.71515
29.68,0.136708,0.136708,3.81166,3.81166,-2.79191,-2.59858
29.69,0.283487,0.283487,3.78439,3.78439,-2.87642,-2.47551
29.7,0.431386,0.431386,3.7495,3.7495,-2.95633,-2.34626
29.71,0.580088,0.580088,3.70712,3.70712,-3.03151,-2.21114
29.72,0.729269,0.729269,3.65739,3.65739,-3.10184,-2.0705
29.73,0.8786,0.8786,3.60051,3.60051,-3.16721,-1.92468
29.74,1.02775,1.02775,3.53663,3.53663,-3.22751,-1.77405
29.75,1.17638,1.17638,3.46597,3.46597,-3.28264,-1.61898
29.76,1.32417,1.32417,3.38874,3.38874,-3.33253,-1.45987
29.77,1.47076,1.47076,3.30515,3.30515,-3.37708,-1.29711
29.78,1.61583,1.61583,3.21545,3.21545,-3.41623,-1.13111
29.79,1.75903,1.75903,3.11989,3.11989,-3.44992,-0.962279
29.8,1.90002,1.90002,3.01873,3.01873,-3.47808,-0.791044
29.81,2.03848,2.03848,2.91223,2.91223,-3.50068,-0.617832
29.82,2.17408,2.17408,2.80068,2.80068,-3.51769,-0.443075
29.83,2.30648,2.30648,2.68437,2.68437,-3.52906,-0.267212
29.84,2.43535,2.43535,2.56359,2.56359,-3.53479,-0.0906802
29.85,2.56039,2.56039,2.43866,2.43866,-3.53486,0.086078
29.86,2.68128,2.68128,2.30988,2.30988,-3.52928,0.262621
29.87,2.79771,2.79771,2.17757,2.17757,-3.51805,0.438508
29.88,2.90939,2.90939,2.04205,2.04205,-3.5012,0.613298
29.89,3.01602,3.01602,1.90366,1.90366,-3.47874,0.786556
29.9,3.11733,3.11733,1.76273,1.76273,-3.45072,0.957848
29.91,3.21304,3.21304,1.61958,1.61958,-3.41718,1.12675
29.92,3.30289,3.30289,1.47456,1.47456,-3.37817,1.29283
29.93,3.38664,3.38664,1.328,1.328,-3.33375,1.45568
29.94,3.46404,3.46404,1.18025,1.18025,-3.28401,1.61489
29.95,3.53488,3.53488,1.03163,1.03163,-3.22901,1.77006
29.96,3.59893,3.59893,0.882488,0.882488,-3.16884,1.92081
29.97,3.656,3.656,0.733157,0.733157,-3.10361,2.06676
29.98,3.70591,3.70591,0.583969,0.583969,-3.0334,2.20755
29.99,3.74849,3.74849,0.43525,0.43525,-2.95835,2.34281
30,3.78358,3.78358,0.287325,0.287325,-2.87856,2.47222
30.01,3.81104,3.81104,0.140514,0.140514,-2.79417,2.59546
30.02,3.83076,3.83076,-0.00487101,-0.00487101,-2.70531,2.7122
30.03,3.84262,3.84262,-0.148523,-0.148523,-2.61212,2.82216
30.04,3.84654,3.84654,-0.290142,-0.290142,-2.51475,2.92508
30.05,3.84244,3.84244,-0.429435,-0.429435,-2.41336,3.02068
30.06,3.83028,3.83028,-0.56612,-0.56612,-2.30811,3.10873
30.07,3.81001,3.81001,-0.699922,-0.699922,-2.19917,3.189
30.08,3.78162,3.78162,-0.830575,-0.830575,-2.0867,3.26131
30.09,3.7451,3.7451,-0.957825,-0.957825,-1.9709,3.32547
30.1,3.70048,3.70048,-1.08143,-1.08143,-1.85195,3.38132
30.11,3.64778,3.64778,-1.20115,-1.20115,-1.73003,3.42871
30.12,3.58707,3.58707,-1.31676,-1.31676,-1.60535,3.46753
30.13,3.51841,3.51841,-1.42807,-1.42807,-1.47809,3.49769
30.14,3.4419,3.4419,-1.53487,-1.53487,-1.34848,3.5191
30.15,3.35764,3.35764,-1.63697,-1.63697,-1.2167,3.53172
30.16,3.26577,3.26577,-1.7342,-1.7342,-1.08298,3.53551
30.17,3.16642,3.16642,-1.82641,-1.82641,-0.947525,3.53047
30.18,3.05976,3.05976,-1.91346,-1.91346,-0.810556,3.51659
30.19,2.94597,2.94597,-1.9952,-1.9952,-0.67229,3.49393
30.2,2.82524,2.82524,-2.07154,-2.07154,-0.532948,3.46254
30.21,2.69779,2.69779,-2.14235,-2.14235,-0.392753,3.42249
30.22,2.56384,2.56384,-2.20756,-2.20756,-0.251931,3.37389
30.23,2.42365,2.42365,-2.26709,-2.26709,-0.110705,3.31686
30.24,2.27747,2.27747,-2.32089,-2.32089,0.0306981,3.25153
30.25,2.12558,2.12558,-2.3689,-2.3689,0.172052,3.17808
30.26,1.96827,1.96827,-2.4111,-2.4111,0.31313,3.09668
30.27,1.80584,1.80584,-2.44748,-2.44748,0.453708,3.00755
30.28,1.6386,1.6386,-2.47802,-2.47802,0.59356,2.91089
30.29,1.46689,1.46689,-2.50275,-2.50275,0.732462,2.80696
30.3,1.29105,1.29105,-2.52169,-2.52169,0.870192,2.69602
30.31,1.11143,1.11143,-2.53488,-2.53488,1.00653,2.57833
30.32,0.928393,0.928393,-2.54238,-2.54238,1.14126,2.4542
30.33,0.742307,0.742307,-2.54424,-2.54424,1.27416,2.32394
30.34,0.553555,0.553555,-2.54056,-2.54056,1.40502,2.18787
30.35,0.362526,0.362526,-2.53142,-2.53142,1.53364,2.04633
30.36,0.169615,0.169615,-2.51693,-2.51693,1.6598,1.89968
30.37,-0.0247754,-0.0247754,-2.49721,-2.49721,1.78331,1.74827
30.38,-0.220239,-0.220239,-2.47237,-2.47237,1.90397,1.5925
30.39,-0.416363,-0.416363,-2.44257,-2.44257,2.02157,1.43275
30.4,-0.612733,-0.612733,-2.40795,-2.40795,2.13595,1.26941
30.41,-0.808929,-0.808929,-2.36867,-2.36867,2.24691,1.10291
30.42,-1.00453,-1.00453,-2.3249,-2.3249,2.35427,0.933643
30.43,-1.19913,-1.19913,-2.27682,-2.27682,2.45786,0.762045
30.44,-1.39228,-1.39228,-2.22461,-2.22461,2.55753,0.588543
30.45,-1.58359,-1.58359,-2.16846,-2.16846,2.6531,0.41357
30.46,-1.77262,-1.77262,-2.10859,-2.10859,2.74443,0.237563
30.47,-1.95897,-1.95897,-2.04519,-2.04519,2.83137,0.0609627
30.48,-2.14223,-2.14223,-1.97847,-1.97847,2.91378,-0.11579
30.49,-2.32198,-2.32198,-1.90867,-1.90867,2.99152,-0.292254
30.5,-2.49783,-2.49783,-1.836,-1.836,3.06448,-0.467987
30.51,-2.66939,-2.66939,-1.76069,-1.76069,3.13254,-0.64255
30.52,-2.83627,-2.83627,-1.68297,-1.68297,3.19559,-0.815508
30.53,-2.9981,-2.9981,-1.60308,-1.60308,3.25353,-0.986427
30.54,-3.1545,-3.1545,-1.52125,-1.52125,3.30626,-1.15488
30.55,-3.30512,-3.30512,-1.43772,-1.43772,3.3537,-1.32045
30.56,-3.44961,-3.44961,-1.35274,-1.35274,3.39577,-1.48271
30.57,-3.58764,-3.58764,-1.26653,-1.26653,3.43241,-1.64127
30.58,-3.71889,-3.71889,-1.17934,-1.17934,3.46357,-1.79573
30.59,-3.84304,-3.84304,-1.0914,-1.0914,3.48918,-1.9457
30.6,-3.95981,-3.95981,-1.00296,-1.00296,3.50921,-2.09081
30.61,-4.06891,-4.06891,-0.914242,-0.914242,3.52362,-2.23069
30.62,-4.17009,-4.17009,-0.825481,-0.825481,3.5324,-2.36499
30.63,-4.26309,-4.26309,-0.736904,-0.736904,3.53553,-2.49339
30.64,-4.34768,-4.34768,-0.648734,-0.648734,3.533,-2.61555
30.65,-4.42365,-4.42365,-0.561191,-0.561191,3.52482,-2.73117
30.66,-4.49081,-4.49081,-0.474487,-0.474487,3.511,-2.83997
30.67,-4.54898,-4.54898,-0.388831,-0.388831,3.49156,-2.94167
30.68,-4.598,-4.598,-0.304424,-0.304424,3.46654,-3.03602
30.69,-4.63773,-4.63773,-0.221462,-0.221462,3.43597,-3.12277
30.7,-4.66806,-4.66806,-0.140132,-0.140132,3.3999,-3.20173
30.71,-4.68888,-4.68888,-0.0606142,-0.0606142,3.3584,-3.27268
30.72,-4.70011,-4.70011,0.016918,0.016918,3.31152,-3.33545
30.73,-4.70171,-4.70171,0.0923013,0.0923013,3.25934,-3.38988
30.74,-4.69363,-4.69363,0.16538,0.16538,3.20196,-3.43584
30.75,-4.67585,-4.67585,0.236009,0.236009,3.13944,-3.47321
30.76,-4.64839,-4.64839,0.304051,0.304051,3.07191,-3.5019
30.77,-4.61126,-4.61126,0.369378,0.369378,2.99946,-3.52184
30.78,-4.56451,-4.56451,0.431874,0.431874,2.92221,-3.53298
30.79,-4.50821,-4.50821,0.491431,0.491431,2.84029,-3.53528
30.8,-4.44245,-4.44245,0.547953,0.547953,2.75383,-3.52875
30.81,-4.36734,-4.36734,0.601353,0.601353,2.66296,-3.5134
30.82,-4.28301,-4.28301,0.651557,0.651557,2.56782,-3.48926
30.83,-4.1896,-4.1896,0.698498,0.698498,2.46858,-3.45641
30.84,-4.0873,-4.0873,0.742123,0.742123,2.3654,-3.41492
30.85,-3.97628,-3.97628,0.782388,0.782388,2.25842,-3.36489
30.86,-3.85676,-3.85676,0.819261,0.819261,2.14784,-3.30645
30.87,-3.72897,-3.72897,0.852719,0.852719,2.03382,-3.23974
30.88,-3.59315,-3.59315,0.882753,0.882753,1.91654,-3.16494
30.89,-3.44957,-3.44957,0.909361,0.909361,1.7962,-3.08223
30.9,-3.29851,-3.29851,0.932553,0.932553,1.67298,-2.99181
30.91,-3.14027,-3.14027,0.95235,0.95235,1.54709,-2.89392
30.92,-2.97516,-2.97516,0.968782,0.968782,1.41873,-2.78879
30.93,-2.80352,-2.80352,0.98189,0.98189,1.28809,-2.67669
30.94,-2.6257,-2.6257,0.991725,0.991725,1.15539,-2.5579
30.95,-2.44204,-2.44204,0.998346,0.998346,1.02085,-2.43272
30.96,-2.25293,-2.25293,1.00182,1.00182,0.884669,-2.30146
30.97,-2.05876,-2.05876,1.00223,1.00223,0.747076,-2.16444
30.98,-1.85991,-1.85991,0.999659,0.999659,0.608287,-2.02202
30.99,-1.6568,-1.6568,0.994203,0.994203,0.468525,-1.87454
31,-1.44984,-1.44984,0.985963,0.985963,0.328013,-1.72238
31.01,-1.23948,-1.23948,0.97505,0.97505,0.186977,-1.56591
31.02,-1.02613,-1.02613,0.961581,0.961581,0.0456418,-1.40552
31.03,-0.810245,-0.810245,0.94568,0.94568,-0.0957665,-1.24163
31.04,-0.592276,-0.592276,0.927475,0.927475,-0.237022,-1.07463
31.05,-0.372676,-0.372676,0.907104,0.907104,-0.377898,-0.904941
31.06,-0.151903,-0.151903,0.884705,0.884705,-0.518169,-0.732993
31.07,0.0695783,0.0695783,0.860425,0.860425,-0.657612,-0.559213
31.08,0.291304,0.291304,0.834412,0.834412,-0.796002,-0.384035
31.09,0.512809,0.512809,0.806821,0.806821,-0.933119,-0.207898
31.1,0.733625,0.733625,0.777806,0.777806,-1.06874,-0.0312408
31.11,0.953287,0.953287,0.747527,0.747527,-1.20266,0.145494
31.12,1.17133,1.17133,0.716145,0.716145,-1.33465,0.321866
31.13,1.3873,1.3873,0.683822,0.683822,-1.4645,0.497433
31.14,1.60073,1.60073,0.650721,0.650721,-1.59202,0.671757
31.15,1.81117,1.81117,0.617007,0.617007,-1.71698,0.844401
31.16,2.01818,2.01818,0.582843,0.582843,-1.8392,1.01494
31.17,2.22131,2.22131,0.548392,0.548392,-1.95848,1.18293
31.18,2.42014,2.42014,0.513817,0.513817,-2.07462,1.34797
31.19,2.61424,2.61424,0.479276,0.479276,-2.18744,1.50964
31.2,2.80319,2.80319,0.44493,0.44493,-2.29677,1.66754
31.21,2.9866,2.9866,0.410933,0.410933,-2.40242,1.82127
31.22,3.16407,3.16407,0.377437,0.377437,-2.50423,1.97045
31.23,3.33523,3.33523,0.34459,0.34459,-2.60203,2.1147
31.24,3.49971,3.49971,0.312538,0.312538,-2.69567,2.25367
31.25,3.65715,3.65715,0.281419,0.281419,-2.78499,2.387
31.26,3.80723,3.80723,0.251369,0.251369,-2.86986,2.51437
31.27,3.94961,3.94961,0.222516,0.222516,-2.95014,2.63546
31.28,4.084,4.084,0.194984,0.194984,-3.0257,2.74995
31.29,4.21011,4.21011,0.16889,0.16889,-3.09642,2.85757
31.3,4.32766,4.32766,0.144343,0.144343,-3.16219,2.95805
31.31,4.43641,4.43641,0.121447,0.121447,-3.22289,3.05114
31.32,4.53612,4.53612,0.100298,0.100298,-3.27844,3.1366
31.33,4.62658,4.62658,0.0809836,0.0809836,-3.32875,3.21422
31.34,4.70759,4.70759,0.0635847,0.0635847,-3.37373,3.28381
31.35,4.77898,4.77898,0.0481731,0.0481731,-3.41331,3.34519
31.36,4.8406,4.8406,0.0348127,0.0348127,-3.44744,3.3982
31.37,4.89231,4.89231,0.0235584,0.0235584,-3.47604,3.44273
31.38,4.934,4.934,0.0144566,0.0144566,-3.49909,3.47864
31.39,4.96559,4.96559,0.00754473,0.00754473,-3.51654,3.50587
31.4,4.98701,4.98701,0.00285114,0.00285114,-3.52836,3.52433
31.41,4.9982,4.9982,0.000395096,0.000395096,-3.53454,3.53398
31.42,4.99915,4.99915,0.000186662,0.000186662,-3.53506,3.5348
31.43,4.98985,4.98985,0.00222669,0.00222669,-3.52993,3.52678
31.44,4.97033,4.97033,0.00650683,0.00650683,-3.51915,3.50995
31.45,4.94062,4.94062,0.0130095,0.0130095,-3.50275,3.48435
31.46,4.90079,4.90079,0.0217081,0.0217081,-3.48073,3.45003
31.47,4.85093,4.85093,0.0325667,0.0325667,-3.45315,3.4071
31.48,4.79114,4.79114,0.0455408,0.0455408,-3.42005,3.35565
31.49,4.72155,4.72155,0.0605768,0.0605768,-3.38147,3.29581
31.5,4.64231,4.64231,0.0776126,0.0776126,-3.33749,3.22773
31.51,4.55359,4.55359,0.0965777,0.0965777,-3.28816,3.15158
31.52,4.45558,4.45558,0.117393,0.117393,-3.23358,3.06756
31.53,4.34849,4.34849,0.139972,0.139972,-3.17382,2.97587
31.54,4.23255,4.23255,0.164221,0.164221,-3.10898,2.87674
31.55,4.108,4.108,0.190037,0.190037,-3.03917,2.77042
31.56,3.97513,3.97513,0.217311,0.217311,-2.9645,2.65718
31.57,3.8342,3.8342,0.245928,0.245928,-2.88509,2.53729
31.58,3.68553,3.68553,0.275766,0.275766,-2.80106,2.41107
31.59,3.52943,3.52943,0.306697,0.306697,-2.71255,2.27881
31.6,3.36623,3.36623,0.338587,0.338587,-2.6197,2.14086
31.61,3.19628,3.19628,0.371297,0.371297,-2.52266,1.99756
31.62,3.01995,3.01995,0.404683,0.404683,-2.42158,1.84927
31.63,2.83761,2.83761,0.438599,0.438599,-2.31663,1.69636
31.64,2.64965,2.64965,0.472893,0.472893,-2.20797,1.5392
31.65,2.45648,2.45648,0.507409,0.507409,-2.09578,1.3782
31.66,2.25849,2.25849,0.54199,0.54199,-1.98024,1.21375
31.67,2.05613,2.05613,0.576476,0.576476,-1.86153,1.04627
31.68,1.8498,1.8498,0.610705,0.610705,-1.73984,0.876175
31.69,1.63996,1.63996,0.644515,0.644515,-1.61537,0.703889
31.7,1.42705,1.42705,0.677742,0.677742,-1.48832,0.529843
31.71,1.21152,1.21152,0.710222,0.710222,-1.35888,0.354474
31.72,0.993829,0.993829,0.74179,0.74179,-1.22727,0.178218
31.73,0.774431,0.774431,0.772286,0.772286,-1.09369,0.00151677
31.74,0.553793,0.553793,0.801547,0.801547,-0.95837,-0.175188
31.75,0.332381,0.332381,0.829414,0.829414,-0.821513,-0.351455
31.76,0.110661,0.110661,0.855731,0.855731,-0.683342,-0.526844
31.77,-0.110901,-0.110901,0.880343,0.880343,-0.544078,-0.700916
31.78,-0.33184,-0.33184,0.903102,0.903102,-0.403943,-0.873235
31.79,-0.551692,-0.551692,0.92386,0.92386,-0.263162,-1.04337
31.8,-0.769998,-0.769998,0.942476,0.942476,-0.12196,-1.2109
31.81,-0.986302,-0.986302,0.958814,0.958814,0.0194366,-1.3754
31.82,-1.20015,-1.20015,0.972743,0.972743,0.160803,-1.53647
31.83,-1.41111,-1.41111,0.984139,0.984139,0.301911,-1.69369
31.84,-1.61872,-1.61872,0.992883,0.992883,0.442537,-1.84669
31.85,-1.82258,-1.82258,0.998863,0.998863,0.582455,-1.99506
31.86,-2.02225,-2.02225,1.00198,1.00198,0.721441,-2.13845
31.87,-2.21732,-2.21732,1.00213,1.00213,0.859273,-2.27649
31.88,-2.4074,-2.4074,0.999225,0.999225,0.99573,-2.40885
31.89,-2.59209,-2.59209,0.993192,0.993192,1.13059,-2.53518
31.9,-2.77103,-2.77103,0.983958,0.983958,1.26365,-2.65518
31.91,-2.94384,-2.94384,0.97146,0.97146,1.39468,-2.76854
31.92,-3.11018,-3.11018,0.955647,0.955647,1.52349,-2.87498
31.93,-3.26972,-3.26972,0.936477,0.936477,1.64985,-2.97423
31.94,-3.42213,-3.42213,0.913916,0.913916,1.77358,-3.06605
31.95,-3.56712,-3.56712,0.887942,0.887942,1.89447,-3.15021
31.96,-3.7044,-3.7044,0.858543,0.858543,2.01232,-3.22649
31.97,-3.8337,-3.8337,0.825719,0.825719,2.12696,-3.29471
31.98,-3.95477,-3.95477,0.789478,0.789478,2.2382,-3.35469
31.99,-4.06738,-4.06738,0.749839,0.749839,2.34585,-3.40629
32,-4.17131,-4.17131,0.706834,0.706834,2.44976,-3.44937
32.01,-4.26638,-4.26638,0.660503,0.660503,2.54974,-3.48383
32.02,-4.35241,-4.35241,0.6109,0.6109,2.64564,-3.50959
32.03,-4.42924,-4.42924,0.558086,0.558086,2.73732,-3.52657
32.04,-4.49674,-4.49674,0.502137,0.502137,2.82461,-3.53474
32.05,-4.5548,-4.5548,0.443135,0.443135,2.90738,-3.53407
32.06,-4.60332,-4.60332,0.381176,0.381176,2.98551,-3.52457
32.07,-4.64224,-4.64224,0.316365,0.316365,3.05885,-3.50626
32.08,-4.67149,-4.67149,0.248817,0.248817,3.12731,-3.47919
32.09,-4.69107,-4.69107,0.178658,0.178658,3.19076,-3.44342
32.1,-4.70094,-4.70094,0.106022,0.106022,3.2491,-3.39904
32.11,-4.70114,-4.70114,0.0310541,0.0310541,3.30225,-3.34617
32.12,-4.69168,-4.69168,-0.0460921,-0.0460921,3.35011,-3.28493
32.13,-4.67263,-4.67263,-0.125254,-0.125254,3.39262,-3.21548
32.14,-4.64406,-4.64406,-0.206262,-0.206262,3.4297,-3.138
32.15,-4.60606,-4.60606,-0.288936,-0.288936,3.46129,-3.05267
32.16,-4.55876,-4.55876,-0.373089,-0.373089,3.48734,-2.95971
32.17,-4.50227,-4.50227,-0.458529,-0.458529,3.50782,-2.85936
32.18,-4.43677,-4.43677,-0.545054,-0.545054,3.52268,-2.75186
32.19,-4.36241,-4.36241,-0.632458,-0.632458,3.53191,-2.63748
32.2,-4.2794,-4.2794,-0.720528,-0.720528,3.53548,-2.5165
32.21,-4.18794,-4.18794,-0.809046,-0.809046,3.53341,-2.38924
32.22,-4.08827,-4.08827,-0.89779,-0.89779,3.52567,-2.25601
32.23,-3.98061,-3.98061,-0.986533,-0.986533,3.5123,-2.11713
32.24,-3.86524,-3.86524,-1.07504,-1.07504,3.49331,-1.97297
32.25,-3.74244,-3.74244,-1.16309,-1.16309,3.46873,-1.82387
32.26,-3.61248,-3.61248,-1.25044,-1.25044,3.4386,-1.67022
32.27,-3.47568,-3.47568,-1.33685,-1.33685,3.40297,-1.51239
32.28,-3.33237,-3.33237,-1.42208,-1.42208,3.3619,-1.35078
32.29,-3.18286,-3.18286,-1.50589,-1.50589,3.31545,-1.18579
32.3,-3.0275,-3.0275,-1.58806,-1.58806,3.26369,-1.01784
32.31,-2.86665,-2.86665,-1.66833,-1.66833,3.20671,-0.847347
32.32,-2.70068,-2.70068,-1.74646,-1.74646,3.14461,-0.674735
32.33,-2.52996,-2.52996,-1.82224,-1.82224,3.07747,-0.500436
32.34,-2.35487,-2.35487,-1.89542,-1.89542,3.00541,-0.324887
32.35,-2.17581,-2.17581,-1.96577,-1.96577,2.92854,-0.148525
32.36,-1.99318,-1.99318,-2.03307,-2.03307,2.84698,0.0282074
32.37,-1.80737,-1.80737,-2.0971,-2.0971,2.76088,0.20487
32.38,-1.6188,-1.6188,-2.15764,-2.15764,2.67035,0.38102
32.39,-1.42789,-1.42789,-2.2145,-2.2145,2.57555,0.556217
32.4,-1.23504,-1.23504,-2.26745,-2.26745,2.47663,0.730025
32.41,-1.04068,-1.04068,-2.31631,-2.31631,2.37375,0.902008
32.42,-0.845234,-0.845234,-2.3609,-2.3609,2.26708,1.07174
32.43,-0.649115,-0.649115,-2.40102,-2.40102,2.15677,1.23879
32.44,-0.452746,-0.452746,-2.43652,-2.43652,2.04302,1.40274
32.45,-0.256544,-0.256544,-2.46722,-2.46722,1.92599,1.56319
32.46,-0.0609274,-0.0609274,-2.49299,-2.49299,1.80589,1.71973
32.47,0.133693,0.133693,-2.51367,-2.51367,1.6829,1.87197
32.48,0.326909,0.326909,-2.52914,-2.52914,1.55721,2.01953
32.49,0.518317,0.518317,-2.53928,-2.53928,1.42903,2.16204
32.5,0.70752,0.70752,-2.54398,-2.54398,1.29857,2.29916
32.51,0.894129,0.894129,-2.54314,-2.54314,1.16603,2.43052
32.52,1.07776,1.07776,-2.5367,-2.5367,1.03162,2.55581
32.53,1.25804,1.25804,-2.52457,-2.52457,0.895568,2.67471
32.54,1.43461,1.43461,-2.5067,-2.5067,0.758079,2.78692
32.55,1.60711,1.60711,-2.48304,-2.48304,0.619378,2.89217
32.56,1.7752,1.7752,-2.45358,-2.45358,0.479685,2.9902
32.57,1.93855,1.93855,-2.41828,-2.41828,0.339225,3.08074
32.58,2.09683,2.09683,-2.37716,-2.37716,0.198222,3.16359
32.59,2.24975,2.24975,-2.33022,-2.33022,0.0569024,3.23853
32.6,2.39701,2.39701,-2.27749,-2.27749,-0.0845084,3.30537
32.61,2.53833,2.53833,-2.21902,-2.21902,-0.225784,3.36395
32.62,2.67345,2.67345,-2.15486,-2.15486,-0.366699,3.41413
32.63,2.80212,2.80212,-2.08508,-2.08508,-0.507026,3.45577
32.64,2.92411,2.92411,-2.00976,-2.00976,-0.646543,3.48877
32.65,3.0392,3.0392,-1.92901,-1.92901,-0.785025,3.51306
32.66,3.1472,3.1472,-1.84294,-1.84294,-0.922252,3.52856
32.67,3.24792,3.24792,-1.75167,-1.75167,-1.058,3.53524
32.68,3.34119,3.34119,-1.65536,-1.65536,-1.19206,3.53309
32.69,3.42687,3.42687,-1.55415,-1.55415,-1.32421,3.52211
32.7,3.50482,3.50482,-1.44821,-1.44821,-1.45425,3.50232
32.71,3.57494,3.57494,-1.33772,-1.33772,-1.58195,3.47378
32.72,3.63713,3.63713,-1.22289,-1.22289,-1.70713,3.43655
32.73,3.69132,3.69132,-1.10391,-1.10391,-1.82957,3.39074
32.74,3.73744,3.73744,-0.981012,-0.981012,-1.94909,3.33645
32.75,3.77546,3.77546,-0.85442,-0.85442,-2.06549,3.27382
32.76,3.80536,3.80536,-0.724378,-0.724378,-2.17859,3.20301
32.77,3.82714,3.82714,-0.59114,-0.59114,-2.2882,3.12419
32.78,3.8408,3.8408,-0.454969,-0.454969,-2.39414,3.03757
32.79,3.84639,3.84639,-0.316138,-0.316138,-2.49626,2.94335
32.8,3.84395,3.84395,-0.174928,-0.174928,-2.59439,2.84178
32.81,3.83355,3.83355,-0.0316306,-0.0316306,-2.68837,2.7331
32.82,3.81529,3.81529,0.113456,0.113456,-2.77804,2.61759
32.83,3.78925,3.78925,0.260027,0.260027,-2.86327,2.49554
32.84,3.75556,3.75556,0.407769,0.407769,-2.94392,2.36725
32.85,3.71436,3.71436,0.556365,0.556365,-3.01986,2.23304
32.86,3.6658,3.6658,0.705491,0.705491,-3.09097,2.09325
32.87,3.61004,3.61004,0.854821,0.854821,-3.15713,1.94823
32.88,3.54726,3.54726,1.00402,1.00402,-3.21825,1.79834
32.89,3.47767,3.47767,1.15276,1.15276,-3.27421,1.64396
32.9,3.40147,3.40147,1.3007,1.3007,-3.32494,1.48547
32.91,3.31888,3.31888,1.44751,1.44751,-3.37034,1.32326
32.92,3.23014,3.23014,1.59284,1.59284,-3.41036,1.15775
32.93,3.13549,3.13549,1.73636,1.73636,-3.44492,0.989339
32.94,3.0352,3.0352,1.87773,1.87773,-3.47397,0.818459
32.95,2.92954,2.92954,2.01662,2.01662,-3.49746,0.645533
32.96,2.81877,2.81877,2.15269,2.15269,-3.51536,0.470994
32.97,2.7032,2.7032,2.28562,2.28562,-3.52763,0.295277
32.98,2.58312,2.58312,2.41508,2.41508,-3.53426,0.118822
32.99,2.45882,2.45882,2.54075,2.54075,-3.53523,-0.0579296
33,2.33063,2.33063,2.66232,2.66232,-3.53055,-0.234536
33.01,2.19886,2.19886,2.77948,2.77948,-3.52022,-0.410557
33.02,2.06384,2.06384,2.89193,2.89193,-3.50426,-0.585552
33.03,1.92588,1.92588,2.99939,2.99939,-3.48269,-0.759083
33.04,1.78533,1.78533,3.10156,3.10156,-3.45555,-0.930716
33.05,1.64251,1.64251,3.19818,3.19818,-3.42289,-1.10002
33.06,1.49777,1.49777,3.28898,3.28898,-3.38474,-1.26658
33.07,1.35143,1.35143,3.37372,3.37372,-3.34119,-1.42997
33.08,1.20384,1.20384,3.45215,3.45215,-3.29228,-1.58979
33.09,1.05534,1.05534,3.52404,3.52404,-3.23812,-1.74564
33.1,0.906263,0.906263,3.58919,3.58919,-3.17877,-1.89712
33.11,0.75694,0.75694,3.64739,3.64739,-3.11433,-2.04386
33.12,0.607706,0.607706,3.69845,3.69845,-3.04491,-2.18549
33.13,0.458891,0.458891,3.74221,3.74221,-2.97062,-2.32165
33.14,0.310818,0.310818,3.7785,3.7785,-2.89158,-2.45202
33.15,0.163809,0.163809,3.80719,3.80719,-2.80792,-2.57626
33.16,0.0181756,0.0181756,3.82814,3.82814,-2.71976,-2.69405
33.17,-0.125772,-0.125772,3.84126,3.84126,-2.62725,-2.80512
33.18,-0.267735,-0.267735,3.84645,3.84645,-2.53053,-2.90917
33.19,-0.407418,-0.407418,3.84364,3.84364,-2.42977,-3.00595
33.2,-0.544537,-0.544537,3.83276,3.83276,-2.32512,-3.09522
33.21,-0.678816,-0.678816,3.81378,3.81378,-2.21676,-3.17675
33.22,-0.809988,-0.809988,3.78668,3.78668,-2.10484,-3.25034
33.23,-0.937796,-0.937796,3.75146,3.75146,-1.98956,-3.3158
33.24,-1.062,-1.062,3.70812,3.70812,-1.8711,-3.37298
33.25,-1.18235,-1.18235,3.65671,3.65671,-1.74964,-3.42173
33.26,-1.29863,-1.29863,3.59727,3.59727,-1.62538,-3.46193
33.27,-1.41064,-1.41064,3.52987,3.52987,-1.49852,-3.49347
33.28,-1.51817,-1.51817,3.4546,3.4546,-1.36927,-3.51628
33.29,-1.62103,-1.62103,3.37157,3.37157,-1.23782,-3.5303
33.3,-1.71905,-1.71905,3.2809,3.2809,-1.1044,-3.5355
33.31,-1.81207,-1.81207,3.18273,3.18273,-0.969206,-3.53186
33.32,-1.89995,-1.89995,3.07723,3.07723,-0.832463,-3.51939
33.33,-1.98254,-1.98254,2.96456,2.96456,-0.694388,-3.49813
33.34,-2.05975,-2.05975,2.84492,2.84492,-0.555203,-3.46812
33.35,-2.13144,-2.13144,2.71853,2.71853,-0.415129,-3.42945
33.36,-2.19755,-2.19755,2.5856,2.5856,-0.274392,-3.3822
33.37,-2.25799,-2.25799,2.44639,2.44639,-0.133215,-3.3265
33.38,-2.3127,-2.3127,2.30114,2.30114,0.00817493,-3.26248
33.39,-2.36164,-2.36164,2.15014,2.15014,0.149552,-3.19031
33.4,-2.40477,-2.40477,1.99367,1.99367,0.290689,-3.11017
33.41,-2.44207,-2.44207,1.83204,1.83204,0.431362,-3.02225
33.42,-2.47355,-2.47355,1.66554,1.66554,0.571344,-2.92678
33.43,-2.4992,-2.4992,1.49453,1.49453,0.710412,-2.82399
33.44,-2.51906,-2.51906,1.31932,1.31932,0.848344,-2.71415
33.45,-2.53316,-2.53316,1.14028,1.14028,0.984919,-2.59752
33.46,-2.54156,-2.54156,0.957758,0.957758,1.11992,-2.47439
33.47,-2.54432,-2.54432,0.772133,0.772133,1.25313,-2.34509
33.48,-2.54151,-2.54151,0.58378,0.58378,1.38433,-2.20992
33.49,-2.53324,-2.53324,0.393087,0.393087,1.51332,-2.06922
33.5,-2.51959,-2.51959,0.200449,0.200449,1.63988,-1.92336
33.51,-2.50069,-2.50069,0.00626672,0.00626672,1.76383,-1.77269
33.52,-2.47667,-2.47667,-0.189053,-0.189053,1.88495,-1.61759
33.53,-2.44765,-2.44765,-0.3851,-0.3851,2.00305,-1.45844
33.54,-2.41378,-2.41378,-0.581458,-0.581458,2.11796,-1.29565
33.55,-2.37524,-2.37524,-0.777711,-0.777711,2.22947,-1.12962
33.56,-2.33217,-2.33217,-0.973438,-0.973438,2.33742,-0.960768
33.57,-2.28476,-2.28476,-1.16822,-1.16822,2.44162,-0.789513
33.58,-2.23319,-2.23319,-1.36163,-1.36163,2.54193,-0.616286
33.59,-2.17766,-2.17766,-1.55326,-1.55326,2.63816,-0.441518
33.6,-2.11837,-2.11837,-1.74268,-1.74268,2.73017,-0.265646
33.61,-2.05551,-2.05551,-1.92949,-1.92949,2.81782,-0.0891107
33.62,-1.98931,-1.98931,-2.11326,-2.11326,2.90096,0.0876476
33.63,-1.91999,-1.91999,-2.2936,-2.2936,2.97946,0.264187
33.64,-1.84776,-1.84776,-2.4701,-2.4701,3.05319,0.440066
33.65,-1.77285,-1.77285,-2.64237,-2.64237,3.12204,0.614845
33.66,-1.6955,-1.6955,-2.81003,-2.81003,3.18589,0.788087
33.67,-1.61594,-1.61594,-2.97268,-2.97268,3.24464,0.959359
33.68,-1.5344,-1.5344,-3.12997,-3.12997,3.29821,1.12823
33.69,-1.45113,-1.45113,-3.28153,-3.28153,3.3465,1.29429
33.7,-1.36636,-1.36636,-3.42702,-3.42702,3.38943,1.45711
33.71,-1.28033,-1.28033,-3.5661,-3.5661,3.42694,1.61628
33.72,-1.19328,-1.19328,-3.69845,-3.69845,3.45897,1.77142
33.73,-1.10545,-1.10545,-3.82375,-3.82375,3.48547,1.92213
33.74,-1.01707,-1.01707,-3.94172,-3.94172,3.50639,2.06804
33.75,-0.92838,-0.92838,-4.05206,-4.05206,3.5217,2.20877
33.76,-0.839611,-0.839611,-4.15451,-4.15451,3.53138,2.34399
33.77,-0.75099,-0.75099,-4.24883,-4.24883,3.53541,2.47335
33.78,-0.66274,-0.66274,-4.33478,-4.33478,3.53378,2.59652
33.79,-0.575083,-0.575083,-4.41214,-4.41214,3.5265,2.71321
33.8,-0.488231,-0.488231,-4.48071,-4.48071,3.51357,2.82311
33.81,-0.402394,-0.402394,-4.54032,-4.54032,3.49503,2.92596
33.82,-0.317775,-0.317775,-4.59081,-4.59081,3.47089,3.02149
33.83,-0.23457,-0.23457,-4.63203,-4.63203,3.4412,3.10947
33.84,-0.152968,-0.152968,-4.66386,-4.66386,3.40601,3.18968
33.85,-0.07315,-0.07315,-4.6862,-4.6862,3.36537,3.26192
33.86,0.00470958,0.00470958,-4.69897,-4.69897,3.31934,3.326
33.87,0.0804457,0.0804457,-4.7021,-4.7021,3.26801,3.38177
33.88,0.153902,0.153902,-4.69557,-4.69557,3.21144,3.42909
33.89,0.22493,0.22493,-4.67933,-4.67933,3.14974,3.46784
33.9,0.293392,0.293392,-4.65341,-4.65341,3.083,3.49792
33.91,0.35916,0.35916,-4.61782,-4.61782,3.01132,3.51925
33.92,0.422114,0.422114,-4.5726,-4.5726,2.93483,3.53179
33.93,0.482146,0.482146,-4.51781,-4.51781,2.85365,3.53551
33.94,0.539158,0.539158,-4.45355,-4.45355,2.7679,3.53038
33.95,0.593061,0.593061,-4.37993,-4.37993,2.67772,3.51643
33.96,0.643778,0.643778,-4.29705,-4.29705,2.58325,3.49369
33.97,0.691243,0.691243,-4.20508,-4.20508,2.48466,3.46222
33.98,0.735399,0.735399,-4.10418,-4.10418,2.38209,3.4221
33.99,0.776201,0.776201,-3.99454,-3.99454,2.27571,3.37342
34,0.813616,0.813616,-3.87636,-3.87636,2.16569,3.31631
34.01,0.84762,0.84762,-3.74987,-3.74987,2.0522,3.25091
34.02,0.878199,0.878199,-3.61531,-3.61531,1.93543,3.17739
34.03,0.905352,0.905352,-3.47295,-3.47295,1.81556,3.09592
34.04,0.929087,0.929087,-3.32306,-3.32306,1.69279,3.00672
34.05,0.949423,0.949423,-3.16594,-3.16594,1.56731,2.91
34.06,0.966388,0.966388,-3.00191,-3.00191,1.43933,2.80601
34.07,0.980023,0.980023,-2.83128,-2.83128,1.30904,2.695
34.08,0.990375,0.990375,-2.65442,-2.65442,1.17666,2.57726
34.09,0.997503,0.997503,-2.47167,-2.47167,1.04239,2.45307
34.1,1.00148,1.00148,-2.2834,-2.2834,0.906458,2.32276
34.11,1.00237,1.00237,-2.09,-2.09,0.769075,2.18664
34.12,1.00026,1.00026,-1.89187,-1.89187,0.630462,2.04505
34.13,0.995261,0.995261,-1.68941,-1.68941,0.49084,1.89835
34.14,0.987457,0.987457,-1.48304,-1.48304,0.350433,1.74691
34.15,0.976962,0.976962,-1.27319,-1.27319,0.209465,1.5911
34.16,0.963892,0.963892,-1.06029,-1.06029,0.0681624,1.43131
34.17,0.94837,0.94837,-0.844779,-0.844779,-0.0732495,1.26795
34.18,0.930523,0.930523,-0.627112,-0.627112,-0.214544,1.10141
34.19,0.910488,0.910488,-0.407741,-0.407741,-0.355496,0.932128
34.2,0.888402,0.888402,-0.187124,-0.187124,-0.495878,0.760512
34.21,0.864412,0.864412,0.0342756,0.0342756,-0.635468,0.586995
34.22,0.838665,0.838665,0.255994,0.255994,-0.774041,0.412011
34.23,0.811315,0.811315,0.477565,0.477565,-0.911375,0.235997
34.24,0.782516,0.782516,0.698522,0.698522,-1.04725,0.0593928
34.25,0.752428,0.752428,0.918399,0.918399,-1.18145,-0.11736
34.26,0.72121,0.72121,1.13673,1.13673,-1.31376,-0.293819
34.27,0.689026,0.689026,1.35306,1.35306,-1.44397,-0.469543
34.28,0.656039,0.656039,1.56693,1.56693,-1.57187,-0.644094
34.29,0.622411,0.622411,1.77787,1.77787,-1.69726,-0.817035
34.3,0.588308,0.588308,1.98546,1.98546,-1.81993,-0.987934
34.31,0.553892,0.553892,2.18924,2.18924,-1.93968,-1.15636
34.32,0.519325,0.519325,2.38878,2.38878,-2.05634,-1.3219
34.33,0.484769,0.484769,2.58366,2.58366,-2.1697,-1.48414
34.34,0.450381,0.450381,2.77346,2.77346,-2.2796,-1.64266
34.35,0.416318,0.416318,2.95778,2.95778,-2.38585,-1.79708
34.36,0.382732,0.382732,3.13622,3.13622,-2.48828,-1.94701
34.37,0.349772,0.349772,3.30841,3.30841,-2.58673,-2.09207
34.38,0.317584,0.317584,3.47398,3.47398,-2.68104,-2.23191
34.39,0.286307,0.286307,3.63256,3.63256,-2.77106,-2.36616
34.4,0.256078,0.256078,3.78383,3.78383,-2.85665,-2.4945
34.41,0.227026,0.227026,3.92746,3.92746,-2.93767,-2.6166
34.42,0.199276,0.199276,4.06315,4.06315,-3.01399,-2.73217
34.43,0.172945,0.172945,4.19059,4.19059,-3.08549,-2.8409
34.44,0.148144,0.148144,4.30952,4.30952,-3.15205,-2.94254
34.45,0.124979,0.124979,4.41969,4.41969,-3.21357,-3.03682
34.46,0.103545,0.103545,4.52085,4.52085,-3.26994,-3.12351
34.47,0.0839334,0.0839334,4.6128,4.6128,-3.32109,-3.20239
34.48,0.0662244,0.0662244,4.69533,4.69533,-3.36692,-3.27327
34.49,0.0504919,0.0504919,4.76826,4.76826,-3.40737,-3.33597
34.5,0.0368009,0.0368009,4.83144,4.83144,-3.44237,-3.39032
34.51,0.0252078,0.0252078,4.88474,4.88474,-3.47186,-3.43621
34.52,0.0157605,0.0157605,4.92804,4.92804,-3.49579,-3.4735
34.53,0.00849766,0.00849766,4.96124,4.96124,-3.51414,-3.50212
34.54,0.00344925,0.00344925,4.98428,4.98428,-3.52686,-3.52198
34.55,0.000635932,0.000635932,4.9971,4.9971,-3.53393,-3.53304
34.56,6.92358e-05,6.92358e-05,4.99968,4.99968,-3.53536,-3.53526
34.57,0.00175149,0.00175149,4.99202,4.99202,-3.53113,-3.52865
34.58,0.00567579,0.00567579,4.97412,4.97412,-3.52125,-3.51322
34.59,0.011826,0.011826,4.94603,4.94603,-3.50574,-3.48901
34.6,0.020177,0.020177,4.90781,4.90781,-3.48461,-3.45608
34.61,0.0306944,0.0306944,4.85954,4.85954,-3.45792,-3.41451
34.62,0.0433349,0.0433349,4.80132,4.80132,-3.42569,-3.36441
34.63,0.0580465,0.0580465,4.73328,4.73328,-3.38798,-3.30589
34.64,0.0747683,0.0747683,4.65557,4.65557,-3.34485,-3.23911
34.65,0.0934312,0.0934312,4.56834,4.56834,-3.29637,-3.16424
34.66,0.113958,0.113958,4.4718,4.4718,-3.24262,-3.08146
34.67,0.136262,0.136262,4.36614,4.36614,-3.18368,-2.99098
34.68,0.160251,0.160251,4.25159,4.25159,-3.11965,-2.89302
34.69,0.185825,0.185825,4.1284,4.1284,-3.05062,-2.78783
34.7,0.212874,0.212874,3.99684,3.99684,-2.97672,-2.67567
34.71,0.241286,0.241286,3.85717,3.85717,-2.89805,-2.55682
34.72,0.270938,0.270938,3.70971,3.70971,-2.81475,-2.43158
34.73,0.301703,0.301703,3.55477,3.55477,-2.72694,-2.30027
34.74,0.333449,0.333449,3.39268,3.39268,-2.63477,-2.1632
34.75,0.366038,0.366038,3.22378,3.22378,-2.53839,-2.02073
34.76,0.399327,0.399327,3.04844,3.04844,-2.43794,-1.87321
34.77,0.433168,0.433168,2.86704,2.86704,-2.3336,-1.721
34.78,0.467412,0.467412,2.67995,2.67995,-2.22552,-1.5645
34.79,0.501903,0.501903,2.48757,2.48757,-2.11388,-1.40408
34.8,0.536484,0.536484,2.29033,2.29033,-1.99886,-1.24016
34.81,0.570996,0.570996,2.08863,2.08863,-1.88064,-1.07313
34.82,0.605278,0.605278,1.88291,1.88291,-1.75941,-0.903423
34.83,0.639165,0.639165,1.6736,1.6736,-1.63537,-0.731457
34.84,0.672496,0.672496,1.46115,1.46115,-1.50872,-0.557663
34.85,0.705106,0.705106,1.24601,1.24601,-1.37964,-0.382475
34.86,0.73683,0.73683,1.02863,1.02863,-1.24837,-0.206331
34.87,0.767508,0.767508,0.809468,0.809468,-1.11509,-0.0296708
34.88,0.796976,0.796976,0.588997,0.588997,-0.980031,0.147063
34.89,0.825076,0.825076,0.367677,0.367677,-0.843404,0.323429
34.9,0.85165,0.85165,0.145975,0.145975,-0.705427,0.498987
34.91,0.876544,0.876544,-0.0756434,-0.0756434,-0.566322,0.673298
34.92,0.899607,0.899607,-0.296712,-0.296712,-0.426311,0.845926
34.93,0.920694,0.920694,-0.516769,-0.516769,-0.285618,1.01644
34.94,0.93966,0.93966,-0.735352,-0.735352,-0.144468,1.18441
34.95,0.95637,0.95637,-0.952005,-0.952005,-0.00308682,1.34942
34.96,0.970691,0.970691,-1.16628,-1.16628,0.138299,1.51106
34.97,0.982499,0.982499,-1.37772,-1.37772,0.279464,1.66893
34.98,0.991672,0.991672,-1.5859,-1.5859,0.420182,1.82262
34.99,0.9981,0.9981,-1.79038,-1.79038,0.560227,1.97175
35,1.00168,1.00168,-1.99074,-1.99074,0.699377,2.11596
35.01,1.0023,1.0023,-2.18658,-2.18658,0.837407,2.25488
35.02,0.999895,0.999895,-2.37748,-2.37748,0.974098,2.38816
35.03,0.994366,0.994366,-2.56305,-2.56305,1.10923,2.51548
35.04,0.985646,0.985646,-2.74293,-2.74293,1.24259,2.6365
35.05,0.973672,0.973672,-2.91674,-2.91674,1.37396,2.75094
35.06,0.95839,0.95839,-3.08414,-3.08414,1.50313,2.8585
35.07,0.939756,0.939756,-3.24478,-3.24478,1.6299,2.95891
35.08,0.917737,0.917737,-3.39835,-3.39835,1.75406,3.05193
35.09,0.892308,0.892308,-3.54454,-3.54454,1.87541,3.13732
35.1,0.863455,0.863455,-3.68306,-3.68306,1.99376,3.21487
35.11,0.831176,0.831176,-3.81365,-3.81365,2.10893,3.28439
35.12,0.795478,0.795478,-3.93605,-3.93605,2.22072,3.34569
35.13,0.756378,0.756378,-4.05002,-4.05002,2.32896,3.39864
35.14,0.713907,0.713907,-4.15535,-4.15535,2.43347,3.44308
35.15,0.668103,0.668103,-4.25184,-4.25184,2.53409,3.47893
35.16,0.619017,0.619017,-4.33932,-4.33932,2.63065,3.50607
35.17,0.56671,0.56671,-4.41762,-4.41762,2.72301,3.52445
35.18,0.511254,0.511254,-4.48662,-4.48662,2.81101,3.53403
35.19,0.452732,0.452732,-4.54618,-4.54618,2.89451,3.53477
35.2,0.391237,0.391237,-4.59623,-4.59623,2.97338,3.52667
35.21,0.326873,0.326873,-4.63668,-4.63668,3.0475,3.50976
35.22,0.259753,0.259753,-4.66748,-4.66748,3.11674,3.48408
35.23,0.190001,0.190001,-4.6886,-4.6886,3.18099,3.44969
35.24,0.11775,0.11775,-4.70002,-4.70002,3.24015,3.40668
35.25,0.0431438,0.0431438,-4.70176,-4.70176,3.29414,3.35515
35.26,-0.0336661,-0.0336661,-4.69383,-4.69383,3.34285,3.29524
35.27,-0.112518,-0.112518,-4.67631,-4.67631,3.38621,3.22709
35.28,-0.193244,-0.193244,-4.64925,-4.64925,3.42416,3.15087
35.29,-0.275665,-0.275665,-4.61274,-4.61274,3.45663,3.06678
35.3,-0.359595,-0.359595,-4.56691,-4.56691,3.48356,2.97502
35.31,-0.444843,-0.444843,-4.51188,-4.51188,3.50493,2.87583
35.32,-0.531209,-0.531209,-4.4478,-4.4478,3.52069,2.76945
35.33,-0.618487,-0.618487,-4.37484,-4.37484,3.53082,2.65614
35.34,-0.706466,-0.706466,-4.29319,-4.29319,3.53529,2.5362
35.35,-0.794927,-0.794927,-4.20307,-4.20307,3.53412,2.40992
35.36,-0.883651,-0.883651,-4.10468,-4.10468,3.52728,2.27761
35.37,-0.972409,-0.972409,-3.99828,-3.99828,3.51481,2.13961
35.38,-1.06097,-1.06097,-3.88412,-3.88412,3.49671,1.99627
35.39,-1.14911,-1.14911,-3.76248,-3.76248,3.47302,1.84793
35.4,-1.23658,-1.23658,-3.63364,-3.63364,3.44377,1.69498
35.41,-1.32316,-1.32316,-3.49792,-3.49792,3.40901,1.53779
35.42,-1.40859,-1.40859,-3.35561,-3.35561,3.3688,1.37675
35.43,-1.49265,-1.49265,-3.20707,-3.20707,3.3232,1.21228
35.44,-1.57509,-1.57509,-3.05262,-3.05262,3.27229,1.04477
35.45,-1.65568,-1.65568,-2.89262,-2.89262,3.21614,0.874653
35.46,-1.73417,-1.73417,-2.72744,-2.72744,3.15484,0.70235
35.47,-1.81034,-1.81034,-2.55745,-2.55745,3.08849,0.528291
35.48,-1.88394,-1.88394,-2.38304,-2.38304,3.01721,0.352911
35.49,-1.95476,-1.95476,-2.20458,-2.20458,2.9411,0.17665
35.5,-2.02256,-2.02256,-2.02249,-2.02249,2.86028,-5.32849e-05
35.51,-2.08713,-2.08713,-1.83716,-1.83716,2.77489,-0.176756
35.52,-2.14824,-2.14824,-1.649,-1.649,2.68506,-0.353017
35.53,-2.2057,-2.2057,-1.45843,-1.45843,2.59093,-0.528396
35.54,-2.25929,-2.25929,-1.26587,-1.26587,2.49266,-0.702454
35.55,-2.30881,-2.30881,-1.07172,-1.07172,2.3904,-0.874757
35.56,-2.35409,-2.35409,-0.876418,-0.876418,2.28431,-1.04487
35.57,-2.39494,-2.39494,-0.680377,-0.680377,2.17458,-1.21238
35.58,-2.43118,-2.43118,-0.48402,-0.48402,2.06136,-1.37685
35.59,-2.46266,-2.46266,-0.287764,-0.287764,1.94484,-1.53788
35.6,-2.48922,-2.48922,-0.0920264,-0.0920264,1.82522,-1.69507
35.61,-2.51072,-2.51072,0.10278,0.10278,1.70267,-1.84802
35.62,-2.52703,-2.52703,0.296247,0.296247,1.5774,-1.99636
35.63,-2.53802,-2.53802,0.487969,0.487969,1.44961,-2.1397
35.64,-2.5436,-2.5436,0.67755,0.67755,1.31949,-2.27769
35.65,-2.54365,-2.54365,0.864598,0.864598,1.18727,-2.41
35.66,-2.5381,-2.5381,1.04873,1.04873,1.05315,-2.53627
35.67,-2.52688,-2.52688,1.22957,1.22957,0.917339,-2.65621
35.68,-2.50993,-2.50993,1.40675,1.40675,0.780063,-2.76951
35.69,-2.4872,-2.4872,1.57992,1.57992,0.64154,-2.87589
35.7,-2.45866,-2.45866,1.74874,1.74874,0.50199,-2.97508
35.71,-2.42429,-2.42429,1.91286,1.91286,0.361637,-3.06683
35.72,-2.3841,-2.3841,2.07197,2.07197,0.220706,-3.15092
35.73,-2.33808,-2.33808,2.22577,2.22577,0.0794217,-3.22713
35.74,-2.28628,-2.28628,2.37394,2.37394,-0.0619898,-3.29528
35.75,-2.22872,-2.22872,2.51623,2.51623,-0.203302,-3.35518
35.76,-2.16546,-2.16546,2.65235,2.65235,-0.344289,-3.40671
35.77,-2.09656,-2.09656,2.78207,2.78207,-0.484726,-3.44971
35.78,-2.02212,-2.02212,2.90514,2.90514,-0.624386,-3.4841
35.79,-1.94223,-1.94223,3.02134,3.02134,-0.763048,-3.50978
35.8,-1.857,-1.857,3.13048,3.13048,-0.90049,-3.52668
35.81,-1.76655,-1.76655,3.23237,3.23237,-1.03649,-3.53477
35.82,-1.67103,-1.67103,3.32684,3.32684,-1.17083,-3.53402
35.83,-1.57059,-1.57059,3.41373,3.41373,-1.3033,-3.52445
35.84,-1.46539,-1.46539,3.49293,3.49293,-1.43369,-3.50606
35.85,-1.35561,-1.35561,3.5643,3.5643,-1.56178,-3.47891
35.86,-1.24146,-1.24146,3.62776,3.62776,-1.68737,-3.44306
35.87,-1.12313,-1.12313,3.68323,3.68323,-1.81026,-3.39861
35.88,-1.00084,-1.00084,3.73064,3.73064,-1.93026,-3.34566
35.89,-0.874819,-0.874819,3.76995,3.76995,-2.04717,-3.28435
35.9,-0.74531,-0.74531,3.80115,3.80115,-2.1608,-3.21483
35.91,-0.612564,-0.612564,3.82421,3.82421,-2.27098,-3.13728
35.92,-0.476842,-0.476842,3.83917,3.83917,-2.37752,-3.05188
35.93,-0.338415,-0.338415,3.84604,3.84604,-2.48026,-2.95885
35.94,-0.197565,-0.197565,3.84487,3.84487,-2.57904,-2.85844
35.95,-0.0545805,-0.0545805,3.83574,3.83574,-2.67368,-2.75087
35.96,0.0902416,0.0902416,3.81872,3.81872,-2.76405,-2.63643
35.97,0.236597,0.236597,3.79391,3.79391,-2.85,-2.5154
35.98,0.384173,0.384173,3.76143,3.76143,-2.93139,-2.38808
35.99,0.532655,0.532655,3.72142,3.72142,-3.00809,-2.2548
36,0.681718,0.681718,3.67402,3.67402,-3.07997,-2.11588
36.01,0.831037,0.831037,3.61939,3.61939,-3.14693,-1.97167
36.02,0.980281,0.980281,3.55772,3.55772,-3.20885,-1.82253
36.03,1.12912,1.12912,3.4892,3.4892,-3.26565,-1.66883
36.04,1.27721,1.27721,3.41404,3.41404,-3.31721,-1.51097
36.05,1.42422,1.42422,3.33245,3.33245,-3.36347,-1.34933
36.06,1.5698,1.5698,3.24467,3.24467,-3.40435,-1.18431
36.07,1.71363,1.71363,3.15095,3.15095,-3.43978,-1.01634
36.08,1.85537,1.85537,3.05154,3.05154,-3.46971,-0.845822
36.09,1.99468,1.99468,2.94672,2.94672,-3.49409,-0.673193
36.1,2.13122,2.13122,2.83674,2.83674,-3.51288,-0.498882
36.11,2.26467,2.26467,2.72192,2.72192,-3.52605,-0.323323
36.12,2.3947,2.3947,2.60253,2.60253,-3.53358,-0.146957
36.13,2.521,2.521,2.47889,2.47889,-3.53545,0.0297774
36.14,2.64324,2.64324,2.3513,2.3513,-3.53167,0.206437
36.15,2.76113,2.76113,2.22008,2.22008,-3.52224,0.382581
36.16,2.87435,2.87435,2.08555,2.08555,-3.50718,0.557768
36.17,2.98262,2.98262,1.94804,1.94804,-3.4865,0.731561
36.18,3.08565,3.08565,1.80788,1.80788,-3.46025,0.903526
36.19,3.18318,3.18318,1.6654,1.6654,-3.42846,1.07323
36.2,3.27492,3.27492,1.52094,1.52094,-3.39118,1.24026
36.21,3.36064,3.36064,1.37483,1.37483,-3.34848,1.40418
36.22,3.44009,3.44009,1.22742,1.22742,-3.30043,1.56459
36.23,3.51304,3.51304,1.07904,1.07904,-3.24709,1.7211
36.24,3.57928,3.57928,0.930031,0.930031,-3.18856,1.8733
36.25,3.63859,3.63859,0.780724,0.780724,-3.12493,2.02082
36.26,3.6908,3.6908,0.631454,0.631454,-3.0563,2.16329
36.27,3.73573,3.73573,0.482551,0.482551,-2.98278,2.30035
36.28,3.77322,3.77322,0.334338,0.334338,-2.90448,2.43166
36.29,3.80313,3.80313,0.187138,0.187138,-2.82155,2.55689
36.3,3.82533,3.82533,0.041265,0.041265,-2.73409,2.67574
36.31,3.8397,3.8397,-0.102972,-0.102972,-2.64227,2.78789
36.32,3.84616,3.84616,-0.24527,-0.24527,-2.54621,2.89308
36.33,3.84462,3.84462,-0.385336,-0.385336,-2.44609,2.99103
36.34,3.83503,3.83503,-0.522882,-0.522882,-2.34204,3.08151
36.35,3.81735,3.81735,-0.657631,-0.657631,-2.23426,3.16429
36.36,3.79154,3.79154,-0.789316,-0.789316,-2.1229,3.23916
36.37,3.75761,3.75761,-0.917676,-0.917676,-2.00814,3.30593
36.38,3.71557,3.71557,-1.04247,-1.04247,-1.89017,3.36444
36.39,3.66544,3.66544,-1.16345,-1.16345,-1.76917,3.41454
36.4,3.60727,3.60727,-1.2804,-1.2804,-1.64535,3.4561
36.41,3.54114,3.54114,-1.3931,-1.3931,-1.51889,3.48903
36.42,3.46711,3.46711,-1.50135,-1.50135,-1.39001,3.51323
36.43,3.38531,3.38531,-1.60496,-1.60496,-1.2589,3.52866
36.44,3.29585,3.29585,-1.70377,-1.70377,-1.12577,3.53526
36.45,3.19886,3.19886,-1.7976,-1.7976,-0.990846,3.53303
36.46,3.09452,3.09452,-1.8863,-1.8863,-0.854336,3.52197
36.47,2.98297,2.98297,-1.96975,-1.96975,-0.716459,3.5021
36.48,2.86443,2.86443,-2.04782,-2.04782,-0.577436,3.47348
36.49,2.7391,2.7391,-2.1204,-2.1204,-0.437488,3.43618
36.5,2.6072,2.6072,-2.1874,-2.1874,-0.296841,3.39029
36.51,2.46897,2.46897,-2.24875,-2.24875,-0.15572,3.33593
36.52,2.32467,2.32467,-2.30438,-2.30438,-0.0143485,3.27323
36.53,2.17457,2.17457,-2.35424,-2.35424,0.127045,3.20235
36.54,2.01895,2.01895,-2.39829,-2.39829,0.268236,3.12346
36.55,1.85811,1.85811,-2.43652,-2.43652,0.408998,3.03676
36.56,1.69237,1.69237,-2.46892,-2.46892,0.549105,2.94248
36.57,1.52205,1.52205,-2.4955,-2.4955,0.688334,2.84084
36.58,1.34749,1.34749,-2.51628,-2.51628,0.826461,2.7321
36.59,1.16904,1.16904,-2.5313,-2.5313,0.963267,2.61653
36.6,0.987045,0.987045,-2.5406,-2.5406,1.09853,2.49442
36.61,0.801889,0.801889,-2.54425,-2.54425,1.23204,2.36608
36.62,0.613945,0.613945,-2.54233,-2.54233,1.36357,2.23182
36.63,0.423598,0.423598,-2.53492,-2.53492,1.49293,2.09199
36.64,0.231243,0.231243,-2.52212,-2.52212,1.6199,1.94692
36.65,0.03728,0.03728,-2.50405,-2.50405,1.74427,1.79699
36.66,-0.157886,-0.157886,-2.48083,-2.48083,1.86585,1.64257
36.67,-0.353845,-0.353845,-2.4526,-2.4526,1.98445,1.48404
36.68,-0.550182,-0.550182,-2.41949,-2.41949,2.09988,1.3218
36.69,-0.746479,-0.746479,-2.38168,-2.38168,2.21194,1.15626
36.7,-0.942318,-0.942318,-2.33932,-2.33932,2.32047,0.987832
36.71,-1.13728,-1.13728,-2.29259,-2.29259,2.42528,0.816932
36.72,-1.33094,-1.33094,-2.24168,-2.24168,2.52622,0.643989
36.73,-1.52288,-1.52288,-2.18676,-2.18676,2.62311,0.469437
36.74,-1.71268,-1.71268,-2.12805,-2.12805,2.71581,0.293712
36.75,-1.89993,-1.89993,-2.06575,-2.06575,2.80416,0.117253
36.76,-2.08422,-2.08422,-2.00007,-2.00007,2.88803,-0.0594994
36.77,-2.26513,-2.26513,-1.93123,-1.93123,2.96727,-0.236103
36.78,-2.44227,-2.44227,-1.85945,-1.85945,3.04177,-0.412117
36.79,-2.61524,-2.61524,-1.78495,-1.78495,3.1114,-0.5871
36.8,-2.78365,-2.78365,-1.70798,-1.70798,3.17606,-0.760616
36.81,-2.94712,-2.94712,-1.62875,-1.62875,3.23563,-0.932231
36.82,-3.10529,-3.10529,-1.54751,-1.54751,3.29003,-1.10152
36.83,-3.25779,-3.25779,-1.4645,-1.4645,3.33916,-1.26805
36.84,-3.40427,-3.40427,-1.37995,-1.37995,3.38296,-1.43141
36.85,-3.54439,-3.54439,-1.29411,-1.29411,3.42134,-1.59119
36.86,-3.67783,-3.67783,-1.2072,-1.2072,3.45424,-1.747
36.87,-3.80428,-3.80428,-1.11948,-1.11948,3.48162,-1.89844
36.88,-3.92343,-3.92343,-1.03117,-1.03117,3.50343,-2.04514
36.89,-4.03501,-4.03501,-0.942517,-0.942517,3.51964,-2.18672
36.9,-4.13873,-4.13873,-0.853745,-0.853745,3.53022,-2.32284
36.91,-4.23436,-4.23436,-0.765085,-0.765085,3.53514,-2.45315
36.92,-4.32166,-4.32166,-0.676761,-0.676761,3.53442,-2.57733
36.93,-4.4004,-4.4004,-0.588995,-0.588995,3.52803,-2.69507
36.94,-4.47039,-4.47039,-0.502001,-0.502001,3.51601,-2.80607
36.95,-4.53144,-4.53144,-0.415989,-0.415989,3.49836,-2.91006
36.96,-4.58339,-4.58339,-0.331162,-0.331162,3.47511,-3.00678
36.97,-4.62609,-4.62609,-0.247719,-0.247719,3.4463,-3.09598
36.98,-4.65942,-4.65942,-0.165849,-0.165849,3.41198,-3.17744
36.99,-4.68328,-4.68328,-0.0857355,-0.0857355,3.3722,-3.25096
37,-4.69758,-4.69758,-0.00755277,-0.00755277,3.32703,-3.31635
37.01,-4.70225,-4.70225,0.0685323,0.0685323,3.27653,-3.37345
37.02,-4.69726,-4.69726,0.142362,0.142362,3.2208,-3.42213
37.03,-4.68257,-4.68257,0.213786,0.213786,3.15991,-3.46225
37.04,-4.65819,-4.65819,0.282666,0.282666,3.09396,-3.49371
37.05,-4.62413,-4.62413,0.348871,0.348871,3.02307,-3.51644
37.06,-4.58044,-4.58044,0.412281,0.412281,2.94733,-3.53039
37.07,-4.52718,-4.52718,0.472785,0.472785,2.86689,-3.53551
37.08,-4.46442,-4.46442,0.530284,0.530284,2.78185,-3.53179
37.09,-4.39227,-4.39227,0.584687,0.584687,2.69237,-3.51924
37.1,-4.31086,-4.31086,0.635917,0.635917,2.59858,-3.4979
37.11,-4.22033,-4.22033,0.683903,0.683903,2.50063,-3.46782
37.12,-4.12084,-4.12084,0.72859,0.72859,2.39868,-3.42907
37.13,-4.01258,-4.01258,0.769929,0.769929,2.2929,-3.38174
37.14,-3.89574,-3.89574,0.807885,0.807885,2.18344,-3.32597
37.15,-3.77056,-3.77056,0.842433,0.842433,2.0705,-3.26188
37.16,-3.63727,-3.63727,0.873558,0.873558,1.95424,-3.18964
37.17,-3.49613,-3.49613,0.901257,0.901257,1.83485,-3.10942
37.18,-3.34742,-3.34742,0.925535,0.925535,1.71253,-3.02144
37.19,-3.19143,-3.19143,0.94641,0.94641,1.58747,-2.9259
37.2,-3.02848,-3.02848,0.963911,0.963911,1.45987,-2.82305
37.21,-2.85888,-2.85888,0.978073,0.978073,1.32994,-2.71314
37.22,-2.68299,-2.68299,0.988944,0.988944,1.19787,-2.59645
37.23,-2.50115,-2.50115,0.996581,0.996581,1.06389,-2.47327
37.24,-2.31374,-2.31374,1.00105,1.00105,0.92821,-2.34391
37.25,-2.12113,-2.12113,1.00243,1.00243,0.791044,-2.20869
37.26,-1.92373,-1.92373,1.0008,1.0008,0.652612,-2.06795
37.27,-1.72193,-1.72193,0.996248,0.996248,0.513135,-1.92204
37.28,-1.51616,-1.51616,0.988883,0.988883,0.372838,-1.77133
37.29,-1.30683,-1.30683,0.978809,0.978809,0.231945,-1.61619
37.3,-1.09438,-1.09438,0.966141,0.966141,0.0906802,-1.45701
37.31,-0.879259,-0.879259,0.951001,0.951001,-0.0507295,-1.29419
37.32,-0.661905,-0.661905,0.933516,0.933516,-0.192058,-1.12813
37.33,-0.442774,-0.442774,0.913819,0.913819,-0.333079,-0.959257
37.34,-0.222325,-0.222325,0.892051,0.892051,-0.473568,-0.787983
37.35,-0.00101911,-0.00101911,0.868354,0.868354,-0.613298,-0.61474
37.36,0.22068,0.22068,0.842877,0.842877,-0.752048,-0.43996
37.37,0.442305,0.442305,0.815772,0.815772,-0.889595,-0.264081
37.38,0.663391,0.663391,0.787193,0.787193,-1.02572,-0.0875411
37.39,0.883472,0.883472,0.7573,0.7573,-1.1602,0.0892172
37.4,1.10208,1.10208,0.726251,0.726251,-1.29283,0.265752
37.41,1.31876,1.31876,0.69421,0.69421,-1.42338,0.441624
37.42,1.53305,1.53305,0.661339,0.661339,-1.55167,0.616391
37.43,1.74449,1.74449,0.627803,0.627803,-1.67746,0.789617
37.44,1.95264,1.95264,0.593764,0.593764,-1.80058,0.96087
37.45,2.15705,2.15705,0.559387,0.559387,-1.92081,1.12972
37.46,2.3573,2.3573,0.524834,0.524834,-2.03798,1.29575
37.47,2.55295,2.55295,0.490265,0.490265,-2.15188,1.45854
37.48,2.74359,2.74359,0.45584,0.45584,-2.26234,1.61768
37.49,2.92881,2.92881,0.421715,0.421715,-2.36918,1.77278
37.5,3.10821,3.10821,0.388043,0.388043,-2.47222,1.92345
37.51,3.28142,3.28142,0.354973,0.354973,-2.57132,2.06931
37.52,3.44806,3.44806,0.322653,0.322653,-2.6663,2.21
37.53,3.60779,3.60779,0.291222,0.291222,-2.75702,2.34517
37.54,3.76024,3.76024,0.260817,0.260817,-2.84332,2.47447
37.55,3.90511,3.90511,0.231569,0.231569,-2.92508,2.59759
37.56,4.04208,4.04208,0.203603,0.203603,-3.00215,2.71421
37.57,4.17086,4.17086,0.177039,0.177039,-3.07443,2.82406
37.58,4.29116,4.29116,0.151987,0.151987,-3.14178,2.92684
37.59,4.40274,4.40274,0.128555,0.128555,-3.20411,3.02231
37.6,4.50535,4.50535,0.106839,0.106839,-3.26131,3.11022
37.61,4.59878,4.59878,0.0869315,0.0869315,-3.3133,3.19036
37.62,4.68282,4.68282,0.0689143,0.0689143,-3.35998,3.26252
37.63,4.75729,4.75729,0.0528624,0.0528624,-3.40129,3.32653
37.64,4.82204,4.82204,0.0388423,0.0388423,-3.43716,3.38223
37.65,4.87692,4.87692,0.0269116,0.0269116,-3.46753,3.42947
37.66,4.92182,4.92182,0.0171197,0.0171197,-3.49235,3.46814
37.67,4.95663,4.95663,0.00950679,0.00950679,-3.51159,3.49815
37.68,4.98129,4.98129,0.00410408,0.00410408,-3.52521,3.5194
37.69,4.99575,4.99575,0.000933774,0.000933774,-3.53319,3.53187
37.7,4.99996,4.99996,8.87423e-06,8.87423e-06,-3.53551,3.5355
37.71,4.99393,4.99393,0.00133317,0.00133317,-3.53218,3.5303
37.72,4.97766,4.97766,0.00490123,0.00490123,-3.5232,3.51627
37.73,4.95119,4.95119,0.0106984,0.0106984,-3.50858,3.49345
37.74,4.91457,4.91457,0.018701,0.018701,-3.48835,3.46191
37.75,4.8679,4.8679,0.028876,0.028876,-3.46254,3.4217
37.76,4.81126,4.81126,0.0411816,0.0411816,-3.43119,3.37295
37.77,4.74477,4.74477,0.0555672,0.0555672,-3.39435,3.31577
37.78,4.66859,4.66859,0.0719732,0.0719732,-3.35208,3.2503
37.79,4.58287,4.58287,0.0903319,0.0903319,-3.30445,3.1767
37.8,4.48779,4.48779,0.110567,0.110567,-3.25153,3.09517
37.81,4.38357,4.38357,0.132594,0.132594,-3.19341,3.00589
37.82,4.27042,4.27042,0.156322,0.156322,-3.13018,2.90911
37.83,4.14859,4.14859,0.18165,0.18165,-3.06194,2.80505
37.84,4.01834,4.01834,0.208472,0.208472,-2.98881,2.69398
37.85,3.87995,3.87995,0.236674,0.236674,-2.91089,2.57618
37.86,3.73371,3.73371,0.266137,0.266137,-2.82832,2.45194
37.87,3.57994,3.57994,0.296734,0.296734,-2.74122,2.32157
37.88,3.41896,3.41896,0.328333,0.328333,-2.64974,2.1854
37.89,3.25112,3.25112,0.360797,0.360797,-2.55401,2.04377
37.9,3.07679,3.07679,0.393984,0.393984,-2.4542,1.89703
37.91,2.89632,2.89632,0.427748,0.427748,-2.35047,1.74554
37.92,2.71011,2.71011,0.461937,0.461937,-2.24297,1.5897
37.93,2.51855,2.51855,0.4964,0.4964,-2.13189,1.42988
37.94,2.32205,2.32205,0.530977,0.530977,-2.0174,1.26648
37.95,2.12104,2.12104,0.565511,0.565511,-1.89968,1.09992
37.96,1.91593,1.91593,0.59984,0.59984,-1.77892,0.930614
37.97,1.70716,1.70716,0.633801,0.633801,-1.65531,0.758979
37.98,1.49518,1.49518,0.667232,0.667232,-1.52905,0.585447
37.99,1.28043,1.28043,0.699967,0.699967,-1.40035,0.410451
38,1.06338,1.06338,0.731844,0.731844,-1.26941,0.23443
38.01,0.844473,0.844473,0.762699,0.762699,-1.13644,0.057823
38.02,0.62418,0.62418,0.79237,0.79237,-1.00165,-0.118929
38.03,0.402964,0.402964,0.820698,0.820698,-0.86526,-0.295383
38.04,0.181291,0.181291,0.847526,0.847526,-0.727483,-0.471099
38.05,-0.040372,-0.040372,0.872698,0.872698,-0.588543,-0.645638
38.06,-0.26156,-0.26156,0.896063,0.896063,-0.448661,-0.818563
38.07,-0.481808,-0.481808,0.917473,0.917473,-0.308062,-0.989442
38.08,-0.700656,-0.700656,0.936787,0.936787,-0.16697,-1.15785
38.09,-0.917647,-0.917647,0.953865,0.953865,-0.0256101,-1.32336
38.1,-1.13233,-1.13233,0.968576,0.968576,0.11579,-1.48556
38.11,-1.34425,-1.34425,0.980791,0.980791,0.257005,-1.64405
38.12,-1.55298,-1.55298,0.990392,0.990392,0.39781,-1.79844
38.13,-1.75808,-1.75808,0.997265,0.997265,0.537977,-1.94832
38.14,-1.95913,-1.95913,1.0013,1.0013,0.677284,-2.09334
38.15,-2.15571,-2.15571,1.00241,1.00241,0.815508,-2.23312
38.16,-2.34742,-2.34742,1.00049,1.00049,0.952426,-2.36733
38.17,-2.53387,-2.53387,0.995458,0.995458,1.08782,-2.49561
38.18,-2.71468,-2.71468,0.987251,0.987251,1.22148,-2.61766
38.19,-2.88948,-2.88948,0.975799,0.975799,1.35318,-2.73317
38.2,-3.05792,-3.05792,0.961047,0.961047,1.48271,-2.84184
38.21,-3.21966,-3.21966,0.94295,0.94295,1.60988,-2.94341
38.22,-3.37438,-3.37438,0.921471,0.921471,1.73447,-3.03762
38.23,-3.52176,-3.52176,0.896587,0.896587,1.85628,-3.12424
38.24,-3.66153,-3.66153,0.86828,0.86828,1.97512,-3.20306
38.25,-3.79339,-3.79339,0.836546,0.836546,2.09081,-3.27386
38.26,-3.91711,-3.91711,0.801391,0.801391,2.20315,-3.33649
38.27,-4.03244,-4.03244,0.762832,0.762832,2.31196,-3.39077
38.28,-4.13916,-4.13916,0.720895,0.720895,2.41708,-3.43658
38.29,-4.23707,-4.23707,0.675619,0.675619,2.51833,-3.4738
38.3,-4.326,-4.326,0.627052,0.627052,2.61555,-3.50233
38.31,-4.40577,-4.40577,0.575253,0.575253,2.70858,-3.52212
38.32,-4.47626,-4.47626,0.520294,0.520294,2.79729,-3.53309
38.33,-4.53733,-4.53733,0.462254,0.462254,2.88152,-3.53524
38.34,-4.5889,-4.5889,0.401226,0.401226,2.96113,-3.52855
38.35,-4.63089,-4.63089,0.337312,0.337312,3.03602,-3.51305
38.36,-4.66323,-4.66323,0.270622,0.270622,3.10604,-3.48876
38.37,-4.68589,-4.68589,0.201281,0.201281,3.17109,-3.45575
38.38,-4.69885,-4.69885,0.129419,0.129419,3.23108,-3.4141
38.39,-4.70213,-4.70213,0.0551775,0.0551775,3.28589,-3.36392
38.4,-4.69574,-4.69574,-0.0212919,-0.0212919,3.33545,-3.30533
38.41,-4.67974,-4.67974,-0.0998301,-0.0998301,3.37967,-3.23848
38.42,-4.65419,-4.65419,-0.180269,-0.180269,3.41848,-3.16354
38.43,-4.61918,-4.61918,-0.262432,-0.262432,3.45182,-3.08069
38.44,-4.57483,-4.57483,-0.346135,-0.346135,3.47965,-2.99014
38.45,-4.52125,-4.52125,-0.431186,-0.431186,3.5019,-2.89211
38.46,-4.4586,-4.4586,-0.517388,-0.517388,3.51856,-2.78686
38.47,-4.38705,-4.38705,-0.604535,-0.604535,3.52958,-2.67464
38.48,-4.30677,-4.30677,-0.692416,-0.692416,3.53496,-2.55573
38.49,-4.21798,-4.21798,-0.780815,-0.780815,3.53468,-2.43044
38.5,-4.12089,-4.12089,-0.869512,-0.869512,3.52875,-2.29907
38.51,-4.01575,-4.01575,-0.95828,-0.95828,3.51717,-2.16196
38.52,-3.90281,-3.90281,-1.04689,-1.04689,3.49997,-2.01944
38.53,-3.78234,-3.78234,-1.13511,-1.13511,3.47717,-1.87188
38.54,-3.65463,-3.65463,-1.22271,-1.22271,3.4488,-1.71963
38.55,-3.51998,-3.51998,-1.30944,-1.30944,3.41492,-1.56309
38.56,-3.37871,-3.37871,-1.39507,-1.39507,3.37557,-1.40264
38.57,-3.23113,-3.23113,-1.47937,-1.47937,3.33082,-1.23869
38.58,-3.0776,-3.0776,-1.56208,-1.56208,3.28075,-1.07163
38.59,-2.91846,-2.91846,-1.64298,-1.64298,3.22543,-0.901905
38.6,-2.75408,-2.75408,-1.72182,-1.72182,3.16494,-0.729921
38.61,-2.58483,-2.58483,-1.79837,-1.79837,3.09939,-0.556112
38.62,-2.4111,-2.4111,-1.8724,-1.8724,3.02889,-0.380914
38.63,-2.23326,-2.23326,-1.94368,-1.94368,2.95354,-0.204763
38.64,-2.05172,-2.05172,-2.01197,-2.01197,2.87346,-0.0281008
38.65,-1.86687,-1.86687,-2.07707,-2.07707,2.78879,0.148632
38.66,-1.67914,-1.67914,-2.13875,-2.13875,2.69966,0.324993
38.67,-1.48893,-1.48893,-2.1968,-2.1968,2.6062,0.500542
38.68,-1.29665,-1.29665,-2.25102,-2.25102,2.50858,0.674839
38.69,-1.10273,-1.10273,-2.3012,-2.3012,2.40695,0.84745
38.7,-0.907583,-0.907583,-2.34717,-2.34717,2.30146,1.01794
38.71,-0.711632,-0.711632,-2.38874,-2.38874,2.19229,1.18589
38.72,-0.515297,-0.515297,-2.42572,-2.42572,2.07962,1.35088
38.73,-0.318997,-0.318997,-2.45797,-2.45797,1.96361,1.51248
38.74,-0.123149,-0.123149,-2.48533,-2.48533,1.84447,1.67031
38.75,0.0718335,0.0718335,-2.50764,-2.50764,1.72238,1.82396
38.76,0.265541,0.265541,-2.52478,-2.52478,1.59753,1.97306
38.77,0.457568,0.457568,-2.53663,-2.53663,1.47012,2.11722
38.78,0.647516,0.647516,-2.54308,-2.54308,1.34036,2.25609
38.79,0.834993,0.834993,-2.54402,-2.54402,1.20846,2.38932
38.8,1.01961,1.01961,-2.53937,-2.53937,1.07463,2.51658
38.81,1.201,1.201,-2.52905,-2.52905,0.939072,2.63755
38.82,1.37879,1.37879,-2.51301,-2.51301,0.802016,2.75192
38.83,1.55263,1.55263,-2.49121,-2.49121,0.663676,2.85942
38.84,1.72216,1.72216,-2.46359,-2.46359,0.524275,2.95977
38.85,1.88705,1.88705,-2.43016,-2.43016,0.384035,3.05273
38.86,2.04698,2.04698,-2.39089,-2.39089,0.243181,3.13805
38.87,2.20164,2.20164,-2.3458,-2.3458,0.101938,3.21553
38.88,2.35073,2.35073,-2.29492,-2.29492,-0.0394686,3.28497
38.89,2.49397,2.49397,-2.23827,-2.23827,-0.180812,3.3462
38.9,2.6311,2.6311,-2.17591,-2.17591,-0.321866,3.39907
38.91,2.76185,2.76185,-2.10791,-2.10791,-0.462405,3.44344
38.92,2.88599,2.88599,-2.03435,-2.03435,-0.602204,3.4792
38.93,3.0033,3.0033,-1.95532,-1.95532,-0.74104,3.50627
38.94,3.11358,3.11358,-1.87092,-1.87092,-0.878691,3.52458
38.95,3.21663,3.21663,-1.7813,-1.7813,-1.01494,3.53407
38.96,3.31229,3.31229,-1.68658,-1.68658,-1.14956,3.53474
38.97,3.40041,3.40041,-1.58691,-1.58691,-1.28234,3.52656
38.98,3.48083,3.48083,-1.48245,-1.48245,-1.41307,3.50957
38.99,3.55346,3.55346,-1.3734,-1.3734,-1.54154,3.48381
39,3.61819,3.61819,-1.25993,-1.25993,-1.66754,3.44935
39.01,3.67493,3.67493,-1.14225,-1.14225,-1.79088,3.40626
39.02,3.72363,3.72363,-1.02057,-1.02057,-1.91135,3.35466
39.03,3.76423,3.76423,-0.895129,-0.895129,-2.02876,3.29467
39.04,3.79672,3.79672,-0.76616,-0.76616,-2.14293,3.22644
39.05,3.82108,3.82108,-0.633912,-0.633912,-2.25367,3.15016
39.06,3.83733,3.83733,-0.498646,-0.498646,-2.3608,3.066
39.07,3.84548,3.84548,-0.360632,-0.360632,-2.46416,2.97417
39.08,3.84559,3.84559,-0.220148,-0.220148,-2.56358,2.87491
39.09,3.83772,3.83772,-0.0774838,-0.0774838,-2.65889,2.76847
39.1,3.82195,3.82195,0.0670658,0.0670658,-2.74995,2.65511
39.11,3.79838,3.79838,0.213197,0.213197,-2.83661,2.53511
39.12,3.76711,3.76711,0.360601,0.360601,-2.91874,2.40877
39.13,3.72829,3.72829,0.508959,0.508959,-2.99619,2.27641
39.14,3.68206,3.68206,0.657952,0.657952,-3.06885,2.13836
39.15,3.62857,3.62857,0.807253,0.807253,-3.1366,1.99497
39.16,3.56801,3.56801,0.956531,0.956531,-3.19933,1.84659
39.17,3.50057,3.50057,1.10545,1.10545,-3.25695,1.6936
39.18,3.42645,3.42645,1.25369,1.25369,-3.30935,1.53637
39.19,3.34587,3.34587,1.40089,1.40089,-3.35646,1.37531
39.2,3.25906,3.25906,1.54673,1.54673,-3.3982,1.2108
39.21,3.16627,3.16627,1.69086,1.69086,-3.43451,1.04327
39.22,3.06775,3.06775,1.83295,1.83295,-3.46532,0.873132
39.23,2.96376,2.96376,1.97267,1.97267,-3.49058,0.700811
39.24,2.85459,2.85459,2.10967,2.10967,-3.51026,0.526738
39.25,2.74052,2.74052,2.24364,2.24364,-3.52433,0.351349
39.26,2.62184,2.62184,2.37424,2.37424,-3.53276,0.175082
39.27,2.49885,2.49885,2.50115,2.50115,-3.53553,-0.00162334
39.28,2.37187,2.37187,2.62406,2.62406,-3.53265,-0.178324
39.29,2.24121,2.24121,2.74266,2.74266,-3.52412,-0.35458
39.3,2.10718,2.10718,2.85664,2.85664,-3.50995,-0.529949
39.31,1.97012,1.97012,2.96572,2.96572,-3.49017,-0.703993
39.32,1.83036,1.83036,3.06961,3.06961,-3.4648,-0.876278
39.33,1.68823,1.68823,3.16802,3.16802,-3.43389,-1.04637
39.34,1.54406,1.54406,3.26071,3.26071,-3.39748,-1.21385
39.35,1.3982,1.3982,3.3474,3.3474,-3.35565,-1.3783
39.36,1.25097,1.25097,3.42787,3.42787,-3.30844,-1.5393
39.37,1.10272,1.10272,3.50187,3.50187,-3.25594,-1.69645
39.38,0.953791,0.953791,3.56918,3.56918,-3.19823,-1.84936
39.39,0.80451,0.80451,3.62962,3.62962,-3.1354,-1.99765
39.4,0.655212,0.655212,3.68297,3.68297,-3.06756,-2.14095
39.41,0.506228,0.506228,3.72907,3.72907,-2.99481,-2.27889
39.42,0.357884,0.357884,3.76776,3.76776,-2.91727,-2.41114
39.43,0.210501,0.210501,3.79888,3.79888,-2.83506,-2.53737
39.44,0.0643959,0.0643959,3.82231,3.82231,-2.74832,-2.65725
39.45,-0.0801219,-0.0801219,3.83794,3.83794,-2.65718,-2.77049
39.46,-0.222749,-0.222749,3.84566,3.84566,-2.56179,-2.8768
39.47,-0.36319,-0.36319,3.84541,3.84541,-2.4623,-2.97593
39.48,-0.501156,-0.501156,3.8371,3.8371,-2.35887,-3.06761
39.49,-0.636369,-0.636369,3.82071,3.82071,-2.25167,-3.15163
39.5,-0.768559,-0.768559,3.7962,3.7962,-2.14086,-3.22777
39.51,-0.897466,-0.897466,3.76356,3.76356,-2.02664,-3.29584
39.52,-1.02284,-1.02284,3.72281,3.72281,-1.90916,-3.35568
39.53,-1.14444,-1.14444,3.67396,3.67396,-1.78864,-3.40713
39.54,-1.26205,-1.26205,3.61707,3.61707,-1.66525,-3.45006
39.55,-1.37544,-1.37544,3.5522,3.5522,-1.5392,-3.48437
39.56,-1.48441,-1.48441,3.47943,3.47943,-1.41069,-3.50997
39.57,-1.58878,-1.58878,3.39886,3.39886,-1.27992,-3.52679
39.58,-1.68836,-1.68836,3.31061,3.31061,-1.1471,-3.5348
39.59,-1.78299,-1.78299,3.21481,3.21481,-1.01245,-3.53398
39.6,-1.87252,-1.87252,3.11162,3.11162,-0.876175,-3.52432
39.61,-1.95682,-1.95682,3.00121,3.00121,-0.7385,-3.50586
39.62,-2.03575,-2.03575,2.88377,2.88377,-0.599645,-3.47863
39.63,-2.10921,-2.10921,2.75951,2.75951,-0.45983,-3.4427
39.64,-2.17711,-2.17711,2.62864,2.62864,-0.319279,-3.39817
39.65,-2.23936,-2.23936,2.4914,2.4914,-0.178218,-3.34515
39.66,-2.2959,-2.2959,2.34805,2.34805,-0.0368714,-3.28377
39.67,-2.34668,-2.34668,2.19885,2.19885,0.104534,-3.21418
39.68,-2.39166,-2.39166,2.04409,2.04409,0.245772,-3.13655
39.69,-2.43082,-2.43082,1.88406,1.88406,0.386617,-3.05109
39.7,-2.46415,-2.46415,1.71908,1.71908,0.526844,-2.958
39.71,-2.49166,-2.49166,1.54947,1.54947,0.666227,-2.85751
39.72,-2.51336,-2.51336,1.37556,1.37556,0.804545,-2.74988
39.73,-2.52929,-2.52929,1.1977,1.1977,0.941576,-2.63538
39.74,-2.5395,-2.5395,1.01625,1.01625,1.0771,-2.5143
39.75,-2.54405,-2.54405,0.831574,0.831574,1.2109,-2.38693
39.76,-2.54301,-2.54301,0.644048,0.644048,1.34277,-2.25359
39.77,-2.53646,-2.53646,0.454059,0.454059,1.47248,-2.11462
39.78,-2.52452,-2.52452,0.261997,0.261997,1.59984,-1.97036
39.79,-2.50728,-2.50728,0.0682627,0.0682627,1.72464,-1.82118
39.8,-2.48487,-2.48487,-0.126739,-0.126739,1.84669,-1.66745
39.81,-2.45742,-2.45742,-0.322599,-0.322599,1.96577,-1.50955
39.82,-2.42509,-2.42509,-0.518904,-0.518904,2.08172,-1.34787
39.83,-2.38801,-2.38801,-0.715235,-0.715235,2.19433,-1.18283
39.84,-2.34637,-2.34637,-0.911175,-0.911175,2.30343,-1.01483
39.85,-2.30032,-2.30032,-1.1063,-1.1063,2.40885,-0.844298
39.86,-2.25006,-2.25006,-1.3002,-1.3002,2.51041,-0.671652
39.87,-2.19577,-2.19577,-1.49244,-1.49244,2.60796,-0.497327
39.88,-2.13765,-2.13765,-1.68261,-1.68261,2.70133,-0.32176
39.89,-2.07591,-2.07591,-1.8703,-1.8703,2.79039,-0.145388
39.9,-2.01075,-2.01075,-2.05508,-2.05508,2.87498,0.0313474
39.91,-1.9424,-1.9424,-2.23656,-2.23656,2.95497,0.208004
39.92,-1.87107,-1.87107,-2.41432,-2.41432,3.03023,0.384141
39.93,-1.79699,-1.79699,-2.58798,-2.58798,3.10064,0.559318
39.94,-1.72039,-1.72039,-2.75715,-2.75715,3.1661,0.733097
39.95,-1.64151,-1.64151,-2.92143,-2.92143,3.22649,0.905044
39.96,-1.56058,-1.56058,-3.08047,-3.08047,3.28172,1.07473
39.97,-1.47783,-1.47783,-3.2339,-3.2339,3.33169,1.24173
39.98,-1.39351,-1.39351,-3.38136,-3.38136,3.37634,1.40562
39.99,-1.30786,-1.30786,-3.52252,-3.52252,3.41559,1.566
40,-1.2211,-1.2211,-3.65704,-3.65704,3.44937,1.72247
40.01,-1.1335,-1.1335,-3.78462,-3.78462,3.47763,1.87463
40.02,-1.04527,-1.04527,-3.90496,-3.90496,3.50034,2.02211
40.03,-0.95665,-0.95665,-4.01776,-4.01776,3.51744,2.16453
40.04,-0.867881,-0.867881,-4.12275,-4.12275,3.52891,2.30154
40.05,-0.779188,-0.779188,-4.21969,-4.21969,3.53474,2.4328
40.06,-0.690797,-0.690797,-4.30832,-4.30832,3.53491,2.55798
40.07,-0.602927,-0.602927,-4.38844,-4.38844,3.52943,2.67676
40.08,-0.515795,-0.515795,-4.45983,-4.45983,3.5183,2.78886
40.09,-0.429613,-0.429613,-4.52232,-4.52232,3.50154,2.89398
40.1,-0.344585,-0.344585,-4.57573,-4.57573,3.47919,2.99187
40.11,-0.260908,-0.260908,-4.61991,-4.61991,3.45126,3.08228
40.12,-0.178775,-0.178775,-4.65475,-4.65475,3.41782,3.16499
40.13,-0.09837,-0.09837,-4.68012,-4.68012,3.3789,3.23979
40.14,-0.0198683,-0.0198683,-4.69594,-4.69594,3.33458,3.30649
40.15,0.0565616,0.0565616,-4.70215,-4.70215,3.28493,3.36492
40.16,0.13076,0.13076,-4.6987,-4.6987,3.23002,3.41494
40.17,0.202577,0.202577,-4.68556,-4.68556,3.16994,3.45643
40.18,0.271872,0.271872,-4.66272,-4.66272,3.1048,3.48928
40.19,0.338511,0.338511,-4.6302,-4.6302,3.03468,3.51341
40.2,0.402374,0.402374,-4.58804,-4.58804,2.95971,3.52876
40.21,0.463348,0.463348,-4.5363,-4.5363,2.88001,3.53528
40.22,0.521331,0.521331,-4.47505,-4.47505,2.7957,3.53297
40.23,0.576233,0.576233,-4.40439,-4.40439,2.70691,3.52183
40.24,0.627973,0.627973,-4.32444,-4.32444,2.6138,3.50189
40.25,0.67648,0.67648,-4.23535,-4.23535,2.5165,3.47319
40.26,0.721696,0.721696,-4.13728,-4.13728,2.41518,3.43581
40.27,0.763571,0.763571,-4.0304,-4.0304,2.31,3.38985
40.28,0.802068,0.802068,-3.91491,-3.91491,2.20112,3.33541
40.29,0.83716,0.83716,-3.79105,-3.79105,2.08871,3.27264
40.3,0.868831,0.868831,-3.65903,-3.65903,1.97297,3.20168
40.31,0.897074,0.897074,-3.51912,-3.51912,1.85407,3.12272
40.32,0.921897,0.921897,-3.3716,-3.3716,1.7322,3.03596
40.33,0.943313,0.943313,-3.21675,-3.21675,1.60756,2.94161
40.34,0.961348,0.961348,-3.05489,-3.05489,1.48035,2.83991
40.35,0.976039,0.976039,-2.88633,-2.88633,1.35078,2.7311
40.36,0.987431,0.987431,-2.71141,-2.71141,1.21904,2.61548
40.37,0.995579,0.995579,-2.5305,-2.5305,1.08535,2.49331
40.38,1.00055,1.00055,-2.34394,-2.34394,0.949925,2.36491
40.39,1.00241,1.00241,-2.15214,-2.15214,0.81298,2.23061
40.4,1.00125,1.00125,-1.95547,-1.95547,0.674735,2.09072
40.41,0.997164,0.997164,-1.75435,-1.75435,0.53541,1.94561
40.42,0.99024,0.99024,-1.54918,-1.54918,0.395229,1.79564
40.43,0.98059,0.98059,-1.34039,-1.34039,0.254415,1.64118
40.44,0.968328,0.968328,-1.12841,-1.12841,0.113194,1.48262
40.45,0.953573,0.953573,-0.913681,-0.913681,-0.0282074,1.32035
40.46,0.936452,0.936452,-0.696652,-0.696652,-0.169564,1.15478
40.47,0.917099,0.917099,-0.477774,-0.477774,-0.310649,0.986324
40.48,0.895651,0.895651,-0.257504,-0.257504,-0.451238,0.815404
40.49,0.872251,0.872251,-0.0363038,-0.0363038,-0.591104,0.642445
40.5,0.847048,0.847048,0.185364,0.185364,-0.730025,0.467881
40.51,0.820191,0.820191,0.407032,0.407032,-0.867778,0.292148
40.52,0.791837,0.791837,0.628235,0.628235,-1.00414,0.115684
40.53,0.762142,0.762142,0.848507,0.848507,-1.1389,-0.0610692
40.54,0.731267,0.731267,1.06738,1.06738,-1.27184,-0.23767
40.55,0.699373,0.699373,1.2844,1.2844,-1.40274,-0.413676
40.56,0.666623,0.666623,1.4991,1.4991,-1.5314,-0.588648
40.57,0.633182,0.633182,1.71102,1.71102,-1.6576,-0.762149
40.58,0.599212,0.599212,1.91973,1.91973,-1.78116,-0.933745
40.59,0.564878,0.564878,2.12477,2.12477,-1.90187,-1.10301
40.6,0.530342,0.530342,2.3257,2.3257,-2.01953,-1.26951
40.61,0.495765,0.495765,2.52211,2.52211,-2.13396,-1.43284
40.62,0.461307,0.461307,2.71358,2.71358,-2.24498,-1.5926
40.63,0.427123,0.427123,2.89969,2.89969,-2.35241,-1.74837
40.64,0.393369,0.393369,3.08004,3.08004,-2.45607,-1.89977
40.65,0.360194,0.360194,3.25427,3.25427,-2.55581,-2.04642
40.66,0.327744,0.327744,3.42198,3.42198,-2.65145,-2.18795
40.67,0.296163,0.296163,3.58283,3.58283,-2.74286,-2.32402
40.68,0.265585,0.265585,3.73646,3.73646,-2.82988,-2.45428
40.69,0.236145,0.236145,3.88256,3.88256,-2.91236,-2.57841
40.7,0.207967,0.207967,4.02081,4.02081,-2.9902,-2.69609
40.71,0.181171,0.181171,4.15091,4.15091,-3.06324,-2.80703
40.72,0.155871,0.155871,4.27258,4.27258,-3.13139,-2.91095
40.73,0.132174,0.132174,4.38556,4.38556,-3.19452,-3.0076
40.74,0.110179,0.110179,4.48962,4.48962,-3.25255,-3.09673
40.75,0.0899776,0.0899776,4.58452,4.58452,-3.30537,-3.17812
40.76,0.0716541,0.0716541,4.67007,4.67007,-3.35291,-3.25157
40.77,0.0552846,0.0552846,4.74608,4.74608,-3.39508,-3.31689
40.78,0.0409367,0.0409367,4.81238,4.81238,-3.43182,-3.37392
40.79,0.0286698,0.0286698,4.86884,4.86884,-3.46307,-3.42252
40.8,0.0185343,0.0185343,4.91534,4.91534,-3.48877,-3.46256
40.81,0.010572,0.010572,4.95176,4.95176,-3.5089,-3.49395
40.82,0.00481555,0.00481555,4.97805,4.97805,-3.52342,-3.51661
40.83,0.00128859,0.00128859,4.99413,4.99413,-3.53229,-3.53047
40.84,5.58356e-06,5.58356e-06,4.99997,4.99997,-3.53552,-3.53551
40.85,0.000971785,0.000971785,4.99557,4.99557,-3.53309,-3.53172
40.86,0.00418323,0.00418323,4.98093,4.98093,-3.52501,-3.51909
40.87,0.00962676,0.00962676,4.95608,4.95608,-3.51129,-3.49767
40.88,0.01728,0.01728,4.92108,4.92108,-3.49195,-3.46751
40.89,0.0271116,0.0271116,4.876,4.876,-3.46702,-3.42868
40.9,0.0390811,0.0390811,4.82094,4.82094,-3.43655,-3.38128
40.91,0.0531391,0.0531391,4.75601,4.75601,-3.40058,-3.32543
40.92,0.0692277,0.0692277,4.68136,4.68136,-3.35917,-3.26127
40.93,0.0872803,0.0872803,4.59715,4.59715,-3.31239,-3.18896
40.94,0.107222,0.107222,4.50355,4.50355,-3.26031,-3.10867
40.95,0.12897,0.12897,4.40077,4.40077,-3.20301,-3.02062
40.96,0.152433,0.152433,4.28903,4.28903,-3.14059,-2.92502
40.97,0.177513,0.177513,4.16857,4.16857,-3.07314,-2.8221
40.98,0.204105,0.204105,4.03964,4.03964,-3.00078,-2.71213
40.99,0.232095,0.232095,3.90252,3.90252,-2.92362,-2.59538
41,0.261366,0.261366,3.75751,3.75751,-2.84178,-2.47215
41.01,0.29179,0.29179,3.60492,3.60492,-2.75539,-2.34273
41.02,0.323239,0.323239,3.44507,3.44507,-2.66459,-2.20746
41.03,0.355574,0.355574,3.2783,3.2783,-2.56954,-2.06668
41.04,0.388656,0.388656,3.10497,3.10497,-2.47037,-1.92072
41.05,0.422338,0.422338,2.92546,2.92546,-2.36725,-1.76997
41.06,0.45647,0.45647,2.74013,2.74013,-2.26034,-1.61479
41.07,0.490899,0.490899,2.5494,2.5494,-2.14982,-1.45558
41.08,0.525469,0.525469,2.35366,2.35366,-2.03585,-1.29273
41.09,0.560021,0.560021,2.15334,2.15334,-1.91863,-1.12664
41.1,0.594393,0.594393,1.94885,1.94885,-1.79834,-0.957745
41.11,0.628424,0.628424,1.74064,1.74064,-1.67518,-0.786452
41.12,0.66195,0.66195,1.52914,1.52914,-1.54933,-0.613193
41.13,0.694807,0.694807,1.3148,1.3148,-1.42101,-0.438402
41.14,0.726831,0.726831,1.09808,1.09808,-1.29041,-0.262515
41.15,0.757859,0.757859,0.879442,0.879442,-1.15775,-0.0859715
41.16,0.78773,0.78773,0.659338,0.659338,-1.02323,0.0907867
41.17,0.816283,0.816283,0.438238,0.438238,-0.887081,0.267318
41.18,0.84336,0.84336,0.216607,0.216607,-0.74951,0.443181
41.19,0.868806,0.868806,-0.00508858,-0.00508858,-0.61074,0.617937
41.2,0.892469,0.892469,-0.226383,-0.226383,-0.470994,0.791148
41.21,0.9142,0.9142,-0.446812,-0.446812,-0.330493,0.962381
41.22,0.933857,0.933857,-0.665914,-0.665914,-0.189464,1.13121
41.23,0.9513,0.9513,-0.883231,-0.883231,-0.0481324,1.29721
41.24,0.966397,0.966397,-1.09831,-1.09831,0.0932767,1.45997
41.25,0.979018,0.979018,-1.3107,-1.3107,0.234536,1.61908
41.26,0.989043,0.989043,-1.51997,-1.51997,0.375421,1.77414
41.27,0.996357,0.996357,-1.72567,-1.72567,0.515705,1.92477
41.28,1.00085,1.00085,-1.92739,-1.92739,0.655164,2.07058
41.29,1.00243,1.00243,-2.12471,-2.12471,0.793575,2.21123
41.3,1.001,1.001,-2.31723,-2.31723,0.930716,2.34634
41.31,0.99647,0.99647,-2.50454,-2.50454,1.06637,2.47559
41.32,0.988774,0.988774,-2.68628,-2.68628,1.20032,2.59865
41.33,0.977842,0.977842,-2.86206,-2.86206,1.33234,2.71522
41.34,0.963619,0.963619,-3.03153,-3.03153,1.46224,2.825
41.35,0.946058,0.946058,-3.19436,-3.19436,1.58979,2.92772
41.36,0.92512,0.92512,-3.35022,-3.35022,1.7148,3.02312
41.37,0.900779,0.900779,-3.49879,-3.49879,1.83707,3.11097
41.38,0.873017,0.873017,-3.63979,-3.63979,1.9564,3.19104
41.39,0.84183,0.84183,-3.77293,-3.77293,2.0726,3.26313
41.4,0.807219,0.807219,-3.89796,-3.89796,2.18549,3.32707
41.41,0.7692,0.7692,-4.01464,-4.01464,2.29487,3.38269
41.42,0.727799,0.727799,-4.12275,-4.12275,2.40059,3.42985
41.43,0.683052,0.683052,-4.22208,-4.22208,2.50247,3.46845
41.44,0.635005,0.635005,-4.31244,-4.31244,2.60034,3.49837
41.45,0.583717,0.583717,-4.39368,-4.39368,2.69405,3.51955
41.46,0.529255,0.529255,-4.46566,-4.46566,2.78346,3.53194
41.47,0.471701,0.471701,-4.52824,-4.52824,2.86841,3.53549
41.48,0.411142,0.411142,-4.58133,-4.58133,2.94877,3.53021
41.49,0.34768,0.34768,-4.62484,-4.62484,3.02441,3.5161
41.5,0.281425,0.281425,-4.65872,-4.65872,3.09522,3.49321
41.51,0.212497,0.212497,-4.68293,-4.68293,3.16107,3.46159
41.52,0.141027,0.141027,-4.69743,-4.69743,3.22187,3.42131
41.53,0.0671548,0.0671548,-4.70225,-4.70225,3.27751,3.37248
41.54,-0.00897026,-0.00897026,-4.6974,-4.6974,3.32791,3.31522
41.55,-0.08719,-0.08719,-4.68293,-4.68293,3.37298,3.24968
41.56,-0.167338,-0.167338,-4.6589,-4.6589,3.41266,3.17601
41.57,-0.249238,-0.249238,-4.62539,-4.62539,3.44688,3.09441
41.58,-0.332708,-0.332708,-4.58251,-4.58251,3.47559,3.00507
41.59,-0.417558,-0.417558,-4.5304,-4.5304,3.49873,2.90822
41.6,-0.50359,-0.50359,-4.46918,-4.46918,3.51628,2.8041
41.61,-0.5906,-0.5906,-4.39903,-4.39903,3.5282,2.69297
41.62,-0.678379,-0.678379,-4.32013,-4.32013,3.53448,2.57511
41.63,-0.766711,-0.766711,-4.23268,-4.23268,3.5351,2.45081
41.64,-0.855375,-0.855375,-4.1369,-4.1369,3.53007,2.32039
41.65,-0.944147,-0.944147,-4.03303,-4.03303,3.51939,2.18417
41.66,-1.0328,-1.0328,-3.92131,-3.92131,3.50308,2.04249
41.67,-1.1211,-1.1211,-3.80202,-3.80202,3.48117,1.8957
41.68,-1.20881,-1.20881,-3.67545,-3.67545,3.45369,1.74418
41.69,-1.29569,-1.29569,-3.54188,-3.54188,3.42068,1.58829
41.7,-1.38152,-1.38152,-3.40164,-3.40164,3.3822,1.42844
41.71,-1.46604,-1.46604,-3.25504,-3.25504,3.33831,1.26502
41.72,-1.54902,-1.54902,-3.10244,-3.10244,3.28908,1.09843
41.73,-1.63022,-1.63022,-2.94417,-2.94417,3.23458,0.929099
41.74,-1.70941,-1.70941,-2.7806,-2.7806,3.17492,0.757445
41.75,-1.78634,-1.78634,-2.6121,-2.6121,3.11017,0.583898
41.76,-1.86079,-1.86079,-2.43905,-2.43905,3.04045,0.408892
41.77,-1.93252,-1.93252,-2.26184,-2.26184,2.96586,0.232864
41.78,-2.00131,-2.00131,-2.08086,-2.08086,2.88653,0.0562531
41.79,-2.06693,-2.06693,-1.89652,-1.89652,2.80258,-0.120498
41.8,-2.12916,-2.12916,-1.70922,-1.70922,2.71415,-0.296948
41.81,-2.18781,-2.18781,-1.51937,-1.51937,2.62137,-0.472655
41.82,-2.24265,-2.24265,-1.32739,-1.32739,2.5244,-0.647181
41.83,-2.29349,-2.29349,-1.13371,-1.13371,2.42339,-0.82009
41.84,-2.34014,-2.34014,-0.938728,-0.938728,2.31851,-0.990949
41.85,-2.38242,-2.38242,-0.742877,-0.742877,2.20992,-1.15933
41.86,-2.42015,-2.42015,-0.546575,-0.546575,2.09779,-1.32481
41.87,-2.45316,-2.45316,-0.350241,-0.350241,1.9823,-1.48699
41.88,-2.4813,-2.4813,-0.154293,-0.154293,1.86365,-1.64544
41.89,-2.50443,-2.50443,0.0408544,0.0408544,1.74201,-1.79979
41.9,-2.5224,-2.5224,0.234792,0.234792,1.61759,-1.94963
41.91,-2.5351,-2.5351,0.427113,0.427113,1.49057,-2.0946
41.92,-2.54242,-2.54242,0.617419,0.617419,1.36118,-2.23434
41.93,-2.54424,-2.54424,0.805316,0.805316,1.2296,-2.36849
41.94,-2.54048,-2.54048,0.990417,0.990417,1.09606,-2.49672
41.95,-2.53108,-2.53108,1.17235,1.17235,0.960768,-2.61871
41.96,-2.51595,-2.51595,1.35073,1.35073,0.823936,-2.73416
41.97,-2.49507,-2.49507,1.52522,1.52522,0.685786,-2.84277
41.98,-2.46838,-2.46838,1.69546,1.69546,0.546539,-2.94428
41.99,-2.43587,-2.43587,1.86111,1.86111,0.406418,-3.03843
42,-2.39753,-2.39753,2.02185,2.02185,0.265646,-3.12498
42.01,-2.35337,-2.35337,2.17737,2.17737,0.12445,-3.20372
42.02,-2.30341,-2.30341,2.32737,2.32737,-0.0169459,-3.27445
42.03,-2.24767,-2.24767,2.47156,2.47156,-0.158314,-3.337
42.04,-2.18622,-2.18622,2.60968,2.60968,-0.29943,-3.39121
42.05,-2.11911,-2.11911,2.74146,2.74146,-0.440066,-3.43695
42.06,-2.04643,-2.04643,2.86667,2.86667,-0.579998,-3.47409
42.07,-1.96826,-1.96826,2.98509,2.98509,-0.719002,-3.50255
42.08,-1.88472,-1.88472,3.0965,3.0965,-0.856856,-3.52225
42.09,-1.79592,-1.79592,3.20071,3.20071,-0.993339,-3.53315
42.1,-1.702,-1.702,3.29756,3.29756,-1.12823,-3.53522
42.11,-1.6031,-1.6031,3.38688,3.38688,-1.26132,-3.52845
42.12,-1.4994,-1.4994,3.46854,3.46854,-1.39239,-3.51287
42.13,-1.39107,-1.39107,3.54242,3.54242,-1.52124,-3.4885
42.14,-1.27829,-1.27829,3.60841,3.60841,-1.64765,-3.45542
42.15,-1.16126,-1.16126,3.66643,3.66643,-1.77142,-3.41369
42.16,-1.04021,-1.04021,3.71641,3.71641,-1.89236,-3.36344
42.17,-0.91535,-0.91535,3.75831,3.75831,-2.01028,-3.30478
42.18,-0.786926,-0.786926,3.79209,3.79209,-2.12497,-3.23785
42.19,-0.655183,-0.655183,3.81775,3.81775,-2.23627,-3.16284
42.2,-0.52038,-0.52038,3.83528,3.83528,-2.34399,-3.07992
42.21,-0.382785,-0.382785,3.84472,3.84472,-2.44796,-2.9893
42.22,-0.242676,-0.242676,3.84611,3.84611,-2.54801,-2.89121
42.23,-0.100339,-0.100339,3.83951,3.83951,-2.64399,-2.78589
42.24,0.0439303,0.0439303,3.82499,3.82499,-2.73574,-2.67361
42.25,0.18983,0.18983,3.80265,3.80265,-2.82311,-2.55465
42.26,0.337052,0.337052,3.7726,3.7726,-2.90597,-2.4293
42.27,0.48528,0.48528,3.73497,3.73497,-2.98417,-2.29788
42.28,0.634194,0.634194,3.68991,3.68991,-3.0576,-2.16072
42.29,0.783467,0.783467,3.63757,3.63757,-3.12614,-2.01815
42.3,0.932771,0.932771,3.57812,3.57812,-3.18968,-1.87054
42.31,1.08177,1.08177,3.51176,3.51176,-3.24812,-1.71826
42.32,1.23014,1.23014,3.43869,3.43869,-3.30136,-1.56168
42.33,1.37753,1.37753,3.35912,3.35912,-3.34932,-1.4012
42.34,1.5236,1.5236,3.27329,3.27329,-3.39192,-1.23722
42.35,1.66803,1.66803,3.18144,3.18144,-3.42909,-1.07014
42.36,1.81047,1.81047,3.08381,3.08381,-3.46078,-0.900386
42.37,1.95059,1.95059,2.98068,2.98068,-3.48693,-0.728384
42.38,2.08805,2.08805,2.87231,2.87231,-3.5075,-0.554562
42.39,2.22252,2.22252,2.759,2.759,-3.52247,-0.379353
42.4,2.35367,2.35367,2.64104,2.64104,-3.53179,-0.203196
42.41,2.48119,2.48119,2.51872,2.51872,-3.53547,-0.0265308
42.42,2.60476,2.60476,2.39235,2.39235,-3.53349,0.1502
42.43,2.72407,2.72407,2.26225,2.26225,-3.52586,0.326556
42.44,2.83881,2.83881,2.12874,2.12874,-3.51259,0.502096
42.45,2.94869,2.94869,1.99214,1.99214,-3.49369,0.67638
42.46,3.05342,3.05342,1.85279,1.85279,-3.46921,0.848974
42.47,3.15273,3.15273,1.71101,1.71101,-3.43918,1.01945
42.48,3.24634,3.24634,1.56715,1.56715,-3.40365,1.18737
42.49,3.33401,3.33401,1.42153,1.42153,-3.36267,1.35233
42.5,3.41548,3.41548,1.2745,1.2745,-3.31631,1.5139
42.51,3.49052,3.49052,1.12639,1.12639,-3.26465,1.67169
42.52,3.55892,3.55892,0.977543,0.977543,-3.20776,1.82531
42.53,3.62046,3.62046,0.828295,0.828295,-3.14575,1.97436
42.54,3.67495,3.67495,0.678977,0.678977,-3.07869,2.11848
42.55,3.72222,3.72222,0.529921,0.529921,-3.00672,2.2573
42.56,3.7621,3.7621,0.381454,0.381454,-2.92993,2.39048
42.57,3.79444,3.79444,0.233897,0.233897,-2.84846,2.51768
42.58,3.8191,3.8191,0.087567,0.087567,-2.76243,2.63859
42.59,3.83598,3.83598,-0.0572241,-0.0572241,-2.67198,2.75291
42.6,3.84497,3.84497,-0.200172,-0.200172,-2.57726,2.86034
42.61,3.84598,3.84598,-0.340981,-0.340981,-2.47841,2.96063
42.62,3.83897,3.83897,-0.47936,-0.47936,-2.3756,3.05352
42.63,3.82386,3.82386,-0.61503,-0.61503,-2.26899,3.13877
42.64,3.80065,3.80065,-0.747719,-0.747719,-2.15875,3.21618
42.65,3.7693,3.7693,-0.877166,-0.877166,-2.04505,3.28555
42.66,3.72984,3.72984,-1.00312,-1.00312,-1.92808,3.34671
42.67,3.68228,3.68228,-1.12534,-1.12534,-1.80803,3.3995
42.68,3.62667,3.62667,-1.24359,-1.24359,-1.68509,3.4438
42.69,3.56306,3.56306,-1.35767,-1.35767,-1.55945,3.47948
42.7,3.49154,3.49154,-1.46736,-1.46736,-1.43131,3.50647
42.71,3.41221,3.41221,-1.57247,-1.57247,-1.30089,3.5247
42.72,3.32517,3.32517,-1.67283,-1.67283,-1.16838,3.53412
42.73,3.23056,3.23056,-1.76826,-1.76826,-1.03401,3.5347
42.74,3.12854,3.12854,-1.85861,-1.85861,-0.897978,3.52645
42.75,3.01927,3.01927,-1.94375,-1.94375,-0.760512,3.50938
42.76,2.90294,2.90294,-2.02354,-2.02354,-0.62183,3.48355
42.77,2.77975,2.77975,-2.09788,-2.09788,-0.482153,3.449
42.78,2.64991,2.64991,-2.16667,-2.16667,-0.341704,3.40584
42.79,2.51367,2.51367,-2.22983,-2.22983,-0.200709,3.35416
42.8,2.37128,2.37128,-2.28728,-2.28728,-0.0593928,3.2941
42.81,2.22299,2.22299,-2.33898,-2.33898,0.0820184,3.2258
42.82,2.0691,2.0691,-2.38489,-2.38489,0.223298,3.14944
42.83,1.90989,1.90989,-2.42498,-2.42498,0.364221,3.06521
42.84,1.74568,1.74568,-2.45924,-2.45924,0.504561,2.97332
42.85,1.57678,1.57678,-2.48767,-2.48767,0.644094,2.874
42.86,1.40353,1.40353,-2.51029,-2.51029,0.782597,2.76749
42.87,1.22628,1.22628,-2.52714,-2.52714,0.919847,2.65407
42.88,1.04538,1.04538,-2.53826,-2.53826,1.05563,2.53401
42.89,0.861188,0.861188,-2.5437,-2.5437,1.18972,2.40762
42.9,0.67409,0.67409,-2.54354,-2.54354,1.3219,2.27521
42.91,0.484466,0.484466,-2.53787,-2.53787,1.45198,2.13711
42.92,0.292708,0.292708,-2.52678,-2.52678,1.57972,1.99368
42.93,0.0992133,0.0992133,-2.51037,-2.51037,1.70495,1.84526
42.94,-0.0956142,-0.0956142,-2.48878,-2.48878,1.82744,1.69222
42.95,-0.291365,-0.291365,-2.46213,-2.46213,1.94701,1.53496
42.96,-0.487627,-0.487627,-2.43056,-2.43056,2.06347,1.37386
42.97,-0.683982,-0.683982,-2.39423,-2.39423,2.17662,1.20933
42.98,-0.880012,-0.880012,-2.3533,-2.3533,2.2863,1.04177
42.99,-1.0753,-1.0753,-2.30794,-2.30794,2.39231,0.871611
43,-1.26942,-1.26942,-2.25834,-2.25834,2.4945,0.699272
43.01,-1.46195,-1.46195,-2.20468,-2.20468,2.5927,0.525186
43.02,-1.65248,-1.65248,-2.14715,-2.14715,2.68675,0.349787
43.03,-1.84059,-1.84059,-2.08597,-2.08597,2.7765,0.173514
43.04,-2.02586,-2.02586,-2.02135,-2.02135,2.86181,-0.00319339
43.05,-2.20789,-2.20789,-1.95349,-1.95349,2.94254,-0.179892
43.06,-2.38628,-2.38628,-1.88262,-1.88262,3.01856,-0.356142
43.07,-2.56062,-2.56062,-1.80896,-1.80896,3.08976,-0.531501
43.08,-2.73052,-2.73052,-1.73275,-1.73275,3.15601,-0.705532
43.09,-2.89561,-2.89561,-1.65422,-1.65422,3.21721,-0.877799
43.1,-3.05551,-3.05551,-1.57359,-1.57359,3.27327,-1.04787
43.11,-3.20985,-3.20985,-1.49112,-1.49112,3.32409,-1.21533
43.12,-3.35829,-3.35829,-1.40704,-1.40704,3.36959,-1.37974
43.13,-3.50047,-3.50047,-1.32158,-1.32158,3.4097,-1.54071
43.14,-3.63607,-3.63607,-1.23498,-1.23498,3.44436,-1.69783
43.15,-3.76478,-3.76478,-1.1475,-1.1475,3.4735,-1.8507
43.16,-3.88629,-3.88629,-1.05935,-1.05935,3.49709,-1.99895
43.17,-4.00031,-4.00031,-0.97078,-0.97078,3.51509,-2.1422
43.18,-4.10656,-4.10656,-0.88202,-0.88202,3.52746,-2.28009
43.19,-4.2048,-4.2048,-0.7933,-0.7933,3.53419,-2.41229
43.2,-4.29477,-4.29477,-0.704845,-0.704845,3.53526,-2.53846
43.21,-4.37626,-4.37626,-0.616878,-0.616878,3.53068,-2.65828
43.22,-4.44905,-4.44905,-0.529614,-0.529614,3.52045,-2.77146
43.23,-4.51297,-4.51297,-0.443267,-0.443267,3.50459,-2.87771
43.24,-4.56783,-4.56783,-0.358041,-0.358041,3.48312,-2.97677
43.25,-4.6135,-4.6135,-0.274137,-0.274137,3.45608,-3.06839
43.26,-4.64983,-4.64983,-0.191745,-0.191745,3.42351,-3.15234
43.27,-4.67672,-4.67672,-0.111053,-0.111053,3.38546,-3.22841
43.28,-4.69407,-4.69407,-0.0322365,-0.0322365,3.342,-3.29641
43.29,-4.70181,-4.70181,0.0445343,0.0445343,3.29319,-3.35617
43.3,-4.6999,-4.6999,0.119099,0.119099,3.23911,-3.40755
43.31,-4.6883,-4.6883,0.191305,0.191305,3.17986,-3.4504
43.32,-4.667,-4.667,0.26101,0.26101,3.11551,-3.48463
43.33,-4.63603,-4.63603,0.32808,0.32808,3.04618,-3.51015
43.34,-4.5954,-4.5954,0.392393,0.392393,2.97197,-3.5269
43.35,-4.54518,-4.54518,0.453834,0.453834,2.89302,-3.53483
43.36,-4.48543,-4.48543,0.512301,0.512301,2.80943,-3.53393
43.37,-4.41627,-4.41627,0.567699,0.567699,2.72135,-3.5242
43.38,-4.33779,-4.33779,0.619947,0.619947,2.62891,-3.50565
43.39,-4.25015,-4.25015,0.668974,0.668974,2.53227,-3.47835
43.4,-4.15349,-4.15349,0.714717,0.714717,2.43158,-3.44234
43.41,-4.048,-4.048,0.757127,0.757127,2.327,-3.39774
43.42,-3.93387,-3.93387,0.796164,0.796164,2.2187,-3.34464
43.43,-3.81133,-3.81133,0.8318,0.8318,2.10684,-3.28319
43.44,-3.68059,-3.68059,0.864016,0.864016,1.99162,-3.21352
43.45,-3.54192,-3.54192,0.892805,0.892805,1.87321,-3.13583
43.46,-3.39559,-3.39559,0.918172,0.918172,1.7518,-3.05029
43.47,-3.24189,-3.24189,0.940129,0.940129,1.62759,-2.95713
43.48,-3.08112,-3.08112,0.958701,0.958701,1.50078,-2.85659
43.49,-2.91361,-2.91361,0.973921,0.973921,1.37156,-2.7489
43.5,-2.73968,-2.73968,0.985835,0.985835,1.24016,-2.63434
43.51,-2.5597,-2.5597,0.994496,0.994496,1.10676,-2.51319
43.52,-2.37402,-2.37402,0.999967,0.999967,0.971601,-2.38577
43.53,-2.18302,-2.18302,1.00232,1.00232,0.834883,-2.25238
43.54,-1.9871,-1.9871,1.00164,1.00164,0.69683,-2.11336
43.55,-1.78666,-1.78666,0.998007,0.998007,0.557663,-1.96906
43.56,-1.58211,-1.58211,0.991528,0.991528,0.417603,-1.81984
43.57,-1.37387,-1.37387,0.982305,0.982305,0.276875,-1.66606
43.58,-1.16236,-1.16236,0.970451,0.970451,0.135704,-1.50813
43.59,-0.948046,-0.948046,0.956084,0.956084,-0.00568417,-1.34642
43.6,-0.731353,-0.731353,0.939332,0.939332,-0.147063,-1.18135
43.61,-0.512739,-0.512739,0.920325,0.920325,-0.288207,-1.01333
43.62,-0.29266,-0.29266,0.899201,0.899201,-0.428889,-0.842773
43.63,-0.0715767,-0.0715767,0.876103,0.876103,-0.568886,-0.67011
43.64,0.150047,0.150047,0.851176,0.851176,-0.707972,-0.495773
43.65,0.371747,0.371747,0.824573,0.824573,-0.845926,-0.320196
43.66,0.593056,0.593056,0.796447,0.796447,-0.982526,-0.143819
43.67,0.813507,0.813507,0.766955,0.766955,-1.11755,0.0329174
43.68,1.03264,1.03264,0.736257,0.736257,-1.2508,0.209572
43.69,1.24998,1.24998,0.704514,0.704514,-1.38204,0.385702
43.7,1.46508,1.46508,0.67189,0.67189,-1.51106,0.560868
43.71,1.67748,1.67748,0.638548,0.638548,-1.63768,0.734633
43.72,1.88672,1.88672,0.604651,0.604651,-1.76167,0.906561
43.73,2.09237,2.09237,0.570364,0.570364,-1.88284,1.07622
43.74,2.29399,2.29399,0.535849,0.535849,-2.001,1.2432
43.75,2.49115,2.49115,0.501268,0.501268,-2.11596,1.40706
43.76,2.68343,2.68343,0.46678,0.46678,-2.22754,1.56741
43.77,2.87042,2.87042,0.432543,0.432543,-2.33555,1.72384
43.78,3.05172,3.05172,0.39871,0.39871,-2.43982,1.87596
43.79,3.22694,3.22694,0.365433,0.365433,-2.54019,2.02339
43.8,3.39572,3.39572,0.332858,0.332858,-2.6365,2.16577
43.81,3.55768,3.55768,0.301129,0.301129,-2.72859,2.30273
43.82,3.71249,3.71249,0.270383,0.270383,-2.81632,2.43394
43.83,3.85981,3.85981,0.240752,0.240752,-2.89954,2.55906
43.84,3.99933,3.99933,0.212365,0.212365,-2.97812,2.67779
43.85,4.13074,4.13074,0.185341,0.185341,-3.05193,2.78982
43.86,4.25378,4.25378,0.159796,0.159796,-3.12087,2.89488
43.87,4.36816,4.36816,0.135837,0.135837,-3.18481,2.99271
43.88,4.47366,4.47366,0.113564,0.113564,-3.24365,3.08305
43.89,4.57003,4.57003,0.0930714,0.0930714,-3.29731,3.16569
43.9,4.65708,4.65708,0.0744435,0.0744435,-3.34569,3.24041
43.91,4.73462,4.73462,0.057758,0.057758,-3.38872,3.30704
43.92,4.80248,4.80248,0.0430839,0.0430839,-3.42633,3.3654
43.93,4.86052,4.86052,0.030482,0.030482,-3.45846,3.41535
43.94,4.9086,4.9086,0.020004,0.020004,-3.48505,3.45676
43.95,4.94664,4.94664,0.0116932,0.0116932,-3.50607,3.48953
43.96,4.97454,4.97454,0.00558359,0.00558359,-3.52148,3.51358
43.97,4.99225,4.99225,0.00170035,0.00170035,-3.53126,3.52885
43.98,4.99973,4.99973,5.93641e-05,5.93641e-05,-3.53538,3.5353
43.99,4.99696,4.99696,0.000667371,0.000667371,-3.53386,3.53291
44,4.98395,4.98395,0.00352187,0.00352187,-3.52667,3.52169
44.01,4.96072,4.96072,0.00861117,0.00861117,-3.51385,3.50167
44.02,4.92733,4.92733,0.0159144,0.0159144,-3.4954,3.4729
44.03,4.88385,4.88385,0.0254015,0.0254015,-3.47137,3.43544
44.04,4.83037,4.83037,0.0370336,0.0370336,-3.44178,3.3894
44.05,4.76701,4.76701,0.0507626,0.0507626,-3.40668,3.33489
44.06,4.6939,4.6939,0.0665321,0.0665321,-3.36613,3.27204
44.07,4.61119,4.61119,0.0842767,0.0842767,-3.3202,3.20101
44.08,4.51908,4.51908,0.103923,0.103923,-3.26896,3.12199
44.09,4.41775,4.41775,0.125389,0.125389,-3.21248,3.03516
44.1,4.30742,4.30742,0.148585,0.148585,-3.15087,2.94074
44.11,4.18833,4.18833,0.173415,0.173415,-3.08422,2.83897
44.12,4.06073,4.06073,0.199773,0.199773,-3.01263,2.73011
44.13,3.9249,3.9249,0.227549,0.227549,-2.93622,2.61442
44.14,3.78112,3.78112,0.256623,0.256623,-2.85512,2.4922
44.15,3.62971,3.62971,0.286873,0.286873,-2.76945,2.36375
44.16,3.471,3.471,0.318167,0.318167,-2.67934,2.22939
44.17,3.30531,3.30531,0.350371,0.350371,-2.58495,2.08946
44.18,3.133,3.133,0.383343,0.383343,-2.48643,1.9443
44.19,2.95444,2.95444,0.416939,0.416939,-2.38393,1.79429
44.2,2.77002,2.77002,0.45101,0.45101,-2.27761,1.63979
44.21,2.58012,2.58012,0.485402,0.485402,-2.16765,1.48119
44.22,2.38515,2.38515,0.51996,0.51996,-2.05423,1.31889
44.23,2.18553,2.18553,0.554526,0.554526,-1.93751,1.1533
44.24,1.98168,1.98168,0.588937,0.588937,-1.8177,0.984816
44.25,1.77403,1.77403,0.623033,0.623033,-1.69498,0.813876
44.26,1.56302,1.56302,0.656651,0.656651,-1.56955,0.640901
44.27,1.34911,1.34911,0.689625,0.689625,-1.4416,0.466325
44.28,1.13274,1.13274,0.721793,0.721793,-1.31135,0.290583
44.29,0.914373,0.914373,0.752991,0.752991,-1.179,0.114115
44.3,0.694472,0.694472,0.783057,0.783057,-1.04477,-0.062639
44.31,0.4735,0.4735,0.81183,0.81183,-0.908866,-0.239236
44.32,0.251922,0.251922,0.839153,0.839153,-0.771506,-0.415235
44.33,0.030205,0.030205,0.864869,0.864869,-0.632913,-0.590196
44.34,-0.191184,-0.191184,0.888825,0.888825,-0.493307,-0.763682
44.35,-0.411782,-0.411782,0.910874,0.910874,-0.352911,-0.93526
44.36,-0.631126,-0.631126,0.930871,0.930871,-0.211952,-1.1045
44.37,-0.848758,-0.848758,0.948676,0.948676,-0.0706527,-1.27098
44.38,-1.06422,-1.06422,0.964155,0.964155,0.0707592,-1.43428
44.39,-1.27707,-1.27707,0.977179,0.977179,0.212058,-1.594
44.4,-1.48687,-1.48687,0.987625,0.987625,0.353017,-1.74973
44.41,-1.69317,-1.69317,0.995378,0.995378,0.493412,-1.90109
44.42,-1.89555,-1.89555,1.00033,1.00033,0.633018,-2.0477
44.43,-2.0936,-2.0936,1.00238,1.00238,0.77161,-2.18919
44.44,-2.28691,-2.28691,1.00143,1.00143,0.908969,-2.3252
44.45,-2.47507,-2.47507,0.997401,0.997401,1.04487,-2.45541
44.46,-2.65772,-2.65772,0.990214,0.990214,1.17911,-2.57948
44.47,-2.83447,-2.83447,0.979802,0.979802,1.31145,-2.6971
44.48,-3.00498,-3.00498,0.966107,0.966107,1.4417,-2.80798
44.49,-3.16889,-3.16889,0.94908,0.94908,1.56964,-2.91184
44.5,-3.32588,-3.32588,0.928682,0.928682,1.69507,-3.00843
44.51,-3.47563,-3.47563,0.904884,0.904884,1.81779,-3.09749
44.52,-3.61785,-3.61785,0.877668,0.877668,1.9376,-3.17881
44.53,-3.75226,-3.75226,0.847026,0.847026,2.05431,-3.25219
44.54,-3.8786,-3.8786,0.81296,0.81296,2.16774,-3.31744
44.55,-3.99663,-3.99663,0.775483,0.775483,2.27769,-3.37439
44.56,-4.10611,-4.10611,0.734618,0.734618,2.38401,-3.42291
44.57,-4.20685,-4.20685,0.690401,0.690401,2.48651,-3.46288
44.58,-4.29866,-4.29866,0.642876,0.642876,2.58503,-3.49419
44.59,-4.38136,-4.38136,0.592099,0.592099,2.67941,-3.51677
44.6,-4.45482,-4.45482,0.538138,0.538138,2.76951,-3.53055
44.61,-4.51891,-4.51891,0.481071,0.481071,2.85518,-3.53552
44.62,-4.57351,-4.57351,0.420984,0.420984,2.93628,-3.53164
44.63,-4.61856,-4.61856,0.357977,0.357977,3.01268,-3.51894
44.64,-4.65397,-4.65397,0.292159,0.292159,3.08427,-3.49744
44.65,-4.67972,-4.67972,0.223648,0.223648,3.15092,-3.4672
44.66,-4.69577,-4.69577,0.152574,0.152574,3.21253,-3.4283
44.67,-4.70213,-4.70213,0.0790748,0.0790748,3.269,-3.38082
44.68,-4.69882,-4.69882,0.00329826,0.00329826,3.32024,-3.3249
44.69,-4.68588,-4.68588,-0.0745988,-0.0745988,3.36616,-3.26067
44.7,-4.66336,-4.66336,-0.154451,-0.154451,3.40671,-3.18828
44.71,-4.63136,-4.63136,-0.236084,-0.236084,3.4418,-3.10793
44.72,-4.58996,-4.58996,-0.319317,-0.319317,3.47139,-3.0198
44.73,-4.53931,-4.53931,-0.40396,-0.40396,3.49542,-2.92413
44.74,-4.47953,-4.47953,-0.489817,-0.489817,3.51386,-2.82115
44.75,-4.41079,-4.41079,-0.576686,-0.576686,3.52668,-2.71112
44.76,-4.33328,-4.33328,-0.664356,-0.664356,3.53386,-2.59432
44.77,-4.24717,-4.24717,-0.752614,-0.752614,3.53538,-2.47103
44.78,-4.1527,-4.1527,-0.841241,-0.841241,3.53125,-2.34156
44.79,-4.0501,-4.0501,-0.930011,-0.930011,3.52147,-2.20624
44.8,-3.93962,-3.93962,-1.0187,-1.0187,3.50606,-2.0654
44.81,-3.82152,-3.82152,-1.10707,-1.10707,3.48503,-1.91941
44.82,-3.69608,-3.69608,-1.19489,-1.19489,3.45844,-1.76861
44.83,-3.56361,-3.56361,-1.28192,-1.28192,3.42631,-1.6134
44.84,-3.42441,-3.42441,-1.36793,-1.36793,3.38869,-1.45415
44.85,-3.2788,-3.2788,-1.45267,-1.45267,3.34566,-1.29127
44.86,-3.12713,-3.12713,-1.53592,-1.53592,3.29727,-1.12516
44.87,-2.96974,-2.96974,-1.61742,-1.61742,3.24361,-0.956234
44.88,-2.80699,-2.80699,-1.69694,-1.69694,3.18476,-0.784921
44.89,-2.63925,-2.63925,-1.77425,-1.77425,3.12082,-0.611647
44.9,-2.4669,-2.4669,-1.84911,-1.84911,3.05188,-0.436844
44.91,-2.29032,-2.29032,-1.92129,-1.92129,2.97806,-0.260949
44.92,-2.10992,-2.10992,-1.99056,-1.99056,2.89947,-0.0844019
44.93,-1.92609,-1.92609,-2.0567,-2.0567,2.81625,0.0923563
44.94,-1.73923,-1.73923,-2.11949,-2.11949,2.72852,0.268884
44.95,-1.54976,-1.54976,-2.17872,-2.17872,2.63643,0.444739
44.96,-1.3581,-1.3581,-2.23418,-2.23418,2.54012,0.619482
44.97,-1.16465,-1.16465,-2.28567,-2.28567,2.43974,0.792678
44.98,-0.96985,-0.96985,-2.333,-2.333,2.33547,0.963892
44.99,-0.77411,-0.77411,-2.37598,-2.37598,2.22745,1.1327
45,-0.577852,-0.577852,-2.41445,-2.41445,2.11588,1.29867
45.01,-0.381495,-0.381495,-2.44822,-2.44822,2.00091,1.4614
45.02,-0.185458,-0.185458,-2.47715,-2.47715,1.88275,1.62047
45.03,0.00984458,0.00984458,-2.50109,-2.50109,1.76157,1.7755
45.04,0.204002,0.204002,-2.51989,-2.51989,1.63758,1.92608
45.05,0.396608,0.396608,-2.53344,-2.53344,1.51097,2.07186
45.06,0.587261,0.587261,-2.54162,-2.54162,1.38194,2.21245
45.07,0.775568,0.775568,-2.54432,-2.54432,1.2507,2.34751
45.08,0.96114,0.96114,-2.54146,-2.54146,1.11745,2.47671
45.09,1.1436,1.1436,-2.53296,-2.53296,0.982424,2.59972
45.1,1.32257,1.32257,-2.51875,-2.51875,0.845822,2.71622
45.11,1.49771,1.49771,-2.49878,-2.49878,0.707868,2.82594
45.12,1.66864,1.66864,-2.47302,-2.47302,0.568781,2.9286
45.13,1.83505,1.83505,-2.44144,-2.44144,0.428784,3.02393
45.14,1.99659,1.99659,-2.40403,-2.40403,0.288101,3.11171
45.15,2.15297,2.15297,-2.36079,-2.36079,0.146957,3.19171
45.16,2.30386,2.30386,-2.31175,-2.31175,0.00557759,3.26373
45.17,2.449,2.449,-2.25693,-2.25693,-0.13581,3.3276
45.18,2.5881,2.5881,-2.19639,-2.19639,-0.276981,3.38314
45.19,2.72091,2.72091,-2.13018,-2.13018,-0.417709,3.43024
45.2,2.84718,2.84718,-2.05838,-2.05838,-0.557768,3.46875
45.21,2.96669,2.96669,-1.98108,-1.98108,-0.696935,3.4986
45.22,3.07923,3.07923,-1.89838,-1.89838,-0.834987,3.5197
45.23,3.1846,3.1846,-1.81041,-1.81041,-0.971703,3.53201
45.24,3.28264,3.28264,-1.71729,-1.71729,-1.10686,3.53548
45.25,3.37317,3.37317,-1.61918,-1.61918,-1.24026,3.53012
45.26,3.45606,3.45606,-1.51623,-1.51623,-1.37166,3.51594
45.27,3.53118,3.53118,-1.40862,-1.40862,-1.50088,3.49297
45.28,3.59843,3.59843,-1.29654,-1.29654,-1.62769,3.46127
45.29,3.65773,3.65773,-1.18017,-1.18017,-1.75189,3.42091
45.3,3.70899,3.70899,-1.05975,-1.05975,-1.8733,3.37201
45.31,3.75218,3.75218,-0.935481,-0.935481,-1.99171,3.31468
45.32,3.78726,3.78726,-0.807609,-0.807609,-2.10693,3.24906
45.33,3.8142,3.8142,-0.676377,-0.676377,-2.21878,3.17532
45.34,3.83303,3.83303,-0.542044,-0.542044,-2.32708,3.09365
45.35,3.84376,3.84376,-0.404875,-0.404875,-2.43166,3.00424
45.36,3.84643,3.84643,-0.265147,-0.265147,-2.53235,2.90732
45.37,3.84109,3.84109,-0.123146,-0.123146,-2.62898,2.80314
45.38,3.82783,3.82783,0.020836,0.020836,-2.72142,2.69195
45.39,3.80673,3.80673,0.166497,0.166497,-2.80949,2.57403
45.4,3.7779,3.7779,0.313529,0.313529,-2.89308,2.44968
45.41,3.74147,3.74147,0.461618,0.461618,-2.97203,2.31921
45.42,3.69758,3.69758,0.610444,0.610444,-3.04623,2.18293
45.43,3.64638,3.64638,0.759682,0.759682,-3.11556,2.04121
45.44,3.58806,3.58806,0.909004,0.909004,-3.1799,1.89438
45.45,3.52278,3.52278,1.05808,1.05808,-3.23916,1.74281
45.46,3.45077,3.45077,1.20656,1.20656,-3.29323,1.58689
45.47,3.37222,3.37222,1.35413,1.35413,-3.34204,1.427
45.48,3.28737,3.28737,1.50044,1.50044,-3.38549,1.26355
45.49,3.19646,3.19646,1.64515,1.64515,-3.42354,1.09694
45.5,3.09973,3.09973,1.78793,1.78793,-3.4561,0.927584
45.51,2.99746,2.99746,1.92844,1.92844,-3.48314,0.755911
45.52,2.88991,2.88991,2.06635,2.06635,-3.5046,0.58235
45.53,2.77737,2.77737,2.20131,2.20131,-3.52046,0.407332
45.54,2.66012,2.66012,2.33302,2.33302,-3.53069,0.231297
45.55,2.53848,2.53848,2.46114,2.46114,-3.53526,0.0546833
45.56,2.41273,2.41273,2.58536,2.58536,-3.53418,-0.122067
45.57,2.28321,2.28321,2.70537,2.70537,-3.52745,-0.298512
45.58,2.15022,2.15022,2.82085,2.82085,-3.51508,-0.474211
45.59,2.01409,2.01409,2.93153,2.93153,-3.49708,-0.648725
45.6,1.87515,1.87515,3.0371,3.0371,-3.47348,-0.821617
45.61,1.73374,1.73374,3.13728,3.13728,-3.44433,-0.992456
45.62,1.59018,1.59018,3.23182,3.23182,-3.40967,-1.16081
45.63,1.44482,1.44482,3.32045,3.32045,-3.36956,-1.32627
45.64,1.29799,1.29799,3.40293,3.40293,-3.32405,-1.48841
45.65,1.15004,1.15004,3.47901,3.47901,-3.27323,-1.64683
45.66,1.00128,1.00128,3.54848,3.54848,-3.21717,-1.80114
45.67,0.852078,0.852078,3.61113,3.61113,-3.15596,-1.95094
45.68,0.702749,0.702749,3.66676,3.66676,-3.08971,-2.09587
45.69,0.55363,0.55363,3.71518,3.71518,-3.01851,-2.23556
45.7,0.405047,0.405047,3.75625,3.75625,-2.94248,-2.36966
45.71,0.257323,0.257323,3.7898,3.7898,-2.86175,-2.49784
45.72,0.110777,0.110777,3.81569,3.81569,-2.77643,-2.61977
45.73,-0.0342795,-0.0342795,3.83382,3.83382,-2.68668,-2.73516
45.74,-0.177541,-0.177541,3.84407,3.84407,-2.59262,-2.84371
45.75,-0.31871,-0.31871,3.84636,3.84636,-2.49442,-2.94515
45.76,-0.457495,-0.457495,3.84062,3.84062,-2.39223,-3.03923
45.77,-0.593615,-0.593615,3.82681,3.82681,-2.28621,-3.12571
45.78,-0.726796,-0.726796,3.80489,3.80489,-2.17654,-3.20438
45.79,-0.856777,-0.856777,3.77484,3.77484,-2.06338,-3.27505
45.8,-0.983303,-0.983303,3.73667,3.73667,-1.94692,-3.33752
45.81,-1.10613,-1.10613,3.6904,3.6904,-1.82735,-3.39166
45.82,-1.22504,-1.22504,3.63606,3.63606,-1.70485,-3.43731
45.83,-1.33979,-1.33979,3.57372,3.57372,-1.57963,-3.47438
45.84,-1.45019,-1.45019,3.50346,3.50346,-1.45188,-3.50276
45.85,-1.55605,-1.55605,3.42536,3.42536,-1.3218,-3.52239
45.86,-1.65717,-1.65717,3.33954,3.33954,-1.18962,-3.53321
45.87,-1.7534,-1.7534,3.24613,3.24613,-1.05552,-3.5352
45.88,-1.84457,-1.84457,3.14528,3.14528,-0.919744,-3.52836
45.89,-1.93054,-1.93054,3.03715,3.03715,-0.782493,-3.51269
45.9,-2.01119,-2.01119,2.92193,2.92193,-0.643989,-3.48825
45.91,-2.08641,-2.08641,2.79982,2.79982,-0.504456,-3.45508
45.92,-2.15609,-2.15609,2.67103,2.67103,-0.364115,-3.41328
45.93,-2.22015,-2.22015,2.53579,2.53579,-0.223192,-3.36295
45.94,-2.27851,-2.27851,2.39436,2.39436,-0.0819118,-3.30422
45.95,-2.33114,-2.33114,2.24699,2.24699,0.0594994,-3.23722
45.96,-2.37797,-2.37797,2.09397,2.09397,0.200815,-3.16214
45.97,-2.41898,-2.41898,1.93559,1.93559,0.34181,-3.07915
45.98,-2.45417,-2.45417,1.77215,1.77215,0.482258,-2.98846
45.99,-2.48353,-2.48353,1.60398,1.60398,0.621935,-2.89031
46,-2.50708,-2.50708,1.4314,1.4314,0.760616,-2.78493
46.01,-2.52484,-2.52484,1.25476,1.25476,0.898081,-2.67258
46.02,-2.53687,-2.53687,1.07442,1.07442,1.03411,-2.55356
46.03,-2.54321,-2.54321,0.890727,0.890727,1.16848,-2.42816
46.04,-2.54394,-2.54394,0.704067,0.704067,1.30099,-2.29669
46.05,-2.53914,-2.53914,0.51482,0.51482,1.43141,-2.15947
46.06,-2.5289,-2.5289,0.323375,0.323375,1.55954,-2.01686
46.07,-2.51334,-2.51334,0.13013,0.13013,1.68518,-1.86921
46.08,-2.49256,-2.49256,-0.0645124,-0.0645124,1.80812,-1.71689
46.09,-2.4667,-2.4667,-0.260144,-0.260144,1.92817,-1.56027
46.1,-2.43591,-2.43591,-0.456352,-0.456352,2.04514,-1.39976
46.11,-2.40033,-2.40033,-0.65272,-0.65272,2.15883,-1.23574
46.12,-2.36012,-2.36012,-0.848831,-0.848831,2.26907,-1.06864
46.13,-2.31545,-2.31545,-1.04426,-1.04426,2.37568,-0.898868
46.14,-2.26651,-2.26651,-1.2386,-1.2386,2.47849,-0.726848
46.15,-2.21349,-2.21349,-1.43141,-1.43141,2.57733,-0.553011
46.16,-2.15657,-2.15657,-1.62229,-1.62229,2.67205,-0.377792
46.17,-2.09595,-2.09595,-1.81081,-1.81081,2.7625,-0.201628
46.18,-2.03186,-2.03186,-1.99656,-1.99656,2.84852,-0.0249608
46.19,-1.9645,-1.9645,-2.17914,-2.17914,2.92999,0.151769
46.2,-1.8941,-1.8941,-2.35813,-2.35813,3.00678,0.32812
46.21,-1.82087,-1.82087,-2.53314,-2.53314,3.07875,0.50365
46.22,-1.74505,-1.74505,-2.70378,-2.70378,3.14579,0.677921
46.23,-1.66687,-1.66687,-2.86966,-2.86966,3.20781,0.850498
46.24,-1.58656,-1.58656,-3.0304,-3.0304,3.26469,1.02095
46.25,-1.50437,-1.50437,-3.18566,-3.18566,3.31635,1.18885
46.26,-1.42053,-1.42053,-3.33506,-3.33506,3.3627,1.35378
46.27,-1.33527,-1.33527,-3.47826,-3.47826,3.40368,1.51532
46.28,-1.24884,-1.24884,-3.61493,-3.61493,3.43921,1.67308
46.29,-1.16148,-1.16148,-3.74476,-3.74476,3.46923,1.82665
46.3,-1.07342,-1.07342,-3.86743,-3.86743,3.49371,1.97566
46.31,-0.984905,-0.984905,-3.98266,-3.98266,3.5126,2.11973
46.32,-0.89616,-0.89616,-4.09017,-4.09017,3.52587,2.25851
46.33,-0.807418,-0.807418,-4.1897,-4.1897,3.53349,2.39163
46.34,-0.718906,-0.718906,-4.281,-4.281,3.53547,2.51878
46.35,-0.630846,-0.630846,-4.36386,-4.36386,3.53179,2.63964
46.36,-0.543456,-0.543456,-4.43805,-4.43805,3.52246,2.75389
46.37,-0.456949,-0.456949,-4.50339,-4.50339,3.50749,2.86127
46.38,-0.371531,-0.371531,-4.55971,-4.55971,3.48691,2.96149
46.39,-0.287403,-0.287403,-4.60685,-4.60685,3.46076,3.05431
46.4,-0.204758,-0.204758,-4.64467,-4.64467,3.42907,3.13949
46.41,-0.123783,-0.123783,-4.67307,-4.67307,3.39189,3.21683
46.42,-0.0446565,-0.0446565,-4.69194,-4.69194,3.34928,3.28613
46.43,0.0324511,0.0324511,-4.70122,-4.70122,3.30132,3.34721
46.44,0.107377,0.107377,-4.70085,-4.70085,3.24808,3.39993
46.45,0.179969,0.179969,-4.6908,-4.6908,3.18964,3.44415
46.46,0.250081,0.250081,-4.67104,-4.67104,3.12609,3.47976
46.47,0.31758,0.31758,-4.64161,-4.64161,3.05755,3.50668
46.48,0.38234,0.38234,-4.60251,-4.60251,2.98411,3.52482
46.49,0.444245,0.444245,-4.55381,-4.55381,2.9059,3.53416
46.5,0.503192,0.503192,-4.49558,-4.49558,2.82305,3.53467
46.51,0.559085,0.559085,-4.42791,-4.42791,2.73567,3.52634
46.52,0.61184,0.61184,-4.35091,-4.35091,2.64392,3.50919
46.53,0.661384,0.661384,-4.26472,-4.26472,2.54794,3.48328
46.54,0.707654,0.707654,-4.16948,-4.16948,2.44788,3.44866
46.55,0.750597,0.750597,-4.06539,-4.06539,2.34391,3.40542
46.56,0.790174,0.790174,-3.95262,-3.95262,2.23619,3.35366
46.57,0.826353,0.826353,-3.8314,-3.8314,2.12489,3.29353
46.58,0.859114,0.859114,-3.70195,-3.70195,2.01019,3.22516
46.59,0.88845,0.88845,-3.56453,-3.56453,1.89227,3.14873
46.6,0.914361,0.914361,-3.4194,-3.4194,1.77133,3.06443
46.61,0.936859,0.936859,-3.26685,-3.26685,1.64755,2.97247
46.62,0.955968,0.955968,-3.10719,-3.10719,1.52114,2.87308
46.63,0.97172,0.97172,-2.94072,-2.94072,1.3923,2.76652
46.64,0.984157,0.984157,-2.7678,-2.7678,1.26122,2.65303
46.65,0.993332,0.993332,-2.58875,-2.58875,1.12813,2.53292
46.66,0.999306,0.999306,-2.40396,-2.40396,0.993237,2.40647
46.67,1.00215,1.00215,-2.21378,-2.21378,0.856753,2.27401
46.68,1.00195,1.00195,-2.01862,-2.01862,0.718898,2.13586
46.69,0.998779,0.998779,-1.81887,-1.81887,0.579893,1.99238
46.7,0.992747,0.992747,-1.61494,-1.61494,0.43996,1.84392
46.71,0.983953,0.983953,-1.40726,-1.40726,0.299323,1.69084
46.72,0.97251,0.97251,-1.19625,-1.19625,0.158208,1.53354
46.73,0.958535,0.958535,-0.98235,-0.98235,0.0168393,1.37241
46.74,0.942154,0.942154,-0.766005,-0.766005,-0.124556,1.20785
46.75,0.923497,0.923497,-0.547667,-0.547667,-0.265752,1.04027
46.76,0.902701,0.902701,-0.32779,-0.32779,-0.406524,0.870089
46.77,0.879908,0.879908,-0.106836,-0.106836,-0.546644,0.697733
46.78,0.855262,0.855262,0.114733,0.114733,-0.685891,0.523633
46.79,0.828916,0.828916,0.336452,0.336452,-0.82404,0.348224
46.8,0.801022,0.801022,0.557854,0.557854,-0.96087,0.171945
46.81,0.771737,0.771737,0.778473,0.778473,-1.09616,-0.00476345
46.82,0.74122,0.74122,0.997844,0.997844,-1.2297,-0.18146
46.83,0.709633,0.709633,1.2155,1.2155,-1.36128,-0.357704
46.84,0.677138,0.677138,1.43099,1.43099,-1.49067,-0.533053
46.85,0.643899,0.643899,1.64385,1.64385,-1.61768,-0.70707
46.86,0.61008,0.61008,1.85363,1.85363,-1.7421,-0.87932
46.87,0.575844,0.575844,2.05988,2.05988,-1.86374,-1.04937
46.88,0.541355,0.541355,2.26217,2.26217,-1.98239,-1.2168
46.89,0.506774,0.506774,2.46007,2.46007,-2.09787,-1.38119
46.9,0.47226,0.47226,2.65315,2.65315,-2.21,-1.54212
46.91,0.437972,0.437972,2.84101,2.84101,-2.31859,-1.6992
46.92,0.404065,0.404065,3.02324,3.02324,-2.42347,-1.85204
46.93,0.370689,0.370689,3.19946,3.19946,-2.52448,-2.00024
46.94,0.337993,0.337993,3.36929,3.36929,-2.62144,-2.14345
46.95,0.30612,0.30612,3.53236,3.53236,-2.71421,-2.28129
46.96,0.275208,0.275208,3.68833,3.68833,-2.80264,-2.41344
46.97,0.245391,0.245391,3.83686,3.83686,-2.88659,-2.53955
46.98,0.216798,0.216798,3.97764,3.97764,-2.96592,-2.65932
46.99,0.189549,0.189549,4.11037,4.11037,-3.0405,-2.77244
47,0.163761,0.163761,4.23475,4.23475,-3.11022,-2.87863
47.01,0.139542,0.139542,4.35053,4.35053,-3.17496,-2.97762
47.02,0.116995,0.116995,4.45746,4.45746,-3.23463,-3.06917
47.03,0.0962124,0.0962124,4.5553,4.5553,-3.28912,-3.15305
47.04,0.0772821,0.0772821,4.64385,4.64385,-3.33834,-3.22905
47.05,0.0602824,0.0602824,4.72291,4.72291,-3.38223,-3.29698
47.06,0.0452837,0.0452837,4.79233,4.79233,-3.42071,-3.35667
47.07,0.0323481,0.0323481,4.85194,4.85194,-3.45371,-3.40796
47.08,0.0215287,0.0215287,4.90162,4.90162,-3.48119,-3.45074
47.09,0.0128702,0.0128702,4.94126,4.94126,-3.5031,-3.4849
47.1,0.00640812,0.00640812,4.97078,4.97078,-3.5194,-3.51034
47.11,0.00216899,0.00216899,4.99012,4.99012,-3.53008,-3.52701
47.12,0.00017021,0.00017021,4.99922,4.99922,-3.53511,-3.53487
47.13,0.000419959,0.000419959,4.99809,4.99809,-3.53448,-3.53388
47.14,0.00291722,0.00291722,4.9867,4.9867,-3.5282,-3.52407
47.15,0.00765175,0.00765175,4.9651,4.9651,-3.51627,-3.50545
47.16,0.0146041,0.0146041,4.93333,4.93333,-3.49872,-3.47806
47.17,0.0237458,0.0237458,4.89145,4.89145,-3.47557,-3.44199
47.18,0.0350392,0.0350392,4.83955,4.83955,-3.44686,-3.39731
47.19,0.0484379,0.0484379,4.77776,4.77776,-3.41263,-3.34413
47.2,0.0638865,0.0638865,4.70619,4.70619,-3.37295,-3.2826
47.21,0.0813213,0.0813213,4.625,4.625,-3.32787,-3.21287
47.22,0.10067,0.10067,4.53437,4.53437,-3.27747,-3.1351
47.23,0.121852,0.121852,4.43449,4.43449,-3.22182,-3.0495
47.24,0.144779,0.144779,4.32558,4.32558,-3.16102,-2.95627
47.25,0.169355,0.169355,4.20787,4.20787,-3.09517,-2.85566
47.26,0.195477,0.195477,4.08161,4.08161,-3.02436,-2.74791
47.27,0.223035,0.223035,3.94707,3.94707,-2.94871,-2.63329
47.28,0.251911,0.251911,3.80454,3.80454,-2.86834,-2.51209
47.29,0.281982,0.281982,3.65433,3.65433,-2.78339,-2.38461
47.3,0.313119,0.313119,3.49675,3.49675,-2.69398,-2.25117
47.31,0.345187,0.345187,3.33215,3.33215,-2.60027,-2.1121
47.32,0.378046,0.378046,3.16087,3.16087,-2.50239,-1.96775
47.33,0.411553,0.411553,2.98329,2.98329,-2.40051,-1.81849
47.34,0.445558,0.445558,2.79977,2.79977,-2.29479,-1.66468
47.35,0.47991,0.47991,2.61072,2.61072,-2.1854,-1.50671
47.36,0.514452,0.514452,2.41653,2.41653,-2.07252,-1.34497
47.37,0.549027,0.549027,2.21762,2.21762,-1.95631,-1.17987
47.38,0.583474,0.583474,2.01441,2.01441,-1.83698,-1.01182
47.39,0.617631,0.617631,1.80734,1.80734,-1.71471,-0.841248
47.4,0.651335,0.651335,1.59683,1.59683,-1.5897,-0.668569
47.41,0.684423,0.684423,1.38335,1.38335,-1.46214,-0.494218
47.42,0.716731,0.716731,1.16735,1.16735,-1.33224,-0.318633
47.43,0.748094,0.748094,0.949266,0.949266,-1.20021,-0.14225
47.44,0.778351,0.778351,0.729578,0.729578,-1.06627,0.0344874
47.45,0.807341,0.807341,0.508745,0.508745,-0.930614,0.211139
47.46,0.834905,0.834905,0.287233,0.287233,-0.793471,0.387263
47.47,0.860887,0.860887,0.065507,0.065507,-0.655059,0.562419
47.48,0.885134,0.885134,-0.155966,-0.155966,-0.5156,0.736169
47.49,0.907496,0.907496,-0.376721,-0.376721,-0.375315,0.908079
47.5,0.92783,0.92783,-0.596295,-0.596295,-0.23443,1.07772
47.51,0.945993,0.945993,-0.81423,-0.81423,-0.0931701,1.24467
47.52,0.961851,0.961851,-1.03007,-1.03007,0.0482389,1.4085
47.53,0.975274,0.975274,-1.24337,-1.24337,0.189571,1.56882
47.54,0.986139,0.986139,-1.45368,-1.45368,0.330599,1.72521
47.55,0.994328,0.994328,-1.66056,-1.66056,0.471099,1.87729
47.56,0.999733,0.999733,-1.8636,-1.8636,0.610845,2.02468
47.57,1.00225,1.00225,-2.06236,-2.06236,0.749614,2.16701
47.58,1.00179,1.00179,-2.25645,-2.25645,0.887184,2.30392
47.59,0.998252,0.998252,-2.44547,-2.44547,1.02333,2.43508
47.6,0.991573,0.991573,-2.62902,-2.62902,1.15785,2.56014
47.61,0.981679,0.981679,-2.80673,-2.80673,1.29051,2.67881
47.62,0.96851,0.96851,-2.97826,-2.97826,1.4211,2.79078
47.63,0.952016,0.952016,-3.14324,-3.14324,1.54943,2.89578
47.64,0.932157,0.932157,-3.30135,-3.30135,1.67527,2.99354
47.65,0.908903,0.908903,-3.45227,-3.45227,1.79844,3.08382
47.66,0.882232,0.882232,-3.59572,-3.59572,1.91872,3.16639
47.67,0.852136,0.852136,-3.73139,-3.73139,2.03594,3.24104
47.68,0.818614,0.818614,-3.85903,-3.85903,2.1499,3.3076
47.69,0.781679,0.781679,-3.9784,-3.9784,2.26042,3.36588
47.7,0.741352,0.741352,-4.08926,-4.08926,2.36733,3.41576
47.71,0.697666,0.697666,-4.1914,-4.1914,2.47044,3.45709
47.72,0.650664,0.650664,-4.28464,-4.28464,2.56961,3.48979
47.73,0.600401,0.600401,-4.3688,-4.3688,2.66466,3.51376
47.74,0.546943,0.546943,-4.44374,-4.44374,2.75546,3.52895
47.75,0.490364,0.490364,-4.50933,-4.50933,2.84184,3.53532
47.76,0.430752,0.430752,-4.56545,-4.56545,2.92368,3.53285
47.77,0.368203,0.368203,-4.61203,-4.61203,3.00084,3.52155
47.78,0.302825,0.302825,-4.64898,-4.64898,3.0732,3.50145
47.79,0.234735,0.234735,-4.67627,-4.67627,3.14064,3.4726
47.8,0.16406,0.16406,-4.69387,-4.69387,3.20306,3.43507
47.81,0.0909371,0.0909371,-4.70177,-4.70177,3.26035,3.38895
47.82,0.015513,0.015513,-4.69999,-4.69999,3.31243,3.33437
47.83,-0.0620573,-0.0620573,-4.68858,-4.68858,3.35921,3.27145
47.84,-0.141609,-0.141609,-4.66758,-4.66758,3.40061,3.20035
47.85,-0.222971,-0.222971,-4.63708,-4.63708,3.43658,3.12125
47.86,-0.305962,-0.305962,-4.59718,-4.59718,3.46705,3.03435
47.87,-0.390393,-0.390393,-4.54799,-4.54799,3.49197,2.93987
47.88,-0.47607,-0.47607,-4.48966,-4.48966,3.5113,2.83803
47.89,-0.562792,-0.562792,-4.42233,-4.42233,3.52502,2.72911
47.9,-0.650349,-0.650349,-4.3462,-4.3462,3.53309,2.61336
47.91,-0.738528,-0.738528,-4.26145,-4.26145,3.53552,2.49108
47.92,-0.82711,-0.82711,-4.1683,-4.1683,3.53229,2.36258
47.93,-0.915872,-0.915872,-4.06698,-4.06698,3.52341,2.22817
47.94,-1.00459,-1.00459,-3.95773,-3.95773,3.50889,2.08819
47.95,-1.09302,-1.09302,-3.84082,-3.84082,3.48876,1.94299
47.96,-1.18095,-1.18095,-3.71654,-3.71654,3.46304,1.79293
47.97,-1.26812,-1.26812,-3.58516,-3.58516,3.43179,1.6384
47.98,-1.35431,-1.35431,-3.44701,-3.44701,3.39505,1.47977
47.99,-1.43927,-1.43927,-3.30241,-3.30241,3.35287,1.31743
48,-1.52277,-1.52277,-3.15168,-3.15168,3.30533,1.15181
48.01,-1.60457,-1.60457,-2.99517,-2.99517,3.25251,0.983308
48.02,-1.68442,-1.68442,-2.83325,-2.83325,3.19448,0.812348
48.03,-1.7621,-1.7621,-2.66628,-2.66628,3.13134,0.639357
48.04,-1.83736,-1.83736,-2.49464,-2.49464,3.06319,0.464769
48.05,-1.90998,-1.90998,-2.31871,-2.31871,2.99014,0.289018
48.06,-1.97973,-1.97973,-2.13889,-2.13889,2.9123,0.112545
48.07,-2.04638,-2.04638,-1.95558,-1.95558,2.82981,-0.0642088
48.08,-2.10972,-2.10972,-1.76917,-1.76917,2.74279,-0.240802
48.09,-2.16953,-2.16953,-1.58009,-1.58009,2.65138,-0.416794
48.1,-2.2256,-2.2256,-1.38875,-1.38875,2.55573,-0.591744
48.11,-2.27774,-2.27774,-1.19556,-1.19556,2.456,-0.765215
48.12,-2.32575,-2.32575,-1.00095,-1.00095,2.35233,-0.936774
48.13,-2.36944,-2.36944,-0.80533,-0.80533,2.2449,-1.10599
48.14,-2.40863,-2.40863,-0.609126,-0.609126,2.13388,-1.27244
48.15,-2.44317,-2.44317,-0.412757,-0.412757,2.01944,-1.43571
48.16,-2.47288,-2.47288,-0.216642,-0.216642,1.90178,-1.5954
48.17,-2.49762,-2.49762,-0.0211943,-0.0211943,1.78107,-1.75109
48.18,-2.51725,-2.51725,0.173173,0.173173,1.65751,-1.90241
48.19,-2.53164,-2.53164,0.366053,0.366053,1.5313,-2.04898
48.2,-2.54068,-2.54068,0.557044,0.557044,1.40264,-2.19042
48.21,-2.54426,-2.54426,0.74575,0.74575,1.27174,-2.32639
48.22,-2.54229,-2.54229,0.931783,0.931783,1.1388,-2.45654
48.23,-2.53469,-2.53469,1.11476,1.11476,1.00404,-2.58055
48.24,-2.52139,-2.52139,1.29432,1.29432,0.867675,-2.69812
48.25,-2.50235,-2.50235,1.47009,1.47009,0.729921,-2.80893
48.26,-2.47751,-2.47751,1.64171,1.64171,0.590999,-2.91273
48.27,-2.44686,-2.44686,1.80886,1.80886,0.451132,-3.00925
48.28,-2.41038,-2.41038,1.9712,1.9712,0.310543,-3.09825
48.29,-2.36807,-2.36807,2.12842,2.12842,0.169458,-3.1795
48.3,-2.31995,-2.31995,2.28021,2.28021,0.0281008,-3.2528
48.31,-2.26605,-2.26605,2.42628,2.42628,-0.113301,-3.31798
48.32,-2.20641,-2.20641,2.56636,2.56636,-0.254521,-3.37486
48.33,-2.1411,-2.1411,2.70019,2.70019,-0.395334,-3.42331
48.34,-2.07018,-2.07018,2.82752,2.82752,-0.535515,-3.4632
48.35,-1.99375,-1.99375,2.94812,2.94812,-0.674839,-3.49443
48.36,-1.91191,-1.91191,3.06178,3.06178,-0.813084,-3.51693
48.37,-1.82477,-1.82477,3.16831,3.16831,-0.950027,-3.53064
48.38,-1.73246,-1.73246,3.26752,3.26752,-1.08545,-3.53552
48.39,-1.63513,-1.63513,3.35926,3.35926,-1.21914,-3.53157
48.4,-1.53295,-1.53295,3.44337,3.44337,-1.35088,-3.51879
48.41,-1.42607,-1.42607,3.51974,3.51974,-1.48045,-3.49721
48.42,-1.31468,-1.31468,3.58825,3.58825,-1.60766,-3.4669
48.43,-1.19898,-1.19898,3.64882,3.64882,-1.73229,-3.42792
48.44,-1.07919,-1.07919,3.70137,3.70137,-1.85416,-3.38037
48.45,-0.95552,-0.95552,3.74584,3.74584,-1.97306,-3.32437
48.46,-0.828206,-0.828206,3.78221,3.78221,-2.0888,-3.26006
48.47,-0.697492,-0.697492,3.81046,3.81046,-2.2012,-3.1876
48.48,-0.563635,-0.563635,3.83058,3.83058,-2.31008,-3.10718
48.49,-0.4269,-0.4269,3.84259,3.84259,-2.41526,-3.01899
48.5,-0.287561,-0.287561,3.84654,3.84654,-2.51658,-2.92325
48.51,-0.145902,-0.145902,3.84247,3.84247,-2.61387,-2.82021
48.52,-0.00221557,-0.00221557,3.83047,3.83047,-2.70698,-2.71012
48.53,0.143198,0.143198,3.81061,3.81061,-2.79576,-2.59325
48.54,0.290033,0.290033,3.783,3.783,-2.88007,-2.4699
48.55,0.437975,0.437975,3.74777,3.74777,-2.95977,-2.34038
48.56,0.586705,0.586705,3.70506,3.70506,-3.03474,-2.20501
48.57,0.7359,0.7359,3.65502,3.65502,-3.10485,-2.06413
48.58,0.88523,0.88523,3.59782,3.59782,-3.16999,-1.91809
48.59,1.03436,1.03436,3.53364,3.53364,-3.23006,-1.76725
48.6,1.18297,1.18297,3.46268,3.46268,-3.28497,-1.612
48.61,1.33071,1.33071,3.38516,3.38516,-3.33462,-1.45272
48.62,1.47724,1.47724,3.3013,3.3013,-3.37893,-1.2898
48.63,1.62223,1.62223,3.21133,3.21133,-3.41784,-1.12367
48.64,1.76534,1.76534,3.11552,3.11552,-3.45128,-0.954722
48.65,1.90623,1.90623,3.01411,3.01411,-3.4792,-0.783391
48.66,2.04457,2.04457,2.90738,2.90738,-3.50156,-0.610101
48.67,2.18003,2.18003,2.79562,2.79562,-3.51831,-0.435286
48.68,2.31228,2.31228,2.6791,2.6791,-3.52944,-0.259383
48.69,2.44099,2.44099,2.55813,2.55813,-3.53491,-0.0828323
48.7,2.56585,2.56585,2.43302,2.43302,-3.53474,0.0939258
48.71,2.68655,2.68655,2.30407,2.30407,-3.5289,0.270449
48.72,2.80277,2.80277,2.17162,2.17162,-3.51743,0.446296
48.73,2.91423,2.91423,2.03597,2.03597,-3.50032,0.621028
48.74,3.02064,3.02064,1.89746,1.89746,-3.47762,0.794208
48.75,3.1217,3.1217,1.75641,1.75641,-3.44935,0.965402
48.76,3.21716,3.21716,1.61318,1.61318,-3.41556,1.13418
48.77,3.30674,3.30674,1.46808,1.46808,-3.37631,1.30013
48.78,3.39021,3.39021,1.32146,1.32146,-3.33166,1.46283
48.79,3.46733,3.46733,1.17366,1.17366,-3.28168,1.62187
48.8,3.53787,3.53787,1.02501,1.02501,-3.22644,1.77685
48.81,3.60161,3.60161,0.875858,0.875858,-3.16605,1.9274
48.82,3.65837,3.65837,0.726527,0.726527,-3.10059,2.07313
48.83,3.70796,3.70796,0.577352,0.577352,-3.03017,2.21367
48.84,3.75021,3.75021,0.428662,0.428662,-2.95491,2.34869
48.85,3.78496,3.78496,0.28078,0.28078,-2.87491,2.47783
48.86,3.81208,3.81208,0.134025,0.134025,-2.79032,2.60078
48.87,3.83145,3.83145,-0.0112893,-0.0112893,-2.70126,2.71723
48.88,3.84296,3.84296,-0.154857,-0.154857,-2.60789,2.82689
48.89,3.84653,3.84653,-0.296379,-0.296379,-2.51034,2.92948
48.9,3.84208,3.84208,-0.435563,-0.435563,-2.40877,3.02475
48.91,3.82955,3.82955,-0.572125,-0.572125,-2.30335,3.11246
48.92,3.80892,3.80892,-0.705793,-0.705793,-2.19424,3.19239
48.93,3.78017,3.78017,-0.8363,-0.8363,-2.08163,3.26434
48.94,3.74329,3.74329,-0.963393,-0.963393,-1.96568,3.32813
48.95,3.69831,3.69831,-1.08683,-1.08683,-1.84659,3.3836
48.96,3.64525,3.64525,-1.20637,-1.20637,-1.72455,3.43062
48.97,3.58419,3.58419,-1.3218,-1.3218,-1.59975,3.46906
48.98,3.51518,3.51518,-1.43291,-1.43291,-1.47239,3.49883
48.99,3.43832,3.43832,-1.5395,-1.5395,-1.34267,3.51985
49,3.35372,3.35372,-1.64139,-1.64139,-1.2108,3.53208
49.01,3.26151,3.26151,-1.7384,-1.7384,-1.077,3.53547
49.02,3.16183,3.16183,-1.83039,-1.83039,-0.941473,3.53004
49.03,3.05485,3.05485,-1.9172,-1.9172,-0.804442,3.51577
49.04,2.94075,2.94075,-1.99871,-1.99871,-0.666123,3.49273
49.05,2.81972,2.81972,-2.0748,-2.0748,-0.526738,3.46095
49.06,2.69197,2.69197,-2.14537,-2.14537,-0.386511,3.42052
49.07,2.55775,2.55775,-2.21032,-2.21032,-0.245666,3.37154
49.08,2.41729,2.41729,-2.2696,-2.2696,-0.104427,3.31413
49.09,2.27085,2.27085,-2.32314,-2.32314,0.036978,3.24844
49.1,2.11871,2.11871,-2.3709,-2.3709,0.178324,3.17463
49.11,1.96116,1.96116,-2.41284,-2.41284,0.319385,3.09289
49.12,1.79851,1.79851,-2.44896,-2.44896,0.459936,3.00341
49.13,1.63107,1.63107,-2.47924,-2.47924,0.59975,2.90643
49.14,1.45917,1.45917,-2.50371,-2.50371,0.738605,2.80218
49.15,1.28315,1.28315,-2.5224,-2.5224,0.876278,2.69093
49.16,1.10337,1.10337,-2.53533,-2.53533,1.01255,2.57296
49.17,0.920191,0.920191,-2.54258,-2.54258,1.1472,2.44855
49.18,0.733979,0.733979,-2.5442,-2.5442,1.28002,2.31802
49.19,0.545118,0.545118,-2.54027,-2.54027,1.41079,2.1817
49.2,0.353997,0.353997,-2.53089,-2.53089,1.5393,2.03992
49.21,0.161011,0.161011,-2.51617,-2.51617,1.66535,1.89305
49.22,-0.0334358,-0.0334358,-2.49621,-2.49621,1.78873,1.74145
49.23,-0.228937,-0.228937,-2.47116,-2.47116,1.90925,1.58549
49.24,-0.425081,-0.425081,-2.44114,-2.44114,2.02672,1.42557
49.25,-0.621452,-0.621452,-2.40631,-2.40631,2.14095,1.26208
49.26,-0.817632,-0.817632,-2.36682,-2.36682,2.25175,1.09544
49.27,-1.0132,-1.0132,-2.32286,-2.32286,2.35895,0.926069
49.28,-1.20774,-1.20774,-2.27459,-2.27459,2.46237,0.754378
49.29,-1.40082,-1.40082,-2.2222,-2.2222,2.56186,0.580801
49.3,-1.59203,-1.59203,-2.16588,-2.16588,2.65725,0.405773
49.31,-1.78096,-1.78096,-2.10585,-2.10585,2.74838,0.22973
49.32,-1.96718,-1.96718,-2.04229,-2.04229,2.83512,0.0531134
49.33,-2.15029,-2.15029,-1.97544,-1.97544,2.91733,-0.123636
49.34,-2.32988,-2.32988,-1.9055,-1.9055,2.99487,-0.300077
49.35,-2.50555,-2.50555,-1.83271,-1.83271,3.06761,-0.475767
49.36,-2.67691,-2.67691,-1.75729,-1.75729,3.13545,-0.650268
49.37,-2.84357,-2.84357,-1.67947,-1.67947,3.19827,-0.823144
49.38,-3.00516,-3.00516,-1.59949,-1.59949,3.25598,-0.993963
49.39,-3.16131,-3.16131,-1.51758,-1.51758,3.30847,-1.1623
49.4,-3.31167,-3.31167,-1.43398,-1.43398,3.35568,-1.32773
49.41,-3.45588,-3.45588,-1.34893,-1.34893,3.39751,-1.48984
49.42,-3.59361,-3.59361,-1.26268,-1.26268,3.43391,-1.64822
49.43,-3.72455,-3.72455,-1.17545,-1.17545,3.46482,-1.80249
49.44,-3.84838,-3.84838,-1.08748,-1.08748,3.49019,-1.95225
49.45,-3.96482,-3.96482,-0.999024,-0.999024,3.50997,-2.09713
49.46,-4.07357,-4.07357,-0.910299,-0.910299,3.52413,-2.23677
49.47,-4.17439,-4.17439,-0.821542,-0.821542,3.53266,-2.37082
49.48,-4.26702,-4.26702,-0.732978,-0.732978,3.53553,-2.49895
49.49,-4.35124,-4.35124,-0.644832,-0.644832,3.53275,-2.62082
49.5,-4.42682,-4.42682,-0.557321,-0.557321,3.52432,-2.73615
49.51,-4.49359,-4.49359,-0.470659,-0.470659,3.51025,-2.84464
49.52,-4.55135,-4.55135,-0.385054,-0.385054,3.49057,-2.94602
49.53,-4.59996,-4.59996,-0.300708,-0.300708,3.4653,-3.04003
49.54,-4.63928,-4.63928,-0.217814,-0.217814,3.43448,-3.12645
49.55,-4.66918,-4.66918,-0.136561,-0.136561,3.39817,-3.20505
49.56,-4.68958,-4.68958,-0.0571278,-0.0571278,3.35643,-3.27564
49.57,-4.70039,-4.70039,0.0203124,0.0203124,3.30931,-3.33804
49.58,-4.70156,-4.70156,0.0955966,0.0955966,3.25691,-3.3921
49.59,-4.69305,-4.69305,0.16857,0.16857,3.19929,-3.43768
49.6,-4.67484,-4.67484,0.239086,0.239086,3.13655,-3.47467
49.61,-4.64694,-4.64694,0.30701,0.30701,3.0688,-3.50297
49.62,-4.60938,-4.60938,0.372214,0.372214,2.99613,-3.52252
49.63,-4.56221,-4.56221,0.434581,0.434581,2.91867,-3.53327
49.64,-4.50549,-4.50549,0.494006,0.494006,2.83655,-3.53518
49.65,-4.43931,-4.43931,0.550391,0.550391,2.74988,-3.52825
49.66,-4.36379,-4.36379,0.603651,0.603651,2.65882,-3.51251
49.67,-4.27905,-4.27905,0.653711,0.653711,2.5635,-3.48799
49.68,-4.18525,-4.18525,0.700506,0.700506,2.46409,-3.45475
49.69,-4.08255,-4.08255,0.743982,0.743982,2.36073,-3.41288
49.7,-3.97115,-3.97115,0.784098,0.784098,2.25359,-3.36247
49.71,-3.85126,-3.85126,0.820819,0.820819,2.14285,-3.30366
49.72,-3.72311,-3.72311,0.854126,0.854126,2.02868,-3.23659
49.73,-3.58694,-3.58694,0.884007,0.884007,1.91126,-3.16143
49.74,-3.44302,-3.44302,0.910463,0.910463,1.79079,-3.07838
49.75,-3.29163,-3.29163,0.933504,0.933504,1.66745,-2.98762
49.76,-3.13308,-3.13308,0.95315,0.95315,1.54144,-2.8894
49.77,-2.96768,-2.96768,0.969434,0.969434,1.41297,-2.78396
49.78,-2.79576,-2.79576,0.982396,0.982396,1.28224,-2.67156
49.79,-2.61766,-2.61766,0.992086,0.992086,1.14946,-2.55248
49.8,-2.43376,-2.43376,0.998566,0.998566,1.01483,-2.42702
49.81,-2.24441,-2.24441,1.0019,1.0019,0.878587,-2.29549
49.82,-2.05002,-2.05002,1.00218,1.00218,0.740936,-2.15823
49.83,-1.85097,-1.85097,0.999478,0.999478,0.602099,-2.01557
49.84,-1.64769,-1.64769,0.993895,0.993895,0.462299,-1.86788
49.85,-1.44057,-1.44057,0.985534,0.985534,0.32176,-1.71552
49.86,-1.23006,-1.23006,0.974505,0.974505,0.180705,-1.55886
49.87,-1.01659,-1.01659,0.960926,0.960926,0.0393621,-1.39832
49.88,-0.800607,-0.800607,0.944919,0.944919,-0.102044,-1.23427
49.89,-0.582555,-0.582555,0.926616,0.926616,-0.243287,-1.06714
49.9,-0.362893,-0.362893,0.906151,0.906151,-0.384141,-0.89735
49.91,-0.142079,-0.142079,0.883666,0.883666,-0.524381,-0.725311
49.92,0.079423,0.079423,0.859305,0.859305,-0.663781,-0.55146
49.93,0.301149,0.301149,0.83322,0.83322,-0.80212,-0.376231
49.94,0.522633,0.522633,0.805561,0.805561,-0.939175,-0.200061
49.95,0.743408,0.743408,0.776487,0.776487,-1.07473,-0.0233908
49.96,0.963008,0.963008,0.746156,0.746156,-1.20856,0.153338
49.97,1.18097,1.18097,0.714729,0.714729,-1.34046,0.329683
49.98,1.39683,1.39683,0.682367,0.682367,-1.47022,0.505204
49.99,1.61014,1.61014,0.649236,0.649236,-1.59762,0.679462
50,1.82044,1.82044,0.615498,0.615498,-1.72247,0.852022
50.01,2.02728,2.02728,0.581318,0.581318,-1.84456,1.02245
50.02,2.23024,2.23024,0.546858,0.546858,-1.9637,1.19033
50.03,2.42886,2.42886,0.512281,0.512281,-2.0797,1.35523
50.04,2.62274,2.62274,0.477746,0.477746,-2.19237,1.51674
50.05,2.81146,2.81146,0.443412,0.443412,-2.30154,1.67446
50.06,2.99461,2.99461,0.409433,0.409433,-2.40702,1.828
50.07,3.17181,3.17181,0.375963,0.375963,-2.50866,1.97696
50.08,3.34268,3.34268,0.343149,0.343149,-2.60628,2.12099
50.09,3.50685,3.50685,0.311135,0.311135,-2.69972,2.25971
50.1,3.66398,3.66398,0.280061,0.280061,-2.78886,2.39279
50.11,3.81372,3.81372,0.250062,0.250062,-2.87353,2.51988
50.12,3.95575,3.95575,0.221265,0.221265,-2.9536,2.64068
50.13,4.08978,4.08978,0.193794,0.193794,-3.02894,2.75488
50.14,4.21551,4.21551,0.167766,0.167766,-3.09945,2.86219
50.15,4.33268,4.33268,0.14329,0.14329,-3.16499,2.96235
50.16,4.44103,4.44103,0.12047,0.12047,-3.22547,3.0551
50.17,4.54033,4.54033,0.0994005,0.0994005,-3.28079,3.14021
50.18,4.63038,4.63038,0.0801697,0.0801697,-3.33086,3.21748
50.19,4.71096,4.71096,0.0628576,0.0628576,-3.3756,3.28671
50.2,4.78192,4.78192,0.0475359,0.0475359,-3.41494,3.34772
50.21,4.8431,4.8431,0.0342678,0.0342678,-3.44882,3.40036
50.22,4.89437,4.89437,0.0231082,0.0231082,-3.47718,3.4445
50.23,4.93562,4.93562,0.014103,0.014103,-3.49998,3.48004
50.24,4.96676,4.96676,0.00728905,0.00728905,-3.51718,3.50687
50.25,4.98772,4.98772,0.00269449,0.00269449,-3.52876,3.52495
50.26,4.99846,4.99846,0.00033811,0.00033811,-3.53468,3.53421
50.27,4.99895,4.99895,0.000229576,0.000229576,-3.53496,3.53463
50.28,4.9892,4.9892,0.00236933,0.00236933,-3.52957,3.52622
50.29,4.96923,4.96923,0.00674861,0.00674861,-3.51855,3.509
50.3,4.93907,4.93907,0.0133494,0.0133494,-3.50189,3.48301
50.31,4.89879,4.89879,0.0221447,0.0221447,-3.47963,3.44831
50.32,4.84849,4.84849,0.0330983,0.0330983,-3.4518,3.40499
50.33,4.78826,4.78826,0.0461652,0.0461652,-3.41845,3.35316
50.34,4.71823,4.71823,0.0612914,0.0612914,-3.37963,3.29296
50.35,4.63857,4.63857,0.0784144,0.0784144,-3.33541,3.22452
50.36,4.54943,4.54943,0.0974634,0.0974634,-3.28585,3.14802
50.37,4.45101,4.45101,0.118359,0.118359,-3.23103,3.06365
50.38,4.34352,4.34352,0.141015,0.141015,-3.17105,2.97162
50.39,4.2272,4.2272,0.165335,0.165335,-3.10599,2.87217
50.4,4.10228,4.10228,0.191218,0.191218,-3.03596,2.76554
50.41,3.96904,3.96904,0.218554,0.218554,-2.96108,2.65199
50.42,3.82776,3.82776,0.247228,0.247228,-2.88145,2.53182
50.43,3.67875,3.67875,0.277118,0.277118,-2.79722,2.40532
50.44,3.52233,3.52233,0.308094,0.308094,-2.70852,2.27281
50.45,3.35882,3.35882,0.340023,0.340023,-2.61548,2.13461
50.46,3.18858,3.18858,0.372766,0.372766,-2.51825,1.99108
50.47,3.01198,3.01198,0.406179,0.406179,-2.417,1.84258
50.48,2.82938,2.82938,0.440115,0.440115,-2.31188,1.68946
50.49,2.64118,2.64118,0.474422,0.474422,-2.20306,1.53213
50.5,2.44778,2.44778,0.508944,0.508944,-2.09072,1.37097
50.51,2.2496,2.2496,0.543524,0.543524,-1.97503,1.20638
50.52,2.04704,2.04704,0.578003,0.578003,-1.85619,1.03877
50.53,1.84056,1.84056,0.612217,0.612217,-1.73437,0.868567
50.54,1.63057,1.63057,0.646005,0.646005,-1.60978,0.696194
50.55,1.41753,1.41753,0.679202,0.679202,-1.48262,0.52208
50.56,1.2019,1.2019,0.711644,0.711644,-1.35308,0.346662
50.57,0.984118,0.984118,0.743169,0.743169,-1.22138,0.170377
50.58,0.764656,0.764656,0.773613,0.773613,-1.08772,-0.0063335
50.59,0.543974,0.543974,0.802815,0.802815,-0.952324,-0.183028
50.6,0.322538,0.322538,0.830617,0.830617,-0.815404,-0.359266
50.61,0.100815,0.100815,0.856861,0.856861,-0.67718,-0.534605
50.62,-0.120729,-0.120729,0.881395,0.881395,-0.537872,-0.708608
50.63,-0.341629,-0.341629,0.904067,0.904067,-0.397704,-0.88084
50.64,-0.561423,-0.561423,0.924733,0.924733,-0.256899,-1.05087
50.65,-0.779649,-0.779649,0.943251,0.943251,-0.115684,-1.21827
50.66,-0.995854,-0.995854,0.959485,0.959485,0.0257167,-1.38263
50.67,-1.20959,-1.20959,0.973304,0.973304,0.167076,-1.54354
50.68,-1.4204,-1.4204,0.984584,0.984584,0.308168,-1.70058
50.69,-1.62786,-1.62786,0.993208,0.993208,0.448767,-1.85337
50.7,-1.83154,-1.83154,0.999063,0.999063,0.588648,-2.00154
50.71,-2.03101,-2.03101,1.00205,1.00205,0.727588,-2.1447
50.72,-2.22587,-2.22587,1.00206,1.00206,0.865363,-2.28249
50.73,-2.41572,-2.41572,0.999024,0.999024,1.00175,-2.41459
50.74,-2.60016,-2.60016,0.992851,0.992851,1.13654,-2.54065
50.75,-2.77883,-2.77883,0.983473,0.983473,1.26951,-2.66035
50.76,-2.95137,-2.95137,0.970829,0.970829,1.40045,-2.77341
50.77,-3.11741,-3.11741,0.954868,0.954868,1.52915,-2.87954
50.78,-3.27664,-3.27664,0.935547,0.935547,1.6554,-2.97847
50.79,-3.42873,-3.42873,0.912835,0.912835,1.77901,-3.06995
50.8,-3.57338,-3.57338,0.886709,0.886709,1.89977,-3.15376
50.81,-3.71031,-3.71031,0.857158,0.857158,2.01748,-3.22969
50.82,-3.83925,-3.83925,0.824182,0.824182,2.13198,-3.29755
50.83,-3.95995,-3.95995,0.787789,0.787789,2.24306,-3.35716
50.84,-4.07218,-4.07218,0.748,0.748,2.35055,-3.40838
50.85,-4.17572,-4.17572,0.704847,0.704847,2.45428,-3.45108
50.86,-4.27039,-4.27039,0.65837,0.65837,2.55409,-3.48516
50.87,-4.35601,-4.35601,0.608622,0.608622,2.64981,-3.51053
50.88,-4.43243,-4.43243,0.555668,0.555668,2.74129,-3.52712
50.89,-4.49952,-4.49952,0.499581,0.499581,2.82838,-3.5349
50.9,-4.55715,-4.55715,0.440445,0.440445,2.91095,-3.53384
50.91,-4.60525,-4.60525,0.378357,0.378357,2.98887,-3.52394
50.92,-4.64374,-4.64374,0.313422,0.313422,3.062,-3.50524
50.93,-4.67257,-4.67257,0.245756,0.245756,3.13023,-3.47778
50.94,-4.69171,-4.69171,0.175483,0.175483,3.19346,-3.44163
50.95,-4.70116,-4.70116,0.102741,0.102741,3.25157,-3.39687
50.96,-4.70092,-4.70092,0.0276732,0.0276732,3.30449,-3.34362
50.97,-4.69104,-4.69104,-0.049566,-0.049566,3.35212,-3.28202
50.98,-4.67157,-4.67157,-0.128814,-0.128814,3.39438,-3.21221
50.99,-4.64257,-4.64257,-0.209899,-0.209899,3.43122,-3.13437
51,-4.60416,-4.60416,-0.292643,-0.292643,3.46256,-3.0487
51.01,-4.55644,-4.55644,-0.376858,-0.376858,3.48837,-2.95541
51.02,-4.49955,-4.49955,-0.46235,-0.46235,3.5086,-2.85473
51.03,-4.43365,-4.43365,-0.548918,-0.548918,3.52321,-2.74692
51.04,-4.35891,-4.35891,-0.636356,-0.636356,3.53219,-2.63224
51.05,-4.27552,-4.27552,-0.724451,-0.724451,3.53551,-2.51098
51.06,-4.18369,-4.18369,-0.812984,-0.812984,3.53318,-2.38345
51.07,-4.08365,-4.08365,-0.901733,-0.901733,3.5252,-2.24996
51.08,-3.97565,-3.97565,-0.99047,-0.99047,3.51158,-2.11084
51.09,-3.85995,-3.85995,-1.07897,-1.07897,3.49234,-1.96645
51.1,-3.73681,-3.73681,-1.16699,-1.16699,3.46751,-1.81714
51.11,-3.60655,-3.60655,-1.2543,-1.2543,3.43714,-1.66329
51.12,-3.46946,-3.46946,-1.34066,-1.34066,3.40126,-1.50529
51.13,-3.32586,-3.32586,-1.42583,-1.42583,3.35995,-1.34352
51.14,-3.17608,-3.17608,-1.50958,-1.50958,3.31326,-1.17839
51.15,-3.02047,-3.02047,-1.59166,-1.59166,3.26127,-1.01032
51.16,-2.85939,-2.85939,-1.67184,-1.67184,3.20406,-0.839723
51.17,-2.6932,-2.6932,-1.74988,-1.74988,3.14173,-0.667027
51.18,-2.52228,-2.52228,-1.82554,-1.82554,3.07437,-0.492664
51.19,-2.347,-2.347,-1.8986,-1.8986,3.0021,-0.317069
51.2,-2.16778,-2.16778,-1.96882,-1.96882,2.92502,-0.140682
51.21,-1.98499,-1.98499,-2.03598,-2.03598,2.84326,0.0360573
51.22,-1.79905,-1.79905,-2.09986,-2.09986,2.75695,0.212706
51.23,-1.61037,-1.61037,-2.16025,-2.16025,2.66623,0.388823
51.24,-1.41936,-1.41936,-2.21693,-2.21693,2.57125,0.563969
51.25,-1.22644,-1.22644,-2.26971,-2.26971,2.47215,0.737704
51.26,-1.03202,-1.03202,-2.31839,-2.31839,2.3691,0.909596
51.27,-0.836536,-0.836536,-2.36277,-2.36277,2.26225,1.07921
51.28,-0.640397,-0.640397,-2.4027,-2.4027,2.15179,1.24614
51.29,-0.444026,-0.444026,-2.43798,-2.43798,2.03789,1.40994
51.3,-0.247842,-0.247842,-2.46847,-2.46847,1.92072,1.57022
51.31,-0.0522606,-0.0522606,-2.49401,-2.49401,1.80049,1.72658
51.32,0.142306,0.142306,-2.51447,-2.51447,1.67737,1.87862
51.33,0.33545,0.33545,-2.5297,-2.5297,1.55157,2.02597
51.34,0.526768,0.526768,-2.5396,-2.5396,1.42329,2.16825
51.35,0.715865,0.715865,-2.54406,-2.54406,1.29273,2.30511
51.36,0.902349,0.902349,-2.54298,-2.54298,1.1601,2.43621
51.37,1.08584,1.08584,-2.53628,-2.53628,1.02562,2.56123
51.38,1.26597,1.26597,-2.5239,-2.5239,0.889491,2.67984
51.39,1.44236,1.44236,-2.50577,-2.50577,0.751944,2.79175
51.4,1.61467,1.61467,-2.48186,-2.48186,0.613193,2.89668
51.41,1.78256,1.78256,-2.45213,-2.45213,0.473462,2.99438
51.42,1.94568,1.94568,-2.41658,-2.41658,0.332973,3.08459
51.43,2.10374,2.10374,-2.3752,-2.3752,0.191952,3.16709
51.44,2.25641,2.25641,-2.328,-2.328,0.0506229,3.24167
51.45,2.40341,2.40341,-2.27502,-2.27502,-0.0907867,3.30815
51.46,2.54446,2.54446,-2.21629,-2.21629,-0.232051,3.36636
51.47,2.6793,2.6793,-2.15188,-2.15188,-0.372944,3.41616
51.48,2.80768,2.80768,-2.08185,-2.08185,-0.513241,3.45742
51.49,2.92937,2.92937,-2.00629,-2.00629,-0.652716,3.49004
51.5,3.04415,3.04415,-1.9253,-1.9253,-0.791148,3.51393
51.51,3.15183,3.15183,-1.83899,-1.83899,-0.928313,3.52904
51.52,3.25222,3.25222,-1.7475,-1.7475,-1.06399,3.53534
51.53,3.34515,3.34515,-1.65097,-1.65097,-1.19797,3.53279
51.54,3.43049,3.43049,-1.54954,-1.54954,-1.33003,3.52141
51.55,3.5081,3.5081,-1.44339,-1.44339,-1.45997,3.50124
51.56,3.57787,3.57787,-1.33271,-1.33271,-1.58757,3.47231
51.57,3.63971,3.63971,-1.21769,-1.21769,-1.71262,3.4347
51.58,3.69354,3.69354,-1.09854,-1.09854,-1.83494,3.38851
51.59,3.7393,3.7393,-0.975467,-0.975467,-1.95433,3.33385
51.6,3.77696,3.77696,-0.848716,-0.848716,-2.07058,3.27085
51.61,3.8065,3.8065,-0.718528,-0.718528,-2.18353,3.19968
51.62,3.82792,3.82792,-0.585154,-0.585154,-2.29298,3.12051
51.63,3.84122,3.84122,-0.448858,-0.448858,-2.39876,3.03354
51.64,3.84645,3.84645,-0.309915,-0.309915,-2.50071,2.93899
51.65,3.84366,3.84366,-0.168607,-0.168607,-2.59865,2.8371
51.66,3.83291,3.83291,-0.0252233,-0.0252233,-2.69244,2.72811
51.67,3.81429,3.81429,0.119936,0.119936,-2.78192,2.6123
51.68,3.78791,3.78791,0.266565,0.266565,-2.86695,2.48997
51.69,3.75389,3.75389,0.414352,0.414352,-2.94739,2.36141
51.7,3.71236,3.71236,0.562978,0.562978,-3.02312,2.22695
51.71,3.66347,3.66347,0.712121,0.712121,-3.09401,2.08692
51.72,3.6074,3.6074,0.861451,0.861451,-3.15995,1.94168
51.73,3.54432,3.54432,1.01064,1.01064,-3.22084,1.79158
51.74,3.47443,3.47443,1.15935,1.15935,-3.27657,1.63701
51.75,3.39793,3.39793,1.30725,1.30725,-3.32707,1.47834
51.76,3.31507,3.31507,1.45399,1.45399,-3.37224,1.31598
51.77,3.22606,3.22606,1.59925,1.59925,-3.41201,1.15033
51.78,3.13116,3.13116,1.74268,1.74268,-3.44633,0.9818
51.79,3.03062,3.03062,1.88395,1.88395,-3.47513,0.81082
51.8,2.92473,2.92473,2.02272,2.02272,-3.49837,0.637813
51.81,2.81374,2.81374,2.15866,2.15866,-3.51602,0.463212
51.82,2.69796,2.69796,2.29144,2.29144,-3.52804,0.287453
51.83,2.57768,2.57768,2.42074,2.42074,-3.53442,0.110976
51.84,2.45321,2.45321,2.54624,2.54624,-3.53514,-0.0657786
51.85,2.32485,2.32485,2.66762,2.66762,-3.53021,-0.242369
51.86,2.19293,2.19293,2.78458,2.78458,-3.51963,-0.418353
51.87,2.05777,2.05777,2.89681,2.89681,-3.50342,-0.593292
51.88,1.91969,1.91969,3.00404,3.00404,-3.4816,-0.766748
51.89,1.77903,1.77903,3.10597,3.10597,-3.45422,-0.938287
51.9,1.63612,1.63612,3.20234,3.20234,-3.42131,-1.10748
51.91,1.4913,1.4913,3.29288,3.29288,-3.38292,-1.27391
51.92,1.3449,1.3449,3.37734,3.37734,-3.33913,-1.43715
51.93,1.19727,1.19727,3.45548,3.45548,-3.28999,-1.5968
51.94,1.04873,1.04873,3.52708,3.52708,-3.23559,-1.75246
51.95,0.899634,0.899634,3.59192,3.59192,-3.17601,-1.90374
51.96,0.750308,0.750308,3.64981,3.64981,-3.11135,-2.05026
51.97,0.601086,0.601086,3.70055,3.70055,-3.04172,-2.19165
51.98,0.452297,0.452297,3.74398,3.74398,-2.96721,-2.32757
51.99,0.304265,0.304265,3.77993,3.77993,-2.88797,-2.45767
52,0.15731,0.15731,3.80828,3.80828,-2.8041,-2.58163
52.01,0.0117452,0.0117452,3.82889,3.82889,-2.71574,-2.69913
52.02,-0.132121,-0.132121,3.84166,3.84166,-2.62304,-2.80989
52.03,-0.273988,-0.273988,3.8465,3.8465,-2.52614,-2.91362
52.04,-0.413564,-0.413564,3.84332,3.84332,-2.42521,-3.01007
52.05,-0.550563,-0.550563,3.83209,3.83209,-2.32039,-3.099
52.06,-0.684709,-0.684709,3.81275,3.81275,-2.21186,-3.18019
52.07,-0.815737,-0.815737,3.78529,3.78529,-2.09979,-3.25342
52.08,-0.94339,-0.94339,3.74971,3.74971,-1.98437,-3.31852
52.09,-1.06742,-1.06742,3.70601,3.70601,-1.86576,-3.37533
52.1,-1.1876,-1.1876,3.65424,3.65424,-1.74418,-3.4237
52.11,-1.3037,-1.3037,3.59444,3.59444,-1.6198,-3.46351
52.12,-1.41551,-1.41551,3.5267,3.5267,-1.49283,-3.49467
52.13,-1.52283,-1.52283,3.45108,3.45108,-1.36348,-3.51709
52.14,-1.62548,-1.62548,3.36771,3.36771,-1.23194,-3.53072
52.15,-1.72329,-1.72329,3.2767,3.2767,-1.09843,-3.53553
52.16,-1.81608,-1.81608,3.1782,3.1782,-0.963164,-3.53149
52.17,-1.90373,-1.90373,3.07237,3.07237,-0.826358,-3.51864
52.18,-1.98609,-1.98609,2.95939,2.95939,-0.688229,-3.49698
52.19,-2.06305,-2.06305,2.83945,2.83945,-0.549,-3.46659
52.2,-2.1345,-2.1345,2.71276,2.71276,-0.408892,-3.42753
52.21,-2.20036,-2.20036,2.57955,2.57955,-0.26813,-3.3799
52.22,-2.26054,-2.26054,2.44006,2.44006,-0.126939,-3.32383
52.23,-2.315,-2.315,2.29456,2.29456,0.0144551,-3.25945
52.24,-2.36368,-2.36368,2.14331,2.14331,0.155826,-3.18692
52.25,-2.40655,-2.40655,1.9866,1.9866,0.296948,-3.10643
52.26,-2.44359,-2.44359,1.82474,1.82474,0.437594,-3.01817
52.27,-2.47481,-2.47481,1.65804,1.65804,0.577541,-2.92237
52.28,-2.50021,-2.50021,1.48683,1.48683,0.716563,-2.81926
52.29,-2.51981,-2.51981,1.31145,1.31145,0.854439,-2.70911
52.3,-2.53366,-2.53366,1.13224,1.13224,0.990949,-2.59218
52.31,-2.5418,-2.5418,0.949578,0.949578,1.12587,-2.46878
52.32,-2.54431,-2.54431,0.763823,0.763823,1.259,-2.3392
52.33,-2.54126,-2.54126,0.575358,0.575358,1.3901,-2.20378
52.34,-2.53275,-2.53275,0.384571,0.384571,1.51899,-2.06285
52.35,-2.51886,-2.51886,0.191856,0.191856,1.64544,-1.91677
52.36,-2.49973,-2.49973,-0.0023859,-0.0023859,1.76927,-1.76589
52.37,-2.47548,-2.47548,-0.197747,-0.197747,1.89026,-1.6106
52.38,-2.44624,-2.44624,-0.393816,-0.393816,2.00823,-1.45129
52.39,-2.41217,-2.41217,-0.590179,-0.590179,2.12298,-1.28834
52.4,-2.37342,-2.37342,-0.786417,-0.786417,2.23434,-1.12218
52.41,-2.33015,-2.33015,-0.982111,-0.982111,2.34212,-0.95321
52.42,-2.28256,-2.28256,-1.17684,-1.17684,2.44616,-0.781859
52.43,-2.23081,-2.23081,-1.37018,-1.37018,2.54629,-0.608554
52.44,-2.17511,-2.17511,-1.56172,-1.56172,2.64234,-0.433728
52.45,-2.11565,-2.11565,-1.75104,-1.75104,2.73416,-0.257817
52.46,-2.05264,-2.05264,-1.93772,-1.93772,2.82161,-0.0812627
52.47,-1.9863,-1.9863,-2.12135,-2.12135,2.90455,0.0954953
52.48,-1.91684,-1.91684,-2.30153,-2.30153,2.98283,0.272014
52.49,-1.84449,-1.84449,-2.47785,-2.47785,3.05635,0.447854
52.5,-1.76947,-1.76947,-2.64992,-2.64992,3.12498,0.622574
52.51,-1.69201,-1.69201,-2.81736,-2.81736,3.18861,0.795738
52.52,-1.61236,-1.61236,-2.97978,-2.97978,3.24713,0.966913
52.53,-1.53074,-1.53074,-3.13682,-3.13682,3.30047,1.13567
52.54,-1.4474,-1.4474,-3.28812,-3.28812,3.34852,1.30159
52.55,-1.36256,-1.36256,-3.43334,-3.43334,3.39121,1.46426
52.56,-1.27648,-1.27648,-3.57212,-3.57212,3.42848,1.62326
52.57,-1.18939,-1.18939,-3.70417,-3.70417,3.46027,1.77821
52.58,-1.10153,-1.10153,-3.82915,-3.82915,3.48652,1.92872
52.59,-1.01314,-1.01314,-3.94678,-3.94678,3.50719,2.0744
52.6,-0.924438,-0.924438,-4.05678,-4.05678,3.52225,2.2149
52.61,-0.835671,-0.835671,-4.15888,-4.15888,3.53168,2.34986
52.62,-0.747061,-0.747061,-4.25283,-4.25283,3.53545,2.47895
52.63,-0.658833,-0.658833,-4.3384,-4.3384,3.53357,2.60184
52.64,-0.571207,-0.571207,-4.41537,-4.41537,3.52604,2.71823
52.65,-0.484396,-0.484396,-4.48355,-4.48355,3.51287,2.82783
52.66,-0.398609,-0.398609,-4.54276,-4.54276,3.49408,2.93036
52.67,-0.314049,-0.314049,-4.59284,-4.59284,3.46969,3.02556
52.68,-0.230911,-0.230911,-4.63364,-4.63364,3.43976,3.1132
52.69,-0.149384,-0.149384,-4.66505,-4.66505,3.40432,3.19306
52.7,-0.0696497,-0.0696497,-4.68697,-4.68697,3.36344,3.26494
52.71,0.0081191,0.0081191,-4.69931,-4.69931,3.31717,3.32866
52.72,0.0837573,0.0837573,-4.70202,-4.70202,3.2656,3.38405
52.73,0.157109,0.157109,-4.69505,-4.69505,3.20881,3.43099
52.74,0.228026,0.228026,-4.67839,-4.67839,3.14688,3.46936
52.75,0.296371,0.296371,-4.65203,-4.65203,3.07992,3.49905
52.76,0.362016,0.362016,-4.61601,-4.61601,3.00803,3.52
52.77,0.424843,0.424843,-4.57037,-4.57037,2.93133,3.53215
52.78,0.484743,0.484743,-4.51516,-4.51516,2.84994,3.53547
52.79,0.541618,0.541618,-4.45048,-4.45048,2.76398,3.52995
52.8,0.595381,0.595381,-4.37644,-4.37644,2.67361,3.51561
52.81,0.645955,0.645955,-4.29316,-4.29316,2.57896,3.49248
52.82,0.693274,0.693274,-4.20079,-4.20079,2.48019,3.46062
52.83,0.737282,0.737282,-4.0995,-4.0995,2.37744,3.42012
52.84,0.777935,0.777935,-3.98947,-3.98947,2.2709,3.37106
52.85,0.815199,0.815199,-3.87091,-3.87091,2.16072,3.31358
52.86,0.84905,0.84905,-3.74406,-3.74406,2.04708,3.24782
52.87,0.879477,0.879477,-3.60915,-3.60915,1.93017,3.17394
52.88,0.906478,0.906478,-3.46645,-3.46645,1.81017,3.09212
52.89,0.930062,0.930062,-3.31623,-3.31623,1.68728,3.00258
52.9,0.950247,0.950247,-3.1588,-3.1588,1.56168,2.90553
52.91,0.967064,0.967064,-2.99447,-2.99447,1.43359,2.80122
52.92,0.980552,0.980552,-2.82356,-2.82356,1.3032,2.68991
52.93,0.99076,0.99076,-2.64642,-2.64642,1.17073,2.57188
52.94,0.997746,0.997746,-2.46342,-2.46342,1.03639,2.44741
52.95,1.00158,1.00158,-2.27492,-2.27492,0.900386,2.31683
52.96,1.00234,1.00234,-2.0813,-2.0813,0.762944,2.18046
52.97,1.0001,1.0001,-1.88297,-1.88297,0.624281,2.03864
52.98,0.994973,0.994973,-1.68033,-1.68033,0.48462,1.89172
52.99,0.987047,0.987047,-1.4738,-1.4738,0.344183,1.74008
53,0.976436,0.976436,-1.2638,-1.2638,0.203196,1.58408
53.01,0.963254,0.963254,-1.05077,-1.05077,0.0618832,1.42413
53.02,0.947625,0.947625,-0.835156,-0.835156,-0.0795282,1.26062
53.03,0.929679,0.929679,-0.617403,-0.617403,-0.220813,1.09395
53.04,0.909549,0.909549,-0.397967,-0.397967,-0.361744,0.924553
53.05,0.887376,0.887376,-0.177305,-0.177305,-0.502096,0.752844
53.06,0.863305,0.863305,0.0441183,0.0441183,-0.641645,0.579252
53.07,0.837483,0.837483,0.26584,0.26584,-0.780167,0.404213
53.08,0.810065,0.810065,0.487393,0.487393,-0.917442,0.228163
53.09,0.781206,0.781206,0.708312,0.708312,-1.05325,0.0515435
53.1,0.751064,0.751064,0.928131,0.928131,-1.18737,-0.125205
53.11,0.719801,0.719801,1.14639,1.14639,-1.31959,-0.301641
53.12,0.687577,0.687577,1.36261,1.36261,-1.4497,-0.477323
53.13,0.654558,0.654558,1.57636,1.57636,-1.5775,-0.651811
53.14,0.620906,0.620906,1.78717,1.78717,-1.70276,-0.824671
53.15,0.586785,0.586785,1.99459,1.99459,-1.82531,-0.995469
53.16,0.552359,0.552359,2.19819,2.19819,-1.94493,-1.16378
53.17,0.517789,0.517789,2.39753,2.39753,-2.06144,-1.32918
53.18,0.483237,0.483237,2.5922,2.5922,-2.17466,-1.49126
53.19,0.44886,0.44886,2.78176,2.78176,-2.2844,-1.64961
53.2,0.414815,0.414815,2.96583,2.96583,-2.39048,-1.80384
53.21,0.381254,0.381254,3.144,3.144,-2.49273,-1.95356
53.22,0.348325,0.348325,3.31591,3.31591,-2.591,-2.0984
53.23,0.316174,0.316174,3.48117,3.48117,-2.68513,-2.23799
53.24,0.284942,0.284942,3.63944,3.63944,-2.77496,-2.37199
53.25,0.254762,0.254762,3.79038,3.79038,-2.86034,-2.50006
53.26,0.225765,0.225765,3.93366,3.93366,-2.94116,-2.62188
53.27,0.198076,0.198076,4.06898,4.06898,-3.01727,-2.73714
53.28,0.17181,0.17181,4.19605,4.19605,-3.08855,-2.84557
53.29,0.14708,0.14708,4.3146,4.3146,-3.15489,-2.94688
53.3,0.12399,0.12399,4.42438,4.42438,-3.21618,-3.04083
53.31,0.102635,0.102635,4.52513,4.52513,-3.27233,-3.12718
53.32,0.083106,0.083106,4.61666,4.61666,-3.32324,-3.20571
53.33,0.0654833,0.0654833,4.69877,4.69877,-3.36884,-3.27623
53.34,0.0498401,0.0498401,4.77127,4.77127,-3.40904,-3.33856
53.35,0.0362411,0.0362411,4.83402,4.83402,-3.4438,-3.39254
53.36,0.0247424,0.0247424,4.88688,4.88688,-3.47304,-3.43805
53.37,0.0153913,0.0153913,4.92973,4.92973,-3.49673,-3.47496
53.38,0.0082263,0.0082263,4.96248,4.96248,-3.51482,-3.50319
53.39,0.00327678,0.00327678,4.98507,4.98507,-3.52729,-3.52266
53.4,0.000563047,0.000563047,4.99743,4.99743,-3.53412,-3.53332
53.41,9.62406e-05,9.62406e-05,4.99956,4.99956,-3.53529,-3.53516
53.42,0.00187827,0.00187827,4.99144,4.99144,-3.53081,-3.52815
53.43,0.00590183,0.00590183,4.97309,4.97309,-3.52068,-3.51233
53.44,0.0121504,0.0121504,4.94455,4.94455,-3.50492,-3.48773
53.45,0.0205984,0.0205984,4.90588,4.90588,-3.48355,-3.45442
53.46,0.031211,0.031211,4.85717,4.85717,-3.4566,-3.41246
53.47,0.0439447,0.0439447,4.79851,4.79851,-3.42413,-3.36198
53.48,0.0587469,0.0587469,4.73004,4.73004,-3.38618,-3.3031
53.49,0.0755564,0.0755564,4.65189,4.65189,-3.34281,-3.23596
53.5,0.0943038,0.0943038,4.56425,4.56425,-3.2941,-3.16073
53.51,0.114911,0.114911,4.4673,4.4673,-3.24011,-3.0776
53.52,0.137292,0.137292,4.36124,4.36124,-3.18094,-2.98678
53.53,0.161354,0.161354,4.2463,4.2463,-3.11669,-2.8885
53.54,0.186995,0.186995,4.12274,4.12274,-3.04744,-2.78299
53.55,0.214108,0.214108,3.99081,3.99081,-2.97332,-2.67053
53.56,0.242577,0.242577,3.85079,3.85079,-2.89445,-2.55139
53.57,0.272281,0.272281,3.70299,3.70299,-2.81094,-2.42588
53.58,0.303093,0.303093,3.54772,3.54772,-2.72294,-2.2943
53.59,0.334879,0.334879,3.38532,3.38532,-2.63058,-2.15699
53.6,0.367502,0.367502,3.21613,3.21613,-2.53401,-2.01428
53.61,0.400819,0.400819,3.04051,3.04051,-2.43339,-1.86655
53.62,0.434682,0.434682,2.85885,2.85885,-2.32888,-1.71414
53.63,0.468939,0.468939,2.67151,2.67151,-2.22064,-1.55745
53.64,0.503438,0.503438,2.47892,2.47892,-2.10884,-1.39687
53.65,0.53802,0.53802,2.28146,2.28146,-1.99368,-1.2328
53.66,0.572525,0.572525,2.07958,2.07958,-1.87532,-1.06565
53.67,0.606792,0.606792,1.87369,1.87369,-1.75396,-0.895831
53.68,0.640659,0.640659,1.66423,1.66423,-1.6298,-0.723775
53.69,0.673961,0.673961,1.45165,1.45165,-1.50303,-0.549909
53.7,0.706534,0.706534,1.2364,1.2364,-1.37386,-0.374669
53.71,0.738216,0.738216,1.01893,1.01893,-1.24249,-0.198493
53.72,0.768843,0.768843,0.799702,0.799702,-1.10913,-0.0218208
53.73,0.798254,0.798254,0.579183,0.579183,-0.973995,0.154906
53.74,0.826289,0.826289,0.357837,0.357837,-0.837303,0.331246
53.75,0.852792,0.852792,0.136128,0.136128,-0.699272,0.506758
53.76,0.877608,0.877608,-0.0854757,-0.0854757,-0.560122,0.681003
53.77,0.900587,0.900587,-0.30651,-0.30651,-0.420076,0.853546
53.78,0.921582,0.921582,-0.52651,-0.52651,-0.279358,1.02396
53.79,0.940451,0.940451,-0.745017,-0.745017,-0.138193,1.19181
53.8,0.957058,0.957058,-0.961574,-0.961574,0.0031934,1.35668
53.81,0.97127,0.97127,-1.17573,-1.17573,0.144574,1.51816
53.82,0.982963,0.982963,-1.38704,-1.38704,0.285724,1.67584
53.83,0.992017,0.992017,-1.59506,-1.59506,0.426417,1.82934
53.84,0.99832,0.99832,-1.79937,-1.79937,0.566427,1.97827
53.85,1.00177,1.00177,-1.99954,-1.99954,0.705532,2.12225
53.86,1.00226,1.00226,-2.19516,-2.19516,0.843507,2.26092
53.87,0.999716,0.999716,-2.38583,-2.38583,0.980133,2.39395
53.88,0.994047,0.994047,-2.57117,-2.57117,1.11519,2.52099
53.89,0.985183,0.985183,-2.75078,-2.75078,1.24847,2.64173
53.9,0.973063,0.973063,-2.92431,-2.92431,1.37974,2.75586
53.91,0.957634,0.957634,-3.09142,-3.09142,1.50881,2.86311
53.92,0.93885,0.93885,-3.25175,-3.25175,1.63547,2.9632
53.93,0.91668,0.91668,-3.405,-3.405,1.75951,3.05589
53.94,0.891099,0.891099,-3.55086,-3.55086,1.88073,3.14094
53.95,0.862094,0.862094,-3.68903,-3.68903,1.99895,3.21813
53.96,0.829663,0.829663,-3.81926,-3.81926,2.11397,3.28729
53.97,0.793813,0.793813,-3.94129,-3.94129,2.2256,3.34822
53.98,0.754564,0.754564,-4.05488,-4.05488,2.33368,3.40079
53.99,0.711943,0.711943,-4.15982,-4.15982,2.43802,3.44486
54,0.665992,0.665992,-4.25592,-4.25592,2.53846,3.48032
54.01,0.616762,0.616762,-4.34299,-4.34299,2.63484,3.50707
54.02,0.564313,0.564313,-4.42088,-4.42088,2.72701,3.52507
54.03,0.50872,0.50872,-4.48946,-4.48946,2.81481,3.53425
54.04,0.450064,0.450064,-4.54861,-4.54861,2.89811,3.5346
54.05,0.388439,0.388439,-4.59823,-4.59823,2.97677,3.52611
54.06,0.32395,0.32395,-4.63826,-4.63826,3.05067,3.50881
54.07,0.25671,0.25671,-4.66863,-4.66863,3.1197,3.48274
54.08,0.186844,0.186844,-4.68931,-4.68931,3.18373,3.44796
54.09,0.114486,0.114486,-4.7003,-4.7003,3.24266,3.40457
54.1,0.0397784,0.0397784,-4.70161,-4.70161,3.29641,3.35267
54.11,-0.0371256,-0.0371256,-4.69326,-4.69326,3.34489,3.29238
54.12,-0.116065,-0.116065,-4.67531,-4.67531,3.38801,3.22387
54.13,-0.196869,-0.196869,-4.64783,-4.64783,3.42572,3.1473
54.14,-0.279361,-0.279361,-4.6109,-4.6109,3.45794,3.06286
54.15,-0.363354,-0.363354,-4.56466,-4.56466,3.48463,2.97077
54.16,-0.448657,-0.448657,-4.50922,-4.50922,3.50575,2.87125
54.17,-0.535067,-0.535067,-4.44474,-4.44474,3.52126,2.76456
54.18,-0.622381,-0.622381,-4.3714,-4.3714,3.53113,2.65095
54.19,-0.710386,-0.710386,-4.28937,-4.28937,3.53536,2.53072
54.2,-0.798864,-0.798864,-4.19887,-4.19887,3.53393,2.40417
54.21,-0.887593,-0.887593,-4.10012,-4.10012,3.52685,2.2716
54.22,-0.976348,-0.976348,-3.99337,-3.99337,3.51412,2.13336
54.23,-1.0649,-1.0649,-3.87888,-3.87888,3.49578,1.98978
54.24,-1.15301,-1.15301,-3.75691,-3.75691,3.47184,1.84124
54.25,-1.24045,-1.24045,-3.62776,-3.62776,3.44234,1.68808
54.26,-1.32698,-1.32698,-3.49173,-3.49173,3.40734,1.53071
54.27,-1.41236,-1.41236,-3.34915,-3.34915,3.36689,1.36952
54.28,-1.49635,-1.49635,-3.20033,-3.20033,3.32105,1.2049
54.29,-1.57871,-1.57871,-3.04563,-3.04563,3.2699,1.03727
54.3,-1.65921,-1.65921,-2.8854,-2.8854,3.21352,0.867045
54.31,-1.7376,-1.7376,-2.71999,-2.71999,3.152,0.694654
54.32,-1.81366,-1.81366,-2.5498,-2.5498,3.08543,0.520527
54.33,-1.88715,-1.88715,-2.37519,-2.37519,3.01393,0.345099
54.34,-1.95784,-1.95784,-2.19657,-2.19657,2.93761,0.168809
54.35,-2.0255,-2.0255,-2.01432,-2.01432,2.85659,-0.00790355
54.36,-2.08992,-2.08992,-1.82886,-1.82886,2.77099,-0.184596
54.37,-2.15087,-2.15087,-1.64059,-1.64059,2.68097,-0.360828
54.38,-2.20816,-2.20816,-1.44992,-1.44992,2.58665,-0.536157
54.39,-2.26157,-2.26157,-1.25727,-1.25727,2.4882,-0.710146
54.4,-2.31092,-2.31092,-1.06307,-1.06307,2.38577,-0.882361
54.41,-2.356,-2.356,-0.867724,-0.867724,2.27952,-1.05237
54.42,-2.39665,-2.39665,-0.671661,-0.671661,2.16962,-1.21975
54.43,-2.43268,-2.43268,-0.475299,-0.475299,2.05625,-1.38408
54.44,-2.46394,-2.46394,-0.279058,-0.279058,1.9396,-1.54495
54.45,-2.49028,-2.49028,-0.0833526,-0.0833526,1.81984,-1.70196
54.46,-2.51156,-2.51156,0.111403,0.111403,1.69716,-1.85471
54.47,-2.52763,-2.52763,0.304801,0.304801,1.57178,-2.00283
54.48,-2.53839,-2.53839,0.496437,0.496437,1.44388,-2.14594
54.49,-2.54372,-2.54372,0.685913,0.685913,1.31367,-2.28369
54.5,-2.54352,-2.54352,0.872839,0.872839,1.18135,-2.41573
54.51,-2.53773,-2.53773,1.05683,1.05683,1.04715,-2.54174
54.52,-2.52625,-2.52625,1.23752,1.23752,0.911272,-2.66139
54.53,-2.50904,-2.50904,1.41453,1.41453,0.773937,-2.77438
54.54,-2.48605,-2.48605,1.58751,1.58751,0.635363,-2.88045
54.55,-2.45726,-2.45726,1.75613,1.75613,0.495773,-2.97931
54.56,-2.42263,-2.42263,1.92003,1.92003,0.35539,-3.07073
54.57,-2.38218,-2.38218,2.07892,2.07892,0.214438,-3.15447
54.58,-2.33591,-2.33591,2.23247,2.23247,0.0731429,-3.23033
54.59,-2.28384,-2.28384,2.38039,2.38039,-0.0682689,-3.29811
54.6,-2.22603,-2.22603,2.52241,2.52241,-0.209572,-3.35765
54.61,-2.16252,-2.16252,2.65825,2.65825,-0.350539,-3.4088
54.62,-2.09338,-2.09338,2.78768,2.78768,-0.490946,-3.45143
54.63,-2.01869,-2.01869,2.91045,2.91045,-0.630567,-3.48543
54.64,-1.93856,-1.93856,3.02634,3.02634,-0.769179,-3.51071
54.65,-1.85309,-1.85309,3.13516,3.13516,-0.906561,-3.52723
54.66,-1.76242,-1.76242,3.23672,3.23672,-1.04249,-3.53492
54.67,-1.66667,-1.66667,3.33086,3.33086,-1.17676,-3.53379
54.68,-1.56601,-1.56601,3.41741,3.41741,-1.30914,-3.52382
54.69,-1.46061,-1.46061,3.49626,3.49626,-1.43942,-3.50504
54.7,-1.35064,-1.35064,3.56729,3.56729,-1.56741,-3.4775
54.71,-1.23629,-1.23629,3.63039,3.63039,-1.69289,-3.44127
54.72,-1.11778,-1.11778,3.6855,3.6855,-1.81565,-3.39643
54.73,-0.99532,-0.99532,3.73256,3.73256,-1.93552,-3.34311
54.74,-0.86914,-0.86914,3.77151,3.77151,-2.05229,-3.28143
54.75,-0.739482,-0.739482,3.80234,3.80234,-2.16577,-3.21155
54.76,-0.606598,-0.606598,3.82505,3.82505,-2.27579,-3.13365
54.77,-0.47075,-0.47075,3.83964,3.83964,-2.38217,-3.04791
54.78,-0.33221,-0.33221,3.84616,3.84616,-2.48473,-2.95455
54.79,-0.191259,-0.191259,3.84464,3.84464,-2.58333,-2.85381
54.8,-0.048186,-0.048186,3.83515,3.83515,-2.67779,-2.74593
54.81,0.0967106,0.0967106,3.81778,3.81778,-2.76796,-2.63119
54.82,0.243127,0.243127,3.79263,3.79263,-2.85371,-2.50988
54.83,0.39075,0.39075,3.75982,3.75982,-2.93489,-2.38229
54.84,0.539264,0.539264,3.71947,3.71947,-3.01138,-2.24875
54.85,0.688346,0.688346,3.67174,3.67174,-3.08305,-2.10958
54.86,0.837669,0.837669,3.6168,3.6168,-3.14979,-1.96514
54.87,0.986902,0.986902,3.55482,3.55482,-3.21149,-1.8158
54.88,1.13571,1.13571,3.486,3.486,-3.26805,-1.66191
54.89,1.28376,1.28376,3.41055,3.41055,-3.31938,-1.50387
54.9,1.43071,1.43071,3.32868,3.32868,-3.3654,-1.34207
54.91,1.57623,1.57623,3.24064,3.24064,-3.40604,-1.17691
54.92,1.71998,1.71998,3.14666,3.14666,-3.44123,-1.00882
54.93,1.86161,1.86161,3.047,3.047,-3.47091,-0.838198
54.94,2.0008,2.0008,2.94194,2.94194,-3.49504,-0.665485
54.95,2.13721,2.13721,2.83175,2.83175,-3.51358,-0.491109
54.96,2.27052,2.27052,2.71671,2.71671,-3.5265,-0.315505
54.97,2.40039,2.40039,2.59713,2.59713,-3.53378,-0.139113
54.98,2.52652,2.52652,2.4733,2.4733,-3.53541,0.0376273
54.99,2.64857,2.64857,2.34554,2.34554,-3.53137,0.214273
55,2.76626,2.76626,2.21417,2.21417,-3.52169,0.390384
55.01,2.87927,2.87927,2.0795,2.0795,-3.50638,0.565518
55.02,2.98731,2.98731,1.94187,1.94187,-3.48545,0.73924
55.03,3.0901,3.0901,1.80159,1.80159,-3.45895,0.911113
55.04,3.18737,3.18737,1.65902,1.65902,-3.42692,1.08071
55.05,3.27886,3.27886,1.51448,1.51448,-3.3894,1.2476
55.06,3.3643,3.3643,1.36831,1.36831,-3.34646,1.41138
55.07,3.44347,3.44347,1.22085,1.22085,-3.29817,1.57163
55.08,3.51613,3.51613,1.07243,1.07243,-3.2446,1.72795
55.09,3.58206,3.58206,0.923404,0.923404,-3.18584,1.87995
55.1,3.64106,3.64106,0.774092,0.774092,-3.12199,2.02725
55.11,3.69295,3.69295,0.624832,0.624832,-3.05314,2.16949
55.12,3.73756,3.73756,0.475952,0.475952,-2.9794,2.3063
55.13,3.77471,3.77471,0.327778,0.327778,-2.9009,2.43735
55.14,3.80428,3.80428,0.18063,0.18063,-2.81776,2.56231
55.15,3.82613,3.82613,0.0348228,0.0348228,-2.73011,2.68086
55.16,3.84016,3.84016,-0.109334,-0.109334,-2.63809,2.79271
55.17,3.84626,3.84626,-0.25154,-0.25154,-2.54185,2.89758
55.18,3.84437,3.84437,-0.391499,-0.391499,-2.44155,2.99521
55.19,3.83442,3.83442,-0.528927,-0.528927,-2.33734,3.08535
55.2,3.81638,3.81638,-0.663546,-0.663546,-2.22939,3.16778
55.21,3.79021,3.79021,-0.795088,-0.795088,-2.11787,3.2423
55.22,3.75592,3.75592,-0.923296,-0.923296,-2.00297,3.3087
55.23,3.71351,3.71351,-1.04792,-1.04792,-1.88486,3.36684
55.24,3.66302,3.66302,-1.16873,-1.16873,-1.76373,3.41656
55.25,3.6045,3.6045,-1.28549,-1.28549,-1.63979,3.45775
55.26,3.53801,3.53801,-1.398,-1.398,-1.51322,3.49029
55.27,3.46365,3.46365,-1.50605,-1.50605,-1.38423,3.51411
55.28,3.3815,3.3815,-1.60946,-1.60946,-1.25303,3.52914
55.29,3.2917,3.2917,-1.70804,-1.70804,-1.11982,3.53535
55.3,3.19439,3.19439,-1.80165,-1.80165,-0.984816,3.53273
55.31,3.08971,3.08971,-1.89012,-1.89012,-0.848241,3.52127
55.32,2.97786,2.97786,-1.97333,-1.97333,-0.710308,3.50102
55.33,2.85901,2.85901,-2.05116,-2.05116,-0.571239,3.47201
55.34,2.73338,2.73338,-2.12349,-2.12349,-0.431256,3.43433
55.35,2.60119,2.60119,-2.19025,-2.19025,-0.290583,3.38806
55.36,2.46269,2.46269,-2.25134,-2.25134,-0.149445,3.33332
55.37,2.31812,2.31812,-2.30671,-2.30671,-0.00806836,3.27025
55.38,2.16777,2.16777,-2.35632,-2.35632,0.133321,3.19901
55.39,2.01191,2.01191,-2.40011,-2.40011,0.274498,3.11977
55.4,1.85085,1.85085,-2.43808,-2.43808,0.415235,3.03274
55.41,1.6849,1.6849,-2.47023,-2.47023,0.555308,2.93812
55.42,1.51439,1.51439,-2.49655,-2.49655,0.694493,2.83616
55.43,1.33965,1.33965,-2.51707,-2.51707,0.832566,2.72711
55.44,1.16103,1.16103,-2.53183,-2.53183,0.969308,2.61125
55.45,0.978887,0.978887,-2.54088,-2.54088,1.1045,2.48885
55.46,0.793599,0.793599,-2.54429,-2.54429,1.23792,2.36024
55.47,0.60554,0.60554,-2.54212,-2.54212,1.36937,2.22573
55.48,0.415096,0.415096,-2.53446,-2.53446,1.49862,2.08565
55.49,0.222661,0.222661,-2.52143,-2.52143,1.62548,1.94037
55.5,0.0286356,0.0286356,-2.50313,-2.50313,1.74973,1.79023
55.51,-0.166575,-0.166575,-2.47968,-2.47968,1.87119,1.63561
55.52,-0.362559,-0.362559,-2.45123,-2.45123,1.98965,1.47691
55.53,-0.558903,-0.558903,-2.41791,-2.41791,2.10493,1.31452
55.54,-0.755189,-0.755189,-2.3799,-2.3799,2.21684,1.14884
55.55,-0.950997,-0.950997,-2.33734,-2.33734,2.3252,0.980292
55.56,-1.14591,-1.14591,-2.29042,-2.29042,2.42985,0.809292
55.57,-1.3395,-1.3395,-2.23932,-2.23932,2.53061,0.636269
55.58,-1.53136,-1.53136,-2.18423,-2.18423,2.62732,0.461656
55.59,-1.72105,-1.72105,-2.12536,-2.12536,2.71983,0.285888
55.6,-1.90818,-1.90818,-2.0629,-2.0629,2.80798,0.109407
55.61,-2.09232,-2.09232,-1.99708,-1.99708,2.89164,-0.0673484
55.62,-2.27308,-2.27308,-1.9281,-1.9281,2.97068,-0.243935
55.63,-2.45004,-2.45004,-1.85619,-1.85619,3.04497,-0.419912
55.64,-2.62282,-2.62282,-1.78158,-1.78158,3.11438,-0.59484
55.65,-2.79102,-2.79102,-1.7045,-1.7045,3.17881,-0.768281
55.66,-2.95426,-2.95426,-1.62518,-1.62518,3.23816,-0.939801
55.67,-3.11219,-3.11219,-1.54386,-1.54386,3.29232,-1.10897
55.68,-3.26443,-3.26443,-1.46078,-1.46078,3.34122,-1.27537
55.69,-3.41063,-3.41063,-1.37617,-1.37617,3.38478,-1.43858
55.7,-3.55046,-3.55046,-1.29027,-1.29027,3.42291,-1.5982
55.71,-3.6836,-3.6836,-1.20332,-1.20332,3.45558,-1.75382
55.72,-3.80973,-3.80973,-1.11557,-1.11557,3.48271,-1.90506
55.73,-3.92855,-3.92855,-1.02724,-1.02724,3.50427,-2.05154
55.74,-4.03978,-4.03978,-0.938575,-0.938575,3.52023,-2.19288
55.75,-4.14315,-4.14315,-0.849803,-0.849803,3.53055,-2.32875
55.76,-4.23842,-4.23842,-0.761154,-0.761154,3.53523,-2.4588
55.77,-4.32534,-4.32534,-0.67285,-0.67285,3.53425,-2.5827
55.78,-4.40369,-4.40369,-0.585114,-0.585114,3.52762,-2.70014
55.79,-4.47329,-4.47329,-0.498159,-0.498159,3.51534,-2.81084
55.8,-4.53394,-4.53394,-0.412195,-0.412195,3.49744,-2.91451
55.81,-4.58548,-4.58548,-0.327426,-0.327426,3.47395,-3.0109
55.82,-4.62777,-4.62777,-0.244049,-0.244049,3.4449,-3.09976
55.83,-4.66068,-4.66068,-0.162253,-0.162253,3.41033,-3.18087
55.84,-4.68412,-4.68412,-0.0822214,-0.0822214,3.37031,-3.25403
55.85,-4.69799,-4.69799,-0.00412829,-0.00412829,3.3249,-3.31906
55.86,-4.70224,-4.70224,0.0718599,0.0718599,3.27417,-3.37579
55.87,-4.69681,-4.69681,0.145585,0.145585,3.2182,-3.42409
55.88,-4.68169,-4.68169,0.2169,0.2169,3.15708,-3.46383
55.89,-4.65688,-4.65688,0.285664,0.285664,3.09092,-3.49491
55.9,-4.62239,-4.62239,0.351747,0.351747,3.0198,-3.51725
55.91,-4.57828,-4.57828,0.41503,0.41503,2.94386,-3.5308
55.92,-4.52459,-4.52459,0.475403,0.475403,2.86321,-3.53553
55.93,-4.46141,-4.46141,0.532766,0.532766,2.77797,-3.53142
55.94,-4.38885,-4.38885,0.58703,0.58703,2.6883,-3.51848
55.95,-4.30704,-4.30704,0.638117,0.638117,2.59432,-3.49675
55.96,-4.2161,-4.2161,0.685958,0.685958,2.49619,-3.46628
55.97,-4.11622,-4.11622,0.730497,0.730497,2.39407,-3.42714
55.98,-4.00757,-4.00757,0.771687,0.771687,2.28811,-3.37944
55.99,-3.89036,-3.89036,0.809492,0.809492,2.1785,-3.3233
56,-3.76481,-3.76481,0.843888,0.843888,2.0654,-3.25884
56.01,-3.63117,-3.63117,0.874861,0.874861,1.949,-3.18624
56.02,-3.48968,-3.48968,0.902407,0.902407,1.82948,-3.10568
56.03,-3.34065,-3.34065,0.926534,0.926534,1.70703,-3.01735
56.04,-3.18434,-3.18434,0.947259,0.947259,1.58186,-2.92148
56.05,-3.02109,-3.02109,0.96461,0.96461,1.45415,-2.81831
56.06,-2.8512,-2.8512,0.978625,0.978625,1.32411,-2.7081
56.07,-2.67504,-2.67504,0.989351,0.989351,1.19196,-2.59112
56.08,-2.49294,-2.49294,0.996847,0.996847,1.0579,-2.46766
56.09,-2.30529,-2.30529,1.00118,1.00118,0.922149,-2.33803
56.1,-2.11247,-2.11247,1.00242,1.00242,0.784921,-2.20256
56.11,-1.91486,-1.91486,1.00066,1.00066,0.646438,-2.06158
56.12,-1.71287,-1.71287,0.99598,0.99598,0.506921,-1.91545
56.13,-1.50693,-1.50693,0.988492,0.988492,0.366593,-1.76453
56.14,-1.29746,-1.29746,0.978301,0.978301,0.225678,-1.6092
56.15,-1.08488,-1.08488,0.96552,0.96552,0.0844019,-1.44985
56.16,-0.86965,-0.86965,0.950273,0.950273,-0.057009,-1.28688
56.17,-0.652208,-0.652208,0.932687,0.932687,-0.198329,-1.12069
56.18,-0.433009,-0.433009,0.912896,0.912896,-0.339331,-0.951698
56.19,-0.212512,-0.212512,0.891038,0.891038,-0.479791,-0.780328
56.2,0.00882115,0.00882115,0.867259,0.867259,-0.619482,-0.607007
56.21,0.230527,0.230527,0.841707,0.841707,-0.758183,-0.43217
56.22,0.452138,0.452138,0.814533,0.814533,-0.895671,-0.256252
56.23,0.673189,0.673189,0.785892,0.785892,-1.03173,-0.079693
56.24,0.893214,0.893214,0.755944,0.755944,-1.16613,0.0970647
56.25,1.11175,1.11175,0.724848,0.724848,-1.29867,0.27358
56.26,1.32833,1.32833,0.692767,0.692767,-1.42913,0.449411
56.27,1.5425,1.5425,0.659863,0.659863,-1.55731,0.624119
56.28,1.75381,1.75381,0.626301,0.626301,-1.68299,0.797267
56.29,1.9618,1.9618,0.592244,0.592244,-1.80598,0.968423
56.3,2.16604,2.16604,0.557855,0.557855,-1.92608,1.13716
56.31,2.36609,2.36609,0.523298,0.523298,-2.0431,1.30305
56.32,2.56152,2.56152,0.488732,0.488732,-2.15686,1.46569
56.33,2.75193,2.75193,0.454317,0.454317,-2.26716,1.62466
56.34,2.9369,2.9369,0.420209,0.420209,-2.37383,1.77957
56.35,3.11604,3.11604,0.38656,0.38656,-2.47671,1.93003
56.36,3.28896,3.28896,0.353521,0.353521,-2.57563,2.07567
56.37,3.45531,3.45531,0.321237,0.321237,-2.67042,2.21612
56.38,3.61471,3.61471,0.289849,0.289849,-2.76094,2.35103
56.39,3.76684,3.76684,0.259493,0.259493,-2.84705,2.48007
56.4,3.91136,3.91136,0.230299,0.230299,-2.9286,2.60291
56.41,4.04798,4.04798,0.202393,0.202393,-3.00546,2.71924
56.42,4.17638,4.17638,0.175893,0.175893,-3.07752,2.82877
56.43,4.2963,4.2963,0.150912,0.150912,-3.14466,2.93124
56.44,4.40749,4.40749,0.127553,0.127553,-3.20676,3.02637
56.45,4.5097,4.5097,0.105916,0.105916,-3.26373,3.11394
56.46,4.60271,4.60271,0.0860907,0.0860907,-3.31549,3.19373
56.47,4.68633,4.68633,0.0681593,0.0681593,-3.36193,3.26554
56.48,4.76038,4.76038,0.0521963,0.0521963,-3.403,3.32919
56.49,4.82469,4.82469,0.0382677,0.0382677,-3.43863,3.38451
56.5,4.87913,4.87913,0.0264311,0.0264311,-3.46875,3.43137
56.51,4.92358,4.92358,0.0167352,0.0167352,-3.49333,3.46966
56.52,4.95794,4.95794,0.00921977,0.00921977,-3.51231,3.49928
56.53,4.98215,4.98215,0.0039158,0.0039158,-3.52568,3.52014
56.54,4.99615,4.99615,0.000844997,0.000844997,-3.53341,3.53221
56.55,4.99991,4.99991,1.99669e-05,1.99669e-05,-3.53548,3.53546
56.56,4.99342,4.99342,0.00144409,0.00144409,-3.5319,3.52986
56.57,4.9767,4.9767,0.00511152,0.00511152,-3.52267,3.51544
56.58,4.94978,4.94978,0.0110072,0.0110072,-3.5078,3.49224
56.59,4.91271,4.91271,0.019107,0.019107,-3.48732,3.4603
56.6,4.86559,4.86559,0.0293776,0.0293776,-3.46127,3.41972
56.61,4.80851,4.80851,0.0417767,0.0417767,-3.42967,3.37059
56.62,4.74159,4.74159,0.0562533,0.0562533,-3.39259,3.31303
56.63,4.66498,4.66498,0.0727476,0.0727476,-3.35008,3.2472
56.64,4.57884,4.57884,0.0911913,0.0911913,-3.30221,3.17325
56.65,4.48336,4.48336,0.111508,0.111508,-3.24906,3.09136
56.66,4.37873,4.37873,0.133613,0.133613,-3.19071,3.00175
56.67,4.26519,4.26519,0.157413,0.157413,-3.12726,2.90464
56.68,4.14298,4.14298,0.18281,0.18281,-3.0588,2.80027
56.69,4.01237,4.01237,0.209696,0.209696,-2.98545,2.68889
56.7,3.87362,3.87362,0.237957,0.237957,-2.90732,2.5708
56.71,3.72704,3.72704,0.267473,0.267473,-2.82454,2.44628
56.72,3.57294,3.57294,0.298117,0.298117,-2.73725,2.31565
56.73,3.41165,3.41165,0.329757,0.329757,-2.64557,2.17923
56.74,3.24352,3.24352,0.362256,0.362256,-2.54967,2.03736
56.75,3.0689,3.0689,0.395472,0.395472,-2.44968,1.8904
56.76,2.88817,2.88817,0.429258,0.429258,-2.34577,1.73871
56.77,2.70171,2.70171,0.463463,0.463463,-2.23812,1.58268
56.78,2.50993,2.50993,0.497934,0.497934,-2.12688,1.42269
56.79,2.31322,2.31322,0.532513,0.532513,-2.01224,1.25915
56.8,2.11201,2.11201,0.567041,0.567041,-1.89438,1.09246
56.81,1.90673,1.90673,0.601357,0.601357,-1.77349,0.923038
56.82,1.69781,1.69781,0.635298,0.635298,-1.64976,0.751309
56.83,1.4857,1.4857,0.668701,0.668701,-1.52339,0.577703
56.84,1.27084,1.27084,0.701402,0.701402,-1.39459,0.402653
56.85,1.05369,1.05369,0.733237,0.733237,-1.26355,0.226597
56.86,0.834716,0.834716,0.764042,0.764042,-1.13049,0.0499736
56.87,0.614372,0.614372,0.793658,0.793658,-0.995627,-0.126774
56.88,0.393126,0.393126,0.821923,0.821923,-0.859169,-0.303205
56.89,0.171444,0.171444,0.84868,0.84868,-0.721336,-0.478878
56.9,-0.050208,-0.050208,0.873775,0.873775,-0.58235,-0.653354
56.91,-0.271364,-0.271364,0.897056,0.897056,-0.442431,-0.826198
56.92,-0.49156,-0.49156,0.918377,0.918377,-0.301805,-0.996976
56.93,-0.710335,-0.710335,0.937594,0.937594,-0.160696,-1.16526
56.94,-0.927233,-0.927233,0.95457,0.95457,-0.01933,-1.33064
56.95,-1.1418,-1.1418,0.969172,0.969172,0.122067,-1.49268
56.96,-1.35359,-1.35359,0.981274,0.981274,0.263269,-1.651
56.97,-1.56217,-1.56217,0.990756,0.990756,0.404049,-1.80519
56.98,-1.7671,-1.7671,0.997505,0.997505,0.544183,-1.95487
56.99,-1.96795,-1.96795,1.00141,1.00141,0.683447,-2.09966
57,-2.16433,-2.16433,1.00239,1.00239,0.821617,-2.2392
57.01,-2.35581,-2.35581,1.00033,1.00033,0.958473,-2.37315
57.02,-2.54202,-2.54202,0.995162,0.995162,1.0938,-2.50117
57.03,-2.72257,-2.72257,0.986812,0.986812,1.22737,-2.62293
57.04,-2.8971,-2.8971,0.975214,0.975214,1.35898,-2.73814
57.05,-3.06525,-3.06525,0.960315,0.960315,1.48841,-2.8465
57.06,-3.22668,-3.22668,0.942068,0.942068,1.61547,-2.94775
57.07,-3.38108,-3.38108,0.920439,0.920439,1.73994,-3.04163
57.08,-3.52813,-3.52813,0.895402,0.895402,1.86162,-3.12791
57.09,-3.66755,-3.66755,0.866943,0.866943,1.98033,-3.20637
57.1,-3.79906,-3.79906,0.835057,0.835057,2.09587,-3.27682
57.11,-3.92241,-3.92241,0.799751,0.799751,2.20806,-3.33907
57.12,-4.03736,-4.03736,0.761041,0.761041,2.31671,-3.39298
57.13,-4.1437,-4.1437,0.718955,0.718955,2.42166,-3.43841
57.14,-4.24121,-4.24121,0.673532,0.673532,2.52273,-3.47525
57.15,-4.32973,-4.32973,0.62482,0.62482,2.61977,-3.5034
57.16,-4.4091,-4.4091,0.572879,0.572879,2.71262,-3.52279
57.17,-4.47917,-4.47917,0.517781,0.517781,2.80112,-3.53338
57.18,-4.53983,-4.53983,0.459607,0.459607,2.88515,-3.53513
57.19,-4.59097,-4.59097,0.398449,0.398449,2.96456,-3.52805
57.2,-4.63253,-4.63253,0.334408,0.334408,3.03923,-3.51215
57.21,-4.66444,-4.66444,0.267598,0.267598,3.10903,-3.48748
57.22,-4.68667,-4.68667,0.198142,0.198142,3.17387,-3.45408
57.23,-4.6992,-4.6992,0.126171,0.126171,3.23362,-3.41205
57.24,-4.70205,-4.70205,0.0518278,0.0518278,3.2882,-3.3615
57.25,-4.69523,-4.69523,-0.024737,-0.024737,3.33752,-3.30254
57.26,-4.67881,-4.67881,-0.103363,-0.103363,3.3815,-3.23533
57.27,-4.65284,-4.65284,-0.183882,-0.183882,3.42008,-3.16003
57.28,-4.61741,-4.61741,-0.266118,-0.266118,3.45318,-3.07683
57.29,-4.57264,-4.57264,-0.349885,-0.349885,3.48075,-2.98594
57.3,-4.51866,-4.51866,-0.434991,-0.434991,3.50276,-2.88759
57.31,-4.45561,-4.45561,-0.521239,-0.521239,3.51917,-2.78202
57.32,-4.38366,-4.38366,-0.608423,-0.608423,3.52994,-2.6695
57.33,-4.30301,-4.30301,-0.696332,-0.696332,3.53507,-2.5503
57.34,-4.21384,-4.21384,-0.784749,-0.784749,3.53454,-2.42473
57.35,-4.11639,-4.11639,-0.873454,-0.873454,3.52836,-2.2931
57.36,-4.0109,-4.0109,-0.96222,-0.96222,3.51653,-2.15574
57.37,-3.89762,-3.89762,-1.05082,-1.05082,3.49907,-2.01299
57.38,-3.77682,-3.77682,-1.13902,-1.13902,3.47602,-1.86521
57.39,-3.6488,-3.6488,-1.22658,-1.22658,3.44741,-1.71277
57.4,-3.51385,-3.51385,-1.31327,-1.31327,3.41328,-1.55604
57.41,-3.37228,-3.37228,-1.39885,-1.39885,3.3737,-1.39543
57.42,-3.22444,-3.22444,-1.48307,-1.48307,3.32871,-1.23133
57.43,-3.07065,-3.07065,-1.56571,-1.56571,3.2784,-1.06415
57.44,-2.91127,-2.91127,-1.64652,-1.64652,3.22285,-0.894312
57.45,-2.74667,-2.74667,-1.72527,-1.72527,3.16214,-0.722238
57.46,-2.57721,-2.57721,-1.80172,-1.80172,3.09637,-0.548358
57.47,-2.40328,-2.40328,-1.87563,-1.87563,3.02565,-0.373108
57.48,-2.22527,-2.22527,-1.94678,-1.94678,2.95008,-0.196926
57.49,-2.04357,-2.04357,-2.01494,-2.01494,2.8698,-0.0202507
57.5,-1.8586,-1.8586,-2.07988,-2.07988,2.78493,0.156475
57.51,-1.67074,-1.67074,-2.14141,-2.14141,2.6956,0.332809
57.52,-1.48043,-1.48043,-2.19929,-2.19929,2.60196,0.508312
57.53,-1.28807,-1.28807,-2.25333,-2.25333,2.50415,0.682544
57.54,-1.09409,-1.09409,-2.30334,-2.30334,2.40234,0.85507
57.55,-0.898895,-0.898895,-2.34911,-2.34911,2.29669,1.02546
57.56,-0.702918,-0.702918,-2.39048,-2.39048,2.18736,1.19328
57.57,-0.506576,-0.506576,-2.42726,-2.42726,2.07453,1.35813
57.58,-0.310287,-0.310287,-2.45929,-2.45929,1.95839,1.51958
57.59,-0.114469,-0.114469,-2.48642,-2.48642,1.83911,1.67723
57.6,0.0804657,0.0804657,-2.50851,-2.50851,1.71689,1.83068
57.61,0.274107,0.274107,-2.52542,-2.52542,1.59192,1.97957
57.62,0.46605,0.46605,-2.53703,-2.53703,1.46441,2.1235
57.63,0.655897,0.655897,-2.54323,-2.54323,1.33455,2.26213
57.64,0.843255,0.843255,-2.54393,-2.54393,1.20256,2.3951
57.65,1.02774,1.02774,-2.53903,-2.53903,1.06864,2.52209
57.66,1.20898,1.20898,-2.52846,-2.52846,0.933016,2.64277
57.67,1.3866,1.3866,-2.51217,-2.51217,0.795898,2.75685
57.68,1.56025,1.56025,-2.4901,-2.4901,0.657507,2.86403
57.69,1.72958,1.72958,-2.46223,-2.46223,0.518064,2.96406
57.7,1.89426,1.89426,-2.42854,-2.42854,0.377792,3.05668
57.71,2.05396,2.05396,-2.38901,-2.38901,0.236915,3.14166
57.72,2.20838,2.20838,-2.34366,-2.34366,0.09566,3.21878
57.73,2.35722,2.35722,-2.29252,-2.29252,-0.0457484,3.28786
57.74,2.5002,2.5002,-2.23562,-2.23562,-0.187084,3.34873
57.75,2.63704,2.63704,-2.17301,-2.17301,-0.32812,3.40122
57.76,2.7675,2.7675,-2.10476,-2.10476,-0.468631,3.44521
57.77,2.89135,2.89135,-2.03095,-2.03095,-0.608392,3.48059
57.78,3.00835,3.00835,-1.95168,-1.95168,-0.74718,3.50727
57.79,3.11831,3.11831,-1.86706,-1.86706,-0.884772,3.52519
57.8,3.22104,3.22104,-1.7772,-1.7772,-1.02095,3.53429
57.81,3.31637,3.31637,-1.68225,-1.68225,-1.15549,3.53456
57.82,3.40414,3.40414,-1.58237,-1.58237,-1.28819,3.52599
57.83,3.48423,3.48423,-1.47771,-1.47771,-1.41882,3.50862
57.84,3.5565,3.5565,-1.36845,-1.36845,-1.54719,3.48247
57.85,3.62088,3.62088,-1.25479,-1.25479,-1.67308,3.44762
57.86,3.67726,3.67726,-1.13693,-1.13693,-1.79629,3.40415
57.87,3.7256,3.7256,-1.01508,-1.01508,-1.91663,3.35217
57.88,3.76585,3.76585,-0.889475,-0.889475,-2.0339,3.29181
57.89,3.79798,3.79798,-0.760355,-0.760355,-2.14792,3.22323
57.9,3.82198,3.82198,-0.627967,-0.627967,-2.25851,3.14659
57.91,3.83786,3.83786,-0.492573,-0.492573,-2.36548,3.06208
57.92,3.84566,3.84566,-0.354443,-0.354443,-2.46866,2.96992
57.93,3.84541,3.84541,-0.213857,-0.213857,-2.5679,2.87034
57.94,3.83719,3.83719,-0.0711025,-0.0711025,-2.66303,2.76358
57.95,3.82107,3.82107,0.0735239,0.0735239,-2.75389,2.64992
57.96,3.79715,3.79715,0.219719,0.219719,-2.84036,2.52963
57.97,3.76555,3.76555,0.367171,0.367171,-2.92227,2.40302
57.98,3.72639,3.72639,0.515565,0.515565,-2.99952,2.2704
57.99,3.67983,3.67983,0.664578,0.664578,-3.07196,2.13211
58,3.62603,3.62603,0.813885,0.813885,-3.13949,1.98849
58.01,3.56516,3.56516,0.963154,0.963154,-3.202,1.8399
58.02,3.49741,3.49741,1.11205,1.11205,-3.25939,1.68671
58.03,3.423,3.423,1.26025,1.26025,-3.31156,1.5293
58.04,3.34214,3.34214,1.4074,1.4074,-3.35843,1.36807
58.05,3.25506,3.25506,1.55317,1.55317,-3.39993,1.20342
58.06,3.16201,3.16201,1.69722,1.69722,-3.43599,1.03577
58.07,3.06324,3.06324,1.83921,1.83921,-3.46656,0.865523
58.08,2.95902,2.95902,1.97881,1.97881,-3.49157,0.693115
58.09,2.84963,2.84963,2.11569,2.11569,-3.51101,0.518974
58.1,2.73534,2.73534,2.24951,2.24951,-3.52482,0.343537
58.11,2.61647,2.61647,2.37995,2.37995,-3.533,0.167241
58.12,2.4933,2.4933,2.50669,2.50669,-3.53553,-0.0094736
58.13,2.36614,2.36614,2.62942,2.62942,-3.53239,-0.186164
58.14,2.23532,2.23532,2.74782,2.74782,-3.52361,-0.362389
58.15,2.10116,2.10116,2.86159,2.86159,-3.50919,-0.537709
58.16,1.96397,1.96397,2.97045,2.97045,-3.48916,-0.711684
58.17,1.8241,1.8241,3.07409,3.07409,-3.46354,-0.883881
58.18,1.68187,1.68187,3.17226,3.17226,-3.43239,-1.05387
58.19,1.53762,1.53762,3.26469,3.26469,-3.39574,-1.22122
58.2,1.39168,1.39168,3.35111,3.35111,-3.35366,-1.38552
58.21,1.24441,1.24441,3.43129,3.43129,-3.30622,-1.54636
58.22,1.09612,1.09612,3.505,3.505,-3.25348,-1.70333
58.23,0.947167,0.947167,3.57202,3.57202,-3.19554,-1.85605
58.24,0.797878,0.797878,3.63214,3.63214,-3.13249,-2.00412
58.25,0.648587,0.648587,3.68517,3.68517,-3.06443,-2.14719
58.26,0.499624,0.499624,3.73095,3.73095,-2.99147,-2.28489
58.27,0.351316,0.351316,3.7693,3.7693,-2.91372,-2.41688
58.28,0.203983,0.203983,3.80009,3.80009,-2.8313,-2.54283
58.29,0.0579422,0.0579422,3.82317,3.82317,-2.74436,-2.66242
58.3,-0.086498,-0.086498,3.83845,3.83845,-2.65303,-2.77536
58.31,-0.229034,-0.229034,3.84582,3.84582,-2.55746,-2.88136
58.32,-0.369371,-0.369371,3.84521,3.84521,-2.45779,-2.98016
58.33,-0.507221,-0.507221,3.83655,3.83655,-2.35419,-3.07151
58.34,-0.642305,-0.642305,3.81979,3.81979,-2.24682,-3.15518
58.35,-0.774355,-0.774355,3.79492,3.79492,-2.13586,-3.23097
58.36,-0.90311,-0.90311,3.76192,3.76192,-2.02149,-3.29868
58.37,-1.02832,-1.02832,3.72081,3.72081,-1.90388,-3.35814
58.38,-1.14975,-1.14975,3.6716,3.6716,-1.78322,-3.40921
58.39,-1.26718,-1.26718,3.61436,3.61436,-1.65971,-3.45177
58.4,-1.38037,-1.38037,3.54913,3.54913,-1.53354,-3.48569
58.41,-1.48915,-1.48915,3.47601,3.47601,-1.40493,-3.5109
58.42,-1.5933,-1.5933,3.3951,3.3951,-1.27406,-3.52733
58.43,-1.69267,-1.69267,3.30651,3.30651,-1.14116,-3.53495
58.44,-1.78708,-1.78708,3.21038,3.21038,-1.00643,-3.53374
58.45,-1.87638,-1.87638,3.10687,3.10687,-0.870089,-3.52369
58.46,-1.96044,-1.96044,2.99615,2.99615,-0.732358,-3.50483
58.47,-2.03913,-2.03913,2.8784,2.8784,-0.593455,-3.47721
58.48,-2.11234,-2.11234,2.75383,2.75383,-0.453602,-3.44091
58.49,-2.17999,-2.17999,2.62267,2.62267,-0.313024,-3.396
58.5,-2.24199,-2.24199,2.48516,2.48516,-0.171945,-3.3426
58.51,-2.29828,-2.29828,2.34154,2.34154,-0.0305915,-3.28085
58.52,-2.3488,-2.3488,2.19209,2.19209,0.110811,-3.2109
58.53,-2.39353,-2.39353,2.03709,2.03709,0.252037,-3.13292
58.54,-2.43243,-2.43243,1.87684,1.87684,0.392859,-3.04711
58.55,-2.4655,-2.4655,1.71165,1.71165,0.533053,-2.95369
58.56,-2.49275,-2.49275,1.54184,1.54184,0.672394,-2.85288
58.57,-2.51419,-2.51419,1.36775,1.36775,0.81066,-2.74494
58.58,-2.52987,-2.52987,1.18972,1.18972,0.947628,-2.63014
58.59,-2.53982,-2.53982,1.00812,1.00812,1.08308,-2.50877
58.6,-2.54412,-2.54412,0.823304,0.823304,1.2168,-2.38113
58.61,-2.54283,-2.54283,0.635661,0.635661,1.34857,-2.24753
58.62,-2.53605,-2.53605,0.445571,0.445571,1.47819,-2.10832
58.63,-2.52386,-2.52386,0.253426,0.253426,1.60544,-1.96384
58.64,-2.50639,-2.50639,0.059627,0.059627,1.73012,-1.81445
58.65,-2.48375,-2.48375,-0.135422,-0.135422,1.85204,-1.66052
58.66,-2.45609,-2.45609,-0.33131,-0.33131,1.97099,-1.50245
58.67,-2.42354,-2.42354,-0.527625,-0.527625,2.08679,-1.34061
58.68,-2.38626,-2.38626,-0.723948,-0.723948,2.19925,-1.17543
58.69,-2.34441,-2.34441,-0.919861,-0.919861,2.30819,-1.00731
58.7,-2.29818,-2.29818,-1.11494,-1.11494,2.41344,-0.836673
58.71,-2.24773,-2.24773,-1.30877,-1.30877,2.51483,-0.663943
58.72,-2.19327,-2.19327,-1.50093,-1.50093,2.61219,-0.489554
58.73,-2.13498,-2.13498,-1.691,-1.691,2.70538,-0.313941
58.74,-2.07308,-2.07308,-1.87857,-1.87857,2.79424,-0.137544
58.75,-2.00778,-2.00778,-2.06321,-2.06321,2.87863,0.0391973
58.76,-1.93929,-1.93929,-2.24453,-2.24453,2.95841,0.21584
58.77,-1.86783,-1.86783,-2.42213,-2.42213,3.03346,0.391944
58.78,-1.79364,-1.79364,-2.59559,-2.59559,3.10366,0.567068
58.79,-1.71694,-1.71694,-2.76455,-2.76455,3.16889,0.740775
58.8,-1.63796,-1.63796,-2.92861,-2.92861,3.22905,0.91263
58.81,-1.55694,-1.55694,-3.08741,-3.08741,3.28405,1.0822
58.82,-1.47412,-1.47412,-3.24057,-3.24057,3.33379,1.24907
58.83,-1.38973,-1.38973,-3.38776,-3.38776,3.3782,1.41282
58.84,-1.30402,-1.30402,-3.52863,-3.52863,3.4172,1.57304
58.85,-1.21723,-1.21723,-3.66286,-3.66286,3.45074,1.72932
58.86,-1.12959,-1.12959,-3.79012,-3.79012,3.47876,1.88128
58.87,-1.04134,-1.04134,-3.91013,-3.91013,3.50121,2.02854
58.88,-0.95271,-0.95271,-4.02259,-4.02259,3.51806,2.17073
58.89,-0.863939,-0.863939,-4.12723,-4.12723,3.52929,2.30749
58.9,-0.775255,-0.775255,-4.2238,-4.2238,3.53487,2.43849
58.91,-0.686882,-0.686882,-4.31206,-4.31206,3.53479,2.56339
58.92,-0.59904,-0.59904,-4.3918,-4.3918,3.52905,2.68188
58.93,-0.511947,-0.511947,-4.4628,-4.4628,3.51768,2.79367
58.94,-0.425811,-0.425811,-4.52488,-4.52488,3.50067,2.89848
58.95,-0.340839,-0.340839,-4.57789,-4.57789,3.47806,2.99604
58.96,-0.257227,-0.257227,-4.62166,-4.62166,3.44989,3.08612
58.97,-0.175167,-0.175167,-4.65607,-4.65607,3.4162,3.16848
58.98,-0.0948423,-0.0948423,-4.68103,-4.68103,3.37705,3.24292
58.99,-0.0164291,-0.0164291,-4.69642,-4.69642,3.33249,3.30926
59,0.0599051,0.0599051,-4.70221,-4.70221,3.2826,3.36732
59.01,0.134001,0.134001,-4.69832,-4.69832,3.22746,3.41697
59.02,0.205709,0.205709,-4.68475,-4.68475,3.16716,3.45808
59.03,0.274888,0.274888,-4.66148,-4.66148,3.10179,3.49054
59.04,0.341407,0.341407,-4.62853,-4.62853,3.03146,3.51428
59.05,0.405143,0.405143,-4.58595,-4.58595,2.95627,3.52923
59.06,0.465987,0.465987,-4.53378,-4.53378,2.87636,3.53537
59.07,0.523835,0.523835,-4.47211,-4.47211,2.79185,3.53266
59.08,0.578599,0.578599,-4.40103,-4.40103,2.70287,3.52113
59.09,0.630196,0.630196,-4.32068,-4.32068,2.60957,3.5008
59.1,0.678558,0.678558,-4.23119,-4.23119,2.51209,3.47172
59.11,0.723627,0.723627,-4.13272,-4.13272,2.41059,3.43395
59.12,0.765352,0.765352,-4.02545,-4.02545,2.30524,3.38761
59.13,0.803699,0.803699,-3.90959,-3.90959,2.1962,3.3328
59.14,0.838639,0.838639,-3.78535,-3.78535,2.08364,3.26966
59.15,0.870157,0.870157,-3.65298,-3.65298,1.96775,3.19834
59.16,0.898249,0.898249,-3.51273,-3.51273,1.84872,3.11903
59.17,0.92292,0.92292,-3.36488,-3.36488,1.72672,3.03193
59.18,0.944185,0.944185,-3.20971,-3.20971,1.60197,2.93725
59.19,0.962071,0.962071,-3.04754,-3.04754,1.47465,2.83522
59.2,0.976614,0.976614,-2.87869,-2.87869,1.34497,2.72611
59.21,0.987861,0.987861,-2.7035,-2.7035,1.21314,2.61019
59.22,0.995867,0.995867,-2.52233,-2.52233,1.07937,2.48774
59.23,1.0007,1.0007,-2.33554,-2.33554,0.943874,2.35907
59.24,1.00242,1.00242,-2.14351,-2.14351,0.806867,2.22451
59.25,1.00113,1.00113,-1.94663,-1.94663,0.668569,2.08439
59.26,0.996916,0.996916,-1.74532,-1.74532,0.529201,1.93905
59.27,0.989869,0.989869,-1.53998,-1.53998,0.388987,1.78887
59.28,0.9801,0.9801,-1.33104,-1.33104,0.248151,1.63422
59.29,0.967724,0.967724,-1.11893,-1.11893,0.106917,1.47549
59.3,0.952862,0.952862,-0.904089,-0.904089,-0.0344874,1.31306
59.31,0.935639,0.935639,-0.686968,-0.686968,-0.175837,1.14736
59.32,0.91619,0.91619,-0.468019,-0.468019,-0.316905,0.978783
59.33,0.894652,0.894652,-0.247698,-0.247698,-0.457466,0.807763
59.34,0.871169,0.871169,-0.0264665,-0.0264665,-0.597295,0.634724
59.35,0.845889,0.845889,0.195211,0.195211,-0.736169,0.460099
59.36,0.818963,0.818963,0.416869,0.416869,-0.873865,0.284324
59.37,0.790545,0.790545,0.63804,0.63804,-1.01016,0.107837
59.38,0.760795,0.760795,0.85826,0.85826,-1.14484,-0.0689182
59.39,0.729871,0.729871,1.07706,1.07706,-1.27769,-0.245502
59.4,0.697936,0.697936,1.29399,1.29399,-1.4085,-0.421471
59.41,0.665152,0.665152,1.50857,1.50857,-1.53705,-0.596387
59.42,0.631683,0.631683,1.72036,1.72036,-1.66315,-0.769813
59.43,0.597694,0.597694,1.92891,1.92891,-1.78658,-0.941315
59.44,0.563348,0.563348,2.13378,2.13378,-1.90716,-1.11046
59.45,0.528806,0.528806,2.33453,2.33453,-2.02468,-1.27684
59.46,0.494231,0.494231,2.53072,2.53072,-2.13897,-1.44002
59.47,0.459782,0.459782,2.72196,2.72196,-2.24983,-1.5996
59.48,0.425614,0.425614,2.90782,2.90782,-2.35709,-1.75518
59.49,0.391882,0.391882,3.08791,3.08791,-2.46059,-1.90638
59.5,0.358736,0.358736,3.26185,3.26185,-2.56014,-2.05281
59.51,0.326322,0.326322,3.42927,3.42927,-2.6556,-2.19412
59.52,0.294782,0.294782,3.5898,3.5898,-2.74682,-2.32993
59.53,0.264253,0.264253,3.74311,3.74311,-2.83364,-2.45993
59.54,0.234866,0.234866,3.88887,3.88887,-2.91592,-2.58377
59.55,0.206747,0.206747,4.02676,4.02676,-2.99354,-2.70116
59.56,0.180015,0.180015,4.15649,4.15649,-3.06637,-2.81179
59.57,0.154784,0.154784,4.27778,4.27778,-3.1343,-2.9154
59.58,0.131161,0.131161,4.39038,4.39038,-3.19721,-3.01172
59.59,0.109243,0.109243,4.49403,4.49403,-3.25501,-3.10051
59.6,0.0891235,0.0891235,4.58852,4.58852,-3.3076,-3.18156
59.61,0.0708852,0.0708852,4.67365,4.67365,-3.35489,-3.25465
59.62,0.054604,0.054604,4.74923,4.74923,-3.39682,-3.3196
59.63,0.0403474,0.0403474,4.8151,4.8151,-3.43332,-3.37626
59.64,0.0281741,0.0281741,4.87112,4.87112,-3.46433,-3.42448
59.65,0.0181343,0.0181343,4.91717,4.91717,-3.48979,-3.46414
59.66,0.0102693,0.0102693,4.95315,4.95315,-3.50967,-3.49514
59.67,0.00461148,0.00461148,4.97898,4.97898,-3.52393,-3.51741
59.68,0.00118393,0.00118393,4.99461,4.99461,-3.53256,-3.53088
59.69,7.62964e-07,7.62964e-07,5,5,-3.53553,-3.53553
59.7,0.00106682,0.00106682,4.99514,4.99514,-3.53285,-3.53134
59.71,0.00437774,0.00437774,4.98004,4.98004,-3.52452,-3.51833
59.72,0.00991994,0.00991994,4.95474,4.95474,-3.51055,-3.49652
59.73,0.0176707,0.0176707,4.91929,4.91929,-3.49096,-3.46597
59.74,0.0275981,0.0275981,4.87377,4.87377,-3.46579,-3.42676
59.75,0.0396615,0.0396615,4.81826,4.81826,-3.43507,-3.37898
59.76,0.053811,0.053811,4.7529,4.7529,-3.39886,-3.32276
59.77,0.0699883,0.0699883,4.67782,4.67782,-3.35721,-3.25823
59.78,0.0881264,0.0881264,4.59319,4.59319,-3.31019,-3.18556
59.79,0.10815,0.10815,4.49918,4.49918,-3.25787,-3.10493
59.8,0.129976,0.129976,4.396,4.396,-3.20035,-3.01653
59.81,0.153513,0.153513,4.28386,4.28386,-3.1377,-2.9206
59.82,0.178663,0.178663,4.16302,4.16302,-3.07003,-2.81736
59.83,0.205319,0.205319,4.03372,4.03372,-2.99745,-2.70709
59.84,0.233369,0.233369,3.89625,3.89625,-2.92008,-2.59005
59.85,0.262693,0.262693,3.75089,3.75089,-2.83803,-2.46653
59.86,0.293166,0.293166,3.59797,3.59797,-2.75145,-2.33685
59.87,0.324657,0.324657,3.4378,3.4378,-2.66046,-2.20133
59.88,0.357029,0.357029,3.27074,3.27074,-2.56522,-2.0603
59.89,0.39014,0.39014,3.09713,3.09713,-2.46587,-1.91413
59.9,0.423845,0.423845,2.91735,2.91735,-2.36258,-1.76317
59.91,0.457994,0.457994,2.73177,2.73177,-2.25551,-1.60781
59.92,0.492432,0.492432,2.54081,2.54081,-2.14483,-1.44842
59.93,0.527005,0.527005,2.34486,2.34486,-2.03072,-1.28542
59.94,0.561552,0.561552,2.14434,2.14434,-1.91336,-1.1192
59.95,0.595913,0.595913,1.93968,1.93968,-1.79293,-0.950186
59.96,0.629925,0.629925,1.73131,1.73131,-1.66964,-0.778797
59.97,0.663424,0.663424,1.51967,1.51967,-1.54368,-0.605461
59.98,0.696248,0.696248,1.30522,1.30522,-1.41525,-0.430611
59.99,0.728231,0.728231,1.08841,1.08841,-1.28456,-0.254686
60,0.759212,0.759212,0.869695,0.869695,-1.15181,-0.0781234
60.01,0.789027,0.789027,0.649538,0.649538,-1.01722,0.0986342
60.02,0.817518,0.817518,0.428404,0.428404,-0.881,0.275145
60.03,0.844526,0.844526,0.20676,0.20676,-0.743371,0.450968
60.04,0.869896,0.869896,-0.0149277,-0.0149277,-0.604554,0.625665
60.05,0.893476,0.893476,-0.236194,-0.236194,-0.464769,0.798797
60.06,0.915118,0.915118,-0.456573,-0.456573,-0.32424,0.969933
60.07,0.93468,0.93468,-0.675606,-0.675606,-0.183193,1.13864
60.08,0.952022,0.952022,-0.892833,-0.892833,-0.0418527,1.30451
60.09,0.967011,0.967011,-1.1078,-1.1078,0.0995545,1.46711
60.1,0.979519,0.979519,-1.32007,-1.32007,0.240802,1.62605
60.11,0.989426,0.989426,-1.52918,-1.52918,0.381665,1.78093
60.12,0.996617,0.996617,-1.73472,-1.73472,0.521917,1.93135
60.13,1.00099,1.00099,-1.93625,-1.93625,0.661335,2.07694
60.14,1.00243,1.00243,-2.13337,-2.13337,0.799694,2.21735
60.15,1.00086,1.00086,-2.32566,-2.32566,0.936774,2.35221
60.16,0.996196,0.996196,-2.51273,-2.51273,1.07235,2.48119
60.17,0.988357,0.988357,-2.69421,-2.69421,1.20622,2.60397
60.18,0.977281,0.977281,-2.86972,-2.86972,1.33816,2.72024
60.19,0.962911,0.962911,-3.03891,-3.03891,1.46795,2.82971
60.2,0.9452,0.9452,-3.20143,-3.20143,1.5954,2.93211
60.21,0.924111,0.924111,-3.35697,-3.35697,1.72029,3.02718
60.22,0.899619,0.899619,-3.50522,-3.50522,1.84244,3.11469
60.23,0.871705,0.871705,-3.64587,-3.64587,1.96163,3.19441
60.24,0.840365,0.840365,-3.77866,-3.77866,2.07769,3.26614
60.25,0.805603,0.805603,-3.90332,-3.90332,2.19042,3.32971
60.26,0.767433,0.767433,-4.01963,-4.01963,2.29965,3.38496
60.27,0.725883,0.725883,-4.12735,-4.12735,2.4052,3.43175
60.28,0.680988,0.680988,-4.22628,-4.22628,2.5069,3.46996
60.29,0.632796,0.632796,-4.31624,-4.31624,2.60459,3.4995
60.3,0.581365,0.581365,-4.39708,-4.39708,2.69812,3.52029
60.31,0.526765,0.526765,-4.46864,-4.46864,2.78732,3.53228
60.32,0.469074,0.469074,-4.5308,-4.5308,2.87207,3.53544
60.33,0.408385,0.408385,-4.58347,-4.58347,2.95223,3.52977
60.34,0.344796,0.344796,-4.62655,-4.62655,3.02766,3.51527
60.35,0.278419,0.278419,-4.66,-4.66,3.09825,3.49199
60.36,0.209376,0.209376,-4.68378,-4.68378,3.16388,3.45998
60.37,0.137796,0.137796,-4.69785,-4.69785,3.22445,3.41932
60.38,0.0638209,0.0638209,-4.70224,-4.70224,3.27986,3.37012
60.39,-0.0124006,-0.0124006,-4.69696,-4.69696,3.33002,3.31249
60.4,-0.0907096,-0.0907096,-4.68206,-4.68206,3.37486,3.24658
60.41,-0.170939,-0.170939,-4.65761,-4.65761,3.4143,3.17255
60.42,-0.252913,-0.252913,-4.62368,-4.62368,3.44827,3.0906
60.43,-0.336449,-0.336449,-4.58039,-4.58039,3.47673,3.00092
60.44,-0.421355,-0.421355,-4.52787,-4.52787,3.49963,2.90374
60.45,-0.507435,-0.507435,-4.46625,-4.46625,3.51693,2.79931
60.46,-0.594484,-0.594484,-4.39571,-4.39571,3.5286,2.68787
60.47,-0.682292,-0.682292,-4.31643,-4.31643,3.53463,2.56972
60.48,-0.770643,-0.770643,-4.2286,-4.2286,3.535,2.44515
60.49,-0.859316,-0.859316,-4.13246,-4.13246,3.52972,2.31446
60.5,-0.948088,-0.948088,-4.02823,-4.02823,3.51879,2.17799
60.51,-1.03673,-1.03673,-3.91617,-3.91617,3.50223,2.03607
60.52,-1.12501,-1.12501,-3.79655,-3.79655,3.48007,1.88907
60.53,-1.21268,-1.21268,-3.66966,-3.66966,3.45234,1.73734
60.54,-1.29953,-1.29953,-3.53579,-3.53579,3.41909,1.58128
60.55,-1.3853,-1.3853,-3.39526,-3.39526,3.38037,1.42126
60.56,-1.46976,-1.46976,-3.24839,-3.24839,3.33624,1.25768
60.57,-1.55267,-1.55267,-3.09553,-3.09553,3.28677,1.09097
60.58,-1.63379,-1.63379,-2.93701,-2.93701,3.23204,0.921522
60.59,-1.71288,-1.71288,-2.77322,-2.77322,3.17215,0.749775
60.6,-1.7897,-1.7897,-2.60451,-2.60451,3.10718,0.576154
60.61,-1.86403,-1.86403,-2.43127,-2.43127,3.03724,0.401093
60.62,-1.93564,-1.93564,-2.25388,-2.25388,2.96244,0.22503
60.63,-2.00429,-2.00429,-2.07274,-2.07274,2.8829,0.0484037
60.64,-2.06976,-2.06976,-1.88826,-1.88826,2.79875,-0.128343
60.65,-2.13185,-2.13185,-1.70084,-1.70084,2.71012,-0.304769
60.66,-2.19032,-2.19032,-1.51089,-1.51089,2.61715,-0.480434
60.67,-2.24499,-2.24499,-1.31883,-1.31883,2.52,-0.654897
60.68,-2.29565,-2.29565,-1.12507,-1.12507,2.41882,-0.827724
60.69,-2.34211,-2.34211,-0.930046,-0.930046,2.31377,-0.998482
60.7,-2.38419,-2.38419,-0.734166,-0.734166,2.20501,-1.16674
60.71,-2.42171,-2.42171,-0.537854,-0.537854,2.09273,-1.33209
60.72,-2.45451,-2.45451,-0.341528,-0.341528,1.9771,-1.49411
60.73,-2.48244,-2.48244,-0.145607,-0.145607,1.85831,-1.65239
60.74,-2.50534,-2.50534,0.0494954,0.0494954,1.73654,-1.80654
60.75,-2.52308,-2.52308,0.24337,0.24337,1.612,-1.95618
60.76,-2.53554,-2.53554,0.43561,0.43561,1.48488,-2.10092
60.77,-2.54261,-2.54261,0.625817,0.625817,1.35538,-2.24042
60.78,-2.54419,-2.54419,0.813598,0.813598,1.22371,-2.37431
60.79,-2.54019,-2.54019,0.998566,0.998566,1.09009,-2.50228
60.8,-2.53053,-2.53053,1.18035,1.18035,0.954722,-2.62398
60.81,-2.51515,-2.51515,1.35857,1.35857,0.817827,-2.73913
60.82,-2.49401,-2.49401,1.53287,1.53287,0.679624,-2.84743
60.83,-2.46706,-2.46706,1.70291,1.70291,0.540333,-2.94862
60.84,-2.43429,-2.43429,1.86836,1.86836,0.400178,-3.04243
60.85,-2.3957,-2.3957,2.02887,2.02887,0.259383,-3.12864
60.86,-2.35128,-2.35128,2.18415,2.18415,0.118173,-3.20703
60.87,-2.30105,-2.30105,2.3339,2.3339,-0.023226,-3.27741
60.88,-2.24507,-2.24507,2.47783,2.47783,-0.164588,-3.33959
60.89,-2.18336,-2.18336,2.61567,2.61567,-0.305687,-3.39343
60.9,-2.116,-2.116,2.74716,2.74716,-0.446296,-3.43878
60.91,-2.04308,-2.04308,2.87208,2.87208,-0.586192,-3.47554
60.92,-1.96467,-1.96467,2.99018,2.99018,-0.72515,-3.50361
60.93,-1.88089,-1.88089,3.10128,3.10128,-0.862948,-3.52292
60.94,-1.79186,-1.79186,3.20517,3.20517,-0.999365,-3.53343
60.95,-1.69771,-1.69771,3.30169,3.30169,-1.13418,-3.53511
60.96,-1.5986,-1.5986,3.39067,3.39067,-1.26719,-3.52795
60.97,-1.49469,-1.49469,3.47199,3.47199,-1.39816,-3.51197
60.98,-1.38615,-1.38615,3.54552,3.54552,-1.5269,-3.48722
60.99,-1.27318,-1.27318,3.61116,3.61116,-1.6532,-3.45375
61,-1.15597,-1.15597,3.66882,3.66882,-1.77685,-3.41164
61.01,-1.03474,-1.03474,3.71845,3.71845,-1.89766,-3.36101
61.02,-0.909721,-0.909721,3.75998,3.75998,-2.01544,-3.30198
61.03,-0.781144,-0.781144,3.7934,3.7934,-2.12999,-3.23469
61.04,-0.64926,-0.64926,3.8187,3.8187,-2.24113,-3.15932
61.05,-0.514327,-0.514327,3.83587,3.83587,-2.34869,-3.07606
61.06,-0.376614,-0.376614,3.84496,3.84496,-2.45249,-2.9851
61.07,-0.2364,-0.2364,3.84599,3.84599,-2.55236,-2.88668
61.08,-0.0939714,-0.0939714,3.83903,3.83903,-2.64816,-2.78105
61.09,0.050377,0.050377,3.82416,3.82416,-2.73971,-2.66847
61.1,0.196342,0.196342,3.80148,3.80148,-2.82689,-2.54922
61.11,0.343616,0.343616,3.77109,3.77109,-2.90954,-2.42359
61.12,0.491881,0.491881,3.73313,3.73313,-2.98753,-2.29191
61.13,0.640817,0.640817,3.68774,3.68774,-3.06075,-2.1545
61.14,0.790099,0.790099,3.63508,3.63508,-3.12907,-2.0117
61.15,0.939397,0.939397,3.57532,3.57532,-3.19239,-1.86388
61.16,1.08838,1.08838,3.50866,3.50866,-3.25059,-1.7114
61.17,1.23671,1.23671,3.43529,3.43529,-3.3036,-1.55463
61.18,1.38404,1.38404,3.35544,3.35544,-3.35132,-1.39399
61.19,1.53006,1.53006,3.26934,3.26934,-3.39368,-1.22986
61.2,1.6744,1.6744,3.17722,3.17722,-3.43062,-1.06265
61.21,1.81675,1.81675,3.07935,3.07935,-3.46206,-0.892793
61.22,1.95675,1.95675,2.97597,2.97597,-3.48796,-0.720701
61.23,2.09408,2.09408,2.86739,2.86739,-3.50829,-0.546807
61.24,2.22841,2.22841,2.75386,2.75386,-3.523,-0.371547
61.25,2.35942,2.35942,2.63569,2.63569,-3.53208,-0.195358
61.26,2.48677,2.48677,2.51319,2.51319,-3.5355,-0.0186807
61.27,2.61015,2.61015,2.38665,2.38665,-3.53327,0.158043
61.28,2.72926,2.72926,2.25639,2.25639,-3.52539,0.334372
61.29,2.84379,2.84379,2.12274,2.12274,-3.51187,0.509865
61.3,2.95345,2.95345,1.98601,1.98601,-3.49273,0.684084
61.31,3.05795,3.05795,1.84654,1.84654,-3.468,0.856593
61.32,3.15701,3.15701,1.70466,1.70466,-3.43772,1.02696
61.33,3.25036,3.25036,1.56071,1.56071,-3.40194,1.19476
61.34,3.33776,3.33776,1.41503,1.41503,-3.36073,1.35958
61.35,3.41895,3.41895,1.26794,1.26794,-3.31413,1.52099
61.36,3.4937,3.4937,1.11979,1.11979,-3.26223,1.67861
61.37,3.5618,3.5618,0.970921,0.970921,-3.20512,1.83203
61.38,3.62303,3.62303,0.821663,0.821663,-3.14287,1.98087
61.39,3.67721,3.67721,0.67235,0.67235,-3.0756,2.12476
61.4,3.72415,3.72415,0.523313,0.523313,-3.00341,2.26333
61.41,3.7637,3.7637,0.374879,0.374879,-2.92641,2.39625
61.42,3.79569,3.79569,0.22737,0.22737,-2.84474,2.52319
61.43,3.82002,3.82002,0.0811022,0.0811022,-2.75851,2.64381
61.44,3.83654,3.83654,-0.0636134,-0.0636134,-2.66787,2.75783
61.45,3.84518,3.84518,-0.206473,-0.206473,-2.57296,2.86495
61.46,3.84584,3.84584,-0.347179,-0.347179,-2.47393,2.96491
61.47,3.83847,3.83847,-0.485444,-0.485444,-2.37094,3.05747
61.48,3.823,3.823,-0.620987,-0.620987,-2.26417,3.14238
61.49,3.79943,3.79943,-0.753538,-0.753538,-2.15377,3.21943
61.5,3.76772,3.76772,-0.882835,-0.882835,-2.03992,3.28844
61.51,3.7279,3.7279,-1.00863,-1.00863,-1.92282,3.34923
61.52,3.67998,3.67998,-1.13068,-1.13068,-1.80263,3.40165
61.53,3.62401,3.62401,-1.24875,-1.24875,-1.67956,3.44556
61.54,3.56005,3.56005,-1.36264,-1.36264,-1.55381,3.48087
61.55,3.48818,3.48818,-1.47213,-1.47213,-1.42557,3.50747
61.56,3.4085,3.4085,-1.57703,-1.57703,-1.29505,3.52531
61.57,3.32113,3.32113,-1.67717,-1.67717,-1.16245,3.53433
61.58,3.22619,3.22619,-1.77238,-1.77238,-1.028,3.53452
61.59,3.12384,3.12384,-1.8625,-1.8625,-0.891902,3.52588
61.6,3.01425,3.01425,-1.9474,-1.9474,-0.754378,3.50842
61.61,2.89761,2.89761,-2.02696,-2.02696,-0.615646,3.4822
61.62,2.77412,2.77412,-2.10105,-2.10105,-0.47593,3.44727
61.63,2.644,2.644,-2.16959,-2.16959,-0.335453,3.40372
61.64,2.50748,2.50748,-2.2325,-2.2325,-0.194439,3.35167
61.65,2.36481,2.36481,-2.2897,-2.2897,-0.0531134,3.29124
61.66,2.21627,2.21627,-2.34114,-2.34114,0.0882968,3.22258
61.67,2.06214,2.06214,-2.38679,-2.38679,0.229566,3.14587
61.68,1.9027,1.9027,-2.42662,-2.42662,0.370467,3.06129
61.69,1.73827,1.73827,-2.46062,-2.46062,0.510776,2.96907
61.7,1.56918,1.56918,-2.4888,-2.4888,0.650268,2.86942
61.71,1.39574,1.39574,-2.51116,-2.51116,0.78872,2.7626
61.72,1.21832,1.21832,-2.52775,-2.52775,0.92591,2.64888
61.73,1.03726,1.03726,-2.53862,-2.53862,1.06162,2.52853
61.74,0.852938,0.852938,-2.54381,-2.54381,1.19563,2.40186
61.75,0.66572,0.66572,-2.54341,-2.54341,1.32773,2.2692
61.76,0.475993,0.475993,-2.53749,-2.53749,1.4577,2.13085
61.77,0.284149,0.284149,-2.52616,-2.52616,1.58534,1.98719
61.78,0.0905867,0.0905867,-2.50952,-2.50952,1.71045,1.83855
61.79,-0.10429,-0.10429,-2.4877,-2.4877,1.83281,1.68533
61.8,-0.300073,-0.300073,-2.46083,-2.46083,1.95225,1.52788
61.81,-0.496347,-0.496347,-2.42904,-2.42904,2.06856,1.36662
61.82,-0.692697,-0.692697,-2.39251,-2.39251,2.18157,1.20195
61.83,-0.888704,-0.888704,-2.35138,-2.35138,2.29108,1.03427
61.84,-1.08395,-1.08395,-2.30583,-2.30583,2.39693,0.864
61.85,-1.278,-1.278,-2.25604,-2.25604,2.49895,0.691575
61.86,-1.47046,-1.47046,-2.2022,-2.2022,2.59696,0.517421
61.87,-1.66089,-1.66089,-2.14451,-2.14451,2.69082,0.341974
61.88,-1.84888,-1.84888,-2.08317,-2.08317,2.78038,0.165672
61.89,-2.03402,-2.03402,-2.0184,-2.0184,2.86549,-0.0110436
61.9,-2.21589,-2.21589,-1.9504,-1.9504,2.94602,-0.187732
61.91,-2.39411,-2.39411,-1.8794,-1.8794,3.02183,-0.363951
61.92,-2.56826,-2.56826,-1.80563,-1.80563,3.09281,-0.539261
61.93,-2.73796,-2.73796,-1.72931,-1.72931,3.15884,-0.713222
61.94,-2.90282,-2.90282,-1.65068,-1.65068,3.21981,-0.885401
61.95,-3.06248,-3.06248,-1.56997,-1.56997,3.27564,-1.05537
61.96,-3.21657,-3.21657,-1.48742,-1.48742,3.32622,-1.2227
61.97,-3.36473,-3.36473,-1.40327,-1.40327,3.37149,-1.38697
61.98,-3.50663,-3.50663,-1.31775,-1.31775,3.41136,-1.54777
61.99,-3.64194,-3.64194,-1.23112,-1.23112,3.44577,-1.70471
62,-3.77033,-3.77033,-1.14359,-1.14359,3.47467,-1.85738
62.01,-3.89151,-3.89151,-1.05542,-1.05542,3.49801,-2.00542
62.02,-4.00519,-4.00519,-0.966841,-0.966841,3.51576,-2.14844
62.03,-4.1111,-4.1111,-0.878078,-0.878078,3.52788,-2.28609
62.04,-4.20897,-4.20897,-0.789364,-0.789364,3.53436,-2.41803
62.05,-4.29857,-4.29857,-0.700927,-0.700927,3.53518,-2.54392
62.06,-4.37968,-4.37968,-0.612986,-0.612986,3.53035,-2.66345
62.07,-4.45208,-4.45208,-0.525759,-0.525759,3.51987,-2.77633
62.08,-4.5156,-4.5156,-0.439457,-0.439457,3.50375,-2.88227
62.09,-4.57006,-4.57006,-0.354286,-0.354286,3.48204,-2.981
62.1,-4.61531,-4.61531,-0.270444,-0.270444,3.45475,-3.07228
62.11,-4.65122,-4.65122,-0.188125,-0.188125,3.42194,-3.15589
62.12,-4.67769,-4.67769,-0.107512,-0.107512,3.38365,-3.2316
62.13,-4.69461,-4.69461,-0.0287826,-0.0287826,3.33995,-3.29924
62.14,-4.70193,-4.70193,0.0478935,0.0478935,3.2909,-3.35863
62.15,-4.69959,-4.69959,0.122356,0.122356,3.23659,-3.40963
62.16,-4.68756,-4.68756,0.194454,0.194454,3.1771,-3.4521
62.17,-4.66583,-4.66583,0.264045,0.264045,3.11253,-3.48595
62.18,-4.63443,-4.63443,0.330996,0.330996,3.04299,-3.51108
62.19,-4.59337,-4.59337,0.395183,0.395183,2.96857,-3.52744
62.2,-4.54272,-4.54272,0.456494,0.456494,2.8894,-3.53498
62.21,-4.48256,-4.48256,0.514826,0.514826,2.80561,-3.53369
62.22,-4.41298,-4.41298,0.570087,0.570087,2.71733,-3.52356
62.23,-4.33409,-4.33409,0.622193,0.622193,2.62471,-3.50462
62.24,-4.24605,-4.24605,0.671075,0.671075,2.52789,-3.47693
62.25,-4.14899,-4.14899,0.716671,0.716671,2.42702,-3.44055
62.26,-4.04312,-4.04312,0.758932,0.758932,2.32227,-3.39556
62.27,-3.92861,-3.92861,0.797819,0.797819,2.2138,-3.34209
62.28,-3.80569,-3.80569,0.833303,0.833303,2.1018,-3.28026
62.29,-3.6746,-3.6746,0.865367,0.865367,1.98643,-3.21024
62.3,-3.53558,-3.53558,0.894005,0.894005,1.86788,-3.13219
62.31,-3.38892,-3.38892,0.919219,0.919219,1.74634,-3.04632
62.32,-3.2349,-3.2349,0.941025,0.941025,1.62201,-2.95282
62.33,-3.07382,-3.07382,0.959447,0.959447,1.49509,-2.85195
62.34,-2.90602,-2.90602,0.97452,0.97452,1.36577,-2.74395
62.35,-2.73181,-2.73181,0.986288,0.986288,1.23427,-2.6291
62.36,-2.55157,-2.55157,0.994806,0.994806,1.1008,-2.50767
62.37,-2.36565,-2.36565,1.00014,1.00014,0.965561,-2.37997
62.38,-2.17442,-2.17442,1.00235,1.00235,0.828779,-2.24632
62.39,-1.9783,-1.9783,1.00154,1.00154,0.690672,-2.10706
62.4,-1.77766,-1.77766,0.997779,0.997779,0.55146,-1.96253
62.41,-1.57294,-1.57294,0.991176,0.991176,0.411366,-1.8131
62.42,-1.36454,-1.36454,0.981834,0.981834,0.270613,-1.65914
62.43,-1.1529,-1.1529,0.969865,0.969865,0.129428,-1.50102
62.44,-0.93847,-0.93847,0.95539,0.95539,-0.0119644,-1.33916
62.45,-0.721682,-0.721682,0.938535,0.938535,-0.153338,-1.17395
62.46,-0.502994,-0.502994,0.919431,0.919431,-0.294466,-1.00581
62.47,-0.28286,-0.28286,0.898216,0.898216,-0.435122,-0.835147
62.48,-0.0617429,-0.0617429,0.875033,0.875033,-0.575083,-0.662401
62.49,0.159895,0.159895,0.850029,0.850029,-0.714124,-0.487999
62.5,0.381587,0.381587,0.823355,0.823355,-0.852022,-0.312377
62.51,0.602867,0.602867,0.795165,0.795165,-0.988558,-0.135975
62.52,0.823269,0.823269,0.765616,0.765616,-1.12351,0.0407672
62.53,1.04233,1.04233,0.734868,0.734868,-1.25667,0.217408
62.54,1.25958,1.25958,0.703083,0.703083,-1.38781,0.393505
62.55,1.47457,1.47457,0.670423,0.670423,-1.51674,0.568618
62.56,1.68684,1.68684,0.637053,0.637053,-1.64324,0.74231
62.57,1.89593,1.89593,0.603136,0.603136,-1.76711,0.914147
62.58,2.10142,2.10142,0.568835,0.568835,-1.88815,1.0837
62.59,2.30285,2.30285,0.534314,0.534314,-2.00618,1.25054
62.6,2.4998,2.4998,0.499733,0.499733,-2.12099,1.41426
62.61,2.69185,2.69185,0.465253,0.465253,-2.23241,1.57444
62.62,2.87859,2.87859,0.431031,0.431031,-2.34026,1.73069
62.63,3.05963,3.05963,0.397219,0.397219,-2.44436,1.88261
62.64,3.23458,3.23458,0.36397,0.36397,-2.54456,2.02983
62.65,3.40306,3.40306,0.33143,0.33143,-2.64068,2.17197
62.66,3.56471,3.56471,0.299741,0.299741,-2.73258,2.30868
62.67,3.71919,3.71919,0.269042,0.269042,-2.82011,2.43963
62.68,3.86617,3.86617,0.239464,0.239464,-2.90312,2.56447
62.69,4.00534,4.00534,0.211135,0.211135,-2.9815,2.68291
62.7,4.13639,4.13639,0.184175,0.184175,-3.0551,2.79464
62.71,4.25904,4.25904,0.158698,0.158698,-3.12381,2.89938
62.72,4.37304,4.37304,0.134811,0.134811,-3.18753,2.99688
62.73,4.47813,4.47813,0.112616,0.112616,-3.24615,3.08688
62.74,4.5741,4.5741,0.092204,0.092204,-3.29957,3.16918
62.75,4.66073,4.66073,0.0736607,0.0736607,-3.34772,3.24355
62.76,4.73784,4.73784,0.0570632,0.0570632,-3.39051,3.30981
62.77,4.80527,4.80527,0.0424799,0.0424799,-3.42787,3.3678
62.78,4.86286,4.86286,0.0299712,0.0299712,-3.45976,3.41737
62.79,4.91051,4.91051,0.0195887,0.0195887,-3.4861,3.4584
62.8,4.9481,4.9481,0.0113749,0.0113749,-3.50687,3.49079
62.81,4.97555,4.97555,0.00536375,0.00536375,-3.52204,3.51445
62.82,4.9928,4.9928,0.00157981,0.00157981,-3.53156,3.52933
62.83,4.99982,4.99982,3.86307e-05,3.86307e-05,-3.53544,3.53538
62.84,4.9966,4.9966,0.000746521,0.000746521,-3.53366,3.5326
62.85,4.98313,4.98313,0.00370058,0.00370058,-3.52622,3.52099
62.86,4.95945,4.95945,0.0088887,0.0088887,-3.51315,3.50058
62.87,4.92562,4.92562,0.0162896,0.0162896,-3.49445,3.47142
62.88,4.88169,4.88169,0.0258729,0.0258729,-3.47017,3.43358
62.89,4.82777,4.82777,0.0375991,0.0375991,-3.44033,3.38716
62.9,4.76397,4.76397,0.0514201,0.0514201,-3.40499,3.33227
62.91,4.69043,4.69043,0.0672787,0.0672787,-3.36421,3.26906
62.92,4.6073,4.6073,0.0851094,0.0851094,-3.31804,3.19767
62.93,4.51477,4.51477,0.104838,0.104838,-3.26656,3.11829
62.94,4.41304,4.41304,0.126383,0.126383,-3.20985,3.03112
62.95,4.30231,4.30231,0.149654,0.149654,-3.14802,2.93637
62.96,4.18284,4.18284,0.174554,0.174554,-3.08114,2.83428
62.97,4.05487,4.05487,0.200977,0.200977,-3.00934,2.72511
62.98,3.91868,3.91868,0.228813,0.228813,-2.93272,2.60913
62.99,3.77456,3.77456,0.257942,0.257942,-2.85141,2.48662
63,3.62282,3.62282,0.288241,0.288241,-2.76554,2.3579
63.01,3.46378,3.46378,0.319579,0.319579,-2.67524,2.22329
63.02,3.29779,3.29779,0.35182,0.35182,-2.58067,2.08312
63.03,3.1252,3.1252,0.384823,0.384823,-2.48196,1.93774
63.04,2.94638,2.94638,0.418443,0.418443,-2.37929,1.78752
63.05,2.7617,2.7617,0.452532,0.452532,-2.27281,1.63283
63.06,2.57157,2.57157,0.486935,0.486935,-2.16269,1.47406
63.07,2.37639,2.37639,0.521496,0.521496,-2.04911,1.3116
63.08,2.17657,2.17657,0.556058,0.556058,-1.93226,1.14587
63.09,1.97253,1.97253,0.590459,0.590459,-1.81231,0.977274
63.1,1.76473,1.76473,0.624538,0.624538,-1.68946,0.806235
63.11,1.55358,1.55358,0.65813,0.65813,-1.56392,0.63318
63.12,1.33955,1.33955,0.691072,0.691072,-1.43587,0.458542
63.13,1.12308,1.12308,0.7232,0.7232,-1.30552,0.282759
63.14,0.904637,0.904637,0.754351,0.754351,-1.17308,0.106268
63.15,0.684678,0.684678,0.784363,0.784363,-1.03877,-0.0704879
63.16,0.463669,0.463669,0.813076,0.813076,-0.902795,-0.247068
63.17,0.242075,0.242075,0.84033,0.84033,-0.765376,-0.42303
63.18,0.0203632,0.0203632,0.865971,0.865971,-0.626733,-0.597935
63.19,-0.201001,-0.201001,0.889846,0.889846,-0.487087,-0.771345
63.2,-0.421553,-0.421553,0.911807,0.911807,-0.346662,-0.942828
63.21,-0.640831,-0.640831,0.931709,0.931709,-0.205682,-1.11195
63.22,-0.858376,-0.858376,0.949414,0.949414,-0.0643736,-1.2783
63.23,-1.07373,-1.07373,0.964786,0.964786,0.0770381,-1.44145
63.24,-1.28646,-1.28646,0.977698,0.977698,0.218327,-1.601
63.25,-1.49611,-1.49611,0.988027,0.988027,0.359266,-1.75655
63.26,-1.70224,-1.70224,0.995658,0.995658,0.49963,-1.9077
63.27,-1.90444,-1.90444,1.00048,1.00048,0.639195,-2.05409
63.28,-2.10229,-2.10229,1.0024,1.0024,0.777738,-2.19535
63.29,-2.29537,-2.29537,1.00132,1.00132,0.915036,-2.33111
63.3,-2.48331,-2.48331,0.99715,0.99715,1.05087,-2.46105
63.31,-2.6657,-2.6657,0.989821,0.989821,1.18502,-2.58484
63.32,-2.84218,-2.84218,0.979264,0.979264,1.31728,-2.70217
63.33,-3.0124,-3.0124,0.965422,0.965422,1.44743,-2.81274
63.34,-3.17601,-3.17601,0.948246,0.948246,1.57527,-2.91629
63.35,-3.33268,-3.33268,0.927697,0.927697,1.70058,-3.01254
63.36,-3.48211,-3.48211,0.903748,0.903748,1.82317,-3.10127
63.37,-3.62399,-3.62399,0.87638,0.87638,1.94285,-3.18224
63.38,-3.75805,-3.75805,0.845586,0.845586,2.05942,-3.25526
63.39,-3.88402,-3.88402,0.811368,0.811368,2.1727,-3.32014
63.4,-4.00167,-4.00167,0.773739,0.773739,2.28249,-3.37673
63.41,-4.11077,-4.11077,0.732725,0.732725,2.38864,-3.42487
63.42,-4.21112,-4.21112,0.68836,0.68836,2.49097,-3.46445
63.43,-4.30252,-4.30252,0.640689,0.640689,2.58931,-3.49538
63.44,-4.38482,-4.38482,0.58977,0.58977,2.68351,-3.51757
63.45,-4.45787,-4.45787,0.53567,0.53567,2.77341,-3.53096
63.46,-4.52153,-4.52153,0.478466,0.478466,2.85888,-3.53553
63.47,-4.57572,-4.57572,0.418247,0.418247,2.93977,-3.53127
63.48,-4.62033,-4.62033,0.355113,0.355113,3.01597,-3.51817
63.49,-4.65532,-4.65532,0.289173,0.289173,3.08733,-3.49629
63.5,-4.68064,-4.68064,0.220545,0.220545,3.15376,-3.46566
63.51,-4.69626,-4.69626,0.149361,0.149361,3.21514,-3.42637
63.52,-4.70219,-4.70219,0.075757,0.075757,3.27138,-3.37852
63.53,-4.69845,-4.69845,-0.000117182,-0.000117182,3.32239,-3.32222
63.54,-4.68508,-4.68508,-0.0781047,-0.0781047,3.36808,-3.25762
63.55,-4.66214,-4.66214,-0.15804,-0.15804,3.40838,-3.18488
63.56,-4.62972,-4.62972,-0.239748,-0.239748,3.44323,-3.10418
63.57,-4.58791,-4.58791,-0.323047,-0.323047,3.47257,-3.01571
63.58,-4.53685,-4.53685,-0.407749,-0.407749,3.49636,-2.91971
63.59,-4.47667,-4.47667,-0.493655,-0.493655,3.51455,-2.81642
63.6,-4.40754,-4.40754,-0.580564,-0.580564,3.52712,-2.70608
63.61,-4.32963,-4.32963,-0.668265,-0.668265,3.53405,-2.58898
63.62,-4.24315,-4.24315,-0.756544,-0.756544,3.53532,-2.46541
63.63,-4.14832,-4.14832,-0.845181,-0.845181,3.53094,-2.33567
63.64,-4.04536,-4.04536,-0.933952,-0.933952,3.52091,-2.2001
63.65,-3.93453,-3.93453,-1.02263,-1.02263,3.50524,-2.05903
63.66,-3.8161,-3.8161,-1.11098,-1.11098,3.48397,-1.91281
63.67,-3.69035,-3.69035,-1.19877,-1.19877,3.45713,-1.76181
63.68,-3.55757,-3.55757,-1.28576,-1.28576,3.42475,-1.60641
63.69,-3.41807,-3.41807,-1.37172,-1.37172,3.3869,-1.44699
63.7,-3.27219,-3.27219,-1.45641,-1.45641,3.34362,-1.28396
63.71,-3.12026,-3.12026,-1.53958,-1.53958,3.295,-1.11771
63.72,-2.96262,-2.96262,-1.621,-1.621,3.24111,-0.948674
63.73,-2.79964,-2.79964,-1.70043,-1.70043,3.18203,-0.777265
63.74,-2.63169,-2.63169,-1.77763,-1.77763,3.11786,-0.603914
63.75,-2.45915,-2.45915,-1.85237,-1.85237,3.0487,-0.429053
63.76,-2.28239,-2.28239,-1.92443,-1.92443,2.97467,-0.25312
63.77,-2.10183,-2.10183,-1.99356,-1.99356,2.89588,-0.0765537
63.78,-1.91785,-1.91785,-2.05956,-2.05956,2.81245,0.100204
63.79,-1.73087,-1.73087,-2.12219,-2.12219,2.72453,0.27671
63.8,-1.54129,-1.54129,-2.18126,-2.18126,2.63224,0.452526
63.81,-1.34954,-1.34954,-2.23655,-2.23655,2.53575,0.62721
63.82,-1.15603,-1.15603,-2.28786,-2.28786,2.4352,0.800326
63.83,-0.961175,-0.961175,-2.335,-2.335,2.33075,0.971442
63.84,-0.765402,-0.765402,-2.37779,-2.37779,2.22257,1.14013
63.85,-0.569131,-0.569131,-2.41605,-2.41605,2.11084,1.30597
63.86,-0.37278,-0.37278,-2.44961,-2.44961,1.99573,1.46854
63.87,-0.176767,-0.176767,-2.47832,-2.47832,1.87743,1.62745
63.88,0.018494,0.018494,-2.50203,-2.50203,1.75613,1.78228
63.89,0.212591,0.212591,-2.52061,-2.52061,1.63201,1.93266
63.9,0.405119,0.405119,-2.53392,-2.53392,1.50529,2.07821
63.91,0.595676,0.595676,-2.54185,-2.54185,1.37615,2.21857
63.92,0.783869,0.783869,-2.54431,-2.54431,1.24482,2.35338
63.93,0.969311,0.969311,-2.5412,-2.5412,1.11149,2.48231
63.94,1.15162,1.15162,-2.53245,-2.53245,0.976389,2.60503
63.95,1.33044,1.33044,-2.51798,-2.51798,0.839723,2.72124
63.96,1.50539,1.50539,-2.49776,-2.49776,0.701714,2.83065
63.97,1.67613,1.67613,-2.47174,-2.47174,0.562581,2.93299
63.98,1.84233,1.84233,-2.4399,-2.4399,0.422549,3.02799
63.99,2.00365,2.00365,-2.40223,-2.40223,0.281841,3.11543
64,2.15979,2.15979,-2.35874,-2.35874,0.140682,3.19508
64.01,2.31043,2.31043,-2.30944,-2.30944,-0.000702623,3.26674
64.02,2.45531,2.45531,-2.25437,-2.25437,-0.142086,3.33024
64.03,2.59413,2.59413,-2.19357,-2.19357,-0.283241,3.38542
64.04,2.72666,2.72666,-2.12711,-2.12711,-0.423944,3.43213
64.05,2.85263,2.85263,-2.05506,-2.05506,-0.563969,3.47026
64.06,2.97184,2.97184,-1.97752,-1.97752,-0.703091,3.49972
64.07,3.08406,3.08406,-1.89458,-1.89458,-0.841088,3.52044
64.08,3.18911,3.18911,-1.80638,-1.80638,-0.97774,3.53235
64.09,3.28682,3.28682,-1.71304,-1.71304,-1.11283,3.53543
64.1,3.37701,3.37701,-1.61471,-1.61471,-1.24614,3.52968
64.11,3.45956,3.45956,-1.51155,-1.51155,-1.37745,3.51511
64.12,3.53434,3.53434,-1.40374,-1.40374,-1.50656,3.49175
64.13,3.60124,3.60124,-1.29146,-1.29146,-1.63326,3.45966
64.14,3.66017,3.66017,-1.17491,-1.17491,-1.75735,3.41892
64.15,3.71108,3.71108,-1.05431,-1.05431,-1.87862,3.36964
64.16,3.75391,3.75391,-0.929877,-0.929877,-1.99689,3.31194
64.17,3.78862,3.78862,-0.80185,-0.80185,-2.11197,3.24596
64.18,3.81521,3.81521,-0.670476,-0.670476,-2.22367,3.17186
64.19,3.83368,3.83368,-0.53601,-0.53601,-2.33181,3.08984
64.2,3.84405,3.84405,-0.398722,-0.398722,-2.43621,3.00009
64.21,3.84636,3.84636,-0.258887,-0.258887,-2.53673,2.90285
64.22,3.84067,3.84067,-0.116792,-0.116792,-2.63318,2.79835
64.23,3.82706,3.82706,0.0272712,0.0272712,-2.72542,2.68685
64.24,3.80561,3.80561,0.173,0.173,-2.8133,2.56864
64.25,3.77644,3.77644,0.320085,0.320085,-2.89668,2.44401
64.26,3.73968,3.73968,0.468214,0.468214,-2.97543,2.31327
64.27,3.69546,3.69546,0.617065,0.617065,-3.04942,2.17675
64.28,3.64394,3.64394,0.766314,0.766314,-3.11852,2.03479
64.29,3.5853,3.5853,0.915631,0.915631,-3.18264,1.88774
64.3,3.51973,3.51973,1.06468,1.06468,-3.24167,1.73598
64.31,3.44742,3.44742,1.21314,1.21314,-3.29551,1.57987
64.32,3.36858,3.36858,1.36066,1.36066,-3.34408,1.41982
64.33,3.28346,3.28346,1.5069,1.5069,-3.3873,1.25621
64.34,3.19228,3.19228,1.65154,1.65154,-3.4251,1.08947
64.35,3.09531,3.09531,1.79422,1.79422,-3.45742,0.920006
64.36,2.99279,2.99279,1.93462,1.93462,-3.48421,0.748241
64.37,2.88502,2.88502,2.0724,2.0724,-3.50543,0.574605
64.38,2.77226,2.77226,2.20723,2.20723,-3.52103,0.399533
64.39,2.65481,2.65481,2.33879,2.33879,-3.53101,0.223463
64.4,2.53298,2.53298,2.46674,2.46674,-3.53534,0.0468338
64.41,2.40706,2.40706,2.59078,2.59078,-3.53401,-0.129912
64.42,2.27737,2.27737,2.71059,2.71059,-3.52702,-0.306334
64.43,2.14424,2.14424,2.82587,2.82587,-3.5144,-0.481989
64.44,2.00798,2.00798,2.93632,2.93632,-3.49615,-0.65644
64.45,1.86892,1.86892,3.04166,3.04166,-3.47231,-0.82925
64.46,1.72741,1.72741,3.1416,3.1416,-3.44291,-0.999988
64.47,1.58376,1.58376,3.23589,3.23589,-3.40801,-1.16823
64.48,1.43833,1.43833,3.32425,3.32425,-3.36765,-1.33354
64.49,1.29144,1.29144,3.40644,3.40644,-3.32191,-1.49553
64.5,1.14344,1.14344,3.48224,3.48224,-3.27085,-1.65378
64.51,0.994666,0.994666,3.55141,3.55141,-3.21456,-1.80789
64.52,0.845447,0.845447,3.61375,3.61375,-3.15313,-1.95748
64.53,0.69612,0.69612,3.66906,3.66906,-3.08665,-2.10219
64.54,0.547018,0.547018,3.71717,3.71717,-3.01523,-2.24163
64.55,0.398466,0.398466,3.7579,3.7579,-2.93899,-2.37548
64.56,0.250788,0.250788,3.79111,3.79111,-2.85805,-2.50338
64.57,0.104302,0.104302,3.81666,3.81666,-2.77254,-2.62503
64.58,-0.0406817,-0.0406817,3.83444,3.83444,-2.68259,-2.74012
64.59,-0.183857,-0.183857,3.84434,3.84434,-2.58835,-2.84836
64.6,-0.324926,-0.324926,3.84627,3.84627,-2.48997,-2.94948
64.61,-0.463598,-0.463598,3.84018,3.84018,-2.3876,-3.04323
64.62,-0.599593,-0.599593,3.82601,3.82601,-2.28142,-3.12937
64.63,-0.732638,-0.732638,3.80373,3.80373,-2.17159,-3.20769
64.64,-0.862471,-0.862471,3.77332,3.77332,-2.05828,-3.278
64.65,-0.988838,-0.988838,3.73478,3.73478,-1.94168,-3.34011
64.66,-1.1115,-1.1115,3.68815,3.68815,-1.82197,-3.39387
64.67,-1.23022,-1.23022,3.63346,3.63346,-1.69935,-3.43914
64.68,-1.34479,-1.34479,3.57077,3.57077,-1.57401,-3.47583
64.69,-1.45499,-1.45499,3.50016,3.50016,-1.44615,-3.50382
64.7,-1.56064,-1.56064,3.42171,3.42171,-1.31598,-3.52306
64.71,-1.66155,-1.66155,3.33555,3.33555,-1.1837,-3.53349
64.72,-1.75755,-1.75755,3.24181,3.24181,-1.04953,-3.53508
64.73,-1.8485,-1.8485,3.14063,3.14063,-0.913679,-3.52785
64.74,-1.93424,-1.93424,3.03219,3.03219,-0.776367,-3.51179
64.75,-2.01465,-2.01465,2.91665,2.91665,-0.637813,-3.48696
64.76,-2.08962,-2.08962,2.79424,2.79424,-0.498239,-3.45341
64.77,-2.15905,-2.15905,2.66515,2.66515,-0.357868,-3.41123
64.78,-2.22286,-2.22286,2.52964,2.52964,-0.216924,-3.36052
64.79,-2.28097,-2.28097,2.38794,2.38794,-0.0756332,-3.30142
64.8,-2.33334,-2.33334,2.24031,2.24031,0.0657786,-3.23406
64.81,-2.37991,-2.37991,2.08705,2.08705,0.207085,-3.15862
64.82,-2.42067,-2.42067,1.92844,1.92844,0.34806,-3.07528
64.83,-2.4556,-2.4556,1.76478,1.76478,0.488479,-2.98426
64.84,-2.4847,-2.4847,1.59641,1.59641,0.628116,-2.88578
64.85,-2.50799,-2.50799,1.42364,1.42364,0.766748,-2.78008
64.86,-2.5255,-2.5255,1.24683,1.24683,0.904154,-2.66744
64.87,-2.53727,-2.53727,1.06633,1.06633,1.04011,-2.54813
64.88,-2.54336,-2.54336,0.882498,0.882498,1.17441,-2.42245
64.89,-2.54384,-2.54384,0.695715,0.695715,1.30682,-2.29071
64.9,-2.5388,-2.5388,0.506362,0.506362,1.43715,-2.15325
64.91,-2.52832,-2.52832,0.314829,0.314829,1.56518,-2.01041
64.92,-2.51252,-2.51252,0.121513,0.121513,1.6907,-1.86254
64.93,-2.49152,-2.49152,-0.073182,-0.073182,1.81352,-1.71002
64.94,-2.46544,-2.46544,-0.268848,-0.268848,1.93343,-1.55322
64.95,-2.43443,-2.43443,-0.465072,-0.465072,2.05026,-1.39255
64.96,-2.39864,-2.39864,-0.661438,-0.661438,2.1638,-1.22839
64.97,-2.35823,-2.35823,-0.857527,-0.857527,2.27388,-1.06116
64.98,-2.31337,-2.31337,-1.05292,-1.05292,2.38033,-0.891274
64.99,-2.26424,-2.26424,-1.24719,-1.24719,2.48296,-0.719164
65,-2.21104,-2.21104,-1.43993,-1.43993,2.58163,-0.545256
65.01,-2.15395,-2.15395,-1.63071,-1.63071,2.67616,-0.369985
65.02,-2.09318,-2.09318,-1.81912,-1.81912,2.76641,-0.19379
65.03,-2.02894,-2.02894,-2.00474,-2.00474,2.85224,-0.0171107
65.04,-1.96144,-1.96144,-2.18716,-2.18716,2.9335,0.159612
65.05,-1.8909,-1.8909,-2.36599,-2.36599,3.01007,0.335935
65.06,-1.81756,-1.81756,-2.54081,-2.54081,3.08183,0.511419
65.07,-1.74163,-1.74163,-2.71125,-2.71125,3.14866,0.685624
65.08,-1.66335,-1.66335,-2.87691,-2.87691,3.21044,0.858116
65.09,-1.58295,-1.58295,-3.03742,-3.03742,3.2671,1.02846
65.1,-1.50068,-1.50068,-3.19242,-3.19242,3.31852,1.19624
65.11,-1.41677,-1.41677,-3.34155,-3.34155,3.36464,1.36103
65.12,-1.33145,-1.33145,-3.48447,-3.48447,3.40537,1.52241
65.13,-1.24498,-1.24498,-3.62084,-3.62084,3.44066,1.67999
65.14,-1.15758,-1.15758,-3.75036,-3.75036,3.47044,1.83337
65.15,-1.0695,-1.0695,-3.87271,-3.87271,3.49467,1.98217
65.16,-0.980967,-0.980967,-3.9876,-3.9876,3.51331,2.12601
65.17,-0.892217,-0.892217,-4.09476,-4.09476,3.52633,2.26454
65.18,-0.803481,-0.803481,-4.19393,-4.19393,3.5337,2.39741
65.19,-0.714984,-0.714984,-4.28486,-4.28486,3.53543,2.52429
65.2,-0.626949,-0.626949,-4.36734,-4.36734,3.53149,2.64485
65.21,-0.539595,-0.539595,-4.44114,-4.44114,3.52191,2.75881
65.22,-0.453131,-0.453131,-4.50609,-4.50609,3.5067,2.86587
65.23,-0.367767,-0.367767,-4.562,-4.562,3.48587,2.96577
65.24,-0.2837,-0.2837,-4.60873,-4.60873,3.45947,3.05825
65.25,-0.201126,-0.201126,-4.64613,-4.64613,3.42753,3.1431
65.26,-0.120229,-0.120229,-4.67411,-4.67411,3.39011,3.22008
65.27,-0.0411883,-0.0411883,-4.69256,-4.69256,3.34727,3.28902
65.28,0.0358258,0.0358258,-4.70141,-4.70141,3.29907,3.34973
65.29,0.110652,0.110652,-4.70061,-4.70061,3.24559,3.40208
65.3,0.183136,0.183136,-4.69012,-4.69012,3.18692,3.44592
65.31,0.253135,0.253135,-4.66994,-4.66994,3.12315,3.48114
65.32,0.320515,0.320515,-4.64008,-4.64008,3.05439,3.50767
65.33,0.38515,0.38515,-4.60055,-4.60055,2.98074,3.52543
65.34,0.446927,0.446927,-4.55143,-4.55143,2.90232,3.53437
65.35,0.50574,0.50574,-4.49278,-4.49278,2.81926,3.53448
65.36,0.561495,0.561495,-4.42469,-4.42469,2.73169,3.52576
65.37,0.614109,0.614109,-4.34727,-4.34727,2.63975,3.50823
65.38,0.663509,0.663509,-4.26068,-4.26068,2.54358,3.48192
65.39,0.709632,0.709632,-4.16505,-4.16505,2.44335,3.44692
65.4,0.752427,0.752427,-4.06056,-4.06056,2.3392,3.4033
65.41,0.791853,0.791853,-3.94742,-3.94742,2.23132,3.35117
65.42,0.82788,0.82788,-3.82582,-3.82582,2.11986,3.29066
65.43,0.86049,0.86049,-3.69601,-3.69601,2.00502,3.22193
65.44,0.889673,0.889673,-3.55824,-3.55824,1.88696,3.14515
65.45,0.915432,0.915432,-3.41278,-3.41278,1.76589,3.06051
65.46,0.93778,0.93778,-3.25991,-3.25991,1.64199,2.96822
65.47,0.956738,0.956738,-3.09994,-3.09994,1.51547,2.8685
65.48,0.972342,0.972342,-2.93318,-2.93318,1.38652,2.76162
65.49,0.984633,0.984633,-2.75997,-2.75997,1.25535,2.64784
65.5,0.993664,0.993664,-2.58067,-2.58067,1.12218,2.52743
65.51,0.999498,0.999498,-2.39562,-2.39562,0.987208,2.40071
65.52,1.00221,1.00221,-2.20522,-2.20522,0.850658,2.26799
65.53,1.00187,1.00187,-2.00984,-2.00984,0.712748,2.1296
65.54,0.998571,0.998571,-1.8099,-1.8099,0.573697,1.98589
65.55,0.992414,0.992414,-1.6058,-1.6058,0.433728,1.83721
65.56,0.9835,0.9835,-1.39796,-1.39796,0.293065,1.68394
65.57,0.971942,0.971942,-1.18681,-1.18681,0.151934,1.52647
65.58,0.957858,0.957858,-0.972791,-0.972791,0.0105591,1.36518
65.59,0.941373,0.941373,-0.756348,-0.756348,-0.130832,1.20047
65.6,0.922618,0.922618,-0.537932,-0.537932,-0.272014,1.03276
65.61,0.90173,0.90173,-0.317998,-0.317998,-0.412761,0.862478
65.62,0.878851,0.878851,-0.0970061,-0.0970061,-0.552848,0.690035
65.63,0.854127,0.854127,0.12458,0.12458,-0.69205,0.515868
65.64,0.827709,0.827709,0.346294,0.346294,-0.830145,0.340412
65.65,0.799749,0.799749,0.567671,0.567671,-0.966913,0.164104
65.66,0.770406,0.770406,0.788245,0.788245,-1.10213,-0.0126137
65.67,0.739839,0.739839,1.00755,1.00755,-1.23559,-0.1893
65.68,0.708208,0.708208,1.22512,1.22512,-1.36707,-0.365513
65.69,0.675677,0.675677,1.4405,1.4405,-1.49636,-0.540812
65.7,0.642409,0.642409,1.65323,1.65323,-1.62326,-0.71476
65.71,0.608567,0.608567,1.86286,1.86286,-1.74757,-0.886921
65.72,0.574317,0.574317,2.06895,2.06895,-1.86907,-1.05687
65.73,0.53982,0.53982,2.27106,2.27106,-1.98759,-1.22417
65.74,0.505238,0.505238,2.46875,2.46875,-2.10293,-1.38841
65.75,0.470732,0.470732,2.66161,2.66161,-2.2149,-1.54918
65.76,0.436457,0.436457,2.84922,2.84922,-2.32333,-1.70608
65.77,0.40257,0.40257,3.0312,3.0312,-2.42804,-1.85872
65.78,0.369222,0.369222,3.20714,3.20714,-2.52887,-2.00671
65.79,0.336559,0.336559,3.37667,3.37667,-2.62565,-2.14968
65.8,0.304726,0.304726,3.53944,3.53944,-2.71823,-2.28729
65.81,0.27386,0.27386,3.69508,3.69508,-2.80647,-2.41917
65.82,0.244095,0.244095,3.84328,3.84328,-2.89021,-2.54501
65.83,0.215558,0.215558,3.98371,3.98371,-2.96933,-2.66449
65.84,0.188372,0.188372,4.11607,4.11607,-3.0437,-2.7773
65.85,0.162652,0.162652,4.24008,4.24008,-3.1132,-2.88318
65.86,0.138505,0.138505,4.35547,4.35547,-3.17772,-2.98185
65.87,0.116034,0.116034,4.462,4.462,-3.23716,-3.07306
65.88,0.0953319,0.0953319,4.55943,4.55943,-3.29141,-3.1566
65.89,0.0764857,0.0764857,4.64756,4.64756,-3.34041,-3.23224
65.9,0.0595734,0.0595734,4.7262,4.7262,-3.38405,-3.29981
65.91,0.0446651,0.0446651,4.79518,4.79518,-3.42229,-3.35912
65.92,0.0318223,0.0318223,4.85435,4.85435,-3.45505,-3.41005
65.93,0.021098,0.021098,4.90359,4.90359,-3.48228,-3.45244
65.94,0.0125364,0.0125364,4.94279,4.94279,-3.50394,-3.48621
65.95,0.00617254,0.00617254,4.97186,4.97186,-3.52,-3.51127
65.96,0.0020326,0.0020326,4.99074,4.99074,-3.53042,-3.52755
65.97,0.000133566,0.000133566,4.99939,4.99939,-3.5352,-3.53501
65.98,0.000483212,0.000483212,4.9978,4.9978,-3.53432,-3.53364
65.99,0.00308011,0.00308011,4.98596,4.98596,-3.52779,-3.52343
66,0.00791361,0.00791361,4.96391,4.96391,-3.51561,-3.50442
66.01,0.0149639,0.0149639,4.93168,4.93168,-3.49781,-3.47665
66.02,0.024202,0.024202,4.88936,4.88936,-3.47441,-3.44018
66.03,0.0355899,0.0355899,4.83702,4.83702,-3.44546,-3.39512
66.04,0.0490809,0.0490809,4.77478,4.77478,-3.41099,-3.34158
66.05,0.0646191,0.0646191,4.70278,4.70278,-3.37106,-3.27968
66.06,0.0821405,0.0821405,4.62118,4.62118,-3.32575,-3.20958
66.07,0.101572,0.101572,4.53013,4.53013,-3.27511,-3.13146
66.08,0.122834,0.122834,4.42985,4.42985,-3.21923,-3.04552
66.09,0.145836,0.145836,4.32054,4.32054,-3.1582,-2.95196
66.1,0.170483,0.170483,4.20244,4.20244,-3.09212,-2.85103
66.11,0.196671,0.196671,4.07581,4.07581,-3.0211,-2.74296
66.12,0.22429,0.22429,3.94091,3.94091,-2.94524,-2.62805
66.13,0.253222,0.253222,3.79803,3.79803,-2.86467,-2.50656
66.14,0.283343,0.283343,3.64748,3.64748,-2.77951,-2.37881
66.15,0.314524,0.314524,3.48959,3.48959,-2.68991,-2.24511
66.16,0.34663,0.34663,3.32468,3.32468,-2.59601,-2.1058
66.17,0.379522,0.379522,3.15312,3.15312,-2.49795,-1.96123
66.18,0.413054,0.413054,2.97526,2.97526,-2.3959,-1.81175
66.19,0.447077,0.447077,2.79149,2.79149,-2.29001,-1.65775
66.2,0.481441,0.481441,2.6022,2.6022,-2.18046,-1.4996
66.21,0.515988,0.515988,2.40779,2.40779,-2.06742,-1.33771
66.22,0.55056,0.55056,2.20868,2.20868,-1.95108,-1.17247
66.23,0.584998,0.584998,2.00529,2.00529,-1.83161,-1.0043
66.24,0.619139,0.619139,1.79806,1.79806,-1.70922,-0.833621
66.25,0.652819,0.652819,1.58741,1.58741,-1.58408,-0.660859
66.26,0.685876,0.685876,1.37381,1.37381,-1.45642,-0.486444
66.27,0.718145,0.718145,1.1577,1.1577,-1.32642,-0.310813
66.28,0.749462,0.749462,0.939541,0.939541,-1.19431,-0.134406
66.29,0.779666,0.779666,0.719793,0.719793,-1.06028,0.0423372
66.3,0.808596,0.808596,0.498919,0.498919,-0.924553,0.218975
66.31,0.836093,0.836093,0.277387,0.277387,-0.78735,0.395065
66.32,0.862002,0.862002,0.055663,0.055663,-0.648887,0.570167
66.33,0.886168,0.886168,-0.165788,-0.165788,-0.509386,0.743845
66.34,0.908444,0.908444,-0.3865,-0.3865,-0.36907,0.915663
66.35,0.928683,0.928683,-0.606011,-0.606011,-0.228163,1.08519
66.36,0.946747,0.946747,-0.823863,-0.823863,-0.0868919,1.25201
66.37,0.962499,0.962499,-1.0396,-1.0396,0.0545185,1.4157
66.38,0.975811,0.975811,-1.25277,-1.25277,0.195842,1.57585
66.39,0.98656,0.98656,-1.46294,-1.46294,0.336852,1.73206
66.4,0.994628,0.994628,-1.66966,-1.66966,0.477323,1.88394
66.41,0.999907,0.999907,-1.87252,-1.87252,0.61703,2.03111
66.42,1.00229,1.00229,-2.07109,-2.07109,0.75575,2.17321
66.43,1.00169,1.00169,-2.26496,-2.26496,0.893262,2.30987
66.44,0.998023,0.998023,-2.45374,-2.45374,1.02934,2.44076
66.45,0.991203,0.991203,-2.63704,-2.63704,1.16378,2.56555
66.46,0.981164,0.981164,-2.81448,-2.81448,1.29635,2.68393
66.47,0.967849,0.967849,-2.98572,-2.98572,1.42685,2.7956
66.48,0.951206,0.951206,-3.15041,-3.15041,1.55507,2.90028
66.49,0.931197,0.931197,-3.30821,-3.30821,1.6808,2.99771
66.5,0.907791,0.907791,-3.45881,-3.45881,1.80384,3.08765
66.51,0.880968,0.880968,-3.60191,-3.60191,1.92399,3.16987
66.52,0.85072,0.85072,-3.73723,-3.73723,2.04107,3.24417
66.53,0.817046,0.817046,-3.86451,-3.86451,2.15488,3.31036
66.54,0.77996,0.77996,-3.9835,-3.9835,2.26525,3.36828
66.55,0.739483,0.739483,-4.09398,-4.09398,2.37199,3.41777
66.56,0.695648,0.695648,-4.19573,-4.19573,2.47493,3.45873
66.57,0.648501,0.648501,-4.28857,-4.28857,2.57392,3.49104
66.58,0.598095,0.598095,-4.37233,-4.37233,2.66879,3.51462
66.59,0.544496,0.544496,-4.44686,-4.44686,2.75939,3.52942
66.6,0.487781,0.487781,-4.51202,-4.51202,2.84557,3.5354
66.61,0.428036,0.428036,-4.56773,-4.56773,2.9272,3.53254
66.62,0.365359,0.365359,-4.61387,-4.61387,3.00415,3.52085
66.63,0.299858,0.299858,-4.6504,-4.6504,3.0763,3.50036
66.64,0.23165,0.23165,-4.67725,-4.67725,3.14352,3.47112
66.65,0.160864,0.160864,-4.69442,-4.69442,3.20571,3.43321
66.66,0.0876354,0.0876354,-4.7019,-4.7019,3.26277,3.38671
66.67,0.0121126,0.0121126,-4.69969,-4.69969,3.31462,3.33175
66.68,-0.0655492,-0.0655492,-4.68785,-4.68785,3.36116,3.26846
66.69,-0.145185,-0.145185,-4.66643,-4.66643,3.40233,3.197
66.7,-0.226623,-0.226623,-4.63551,-4.63551,3.43805,3.11755
66.71,-0.309682,-0.309682,-4.59519,-4.59519,3.46827,3.03031
66.72,-0.394173,-0.394173,-4.54559,-4.54559,3.49294,2.9355
66.73,-0.479901,-0.479901,-4.48686,-4.48686,3.51203,2.83335
66.74,-0.566664,-0.566664,-4.41914,-4.41914,3.5255,2.72411
66.75,-0.654253,-0.654253,-4.34262,-4.34262,3.53332,2.60807
66.76,-0.742454,-0.742454,-4.25749,-4.25749,3.5355,2.48551
66.77,-0.83105,-0.83105,-4.16397,-4.16397,3.53201,2.35673
66.78,-0.919815,-0.919815,-4.06229,-4.06229,3.52288,2.22207
66.79,-1.00852,-1.00852,-3.9527,-3.9527,3.50811,2.08185
66.8,-1.09694,-1.09694,-3.83546,-3.83546,3.48773,1.93643
66.81,-1.18483,-1.18483,-3.71085,-3.71085,3.46177,1.78616
66.82,-1.27197,-1.27197,-3.57917,-3.57917,3.43028,1.63144
66.83,-1.35811,-1.35811,-3.44073,-3.44073,3.39329,1.47263
66.84,-1.44301,-1.44301,-3.29584,-3.29584,3.35088,1.31015
66.85,-1.52644,-1.52644,-3.14485,-3.14485,3.3031,1.14439
66.86,-1.60816,-1.60816,-2.9881,-2.9881,3.25004,0.975765
66.87,-1.68792,-1.68792,-2.82594,-2.82594,3.19178,0.804706
66.88,-1.76549,-1.76549,-2.65876,-2.65876,3.12842,0.631635
66.89,-1.84064,-1.84064,-2.48692,-2.48692,3.06005,0.456985
66.9,-1.91314,-1.91314,-2.31081,-2.31081,2.98678,0.281193
66.91,-1.98276,-1.98276,-2.13082,-2.13082,2.90874,0.104699
66.92,-2.04927,-2.04927,-1.94736,-1.94736,2.82604,-0.0720576
66.93,-2.11245,-2.11245,-1.76083,-1.76083,2.73882,-0.248634
66.94,-2.1721,-2.1721,-1.57164,-1.57164,2.64723,-0.424589
66.95,-2.228,-2.228,-1.38021,-1.38021,2.55139,-0.599482
66.96,-2.27996,-2.27996,-1.18695,-1.18695,2.45148,-0.772878
66.97,-2.32778,-2.32778,-0.99228,-0.99228,2.34764,-0.944341
66.98,-2.37127,-2.37127,-0.796626,-0.796626,2.24004,-1.11344
66.99,-2.41027,-2.41027,-0.600406,-0.600406,2.12887,-1.27976
67,-2.44459,-2.44459,-0.40404,-0.40404,2.01428,-1.44289
67.01,-2.47408,-2.47408,-0.207945,-0.207945,1.89648,-1.6024
67.02,-2.4986,-2.4986,-0.0125369,-0.0125369,1.77564,-1.75791
67.03,-2.518,-2.518,0.181773,0.181773,1.65196,-1.90903
67.04,-2.53215,-2.53215,0.374577,0.374577,1.52564,-2.05537
67.05,-2.54095,-2.54095,0.565475,0.565475,1.39687,-2.19658
67.06,-2.54429,-2.54429,0.754071,0.754071,1.26588,-2.33229
67.07,-2.54207,-2.54207,0.939977,0.939977,1.13285,-2.46218
67.08,-2.53422,-2.53422,1.12281,1.12281,0.998017,-2.58591
67.09,-2.52067,-2.52067,1.30221,1.30221,0.861585,-2.70318
67.1,-2.50137,-2.50137,1.4778,1.4778,0.723775,-2.8137
67.11,-2.47628,-2.47628,1.64923,1.64923,0.584806,-2.91718
67.12,-2.44536,-2.44536,1.81618,1.81618,0.444902,-3.01336
67.13,-2.40862,-2.40862,1.9783,1.9783,0.304287,-3.10202
67.14,-2.36606,-2.36606,2.13528,2.13528,0.163184,-3.18292
67.15,-2.31768,-2.31768,2.28682,2.28682,0.0218208,-3.25587
67.16,-2.26352,-2.26352,2.43263,2.43263,-0.119578,-3.32068
67.17,-2.20363,-2.20363,2.57244,2.57244,-0.260785,-3.37719
67.18,-2.13807,-2.13807,2.70598,2.70598,-0.401575,-3.42526
67.19,-2.06691,-2.06691,2.83302,2.83302,-0.541722,-3.46477
67.2,-1.99023,-1.99023,2.95331,2.95331,-0.681003,-3.49561
67.21,-1.90815,-1.90815,3.06666,3.06666,-0.819194,-3.51772
67.22,-1.82078,-1.82078,3.17287,3.17287,-0.956075,-3.53104
67.23,-1.72824,-1.72824,3.27175,3.27175,-1.09143,-3.53553
67.24,-1.6307,-1.6307,3.36316,3.36316,-1.22503,-3.53119
67.25,-1.5283,-1.5283,3.44693,3.44693,-1.35668,-3.51802
67.26,-1.42121,-1.42121,3.52295,3.52295,-1.48615,-3.49605
67.27,-1.30963,-1.30963,3.59111,3.59111,-1.61325,-3.46535
67.28,-1.19375,-1.19375,3.65132,3.65132,-1.73777,-3.42598
67.29,-1.07378,-1.07378,3.70351,3.70351,-1.8595,-3.37806
67.3,-0.949942,-0.949942,3.74763,3.74763,-1.97827,-3.32169
67.31,-0.822471,-0.822471,3.78364,3.78364,-2.09386,-3.25701
67.32,-0.691613,-0.691613,3.81152,3.81152,-2.20611,-3.1842
67.33,-0.557622,-0.557622,3.83128,3.83128,-2.31483,-3.10342
67.34,-0.420765,-0.420765,3.84294,3.84294,-2.41984,-3.01489
67.35,-0.281317,-0.281317,3.84653,3.84653,-2.52099,-2.91883
67.36,-0.139562,-0.139562,3.84211,3.84211,-2.6181,-2.81547
67.37,0.00420754,0.00420754,3.82975,3.82975,-2.71102,-2.70507
67.38,0.149691,0.149691,3.80955,3.80955,-2.7996,-2.58791
67.39,0.296582,0.296582,3.7816,3.7816,-2.88371,-2.46428
67.4,0.444566,0.444566,3.74604,3.74604,-2.9632,-2.33449
67.41,0.593323,0.593323,3.70299,3.70299,-3.03796,-2.19887
67.42,0.742531,0.742531,3.65263,3.65263,-3.10785,-2.05775
67.43,0.891859,0.891859,3.59511,3.59511,-3.17277,-1.91149
67.44,1.04098,1.04098,3.53063,3.53063,-3.23261,-1.76045
67.45,1.18955,1.18955,3.45937,3.45937,-3.28729,-1.60501
67.46,1.33724,1.33724,3.38157,3.38157,-3.3367,-1.44556
67.47,1.48371,1.48371,3.29743,3.29743,-3.38078,-1.28249
67.48,1.62862,1.62862,3.2072,3.2072,-3.41944,-1.11622
67.49,1.77164,1.77164,3.11113,3.11113,-3.45264,-0.947161
67.5,1.91243,1.91243,3.00948,3.00948,-3.48032,-0.775733
67.51,2.05065,2.05065,2.90252,2.90252,-3.50242,-0.602367
67.52,2.18597,2.18597,2.79054,2.79054,-3.51892,-0.427494
67.53,2.31807,2.31807,2.67382,2.67382,-3.5298,-0.251554
67.54,2.44662,2.44662,2.55266,2.55266,-3.53502,-0.074984
67.55,2.5713,2.5713,2.42737,2.42737,-3.5346,0.101773
67.56,2.69181,2.69181,2.29826,2.29826,-3.52851,0.278276
67.57,2.80783,2.80783,2.16566,2.16566,-3.51678,0.454083
67.58,2.91907,2.91907,2.02987,2.02987,-3.49943,0.628755
67.59,3.02524,3.02524,1.89124,1.89124,-3.47648,0.801855
67.6,3.12606,3.12606,1.7501,1.7501,-3.44796,0.972952
67.61,3.22126,3.22126,1.60677,1.60677,-3.41393,1.14162
67.62,3.31058,3.31058,1.4616,1.4616,-3.37444,1.30743
67.63,3.39377,3.39377,1.31492,1.31492,-3.32955,1.46997
67.64,3.4706,3.4706,1.16708,1.16708,-3.27933,1.62884
67.65,3.54084,3.54084,1.0184,1.0184,-3.22387,1.78364
67.66,3.60428,3.60428,0.869228,0.869228,-3.16325,1.93398
67.67,3.66073,3.66073,0.719897,0.719897,-3.09757,2.07948
67.68,3.70999,3.70999,0.570736,0.570736,-3.02693,2.21979
67.69,3.75191,3.75191,0.422075,0.422075,-2.95145,2.35455
67.7,3.78633,3.78633,0.274237,0.274237,-2.87125,2.48342
67.71,3.81311,3.81311,0.127539,0.127539,-2.78646,2.60609
67.72,3.83213,3.83213,-0.0177041,-0.0177041,-2.69721,2.72225
67.73,3.84329,3.84329,-0.161187,-0.161187,-2.60364,2.83159
67.74,3.8465,3.8465,-0.302611,-0.302611,-2.50591,2.93387
67.75,3.84169,3.84169,-0.441685,-0.441685,-2.40417,3.0288
67.76,3.82881,3.82881,-0.578125,-0.578125,-2.29858,3.11617
67.77,3.80782,3.80782,-0.711657,-0.711657,-2.18932,3.19575
67.78,3.7787,3.7787,-0.842018,-0.842018,-2.07655,3.26734
67.79,3.74146,3.74146,-0.968954,-0.968954,-1.96046,3.33077
67.8,3.69612,3.69612,-1.09222,-1.09222,-1.84124,3.38587
67.81,3.64271,3.64271,-1.21159,-1.21159,-1.71907,3.43251
67.82,3.58129,3.58129,-1.32683,-1.32683,-1.59414,3.47056
67.83,3.51193,3.51193,-1.43774,-1.43774,-1.46667,3.49995
67.84,3.43473,3.43473,-1.54413,-1.54413,-1.33686,3.52058
67.85,3.34979,3.34979,-1.6458,-1.6458,-1.2049,3.53242
67.86,3.25724,3.25724,-1.7426,-1.7426,-1.07102,3.53542
67.87,3.15724,3.15724,-1.83436,-1.83436,-0.935418,3.52959
67.88,3.04994,3.04994,-1.92094,-1.92094,-0.798325,3.51494
67.89,2.93552,2.93552,-2.0022,-2.0022,-0.659954,3.4915
67.9,2.81419,2.81419,-2.07805,-2.07805,-0.520527,3.45933
67.91,2.68615,2.68615,-2.14837,-2.14837,-0.380268,3.41852
67.92,2.55164,2.55164,-2.21308,-2.21308,-0.2394,3.36917
67.93,2.41091,2.41091,-2.2721,-2.2721,-0.0981498,3.31139
67.94,2.26421,2.26421,-2.32538,-2.32538,0.0432578,3.24533
67.95,2.11182,2.11182,-2.37288,-2.37288,0.184596,3.17117
67.96,1.95404,1.95404,-2.41457,-2.41457,0.325639,3.08907
67.97,1.79117,1.79117,-2.45042,-2.45042,0.466162,2.99926
67.98,1.62353,1.62353,-2.48045,-2.48045,0.605938,2.90195
67.99,1.45144,1.45144,-2.50467,-2.50467,0.744745,2.79739
68,1.27525,1.27525,-2.52309,-2.52309,0.882361,2.68583
68.01,1.09531,1.09531,-2.53578,-2.53578,1.01856,2.56756
68.02,0.911983,0.911983,-2.54277,-2.54277,1.15314,2.44288
68.03,0.725645,0.725645,-2.54414,-2.54414,1.28587,2.31209
68.04,0.536676,0.536676,-2.53997,-2.53997,1.41654,2.17552
68.05,0.345463,0.345463,-2.53035,-2.53035,1.54495,2.03351
68.06,0.152404,0.152404,-2.51539,-2.51539,1.67088,1.88642
68.07,-0.0420982,-0.0420982,-2.49521,-2.49521,1.79415,1.73461
68.08,-0.237637,-0.237637,-2.46993,-2.46993,1.91454,1.57847
68.09,-0.4338,-0.4338,-2.43969,-2.43969,2.03187,1.41838
68.1,-0.630171,-0.630171,-2.40465,-2.40465,2.14594,1.25475
68.11,-0.826332,-0.826332,-2.36497,-2.36497,2.25659,1.08798
68.12,-1.02186,-1.02186,-2.32081,-2.32081,2.36362,0.91849
68.13,-1.21634,-1.21634,-2.27235,-2.27235,2.46688,0.746706
68.14,-1.40936,-1.40936,-2.21978,-2.21978,2.56618,0.573056
68.15,-1.60048,-1.60048,-2.16329,-2.16329,2.66139,0.397973
68.16,-1.78929,-1.78929,-2.1031,-2.1031,2.75233,0.221896
68.17,-1.97538,-1.97538,-2.03939,-2.03939,2.83887,0.0452639
68.18,-2.15834,-2.15834,-1.9724,-1.9724,2.92087,-0.131481
68.19,-2.33776,-2.33776,-1.90233,-1.90233,2.9982,-0.307898
68.2,-2.51325,-2.51325,-1.82942,-1.82942,3.07073,-0.483545
68.21,-2.68441,-2.68441,-1.75388,-1.75388,3.13835,-0.657983
68.22,-2.85086,-2.85086,-1.67596,-1.67596,3.20094,-0.830777
68.23,-3.01221,-3.01221,-1.59589,-1.59589,3.25842,-1.00149
68.24,-3.16812,-3.16812,-1.5139,-1.5139,3.31068,-1.16971
68.25,-3.3182,-3.3182,-1.43023,-1.43023,3.35765,-1.335
68.26,-3.46214,-3.46214,-1.34513,-1.34513,3.39925,-1.49695
68.27,-3.59957,-3.59957,-1.25882,-1.25882,3.4354,-1.65516
68.28,-3.7302,-3.7302,-1.17155,-1.17155,3.46607,-1.80924
68.29,-3.85371,-3.85371,-1.08356,-1.08356,3.49118,-1.95879
68.3,-3.96981,-3.96981,-0.995087,-0.995087,3.51071,-2.10345
68.31,-4.07822,-4.07822,-0.906357,-0.906357,3.52463,-2.24285
68.32,-4.17868,-4.17868,-0.817603,-0.817603,3.53291,-2.37664
68.33,-4.27094,-4.27094,-0.729053,-0.729053,3.53553,-2.50449
68.34,-4.35478,-4.35478,-0.64093,-0.64093,3.5325,-2.62609
68.35,-4.42998,-4.42998,-0.553453,-0.553453,3.52382,-2.74112
68.36,-4.49634,-4.49634,-0.466834,-0.466834,3.5095,-2.84929
68.37,-4.5537,-4.5537,-0.381281,-0.381281,3.48956,-2.95035
68.38,-4.6019,-4.6019,-0.296994,-0.296994,3.46404,-3.04403
68.39,-4.64081,-4.64081,-0.214169,-0.214169,3.43299,-3.1301
68.4,-4.67029,-4.67029,-0.132993,-0.132993,3.39643,-3.20835
68.41,-4.69026,-4.69026,-0.0536454,-0.0536454,3.35445,-3.27858
68.42,-4.70065,-4.70065,0.0237026,0.0237026,3.3071,-3.34062
68.43,-4.70139,-4.70139,0.0988873,0.0988873,3.25446,-3.39431
68.44,-4.69244,-4.69244,0.171755,0.171755,3.19661,-3.43951
68.45,-4.67381,-4.67381,0.242159,0.242159,3.13365,-3.47611
68.46,-4.64548,-4.64548,0.309964,0.309964,3.06567,-3.50403
68.47,-4.60749,-4.60749,0.375045,0.375045,2.99279,-3.52319
68.48,-4.55989,-4.55989,0.437284,0.437284,2.91513,-3.53354
68.49,-4.50275,-4.50275,0.496575,0.496575,2.8328,-3.53506
68.5,-4.43616,-4.43616,0.552823,0.552823,2.74593,-3.52774
68.51,-4.36022,-4.36022,0.605943,0.605943,2.65468,-3.51161
68.52,-4.27508,-4.27508,0.655859,0.655859,2.55917,-3.4867
68.53,-4.18088,-4.18088,0.702507,0.702507,2.45958,-3.45307
68.54,-4.07779,-4.07779,0.745835,0.745835,2.35605,-3.41082
68.55,-3.96601,-3.96601,0.7858,0.7858,2.24875,-3.36004
68.56,-3.84574,-3.84574,0.822371,0.822371,2.13785,-3.30086
68.57,-3.71723,-3.71723,0.855525,0.855525,2.02353,-3.23342
68.58,-3.58071,-3.58071,0.885255,0.885255,1.90597,-3.15791
68.59,-3.43645,-3.43645,0.911558,0.911558,1.78537,-3.07451
68.6,-3.28474,-3.28474,0.934448,0.934448,1.66191,-2.98342
68.61,-3.12588,-3.12588,0.953945,0.953945,1.53579,-2.88487
68.62,-2.96018,-2.96018,0.97008,0.97008,1.40721,-2.77911
68.63,-2.78798,-2.78798,0.982895,0.982895,1.27638,-2.66641
68.64,-2.60962,-2.60962,0.992442,0.992442,1.14351,-2.54704
68.65,-2.42546,-2.42546,0.99878,0.99878,1.00882,-2.4213
68.66,-2.23589,-2.23589,1.00198,1.00198,0.872503,-2.28952
68.67,-2.04128,-2.04128,1.00212,1.00212,0.734794,-2.15201
68.68,-1.84203,-1.84203,0.99929,0.99929,0.59591,-2.00912
68.69,-1.63857,-1.63857,0.993582,0.993582,0.456072,-1.86121
68.7,-1.43129,-1.43129,0.9851,0.9851,0.315505,-1.70865
68.71,-1.22064,-1.22064,0.973955,0.973955,0.174433,-1.55181
68.72,-1.00705,-1.00705,0.960265,0.960265,0.0330822,-1.3911
68.73,-0.790964,-0.790964,0.944154,0.944154,-0.108322,-1.22691
68.74,-0.572831,-0.572831,0.925752,0.925752,-0.249552,-1.05966
68.75,-0.353108,-0.353108,0.905194,0.905194,-0.390384,-0.889754
68.76,-0.132254,-0.132254,0.882623,0.882623,-0.530591,-0.717626
68.77,0.089268,0.089268,0.858182,0.858182,-0.669949,-0.543705
68.78,0.310993,0.310993,0.832024,0.832024,-0.808235,-0.368424
68.79,0.532455,0.532455,0.804299,0.804299,-0.945228,-0.192223
68.8,0.753188,0.753188,0.775166,0.775166,-1.08071,-0.0155406
68.81,0.972725,0.972725,0.744782,0.744782,-1.21446,0.16118
68.82,1.1906,1.1906,0.71331,0.71331,-1.34627,0.337498
68.83,1.40636,1.40636,0.680911,0.680911,-1.47593,0.512972
68.84,1.61955,1.61955,0.64775,0.64775,-1.60322,0.687165
68.85,1.8297,1.8297,0.613989,0.613989,-1.72795,0.859639
68.86,2.03638,2.03638,0.579793,0.579793,-1.84992,1.02997
68.87,2.23915,2.23915,0.545324,0.545324,-1.96892,1.19772
68.88,2.43758,2.43758,0.510745,0.510745,-2.08478,1.36247
68.89,2.63123,2.63123,0.476216,0.476216,-2.1973,1.52383
68.9,2.81971,2.81971,0.441894,0.441894,-2.3063,1.68137
68.91,3.00261,3.00261,0.407935,0.407935,-2.41162,1.83471
68.92,3.17954,3.17954,0.374491,0.374491,-2.51308,1.98347
68.93,3.35012,3.35012,0.341709,0.341709,-2.61051,2.12726
68.94,3.51398,3.51398,0.309734,0.309734,-2.70378,2.26575
68.95,3.67079,3.67079,0.278705,0.278705,-2.79271,2.39856
68.96,3.82019,3.82019,0.248756,0.248756,-2.87718,2.52539
68.97,3.96188,3.96188,0.220016,0.220016,-2.95704,2.6459
68.98,4.09554,4.09554,0.192607,0.192607,-3.03218,2.75979
68.99,4.2209,4.2209,0.166645,0.166645,-3.10246,2.86679
69,4.33768,4.33768,0.142241,0.142241,-3.16778,2.96662
69.01,4.44564,4.44564,0.119496,0.119496,-3.22804,3.05904
69.02,4.54453,4.54453,0.0985068,0.0985068,-3.28312,3.14381
69.03,4.63416,4.63416,0.0793597,0.0793597,-3.33296,3.22073
69.04,4.71432,4.71432,0.0621345,0.0621345,-3.37746,3.28959
69.05,4.78485,4.78485,0.0469027,0.0469027,-3.41656,3.35023
69.06,4.84559,4.84559,0.0337272,0.0337272,-3.4502,3.4025
69.07,4.89642,4.89642,0.0226623,0.0226623,-3.47832,3.44627
69.08,4.93722,4.93722,0.0137536,0.0137536,-3.50087,3.48142
69.09,4.96791,4.96791,0.00703776,0.00703776,-3.51782,3.50786
69.1,4.98841,4.98841,0.00254225,0.00254225,-3.52914,3.52554
69.11,4.9987,4.9987,0.00028556,0.00028556,-3.53482,3.53441
69.12,4.99874,4.99874,0.000276926,0.000276926,-3.53484,3.53445
69.13,4.98853,4.98853,0.00251639,0.00251639,-3.5292,3.52565
69.14,4.9681,4.9681,0.00699477,0.00699477,-3.51793,3.50803
69.15,4.93749,4.93749,0.0136937,0.0136937,-3.50102,3.48165
69.16,4.89677,4.89677,0.0225857,0.0225857,-3.47851,3.44657
69.17,4.84602,4.84602,0.0336341,0.0336341,-3.45044,3.40287
69.18,4.78535,4.78535,0.0467936,0.0467936,-3.41684,3.35067
69.19,4.7149,4.7149,0.0620099,0.0620099,-3.37778,3.29009
69.2,4.63481,4.63481,0.07922,0.07922,-3.33332,3.22129
69.21,4.54526,4.54526,0.0983528,0.0983528,-3.28353,3.14443
69.22,4.44643,4.44643,0.119329,0.119329,-3.22848,3.05972
69.23,4.33854,4.33854,0.14206,0.14206,-3.16826,2.96736
69.24,4.22183,4.22183,0.166452,0.166452,-3.10298,2.86758
69.25,4.09654,4.09654,0.192402,0.192402,-3.03274,2.76064
69.26,3.96293,3.96293,0.2198,0.2198,-2.95764,2.64679
69.27,3.82131,3.82131,0.248531,0.248531,-2.87781,2.52633
69.28,3.67196,3.67196,0.278471,0.278471,-2.79338,2.39956
69.29,3.51521,3.51521,0.309492,0.309492,-2.70448,2.26679
69.3,3.3514,3.3514,0.341461,0.341461,-2.61125,2.12835
69.31,3.18087,3.18087,0.374237,0.374237,-2.51384,1.98459
69.32,3.00399,3.00399,0.407676,0.407676,-2.41241,1.83587
69.33,2.82114,2.82114,0.441632,0.441632,-2.30713,1.68256
69.34,2.6327,2.6327,0.475951,0.475951,-2.19815,1.52505
69.35,2.43908,2.43908,0.51048,0.51048,-2.08565,1.36373
69.36,2.24069,2.24069,0.545059,0.545059,-1.96982,1.19899
69.37,2.03796,2.03796,0.579529,0.579529,-1.85084,1.03126
69.38,1.8313,1.8313,0.613728,0.613728,-1.7289,0.860955
69.39,1.62117,1.62117,0.647492,0.647492,-1.60419,0.688495
69.4,1.40801,1.40801,0.680659,0.680659,-1.47691,0.514315
69.41,1.19227,1.19227,0.713065,0.713065,-1.34727,0.338849
69.42,0.974405,0.974405,0.744545,0.744545,-1.21548,0.162536
69.43,0.754878,0.754878,0.774937,0.774937,-1.08174,-0.0141837
69.44,0.534153,0.534153,0.804081,0.804081,-0.946274,-0.190868
69.45,0.312695,0.312695,0.831816,0.831816,-0.809292,-0.367074
69.46,0.0909698,0.0909698,0.857988,0.857988,-0.671014,-0.542364
69.47,-0.130556,-0.130556,0.882442,0.882442,-0.531664,-0.716298
69.48,-0.351417,-0.351417,0.905028,0.905028,-0.391463,-0.888441
69.49,-0.57115,-0.57115,0.925602,0.925602,-0.250635,-1.05836
69.5,-0.789297,-0.789297,0.944021,0.944021,-0.109407,-1.22564
69.51,-1.0054,-1.0054,0.960151,0.960151,0.0319967,-1.38985
69.52,-1.21901,-1.21901,0.97386,0.97386,0.173349,-1.55059
69.53,-1.42969,-1.42969,0.985025,0.985025,0.314424,-1.70746
69.54,-1.63699,-1.63699,0.993527,0.993527,0.454996,-1.86006
69.55,-1.84049,-1.84049,0.999257,0.999257,0.59484,-2.008
69.56,-2.03977,-2.03977,1.00211,1.00211,0.733732,-2.15093
69.57,-2.23441,-2.23441,1.00199,1.00199,0.871451,-2.28848
69.58,-2.42403,-2.42403,0.998817,0.998817,1.00778,-2.42032
69.59,-2.60822,-2.60822,0.992503,0.992503,1.14249,-2.5461
69.6,-2.78663,-2.78663,0.982981,0.982981,1.27537,-2.66552
69.61,-2.95888,-2.95888,0.970191,0.970191,1.40622,-2.77827
69.62,-3.12463,-3.12463,0.954081,0.954081,1.53481,-2.88409
69.63,-3.28355,-3.28355,0.93461,0.93461,1.66095,-2.98269
69.64,-3.43531,-3.43531,0.911747,0.911747,1.78443,-3.07384
69.65,-3.57963,-3.57963,0.885469,0.885469,1.90506,-3.1573
69.66,-3.71621,-3.71621,0.855767,0.855767,2.02264,-3.23288
69.67,-3.84479,-3.84479,0.822638,0.822638,2.13698,-3.30037
69.68,-3.96512,-3.96512,0.786094,0.786094,2.24791,-3.35961
69.69,-4.07696,-4.07696,0.746155,0.746155,2.35524,-3.41046
69.7,-4.18012,-4.18012,0.702853,0.702853,2.4588,-3.45278
69.71,-4.27439,-4.27439,0.656229,0.656229,2.55843,-3.48647
69.72,-4.3596,-4.3596,0.606338,0.606338,2.65396,-3.51145
69.73,-4.43561,-4.43561,0.553243,0.553243,2.74525,-3.52765
69.74,-4.50228,-4.50228,0.497019,0.497019,2.83215,-3.53504
69.75,-4.55949,-4.55949,0.43775,0.43775,2.91451,-3.53358
69.76,-4.60716,-4.60716,0.375533,0.375533,2.99222,-3.5233
69.77,-4.64523,-4.64523,0.310474,0.310474,3.06513,-3.50421
69.78,-4.67363,-4.67363,0.242689,0.242689,3.13314,-3.47636
69.79,-4.69234,-4.69234,0.172304,0.172304,3.19615,-3.43982
69.8,-4.70135,-4.70135,0.0994557,0.0994557,3.25403,-3.39468
69.81,-4.70069,-4.70069,0.0242881,0.0242881,3.30672,-3.34106
69.82,-4.69038,-4.69038,-0.0530438,-0.0530438,3.35411,-3.27909
69.83,-4.67048,-4.67048,-0.132377,-0.132377,3.39613,-3.20892
69.84,-4.64107,-4.64107,-0.21354,-0.21354,3.43273,-3.13073
69.85,-4.60224,-4.60224,-0.296353,-0.296353,3.46383,-3.04472
69.86,-4.55411,-4.55411,-0.380628,-0.380628,3.48939,-2.9511
69.87,-4.49682,-4.49682,-0.466173,-0.466173,3.50936,-2.8501
69.88,-4.43052,-4.43052,-0.552784,-0.552784,3.52373,-2.74197
69.89,-4.35539,-4.35539,-0.640256,-0.640256,3.53245,-2.62699
69.9,-4.27162,-4.27162,-0.728375,-0.728375,3.53553,-2.50545
69.91,-4.17942,-4.17942,-0.816922,-0.816922,3.53295,-2.37764
69.92,-4.07902,-4.07902,-0.905675,-0.905675,3.52471,-2.2439
69.93,-3.97067,-3.97067,-0.994407,-0.994407,3.51084,-2.10454
69.94,-3.85463,-3.85463,-1.08289,-1.08289,3.49135,-1.95992
69.95,-3.73118,-3.73118,-1.17088,-1.17088,3.46628,-1.8104
69.96,-3.6006,-3.6006,-1.25815,-1.25815,3.43566,-1.65636
69.97,-3.46322,-3.46322,-1.34447,-1.34447,3.39955,-1.49818
69.98,-3.31933,-3.31933,-1.42958,-1.42958,3.35799,-1.33625
69.99,-3.16929,-3.16929,-1.51326,-1.51326,3.31106,-1.17099
70,-3.01343,-3.01343,-1.59527,-1.59527,3.25884,-1.0028
70.01,-2.85212,-2.85212,-1.67535,-1.67535,3.2014,-0.832095
70.02,-2.68571,-2.68571,-1.75329,-1.75329,3.13885,-0.659316
70.03,-2.51458,-2.51458,-1.82885,-1.82885,3.07127,-0.484889
70.04,-2.33913,-2.33913,-1.90178,-1.90178,2.99877,-0.309249
70.05,-2.15973,-2.15973,-1.97187,-1.97187,2.92148,-0.132837
70.06,-1.9768,-1.9768,-2.03889,-2.03889,2.83952,0.0439071
70.07,-1.79073,-1.79073,-2.10262,-2.10262,2.75301,0.220542
70.08,-1.60193,-1.60193,-2.16285,-2.16285,2.6621,0.396625
70.09,-1.41083,-1.41083,-2.21936,-2.21936,2.56693,0.571717
70.1,-1.21783,-1.21783,-2.27196,-2.27196,2.46766,0.74538
70.11,-1.02336,-1.02336,-2.32045,-2.32045,2.36443,0.91718
70.12,-0.827836,-0.827836,-2.36464,-2.36464,2.25742,1.08669
70.13,-0.631678,-0.631678,-2.40436,-2.40436,2.14681,1.25348
70.14,-0.435307,-0.435307,-2.43944,-2.43944,2.03275,1.41714
70.15,-0.239141,-0.239141,-2.46971,-2.46971,1.91545,1.57725
70.16,-0.0435957,-0.0435957,-2.49503,-2.49503,1.79508,1.73343
70.17,0.150916,0.150916,-2.51525,-2.51525,1.67184,1.88527
70.18,0.343988,0.343988,-2.53026,-2.53026,1.54592,2.0324
70.19,0.535216,0.535216,-2.53991,-2.53991,1.41754,2.17445
70.2,0.724204,0.724204,-2.54413,-2.54413,1.28688,2.31106
70.21,0.910564,0.910564,-2.5428,-2.5428,1.15417,2.4419
70.22,1.09391,1.09391,-2.53585,-2.53585,1.0196,2.56663
70.23,1.27388,1.27388,-2.52321,-2.52321,0.883412,2.68495
70.24,1.4501,1.4501,-2.50483,-2.50483,0.745806,2.79656
70.25,1.62222,1.62222,-2.48066,-2.48066,0.607007,2.90118
70.26,1.7899,1.7899,-2.45068,-2.45068,0.467238,2.99854
70.27,1.95281,1.95281,-2.41487,-2.41487,0.32672,3.08841
70.28,2.11063,2.11063,-2.37323,-2.37323,0.18568,3.17057
70.29,2.26306,2.26306,-2.32577,-2.32577,0.0443433,3.24479
70.3,2.4098,2.4098,-2.27253,-2.27253,-0.0970647,3.31091
70.31,2.55058,2.55058,-2.21355,-2.21355,-0.238317,3.36875
70.32,2.68514,2.68514,-2.14889,-2.14889,-0.379189,3.41818
70.33,2.81323,2.81323,-2.07861,-2.07861,-0.519454,3.45905
70.34,2.93462,2.93462,-2.00281,-2.00281,-0.658888,3.49129
70.35,3.04909,3.04909,-1.92158,-1.92158,-0.797267,3.51479
70.36,3.15644,3.15644,-1.83504,-1.83504,-0.934372,3.52951
70.37,3.2565,3.2565,-1.74332,-1.74332,-1.06998,3.53541
70.38,3.34911,3.34911,-1.64656,-1.64656,-1.20388,3.53247
70.39,3.4341,3.4341,-1.54492,-1.54492,-1.33585,3.5207
70.4,3.51137,3.51137,-1.43857,-1.43857,-1.46569,3.50014
70.41,3.58079,3.58079,-1.3277,-1.3277,-1.59318,3.47082
70.42,3.64227,3.64227,-1.21249,-1.21249,-1.71812,3.43283
70.43,3.69574,3.69574,-1.09315,-1.09315,-1.84031,3.38626
70.44,3.74115,3.74115,-0.969914,-0.969914,-1.95956,3.33122
70.45,3.77845,3.77845,-0.843006,-0.843006,-2.07567,3.26786
70.46,3.80763,3.80763,-0.71267,-0.71267,-2.18846,3.19633
70.47,3.82868,3.82868,-0.579161,-0.579161,-2.29776,3.11681
70.48,3.84162,3.84162,-0.442742,-0.442742,-2.40337,3.0295
70.49,3.8465,3.8465,-0.303688,-0.303688,-2.50514,2.93462
70.5,3.84335,3.84335,-0.162281,-0.162281,-2.60291,2.83241
70.51,3.83225,3.83225,-0.0188126,-0.0188126,-2.69651,2.72311
70.52,3.81329,3.81329,0.126418,0.126418,-2.78579,2.60701
70.53,3.78656,3.78656,0.273106,0.273106,-2.87062,2.48439
70.54,3.7522,3.7522,0.420937,0.420937,-2.95086,2.35556
70.55,3.71034,3.71034,0.569593,0.569593,-3.02637,2.22085
70.56,3.66113,3.66113,0.718751,0.718751,-3.09705,2.08058
70.57,3.60474,3.60474,0.868082,0.868082,-3.16277,1.93511
70.58,3.54136,3.54136,1.01726,1.01726,-3.22343,1.78481
70.59,3.47117,3.47117,1.16594,1.16594,-3.27893,1.63004
70.6,3.39439,3.39439,1.31379,1.31379,-3.32919,1.4712
70.61,3.31124,3.31124,1.46048,1.46048,-3.37412,1.30869
70.62,3.22197,3.22197,1.60566,1.60566,-3.41365,1.1429
70.63,3.12681,3.12681,1.74901,1.74901,-3.44772,0.974256
70.64,3.02603,3.02603,1.89017,1.89017,-3.47628,0.803177
70.65,2.9199,2.9199,2.02882,2.02882,-3.49928,0.63009
70.66,2.8087,2.8087,2.16463,2.16463,-3.51667,0.455428
70.67,2.69271,2.69271,2.29726,2.29726,-3.52844,0.279628
70.68,2.57224,2.57224,2.4264,2.4264,-3.53457,0.103129
70.69,2.44759,2.44759,2.55172,2.55172,-3.53504,-0.0736274
70.7,2.31907,2.31907,2.67291,2.67291,-3.52986,-0.2502
70.71,2.187,2.187,2.78966,2.78966,-3.51903,-0.426147
70.72,2.0517,2.0517,2.90168,2.90168,-3.50257,-0.60103
70.73,1.9135,1.9135,3.00868,3.00868,-3.48051,-0.77441
70.74,1.77273,1.77273,3.11037,3.11037,-3.45288,-0.945854
70.75,1.62973,1.62973,3.20648,3.20648,-3.41972,-1.11493
70.76,1.48483,1.48483,3.29676,3.29676,-3.38109,-1.28123
70.77,1.33837,1.33837,3.38094,3.38094,-3.33706,-1.44432
70.78,1.19069,1.19069,3.4588,3.4588,-3.28769,-1.6038
70.79,1.04212,1.04212,3.53011,3.53011,-3.23305,-1.75927
70.8,0.893005,0.893005,3.59464,3.59464,-3.17325,-1.91035
70.81,0.743677,0.743677,3.65221,3.65221,-3.10836,-2.05665
70.82,0.594467,0.594467,3.70264,3.70264,-3.03851,-2.19781
70.83,0.445705,0.445705,3.74573,3.74573,-2.96379,-2.33347
70.84,0.297714,0.297714,3.78136,3.78136,-2.88434,-2.46331
70.85,0.150814,0.150814,3.80936,3.80936,-2.80027,-2.58698
70.86,0.00531811,0.00531811,3.82963,3.82963,-2.71172,-2.70419
70.87,-0.138466,-0.138466,3.84204,3.84204,-2.61883,-2.81465
70.88,-0.280237,-0.280237,3.84653,3.84653,-2.52175,-2.91806
70.89,-0.419704,-0.419704,3.843,3.843,-2.42063,-3.01419
70.9,-0.556582,-0.556582,3.8314,3.8314,-2.31565,-3.10277
70.91,-0.690596,-0.690596,3.81171,3.81171,-2.20696,-3.18361
70.92,-0.821479,-0.821479,3.78388,3.78388,-2.09474,-3.25648
70.93,-0.948977,-0.948977,3.74794,3.74794,-1.97916,-3.32122
70.94,-1.07284,-1.07284,3.70388,3.70388,-1.86043,-3.37766
70.95,-1.19284,-1.19284,3.65175,3.65175,-1.73871,-3.42565
70.96,-1.30876,-1.30876,3.5916,3.5916,-1.61422,-3.46508
70.97,-1.42037,-1.42037,3.5235,3.5235,-1.48714,-3.49585
70.98,-1.52749,-1.52749,3.44754,3.44754,-1.35768,-3.51788
70.99,-1.62993,-1.62993,3.36383,3.36383,-1.22605,-3.53112
71,-1.72751,-1.72751,3.27249,3.27249,-1.09246,-3.53553
71.01,-1.82009,-1.82009,3.17366,3.17366,-0.95712,-3.53111
71.02,-1.9075,-1.9075,3.06751,3.06751,-0.82025,-3.51786
71.03,-1.98962,-1.98962,2.95421,2.95421,-0.682068,-3.49582
71.04,-2.06634,-2.06634,2.83397,2.83397,-0.542795,-3.46504
71.05,-2.13754,-2.13754,2.70698,2.70698,-0.402653,-3.4256
71.06,-2.20315,-2.20315,2.57349,2.57349,-0.261867,-3.37759
71.07,-2.26308,-2.26308,2.43373,2.43373,-0.120663,-3.32115
71.08,-2.31729,-2.31729,2.28796,2.28796,0.0207353,-3.2564
71.09,-2.36571,-2.36571,2.13646,2.13646,0.1621,-3.18351
71.1,-2.40832,-2.40832,1.97952,1.97952,0.303205,-3.10267
71.11,-2.4451,-2.4451,1.81744,1.81744,0.443825,-3.01407
71.12,-2.47606,-2.47606,1.65053,1.65053,0.583736,-2.91794
71.13,-2.5012,-2.5012,1.47913,1.47913,0.722712,-2.81452
71.14,-2.52055,-2.52055,1.30357,1.30357,0.860532,-2.70406
71.15,-2.53414,-2.53414,1.1242,1.1242,0.996976,-2.58684
71.16,-2.54203,-2.54203,0.941392,0.941392,1.13182,-2.46315
71.17,-2.54429,-2.54429,0.755509,0.755509,1.26486,-2.33331
71.18,-2.541,-2.541,0.566932,0.566932,1.39588,-2.19764
71.19,-2.53224,-2.53224,0.376051,0.376051,1.52466,-2.05647
71.2,-2.51813,-2.51813,0.183259,0.183259,1.651,-1.91017
71.21,-2.49877,-2.49877,-0.0110407,-0.0110407,1.7747,-1.75909
71.22,-2.47429,-2.47429,-0.206442,-0.206442,1.89556,-1.60361
71.23,-2.44483,-2.44483,-0.402533,-0.402533,2.01339,-1.44412
71.24,-2.41055,-2.41055,-0.598899,-0.598899,2.128,-1.28103
71.25,-2.37159,-2.37159,-0.795122,-0.795122,2.2392,-1.11473
71.26,-2.32813,-2.32813,-0.990782,-0.990782,2.34683,-0.945648
71.27,-2.28034,-2.28034,-1.18546,-1.18546,2.45069,-0.774202
71.28,-2.22842,-2.22842,-1.37873,-1.37873,2.55064,-0.60082
71.29,-2.17254,-2.17254,-1.57018,-1.57018,2.64651,-0.425936
71.3,-2.11292,-2.11292,-1.75939,-1.75939,2.73814,-0.249987
71.31,-2.04976,-2.04976,-1.94594,-1.94594,2.82539,-0.0734143
71.32,-1.98328,-1.98328,-2.12943,-2.12943,2.90812,0.103342
71.33,-1.91369,-1.91369,-2.30944,-2.30944,2.9862,0.279841
71.34,-1.84121,-1.84121,-2.48558,-2.48558,3.0595,0.45564
71.35,-1.76608,-1.76608,-2.65746,-2.65746,3.12791,0.6303
71.36,-1.68852,-1.68852,-2.82468,-2.82468,3.19131,0.803384
71.37,-1.60878,-1.60878,-2.98687,-2.98687,3.24961,0.974461
71.38,-1.52708,-1.52708,-3.14367,-3.14367,3.30271,1.1431
71.39,-1.44366,-1.44366,-3.2947,-3.2947,3.35053,1.30889
71.4,-1.35877,-1.35877,-3.43964,-3.43964,3.39298,1.4714
71.41,-1.27264,-1.27264,-3.57813,-3.57813,3.43001,1.63023
71.42,-1.18551,-1.18551,-3.70987,-3.70987,3.46155,1.78499
71.43,-1.09762,-1.09762,-3.83453,-3.83453,3.48756,1.93529
71.44,-1.0092,-1.0092,-3.95183,-3.95183,3.50798,2.08075
71.45,-0.920496,-0.920496,-4.06148,-4.06148,3.52279,2.22101
71.46,-0.831731,-0.831731,-4.16322,-4.16322,3.53197,2.35572
71.47,-0.743133,-0.743133,-4.25681,-4.25681,3.53549,2.48454
71.48,-0.654928,-0.654928,-4.342,-4.342,3.53336,2.60715
71.49,-0.567333,-0.567333,-4.41859,-4.41859,3.52558,2.72325
71.5,-0.480563,-0.480563,-4.48637,-4.48637,3.51215,2.83253
71.51,-0.394827,-0.394827,-4.54518,-4.54518,3.49311,2.93474
71.52,-0.310325,-0.310325,-4.59485,-4.59485,3.46848,3.02961
71.53,-0.227255,-0.227255,-4.63524,-4.63524,3.4383,3.11691
71.54,-0.145804,-0.145804,-4.66623,-4.66623,3.40262,3.19642
71.55,-0.0661532,-0.0661532,-4.68772,-4.68772,3.3615,3.26794
71.56,0.0115244,0.0115244,-4.69964,-4.69964,3.315,3.33129
71.57,0.0870643,0.0870643,-4.70192,-4.70192,3.26319,3.38632
71.58,0.160311,0.160311,-4.69452,-4.69452,3.20617,3.43288
71.59,0.231116,0.231116,-4.67742,-4.67742,3.14401,3.47086
71.6,0.299344,0.299344,-4.65064,-4.65064,3.07683,3.50017
71.61,0.364867,0.364867,-4.61419,-4.61419,3.00472,3.52072
71.62,0.427566,0.427566,-4.56812,-4.56812,2.92781,3.53248
71.63,0.487333,0.487333,-4.51249,-4.51249,2.84621,3.53541
71.64,0.544072,0.544072,-4.44739,-4.44739,2.76006,3.5295
71.65,0.597695,0.597695,-4.37294,-4.37294,2.6695,3.51477
71.66,0.648126,0.648126,-4.28925,-4.28925,2.57466,3.49125
71.67,0.695299,0.695299,-4.19648,-4.19648,2.47571,3.45901
71.68,0.739159,0.739159,-4.09479,-4.09479,2.37279,3.41812
71.69,0.779662,0.779662,-3.98438,-3.98438,2.26608,3.36869
71.7,0.816775,0.816775,-3.86546,-3.86546,2.15574,3.31084
71.71,0.850474,0.850474,-3.73824,-3.73824,2.04196,3.24471
71.72,0.880749,0.880749,-3.60298,-3.60298,1.92491,3.17047
71.73,0.907598,0.907598,-3.45993,-3.45993,1.80477,3.08831
71.74,0.93103,0.93103,-3.30939,-3.30939,1.68175,2.99843
71.75,0.951065,0.951065,-3.15165,-3.15165,1.55604,2.90105
71.76,0.967734,0.967734,-2.98701,-2.98701,1.42785,2.79643
71.77,0.981074,0.981074,-2.81582,-2.81582,1.29736,2.68481
71.78,0.991138,0.991138,-2.63842,-2.63842,1.1648,2.56648
71.79,0.997983,0.997983,-2.45516,-2.45516,1.03038,2.44174
71.8,1.00168,1.00168,-2.26643,-2.26643,0.894312,2.3109
71.81,1.0023,1.0023,-2.07259,-2.07259,0.756811,2.17428
71.82,0.999936,0.999936,-1.87406,-1.87406,0.618099,2.03222
71.83,0.994679,0.994679,-1.67124,-1.67124,0.478398,1.88509
71.84,0.986632,0.986632,-1.46454,-1.46454,0.337932,1.73324
71.85,0.975904,0.975904,-1.2544,-1.2544,0.196926,1.57706
71.86,0.962611,0.962611,-1.04125,-1.04125,0.0556039,1.41694
71.87,0.946877,0.946877,-0.825528,-0.825528,-0.0858067,1.25328
71.88,0.92883,0.92883,-0.607691,-0.607691,-0.22708,1.08648
71.89,0.908607,0.908607,-0.38819,-0.38819,-0.36799,0.916974
71.9,0.886346,0.886346,-0.167485,-0.167485,-0.508312,0.745172
71.91,0.862194,0.862194,0.0539616,0.0539616,-0.64782,0.571507
71.92,0.836299,0.836299,0.275686,0.275686,-0.786292,0.396413
71.93,0.808813,0.808813,0.497221,0.497221,-0.923505,0.220329
71.94,0.779894,0.779894,0.718101,0.718101,-1.05924,0.043694
71.95,0.749698,0.749698,0.93786,0.93786,-1.19328,-0.13305
71.96,0.718389,0.718389,1.15603,1.15603,-1.32542,-0.309462
71.97,0.686127,0.686127,1.37216,1.37216,-1.45543,-0.4851
71.98,0.653075,0.653075,1.58579,1.58579,-1.58311,-0.659526
71.99,0.619399,0.619399,1.79645,1.79645,-1.70827,-0.832303
72,0.585261,0.585261,2.00372,2.00372,-1.83068,-1.003
72.01,0.550825,0.550825,2.20714,2.20714,-1.95017,-1.17119
72.02,0.516253,0.516253,2.40628,2.40628,-2.06654,-1.33645
72.03,0.481705,0.481705,2.60073,2.60073,-2.17961,-1.49837
72.04,0.44734,0.44734,2.79006,2.79006,-2.28919,-1.65655
72.05,0.413313,0.413313,2.97387,2.97387,-2.3951,-1.81059
72.06,0.379777,0.379777,3.15177,3.15177,-2.49718,-1.9601
72.07,0.34688,0.34688,3.32339,3.32339,-2.59527,-2.10471
72.08,0.314767,0.314767,3.48835,3.48835,-2.68921,-2.24406
72.09,0.283578,0.283578,3.6463,3.6463,-2.77884,-2.3778
72.1,0.253448,0.253448,3.7969,3.7969,-2.86403,-2.5056
72.11,0.224507,0.224507,3.93984,3.93984,-2.94464,-2.62714
72.12,0.196878,0.196878,4.0748,4.0748,-3.02053,-2.74211
72.13,0.170679,0.170679,4.2015,4.2015,-3.0916,-2.85022
72.14,0.146019,0.146019,4.31967,4.31967,-3.15772,-2.95121
72.15,0.123004,0.123004,4.42904,4.42904,-3.21878,-3.04483
72.16,0.101729,0.101729,4.5294,4.5294,-3.2747,-3.13083
72.17,0.0822824,0.0822824,4.62051,4.62051,-3.32538,-3.20901
72.18,0.0647461,0.0647461,4.70219,4.70219,-3.37074,-3.27917
72.19,0.0491924,0.0491924,4.77427,4.77427,-3.4107,-3.34113
72.2,0.0356856,0.0356856,4.83658,4.83658,-3.44521,-3.39474
72.21,0.0242813,0.0242813,4.88899,4.88899,-3.47421,-3.43987
72.22,0.0150265,0.0150265,4.9314,4.9314,-3.49765,-3.4764
72.23,0.00795932,0.00795932,4.9637,4.9637,-3.51549,-3.50424
72.24,0.00310871,0.00310871,4.98583,4.98583,-3.52771,-3.52332
72.25,0.000494595,0.000494595,4.99775,4.99775,-3.53429,-3.53359
72.26,0.000127682,0.000127682,4.99942,4.99942,-3.53521,-3.53503
72.27,0.00200948,0.00200948,4.99084,4.99084,-3.53048,-3.52764
72.28,0.00613226,0.00613226,4.97204,4.97204,-3.5201,-3.51143
72.29,0.0124791,0.0124791,4.94305,4.94305,-3.50409,-3.48644
72.3,0.021024,0.021024,4.90393,4.90393,-3.48247,-3.45274
72.31,0.0317319,0.0317319,4.85477,4.85477,-3.45528,-3.4104
72.32,0.0445586,0.0445586,4.79567,4.79567,-3.42256,-3.35955
72.33,0.0594512,0.0594512,4.72677,4.72677,-3.38437,-3.30029
72.34,0.0763484,0.0763484,4.6482,4.6482,-3.34076,-3.23279
72.35,0.09518,0.09518,4.56014,4.56014,-3.29181,-3.15721
72.36,0.115868,0.115868,4.46278,4.46278,-3.23759,-3.07373
72.37,0.138326,0.138326,4.35632,4.35632,-3.1782,-2.98257
72.38,0.16246,0.16246,4.241,4.241,-3.11372,-2.88396
72.39,0.188169,0.188169,4.11705,4.11705,-3.04425,-2.77814
72.4,0.215344,0.215344,3.98476,3.98476,-2.96992,-2.66538
72.41,0.243871,0.243871,3.84439,3.84439,-2.89084,-2.54595
72.42,0.273627,0.273627,3.69625,3.69625,-2.80713,-2.42016
72.43,0.304485,0.304485,3.54066,3.54066,-2.71893,-2.28832
72.44,0.336311,0.336311,3.37795,3.37795,-2.62638,-2.15076
72.45,0.368968,0.368968,3.20847,3.20847,-2.52963,-2.00783
72.46,0.402312,0.402312,3.03257,3.03257,-2.42883,-1.85987
72.47,0.436196,0.436196,2.85064,2.85064,-2.32415,-1.70727
72.48,0.470467,0.470467,2.66307,2.66307,-2.21574,-1.5504
72.49,0.504973,0.504973,2.47025,2.47025,-2.1038,-1.38966
72.5,0.539555,0.539555,2.27259,2.27259,-1.98849,-1.22544
72.51,0.574053,0.574053,2.07052,2.07052,-1.86999,-1.05816
72.52,0.608306,0.608306,1.86446,1.86446,-1.74851,-0.888235
72.53,0.642151,0.642151,1.65485,1.65485,-1.62423,-0.716089
72.54,0.675424,0.675424,1.44214,1.44214,-1.49735,-0.542153
72.55,0.707961,0.707961,1.22678,1.22678,-1.36807,-0.366862
72.56,0.7396,0.7396,1.00923,1.00923,-1.23661,-0.190655
72.57,0.770176,0.770176,0.789933,0.789933,-1.10316,-0.0139706
72.58,0.799529,0.799529,0.569368,0.569368,-0.967957,0.162749
72.59,0.8275,0.8275,0.347995,0.347995,-0.831201,0.339061
72.6,0.853931,0.853931,0.126282,0.126282,-0.693115,0.514526
72.61,0.878668,0.878668,-0.0953069,-0.0953069,-0.55392,0.688705
72.62,0.901562,0.901562,-0.316305,-0.316305,-0.41384,0.861162
72.63,0.922466,0.922466,-0.536249,-0.536249,-0.273097,1.03147
72.64,0.941238,0.941238,-0.754679,-0.754679,-0.131917,1.19919
72.65,0.957741,0.957741,-0.971138,-0.971138,0.0094736,1.36392
72.66,0.971844,0.971844,-1.18518,-1.18518,0.150849,1.52524
72.67,0.983422,0.983422,-1.39635,-1.39635,0.291983,1.68275
72.68,0.992356,0.992356,-1.60422,-1.60422,0.432651,1.83605
72.69,0.998535,0.998535,-1.80835,-1.80835,0.572625,1.98477
72.7,1.00185,1.00185,-2.00833,-2.00833,0.711684,2.12852
72.71,1.00221,1.00221,-2.20374,-2.20374,0.849605,2.26695
72.72,0.999531,0.999531,-2.39418,-2.39418,0.986166,2.39972
72.73,0.993721,0.993721,-2.57927,-2.57927,1.12115,2.52648
72.74,0.984715,0.984715,-2.75862,-2.75862,1.25434,2.64694
72.75,0.972449,0.972449,-2.93187,-2.93187,1.38552,2.76077
72.76,0.956871,0.956871,-3.09868,-3.09868,1.51449,2.86771
72.77,0.937938,0.937938,-3.25871,-3.25871,1.64103,2.96748
72.78,0.915617,0.915617,-3.41164,-3.41164,1.76495,3.05983
72.79,0.889884,0.889884,-3.55716,-3.55716,1.88605,3.14453
72.8,0.860727,0.860727,-3.69499,-3.69499,2.00412,3.22138
72.81,0.828144,0.828144,-3.82486,-3.82486,2.119,3.29017
72.82,0.792142,0.792142,-3.94651,-3.94651,2.23048,3.35074
72.83,0.752742,0.752742,-4.05973,-4.05973,2.33839,3.40293
72.84,0.709973,0.709973,-4.16428,-4.16428,2.44256,3.44662
72.85,0.663875,0.663875,-4.25998,-4.25998,2.54283,3.48169
72.86,0.6145,0.6145,-4.34665,-4.34665,2.63902,3.50806
72.87,0.561911,0.561911,-4.42413,-4.42413,2.731,3.52566
72.88,0.506179,0.506179,-4.49229,-4.49229,2.81861,3.53445
72.89,0.447389,0.447389,-4.55102,-4.55102,2.9017,3.53441
72.9,0.385635,0.385635,-4.60021,-4.60021,2.98016,3.52553
72.91,0.321022,0.321022,-4.63981,-4.63981,3.05384,3.50784
72.92,0.253663,0.253663,-4.66975,-4.66975,3.12265,3.48138
72.93,0.183683,0.183683,-4.69001,-4.69001,3.18645,3.44622
72.94,0.111217,0.111217,-4.70057,-4.70057,3.24516,3.40244
72.95,0.0364087,0.0364087,-4.70144,-4.70144,3.29868,3.35017
72.96,-0.0405892,-0.0405892,-4.69267,-4.69267,3.34692,3.28951
72.97,-0.119615,-0.119615,-4.67429,-4.67429,3.3898,3.22064
72.98,-0.200498,-0.200498,-4.64638,-4.64638,3.42726,3.14372
72.99,-0.283061,-0.283061,-4.60905,-4.60905,3.45924,3.05894
73,-0.367116,-0.367116,-4.56239,-4.56239,3.48569,2.96651
73.01,-0.452472,-0.452472,-4.50655,-4.50655,3.50656,2.86667
73.02,-0.538927,-0.538927,-4.44167,-4.44167,3.52182,2.75966
73.03,-0.626276,-0.626276,-4.36794,-4.36794,3.53144,2.64575
73.04,-0.714306,-0.714306,-4.28553,-4.28553,3.53542,2.52524
73.05,-0.8028,-0.8028,-4.19466,-4.19466,3.53374,2.39841
73.06,-0.891536,-0.891536,-4.09555,-4.09555,3.5264,2.26558
73.07,-0.980286,-0.980286,-3.98845,-3.98845,3.51343,2.12709
73.08,-1.06882,-1.06882,-3.87362,-3.87362,3.49483,1.98329
73.09,-1.15691,-1.15691,-3.75133,-3.75133,3.47065,1.83453
73.1,-1.24431,-1.24431,-3.62186,-3.62186,3.44091,1.68118
73.11,-1.33079,-1.33079,-3.48554,-3.48554,3.40566,1.52363
73.12,-1.41612,-1.41612,-3.34267,-3.34267,3.36497,1.36228
73.13,-1.50004,-1.50004,-3.19359,-3.19359,3.3189,1.19752
73.14,-1.58233,-1.58233,-3.03863,-3.03863,3.26751,1.02976
73.15,-1.66274,-1.66274,-2.87816,-2.87816,3.2109,0.859432
73.16,-1.74103,-1.74103,-2.71254,-2.71254,3.14915,0.686955
73.17,-1.81698,-1.81698,-2.54214,-2.54214,3.08236,0.512761
73.18,-1.89035,-1.89035,-2.36734,-2.36734,3.01064,0.337286
73.19,-1.96091,-1.96091,-2.18855,-2.18855,2.93411,0.160967
73.2,-2.02843,-2.02843,-2.00615,-2.00615,2.85288,-0.0157538
73.21,-2.0927,-2.0927,-1.82055,-1.82055,2.76709,-0.192435
73.22,-2.1535,-2.1535,-1.63217,-1.63217,2.67687,-0.368636
73.23,-2.21062,-2.21062,-1.4414,-1.4414,2.58237,-0.543915
73.24,-2.26385,-2.26385,-1.24868,-1.24868,2.48373,-0.717835
73.25,-2.31301,-2.31301,-1.05442,-1.05442,2.38113,-0.88996
73.26,-2.3579,-2.3579,-0.85903,-0.85903,2.27471,-1.05986
73.27,-2.39834,-2.39834,-0.662944,-0.662944,2.16466,-1.22711
73.28,-2.43417,-2.43417,-0.466579,-0.466579,2.05114,-1.3913
73.29,-2.46522,-2.46522,-0.270353,-0.270353,1.93434,-1.55201
73.3,-2.49134,-2.49134,-0.0746808,-0.0746808,1.81445,-1.70883
73.31,-2.51238,-2.51238,0.120023,0.120023,1.69165,-1.86139
73.32,-2.52822,-2.52822,0.313351,0.313351,1.56615,-2.00929
73.33,-2.53874,-2.53874,0.5049,0.5049,1.43814,-2.15218
73.34,-2.54383,-2.54383,0.694271,0.694271,1.30783,-2.28968
73.35,-2.54339,-2.54339,0.881075,0.881075,1.17543,-2.42146
73.36,-2.53734,-2.53734,1.06493,1.06493,1.04115,-2.54719
73.37,-2.52561,-2.52561,1.24546,1.24546,0.905203,-2.66655
73.38,-2.50814,-2.50814,1.4223,1.4223,0.767808,-2.77924
73.39,-2.4849,-2.4849,1.5951,1.5951,0.629184,-2.88499
73.4,-2.45584,-2.45584,1.76351,1.76351,0.489554,-2.98353
73.41,-2.42096,-2.42096,1.9272,1.9272,0.349141,-3.07461
73.42,-2.38025,-2.38025,2.08585,2.08585,0.208169,-3.15801
73.43,-2.33372,-2.33372,2.23916,2.23916,0.066864,-3.23351
73.44,-2.2814,-2.2814,2.38682,2.38682,-0.0745479,-3.30093
73.45,-2.22333,-2.22333,2.52857,2.52857,-0.21584,-3.3601
73.46,-2.15956,-2.15956,2.66414,2.66414,-0.356788,-3.41087
73.47,-2.09018,-2.09018,2.79327,2.79327,-0.497164,-3.45312
73.48,-2.01525,-2.01525,2.91574,2.91574,-0.636745,-3.48673
73.49,-1.93487,-1.93487,3.03133,3.03133,-0.775308,-3.51163
73.5,-1.84917,-1.84917,3.13983,3.13983,-0.91263,-3.52776
73.51,-1.75827,-1.75827,3.24106,3.24106,-1.04849,-3.53506
73.52,-1.66231,-1.66231,3.33486,3.33486,-1.18268,-3.53353
73.53,-1.56143,-1.56143,3.42108,3.42108,-1.31497,-3.52317
73.54,-1.45582,-1.45582,3.49958,3.49958,-1.44516,-3.504
73.55,-1.34565,-1.34565,3.57026,3.57026,-1.57304,-3.47607
73.56,-1.23112,-1.23112,3.63301,3.63301,-1.6984,-3.43946
73.57,-1.11242,-1.11242,3.68776,3.68776,-1.82104,-3.39425
73.58,-0.989794,-0.989794,3.73446,3.73446,-1.94077,-3.34055
73.59,-0.863454,-0.863454,3.77305,3.77305,-2.0574,-3.2785
73.6,-0.733647,-0.733647,3.80352,3.80352,-2.17073,-3.20826
73.61,-0.600626,-0.600626,3.82587,3.82587,-2.28059,-3.13
73.62,-0.464653,-0.464653,3.8401,3.8401,-2.3868,-3.04392
73.63,-0.326,-0.326,3.84626,3.84626,-2.4892,-2.95023
73.64,-0.184948,-0.184948,3.84438,3.84438,-2.58761,-2.84917
73.65,-0.041788,-0.041788,3.83454,3.83454,-2.68188,-2.74098
73.66,0.103183,0.103183,3.81683,3.81683,-2.77187,-2.62594
73.67,0.249659,0.249659,3.79133,3.79133,-2.85741,-2.50434
73.68,0.397329,0.397329,3.75818,3.75818,-2.93839,-2.37648
73.69,0.545875,0.545875,3.71751,3.71751,-3.01467,-2.24268
73.7,0.694975,0.694975,3.66946,3.66946,-3.08612,-2.10328
73.71,0.844301,0.844301,3.6142,3.6142,-3.15264,-1.95861
73.72,0.993522,0.993522,3.55191,3.55191,-3.21411,-1.80906
73.73,1.1423,1.1423,3.48279,3.48279,-3.27044,-1.65498
73.74,1.29031,1.29031,3.40705,3.40705,-3.32154,-1.49676
73.75,1.43721,1.43721,3.3249,3.3249,-3.36732,-1.3348
73.76,1.58265,1.58265,3.23659,3.23659,-3.40772,-1.16951
73.77,1.72631,1.72631,3.14235,3.14235,-3.44266,-1.00129
73.78,1.86785,1.86785,3.04245,3.04245,-3.4721,-0.830569
73.79,2.00692,2.00692,2.93715,2.93715,-3.49599,-0.657774
73.8,2.1432,2.1432,2.82674,2.82674,-3.51428,-0.483334
73.81,2.27636,2.27636,2.71149,2.71149,-3.52695,-0.307685
73.82,2.40608,2.40608,2.59172,2.59172,-3.53397,-0.131268
73.83,2.53202,2.53202,2.46771,2.46771,-3.53535,0.045477
73.84,2.65389,2.65389,2.33978,2.33978,-3.53106,0.222109
73.85,2.77138,2.77138,2.20826,2.20826,-3.52113,0.398185
73.86,2.88417,2.88417,2.07345,2.07345,-3.50557,0.573266
73.87,2.99199,2.99199,1.93569,1.93569,-3.48439,0.746915
73.88,3.09454,3.09454,1.79531,1.79531,-3.45765,0.918696
73.89,3.19156,3.19156,1.65264,1.65264,-3.42537,1.08818
73.9,3.28278,3.28278,1.50802,1.50802,-3.38761,1.25495
73.91,3.36795,3.36795,1.36179,1.36179,-3.34443,1.41857
73.92,3.44684,3.44684,1.21428,1.21428,-3.2959,1.57866
73.93,3.5192,3.5192,1.06583,1.06583,-3.2421,1.73479
73.94,3.58483,3.58483,0.916777,0.916777,-3.18311,1.8866
73.95,3.64352,3.64352,0.76746,0.76746,-3.11903,2.03368
73.96,3.69509,3.69509,0.61821,0.61821,-3.04996,2.17568
73.97,3.73937,3.73937,0.469354,0.469354,-2.97601,2.31225
73.98,3.77619,3.77619,0.321219,0.321219,-2.8973,2.44303
73.99,3.80542,3.80542,0.174124,0.174124,-2.81396,2.56771
74,3.82692,3.82692,0.0283838,0.0283838,-2.72611,2.68597
74.01,3.8406,3.8406,-0.115693,-0.115693,-2.6339,2.79752
74.02,3.84635,3.84635,-0.257805,-0.257805,-2.53748,2.90207
74.03,3.8441,3.8441,-0.397658,-0.397658,-2.437,2.99937
74.04,3.83379,3.83379,-0.534967,-0.534967,-2.33262,3.08918
74.05,3.81539,3.81539,-0.669455,-0.669455,-2.22451,3.17126
74.06,3.78886,3.78886,-0.800854,-0.800854,-2.11284,3.24542
74.07,3.75421,3.75421,-0.928908,-0.928908,-1.99779,3.31146
74.08,3.71144,3.71144,-1.05337,-1.05337,-1.87954,3.36923
74.09,3.6606,3.6606,-1.174,-1.174,-1.75829,3.41858
74.1,3.60172,3.60172,-1.29058,-1.29058,-1.63422,3.45938
74.11,3.53488,3.53488,-1.40289,-1.40289,-1.50754,3.49153
74.12,3.46016,3.46016,-1.51074,-1.51074,-1.37845,3.51496
74.13,3.37767,3.37767,-1.61394,-1.61394,-1.24715,3.5296
74.14,3.28754,3.28754,-1.7123,-1.7123,-1.11386,3.53542
74.15,3.18989,3.18989,-1.80568,-1.80568,-0.978783,3.53241
74.16,3.0849,3.0849,-1.89393,-1.89393,-0.842142,3.52056
74.17,2.97273,2.97273,-1.9769,-1.9769,-0.704155,3.49992
74.18,2.85357,2.85357,-2.05449,-2.05449,-0.56504,3.47052
74.19,2.72765,2.72765,-2.12658,-2.12658,-0.425022,3.43245
74.2,2.59517,2.59517,-2.19308,-2.19308,-0.284324,3.38581
74.21,2.4564,2.4564,-2.25392,-2.25392,-0.14317,3.3307
74.22,2.31157,2.31157,-2.30904,-2.30904,-0.00178815,3.26726
74.23,2.16096,2.16096,-2.35838,-2.35838,0.139597,3.19566
74.24,2.00487,2.00487,-2.40192,-2.40192,0.280759,3.11607
74.25,1.84359,1.84359,-2.43964,-2.43964,0.421471,3.02869
74.26,1.67743,1.67743,-2.47152,-2.47152,0.56151,2.93375
74.27,1.50672,1.50672,-2.49758,-2.49758,0.70065,2.83147
74.28,1.33179,1.33179,-2.51785,-2.51785,0.838669,2.72211
74.29,1.15301,1.15301,-2.53236,-2.53236,0.975346,2.60595
74.3,0.970723,0.970723,-2.54116,-2.54116,1.11046,2.48327
74.31,0.785304,0.785304,-2.54431,-2.54431,1.2438,2.35439
74.32,0.59713,0.59713,-2.54189,-2.54189,1.37515,2.21962
74.33,0.40659,0.40659,-2.534,-2.534,1.50431,2.07931
74.34,0.214076,0.214076,-2.52073,-2.52073,1.63105,1.9338
74.35,0.0199888,0.0199888,-2.50219,-2.50219,1.75518,1.78345
74.36,-0.175264,-0.175264,-2.47852,-2.47852,1.87651,1.62865
74.37,-0.371273,-0.371273,-2.44985,-2.44985,1.99484,1.46978
74.38,-0.567624,-0.567624,-2.41632,-2.41632,2.10997,1.30723
74.39,-0.763897,-0.763897,-2.3781,-2.3781,2.22173,1.14141
74.4,-0.959675,-0.959675,-2.33535,-2.33535,2.32993,0.972747
74.41,-1.15454,-1.15454,-2.28824,-2.28824,2.43441,0.801648
74.42,-1.34806,-1.34806,-2.23696,-2.23696,2.53499,0.628545
74.43,-1.53983,-1.53983,-2.1817,-2.1817,2.63152,0.453871
74.44,-1.72942,-1.72942,-2.12266,-2.12266,2.72383,0.278063
74.45,-1.91642,-1.91642,-2.06005,-2.06005,2.81179,0.10156
74.46,-2.10043,-2.10043,-1.99408,-1.99408,2.89525,-0.0751971
74.47,-2.28102,-2.28102,-1.92497,-1.92497,2.97408,-0.251766
74.48,-2.4578,-2.4578,-1.85294,-1.85294,3.04815,-0.427706
74.49,-2.63038,-2.63038,-1.77821,-1.77821,3.11735,-0.602577
74.5,-2.79837,-2.79837,-1.70103,-1.70103,3.18156,-0.775941
74.51,-2.96139,-2.96139,-1.62161,-1.62161,3.24067,-0.947367
74.52,-3.11907,-3.11907,-1.54021,-1.54021,3.29461,-1.11642
74.53,-3.27105,-3.27105,-1.45705,-1.45705,3.34327,-1.28269
74.54,-3.41698,-3.41698,-1.37238,-1.37238,3.38658,-1.44575
74.55,-3.55652,-3.55652,-1.28643,-1.28643,3.42448,-1.6052
74.56,-3.68935,-3.68935,-1.19944,-1.19944,3.4569,-1.76063
74.57,-3.81516,-3.81516,-1.11166,-1.11166,3.48379,-1.91167
74.58,-3.93365,-3.93365,-1.02331,-1.02331,3.5051,-2.05792
74.59,-4.04454,-4.04454,-0.934634,-0.934634,3.52081,-2.19904
74.6,-4.14756,-4.14756,-0.845862,-0.845862,3.53088,-2.33465
74.61,-4.24246,-4.24246,-0.757223,-0.757223,3.53531,-2.46443
74.62,-4.329,-4.329,-0.668941,-0.668941,3.53408,-2.58805
74.63,-4.40697,-4.40697,-0.581234,-0.581234,3.52719,-2.70521
74.64,-4.47617,-4.47617,-0.494319,-0.494319,3.51467,-2.8156
74.65,-4.53642,-4.53642,-0.408404,-0.408404,3.49652,-2.91895
74.66,-4.58755,-4.58755,-0.323693,-0.323693,3.47278,-3.01501
74.67,-4.62943,-4.62943,-0.240382,-0.240382,3.44348,-3.10353
74.68,-4.66193,-4.66193,-0.15866,-0.15866,3.40867,-3.18429
74.69,-4.68494,-4.68494,-0.078711,-0.078711,3.36841,-3.25709
74.7,-4.69838,-4.69838,-0.000707961,-0.000707961,3.32276,-3.32176
74.71,-4.7022,-4.7022,0.075183,0.075183,3.27179,-3.37812
74.72,-4.69634,-4.69634,0.148805,0.148805,3.2156,-3.42604
74.73,-4.68079,-4.68079,0.220009,0.220009,3.15425,-3.46539
74.74,-4.65555,-4.65555,0.288656,0.288656,3.08786,-3.49608
74.75,-4.62064,-4.62064,0.354618,0.354618,3.01653,-3.51804
74.76,-4.5761,-4.5761,0.417774,0.417774,2.94038,-3.5312
74.77,-4.52198,-4.52198,0.478015,0.478015,2.85952,-3.53553
74.78,-4.45839,-4.45839,0.535242,0.535242,2.77408,-3.53103
74.79,-4.38542,-4.38542,0.589367,0.589367,2.68421,-3.5177
74.8,-4.30319,-4.30319,0.640311,0.640311,2.59005,-3.49558
74.81,-4.21185,-4.21185,0.688006,0.688006,2.49174,-3.46473
74.82,-4.11158,-4.11158,0.732397,0.732397,2.38944,-3.42521
74.83,-4.00254,-4.00254,0.773438,0.773438,2.28332,-3.37713
74.84,-3.88496,-3.88496,0.811092,0.811092,2.17355,-3.32061
74.85,-3.75904,-3.75904,0.845336,0.845336,2.0603,-3.25579
74.86,-3.62505,-3.62505,0.876157,0.876157,1.94376,-3.18283
74.87,-3.48322,-3.48322,0.903551,0.903551,1.8241,-3.10192
74.88,-3.33386,-3.33386,0.927526,0.927526,1.70153,-3.01325
74.89,-3.17724,-3.17724,0.948101,0.948101,1.57624,-2.91706
74.9,-3.01368,-3.01368,0.965303,0.965303,1.44842,-2.81357
74.91,-2.84351,-2.84351,0.979171,0.979171,1.31829,-2.70305
74.92,-2.66708,-2.66708,0.989752,0.989752,1.18605,-2.58577
74.93,-2.48473,-2.48473,0.997105,0.997105,1.05191,-2.46203
74.94,-2.29684,-2.29684,1.0013,1.0013,0.916085,-2.33213
74.95,-2.10379,-2.10379,1.0024,1.0024,0.778797,-2.19641
74.96,-1.90598,-1.90598,1.00051,1.00051,0.640263,-2.0552
74.97,-1.70381,-1.70381,0.995706,0.995706,0.500705,-1.90885
74.98,-1.4977,-1.4977,0.988096,0.988096,0.360346,-1.75772
74.99,-1.28808,-1.28808,0.977787,0.977787,0.21941,-1.60221
75,-1.07538,-1.07538,0.964895,0.964895,0.0781233,-1.44269
75.01,-0.860038,-0.860038,0.949541,0.949541,-0.0632883,-1.27957
75.02,-0.642508,-0.642508,0.931854,0.931854,-0.204599,-1.11324
75.03,-0.423241,-0.423241,0.911968,0.911968,-0.345582,-0.944136
75.04,-0.202698,-0.202698,0.890022,0.890022,-0.486012,-0.77267
75.05,0.0186622,0.0186622,0.866161,0.866161,-0.625665,-0.599272
75.06,0.240373,0.240373,0.840533,0.840533,-0.764316,-0.424377
75.07,0.46197,0.46197,0.813291,0.813291,-0.901745,-0.248421
75.08,0.682985,0.682985,0.784589,0.784589,-1.03773,-0.0718445
75.09,0.902954,0.902954,0.754586,0.754586,-1.17206,0.104912
75.1,1.12141,1.12141,0.723443,0.723443,-1.30451,0.281406
75.11,1.3379,1.3379,0.691322,0.691322,-1.43487,0.457197
75.12,1.55195,1.55195,0.658385,0.658385,-1.56294,0.631845
75.13,1.76312,1.76312,0.624798,0.624798,-1.68851,0.804913
75.14,1.97095,1.97095,0.590722,0.590722,-1.81138,0.97597
75.15,2.17501,2.17501,0.556323,0.556323,-1.93135,1.14459
75.16,2.37487,2.37487,0.521762,0.521762,-2.04823,1.31034
75.17,2.57009,2.57009,0.487199,0.487199,-2.16183,1.47283
75.18,2.76026,2.76026,0.452795,0.452795,-2.27197,1.63163
75.19,2.94498,2.94498,0.418704,0.418704,-2.37848,1.78635
75.2,3.12385,3.12385,0.385079,0.385079,-2.48119,1.9366
75.21,3.29649,3.29649,0.35207,0.35207,-2.57992,2.08202
75.22,3.46254,3.46254,0.319823,0.319823,-2.67453,2.22223
75.23,3.62163,3.62163,0.288478,0.288478,-2.76486,2.35689
75.24,3.77342,3.77342,0.258171,0.258171,-2.85077,2.48566
75.25,3.9176,3.9176,0.229032,0.229032,-2.93211,2.60821
75.26,4.05385,4.05385,0.201186,0.201186,-3.00877,2.72425
75.27,4.18189,4.18189,0.174751,0.174751,-3.08061,2.83347
75.28,4.30143,4.30143,0.149839,0.149839,-3.14752,2.93562
75.29,4.41222,4.41222,0.126555,0.126555,-3.2094,3.03042
75.3,4.51403,4.51403,0.104997,0.104997,-3.26614,3.11765
75.31,4.60663,4.60663,0.0852537,0.0852537,-3.31766,3.19709
75.32,4.68982,4.68982,0.0674081,0.0674081,-3.36387,3.26854
75.33,4.76344,4.76344,0.0515341,0.0515341,-3.4047,3.33182
75.34,4.82731,4.82731,0.0376973,0.0376973,-3.44008,3.38677
75.35,4.88131,4.88131,0.0259548,0.0259548,-3.46996,3.43326
75.36,4.92532,4.92532,0.0163549,0.0163549,-3.49429,3.47116
75.37,4.95923,4.95923,0.00893712,0.00893712,-3.51303,3.50039
75.38,4.98299,4.98299,0.00373192,0.00373192,-3.52614,3.52087
75.39,4.99653,4.99653,0.000760651,0.000760651,-3.53362,3.53255
75.4,4.99984,4.99984,3.54966e-05,3.54966e-05,-3.53544,3.53539
75.41,4.99289,4.99289,0.00155943,0.00155943,-3.53161,3.52941
75.42,4.97572,4.97572,0.0053262,0.0053262,-3.52213,3.5146
75.43,4.94834,4.94834,0.0113204,0.0113204,-3.50701,3.491
75.44,4.91083,4.91083,0.0195173,0.0195173,-3.48629,3.45868
75.45,4.86327,4.86327,0.0298834,0.0298834,-3.45998,3.41772
75.46,4.80575,4.80575,0.0423759,0.0423759,-3.42814,3.36821
75.47,4.73839,4.73839,0.0569435,0.0569435,-3.39082,3.31029
75.48,4.66136,4.66136,0.0735258,0.0735258,-3.34807,3.24409
75.49,4.5748,4.5748,0.0920544,0.0920544,-3.29996,3.16978
75.5,4.4789,4.4789,0.112452,0.112452,-3.24658,3.08755
75.51,4.37388,4.37388,0.134634,0.134634,-3.188,2.9976
75.52,4.25995,4.25995,0.158508,0.158508,-3.12432,2.90016
75.53,4.13736,4.13736,0.183973,0.183973,-3.05564,2.79547
75.54,4.00637,4.00637,0.210923,0.210923,-2.98208,2.68379
75.55,3.86727,3.86727,0.239242,0.239242,-2.90374,2.5654
75.56,3.72035,3.72035,0.268811,0.268811,-2.82076,2.44061
75.57,3.56593,3.56593,0.299502,0.299502,-2.73327,2.30971
75.58,3.40433,3.40433,0.331183,0.331183,-2.6414,2.17304
75.59,3.2359,3.2359,0.363717,0.363717,-2.54531,2.03094
75.6,3.061,3.061,0.396962,0.396962,-2.44515,1.88376
75.61,2.88001,2.88001,0.430769,0.430769,-2.34107,1.73187
75.62,2.6933,2.6933,0.464989,0.464989,-2.23325,1.57566
75.63,2.50129,2.50129,0.499468,0.499468,-2.12186,1.4155
75.64,2.30438,2.30438,0.534048,0.534048,-2.00707,1.25181
75.65,2.10298,2.10298,0.568571,0.568571,-1.88907,1.08499
75.66,1.89753,1.89753,0.602874,0.602874,-1.76805,0.915458
75.67,1.68846,1.68846,0.636794,0.636794,-1.6442,0.743637
75.68,1.47621,1.47621,0.67017,0.67017,-1.51772,0.569957
75.69,1.26124,1.26124,0.702835,0.702835,-1.38881,0.394853
75.7,1.044,1.044,0.734628,0.734628,-1.25768,0.218762
75.71,0.824956,0.824956,0.765384,0.765384,-1.12454,0.042124
75.72,0.604563,0.604563,0.794943,0.794943,-0.9896,-0.134619
75.73,0.383287,0.383287,0.823144,0.823144,-0.853076,-0.311026
75.74,0.161597,0.161597,0.849831,0.849831,-0.715187,-0.486655
75.75,-0.060043,-0.060043,0.874848,0.874848,-0.576154,-0.661068
75.76,-0.281166,-0.281166,0.898046,0.898046,-0.4362,-0.833828
75.77,-0.501309,-0.501309,0.919276,0.919276,-0.295547,-1.0045
75.78,-0.72001,-0.72001,0.938396,0.938396,-0.154422,-1.17267
75.79,-0.936814,-0.936814,0.95527,0.95527,-0.0130499,-1.33791
75.8,-1.15127,-1.15127,0.969763,0.969763,0.128343,-1.4998
75.81,-1.36293,-1.36293,0.981752,0.981752,0.269531,-1.65794
75.82,-1.57135,-1.57135,0.991115,0.991115,0.410288,-1.81194
75.83,-1.77611,-1.77611,0.997739,0.997739,0.550388,-1.9614
75.84,-1.97677,-1.97677,1.00152,1.00152,0.689608,-2.10597
75.85,-2.17294,-2.17294,1.00236,1.00236,0.827724,-2.24527
75.86,-2.3642,-2.3642,1.00017,1.00017,0.964516,-2.37896
75.87,-2.55016,-2.55016,0.994859,0.994859,1.09977,-2.50671
75.88,-2.73045,-2.73045,0.986366,0.986366,1.23326,-2.62819
75.89,-2.9047,-2.9047,0.974623,0.974623,1.36477,-2.7431
75.9,-3.07256,-3.07256,0.959576,0.959576,1.49411,-2.85115
75.91,-3.23369,-3.23369,0.941179,0.941179,1.62105,-2.95208
75.92,-3.38777,-3.38777,0.919399,0.919399,1.7454,-3.04563
75.93,-3.53449,-3.53449,0.894211,0.894211,1.86696,-3.13156
75.94,-3.67356,-3.67356,0.8656,0.8656,1.98553,-3.20967
75.95,-3.80472,-3.80472,0.833562,0.833562,2.10092,-3.27976
75.96,-3.9277,-3.9277,0.798104,0.798104,2.21296,-3.34165
75.97,-4.04227,-4.04227,0.759244,0.759244,2.32145,-3.39518
75.98,-4.14822,-4.14822,0.717009,0.717009,2.42623,-3.44023
75.99,-4.24534,-4.24534,0.671438,0.671438,2.52713,-3.47668
76,-4.33345,-4.33345,0.622581,0.622581,2.62398,-3.50445
76.01,-4.41241,-4.41241,0.570499,0.570499,2.71664,-3.52345
76.02,-4.48206,-4.48206,0.515262,0.515262,2.80495,-3.53364
76.03,-4.5423,-4.5423,0.456954,0.456954,2.88878,-3.53501
76.04,-4.59302,-4.59302,0.395665,0.395665,2.96798,-3.52753
76.05,-4.63415,-4.63415,0.331499,0.331499,3.04243,-3.51124
76.06,-4.66563,-4.66563,0.264569,0.264569,3.11202,-3.48618
76.07,-4.68743,-4.68743,0.194998,0.194998,3.17663,-3.4524
76.08,-4.69953,-4.69953,0.122919,0.122919,3.23616,-3.40999
76.09,-4.70195,-4.70195,0.0484737,0.0484737,3.2905,-3.35906
76.1,-4.69471,-4.69471,-0.0281861,-0.0281861,3.33959,-3.29973
76.11,-4.67786,-4.67786,-0.1069,-0.1069,3.38333,-3.23215
76.12,-4.65146,-4.65146,-0.187499,-0.187499,3.42166,-3.1565
76.13,-4.61562,-4.61562,-0.269806,-0.269806,3.45452,-3.07296
76.14,-4.57044,-4.57044,-0.353637,-0.353637,3.48185,-2.98173
76.15,-4.51605,-4.51605,-0.438799,-0.438799,3.50361,-2.88305
76.16,-4.4526,-4.4526,-0.525093,-0.525093,3.51976,-2.77717
76.17,-4.38027,-4.38027,-0.612313,-0.612313,3.53029,-2.66435
76.18,-4.29923,-4.29923,-0.700249,-0.700249,3.53516,-2.54486
76.19,-4.20969,-4.20969,-0.788684,-0.788684,3.53438,-2.41902
76.2,-4.11188,-4.11188,-0.877396,-0.877396,3.52795,-2.28712
76.21,-4.00603,-4.00603,-0.96616,-0.96616,3.51587,-2.14952
76.22,-3.89241,-3.89241,-1.05474,-1.05474,3.49817,-2.00653
76.23,-3.77129,-3.77129,-1.14292,-1.14292,3.47487,-1.85854
76.24,-3.64295,-3.64295,-1.23045,-1.23045,3.44601,-1.7059
76.25,-3.5077,-3.5077,-1.31709,-1.31709,3.41164,-1.54899
76.26,-3.36585,-3.36585,-1.40262,-1.40262,3.37181,-1.38821
76.27,-3.21773,-3.21773,-1.48678,-1.48678,3.32659,-1.22397
76.28,-3.06369,-3.06369,-1.56934,-1.56934,3.27605,-1.05666
76.29,-2.90407,-2.90407,-1.65007,-1.65007,3.22026,-0.886715
76.3,-2.73924,-2.73924,-1.72871,-1.72871,3.15932,-0.714551
76.31,-2.56958,-2.56958,-1.80505,-1.80505,3.09333,-0.540602
76.32,-2.39546,-2.39546,-1.87885,-1.87885,3.02239,-0.365301
76.33,-2.21728,-2.21728,-1.94987,-1.94987,2.94662,-0.189087
76.34,-2.03543,-2.03543,-2.01789,-2.01789,2.86613,-0.0124006
76.35,-1.85031,-1.85031,-2.08269,-2.08269,2.78105,0.164317
76.36,-1.66234,-1.66234,-2.14406,-2.14406,2.69153,0.340624
76.37,-1.47193,-1.47193,-2.20177,-2.20177,2.5977,0.516079
76.38,-1.27949,-1.27949,-2.25564,-2.25564,2.49971,0.690244
76.39,-1.08544,-1.08544,-2.30546,-2.30546,2.39773,0.862685
76.4,-0.890206,-0.890206,-2.35104,-2.35104,2.29191,1.03297
76.41,-0.694204,-0.694204,-2.39221,-2.39221,2.18242,1.20067
76.42,-0.497855,-0.497855,-2.42878,-2.42878,2.06944,1.36537
76.43,-0.301578,-0.301578,-2.4606,-2.4606,1.95316,1.52666
76.44,-0.10579,-0.10579,-2.48751,-2.48751,1.83374,1.68413
76.45,0.0890953,0.0890953,-2.50937,-2.50937,1.7114,1.8374
76.46,0.28267,0.28267,-2.52605,-2.52605,1.58631,1.98607
76.47,0.474528,0.474528,-2.53742,-2.53742,1.45869,2.12977
76.48,0.664273,0.664273,-2.54338,-2.54338,1.32873,2.26816
76.49,0.851511,0.851511,-2.54383,-2.54383,1.19665,2.40087
76.5,1.03586,1.03586,-2.53868,-2.53868,1.06265,2.52758
76.51,1.21694,1.21694,-2.52786,-2.52786,0.926957,2.64798
76.52,1.3944,1.3944,-2.51131,-2.51131,0.789778,2.76175
76.53,1.56786,1.56786,-2.48899,-2.48899,0.651335,2.86863
76.54,1.73699,1.73699,-2.46086,-2.46086,0.51185,2.96833
76.55,1.90146,1.90146,-2.42691,-2.42691,0.371547,3.06062
76.56,2.06093,2.06093,-2.38712,-2.38712,0.230649,3.14525
76.57,2.21511,2.21511,-2.34152,-2.34152,0.0893819,3.22202
76.58,2.3637,2.3637,-2.29012,-2.29012,-0.052028,3.29074
76.59,2.5064,2.5064,-2.23296,-2.23296,-0.193355,3.35124
76.6,2.64297,2.64297,-2.1701,-2.1701,-0.334372,3.40335
76.61,2.77315,2.77315,-2.1016,-2.1016,-0.474855,3.44697
76.62,2.89669,2.89669,-2.02755,-2.02755,-0.614577,3.48196
76.63,3.01339,3.01339,-1.94804,-1.94804,-0.753317,3.50825
76.64,3.12303,3.12303,-1.86317,-1.86317,-0.890851,3.52578
76.65,3.22543,3.22543,-1.77309,-1.77309,-1.02696,3.53449
76.66,3.32043,3.32043,-1.67792,-1.67792,-1.16143,3.53437
76.67,3.40786,3.40786,-1.57782,-1.57782,-1.29404,3.52541
76.68,3.4876,3.4876,-1.47295,-1.47295,-1.42457,3.50764
76.69,3.55953,3.55953,-1.36349,-1.36349,-1.55283,3.4811
76.7,3.62355,3.62355,-1.24964,-1.24964,-1.67861,3.44587
76.71,3.67958,3.67958,-1.1316,-1.1316,-1.8017,3.40202
76.72,3.72756,3.72756,-1.00958,-1.00958,-1.9219,3.34966
76.73,3.76745,3.76745,-0.883814,-0.883814,-2.03904,3.28894
76.74,3.79921,3.79921,-0.754543,-0.754543,-2.15291,3.21999
76.75,3.82285,3.82285,-0.622016,-0.622016,-2.26333,3.143
76.76,3.83838,3.83838,-0.486495,-0.486495,-2.37014,3.05815
76.77,3.84582,3.84582,-0.34825,-0.34825,-2.47315,2.96565
76.78,3.84522,3.84522,-0.207561,-0.207561,-2.57221,2.86575
76.79,3.83664,3.83664,-0.0647174,-0.0647174,-2.66715,2.75868
76.8,3.82017,3.82017,0.0799851,0.0799851,-2.75783,2.64471
76.81,3.79591,3.79591,0.226242,0.226242,-2.84409,2.52414
76.82,3.76397,3.76397,0.373743,0.373743,-2.92581,2.39725
76.83,3.72448,3.72448,0.522171,0.522171,-3.00284,2.26438
76.84,3.6776,3.6776,0.671205,0.671205,-3.07507,2.12584
76.85,3.62347,3.62347,0.820517,0.820517,-3.14238,1.98199
76.86,3.5623,3.5623,0.969777,0.969777,-3.20466,1.83319
76.87,3.49425,3.49425,1.11865,1.11865,-3.26181,1.6798
76.88,3.41955,3.41955,1.26681,1.26681,-3.31375,1.52222
76.89,3.3384,3.3384,1.4139,1.4139,-3.36039,1.36083
76.9,3.25106,3.25106,1.5596,1.5596,-3.40165,1.19604
76.91,3.15774,3.15774,1.70357,1.70357,-3.43747,1.02826
76.92,3.05873,3.05873,1.84546,1.84546,-3.46779,0.857909
76.93,2.95427,2.95427,1.98495,1.98495,-3.49256,0.685415
76.94,2.84465,2.84465,2.1217,2.1217,-3.51174,0.511208
76.95,2.73016,2.73016,2.25538,2.25538,-3.52531,0.335723
76.96,2.61108,2.61108,2.38566,2.38566,-3.53323,0.159399
76.97,2.48773,2.48773,2.51223,2.51223,-3.53551,-0.0173238
76.98,2.36041,2.36041,2.63477,2.63477,-3.53212,-0.194003
76.99,2.22943,2.22943,2.75297,2.75297,-3.52309,-0.370197
77,2.09513,2.09513,2.86653,2.86653,-3.50842,-0.545467
77.01,1.95781,1.95781,2.97516,2.97516,-3.48814,-0.719372
77.02,1.81783,1.81783,3.07857,3.07857,-3.46228,-0.89148
77.03,1.6755,1.6755,3.17649,3.17649,-3.43088,-1.06136
77.04,1.53117,1.53117,3.26865,3.26865,-3.39399,-1.22859
77.05,1.38517,1.38517,3.3548,3.3548,-3.35167,-1.39274
77.06,1.23784,1.23784,3.4347,3.4347,-3.30399,-1.55342
77.07,1.08952,1.08952,3.50812,3.50812,-3.25102,-1.71021
77.08,0.940542,0.940542,3.57483,3.57483,-3.19285,-1.86273
77.09,0.791245,0.791245,3.63464,3.63464,-3.12958,-2.01059
77.1,0.641962,0.641962,3.68736,3.68736,-3.06129,-2.15342
77.11,0.493022,0.493022,3.73281,3.73281,-2.98811,-2.29088
77.12,0.34475,0.34475,3.77083,3.77083,-2.91015,-2.4226
77.13,0.197468,0.197468,3.80127,3.80127,-2.82754,-2.54828
77.14,0.0514917,0.0514917,3.82402,3.82402,-2.7404,-2.66758
77.15,-0.0928703,-0.0928703,3.83895,3.83895,-2.64888,-2.78021
77.16,-0.235315,-0.235315,3.84596,3.84596,-2.55311,-2.8859
77.17,-0.375547,-0.375547,3.84499,3.84499,-2.45327,-2.98437
77.18,-0.51328,-0.51328,3.83597,3.83597,-2.3495,-3.07539
77.19,-0.648236,-0.648236,3.81886,3.81886,-2.24197,-3.15871
77.2,-0.780144,-0.780144,3.79363,3.79363,-2.13085,-3.23415
77.21,-0.908748,-0.908748,3.76027,3.76027,-2.01633,-3.30149
77.22,-1.0338,-1.0338,3.71879,3.71879,-1.89858,-3.36059
77.23,-1.15505,-1.15505,3.66923,3.66923,-1.77779,-3.41129
77.24,-1.27229,-1.27229,3.61163,3.61163,-1.65416,-3.45346
77.25,-1.3853,-1.3853,3.54605,3.54605,-1.52788,-3.48699
77.26,-1.49387,-1.49387,3.47259,3.47259,-1.39916,-3.51182
77.27,-1.59782,-1.59782,3.39133,3.39133,-1.2682,-3.52786
77.28,-1.69697,-1.69697,3.3024,3.3024,-1.13521,-3.53509
77.29,-1.79115,-1.79115,3.20594,3.20594,-1.00041,-3.53348
77.3,-1.88022,-1.88022,3.1021,3.1021,-0.864,-3.52304
77.31,-1.96404,-1.96404,2.99106,2.99106,-0.726212,-3.50379
77.32,-2.04249,-2.04249,2.87301,2.87301,-0.587263,-3.47579
77.33,-2.11547,-2.11547,2.74815,2.74815,-0.447373,-3.43909
77.34,-2.18287,-2.18287,2.6167,2.6167,-0.306768,-3.39381
77.35,-2.24461,-2.24461,2.47891,2.47891,-0.165672,-3.34004
77.36,-2.30065,-2.30065,2.33503,2.33503,-0.0243115,-3.27792
77.37,-2.35091,-2.35091,2.18532,2.18532,0.117088,-3.2076
77.38,-2.39538,-2.39538,2.03009,2.03009,0.258301,-3.12927
77.39,-2.43402,-2.43402,1.86961,1.86961,0.3991,-3.04312
77.4,-2.46683,-2.46683,1.7042,1.7042,0.539261,-2.94937
77.41,-2.49382,-2.49382,1.53419,1.53419,0.678559,-2.84824
77.42,-2.51501,-2.51501,1.35992,1.35992,0.816771,-2.73999
77.43,-2.53043,-2.53043,1.18173,1.18173,0.953677,-2.62489
77.44,-2.54013,-2.54013,0.999974,0.999974,1.08906,-2.50323
77.45,-2.54418,-2.54418,0.815029,0.815029,1.2227,-2.37532
77.46,-2.54265,-2.54265,0.627268,0.627268,1.35438,-2.24147
77.47,-2.53562,-2.53562,0.437078,0.437078,1.48389,-2.10201
77.48,-2.5232,-2.5232,0.244852,0.244852,1.61103,-1.95731
77.49,-2.50549,-2.50549,0.0509888,0.0509888,1.7356,-1.80771
77.5,-2.48263,-2.48263,-0.144106,-0.144106,1.85738,-1.65359
77.51,-2.45475,-2.45475,-0.340022,-0.340022,1.9762,-1.49534
77.52,-2.42198,-2.42198,-0.536346,-0.536346,2.09185,-1.33335
77.53,-2.3845,-2.3845,-0.73266,-0.73266,2.20416,-1.16802
77.54,-2.34245,-2.34245,-0.928545,-0.928545,2.31294,-0.999784
77.55,-2.29602,-2.29602,-1.12358,-1.12358,2.41803,-0.829043
77.56,-2.2454,-2.2454,-1.31735,-1.31735,2.51924,-0.656231
77.57,-2.19076,-2.19076,-1.50942,-1.50942,2.61642,-0.481778
77.58,-2.13231,-2.13231,-1.69939,-1.69939,2.70942,-0.306121
77.59,-2.07025,-2.07025,-1.88683,-1.88683,2.79808,-0.129699
77.6,-2.0048,-2.0048,-2.07134,-2.07134,2.88227,0.0470469
77.61,-1.93618,-1.93618,-2.2525,-2.2525,2.96184,0.223676
77.62,-1.86459,-1.86459,-2.42992,-2.42992,3.03668,0.399745
77.63,-1.79028,-1.79028,-2.6032,-2.6032,3.10666,0.574815
77.64,-1.71347,-1.71347,-2.77194,-2.77194,3.17167,0.748449
77.65,-1.6344,-1.6344,-2.93578,-2.93578,3.2316,0.920212
77.66,-1.5533,-1.5533,-3.09433,-3.09433,3.28637,1.08967
77.67,-1.4704,-1.4704,-3.24724,-3.24724,3.33588,1.25641
77.68,-1.38595,-1.38595,-3.39415,-3.39415,3.38005,1.42001
77.69,-1.30019,-1.30019,-3.53474,-3.53474,3.41881,1.58006
77.7,-1.21335,-1.21335,-3.66866,-3.66866,3.4521,1.73616
77.71,-1.12568,-1.12568,-3.79561,-3.79561,3.47988,1.88792
77.72,-1.03741,-1.03741,-3.91528,-3.91528,3.50208,2.03497
77.73,-0.948769,-0.948769,-4.0274,-4.0274,3.51868,2.17692
77.74,-0.859998,-0.859998,-4.13169,-4.13169,3.52966,2.31344
77.75,-0.771322,-0.771322,-4.2279,-4.2279,3.53498,2.44417
77.76,-0.682968,-0.682968,-4.31579,-4.31579,3.53465,2.56879
77.77,-0.595155,-0.595155,-4.39514,-4.39514,3.52867,2.68699
77.78,-0.5081,-0.5081,-4.46575,-4.46575,3.51704,2.79848
77.79,-0.422012,-0.422012,-4.52743,-4.52743,3.49978,2.90297
77.8,-0.337095,-0.337095,-4.58003,-4.58003,3.47693,3.00021
77.81,-0.253548,-0.253548,-4.62339,-4.62339,3.44851,3.08994
77.82,-0.171562,-0.171562,-4.65738,-4.65738,3.41458,3.17196
77.83,-0.0913183,-0.0913183,-4.68191,-4.68191,3.37518,3.24604
77.84,-0.0129939,-0.0129939,-4.69689,-4.69689,3.33039,3.31201
77.85,0.0632442,0.0632442,-4.70224,-4.70224,3.28026,3.36971
77.86,0.137237,0.137237,-4.69792,-4.69792,3.22489,3.41898
77.87,0.208836,0.208836,-4.68392,-4.68392,3.16436,3.4597
77.88,0.277899,0.277899,-4.66022,-4.66022,3.09877,3.49178
77.89,0.344297,0.344297,-4.62685,-4.62685,3.02822,3.51513
77.9,0.407907,0.407907,-4.58383,-4.58383,2.95282,3.52969
77.91,0.46862,0.46862,-4.53124,-4.53124,2.87271,3.53543
77.92,0.526333,0.526333,-4.46915,-4.46915,2.78799,3.53234
77.93,0.580958,0.580958,-4.39766,-4.39766,2.69882,3.52042
77.94,0.632413,0.632413,-4.3169,-4.3169,2.60533,3.49969
77.95,0.68063,0.68063,-4.227,-4.227,2.50767,3.47022
77.96,0.725551,0.725551,-4.12814,-4.12814,2.40599,3.43208
77.97,0.767127,0.767127,-4.02049,-4.02049,2.30047,3.38535
77.98,0.805323,0.805323,-3.90425,-3.90425,2.19127,3.33017
77.99,0.840111,0.840111,-3.77965,-3.77965,2.07857,3.26666
78,0.871478,0.871478,-3.64692,-3.64692,1.96253,3.19499
78.01,0.899417,0.899417,-3.50632,-3.50632,1.84336,3.11533
78.02,0.923936,0.923936,-3.35814,-3.35814,1.72124,3.02788
78.03,0.945051,0.945051,-3.20265,-3.20265,1.59637,2.93287
78.04,0.962787,0.962787,-3.04018,-3.04018,1.46894,2.83053
78.05,0.977183,0.977183,-2.87104,-2.87104,1.33916,2.72111
78.06,0.988285,0.988285,-2.69558,-2.69558,1.20724,2.60489
78.07,0.996148,0.996148,-2.51415,-2.51415,1.07339,2.48215
78.08,1.00084,1.00084,-2.32712,-2.32712,0.93782,2.35322
78.09,1.00243,1.00243,-2.13486,-2.13486,0.800751,2.2184
78.1,1.00101,1.00101,-1.93778,-1.93778,0.662401,2.07804
78.11,0.996662,0.996662,-1.73628,-1.73628,0.522991,1.93248
78.12,0.989492,0.989492,-1.53077,-1.53077,0.382744,1.7821
78.13,0.979605,0.979605,-1.32168,-1.32168,0.241885,1.62726
78.14,0.967116,0.967116,-1.10944,-1.10944,0.10064,1.46835
78.15,0.952146,0.952146,-0.894492,-0.894492,-0.0407672,1.30577
78.16,0.934822,0.934822,-0.677281,-0.677281,-0.182109,1.13993
78.17,0.915277,0.915277,-0.45826,-0.45826,-0.323159,0.971237
78.18,0.893649,0.893649,-0.237889,-0.237889,-0.463692,0.800119
78.19,0.870084,0.870084,-0.0166283,-0.0166283,-0.603484,0.627
78.2,0.844727,0.844727,0.205058,0.205058,-0.74231,0.452314
78.21,0.817731,0.817731,0.426704,0.426704,-0.879949,0.276498
78.22,0.789251,0.789251,0.647843,0.647843,-1.01618,0.0999906
78.23,0.759445,0.759445,0.86801,0.86801,-1.15078,-0.0767668
78.24,0.728473,0.728473,1.08674,1.08674,-1.28355,-0.253332
78.25,0.696497,0.696497,1.30357,1.30357,-1.41426,-0.429264
78.26,0.663679,0.663679,1.51804,1.51804,-1.54271,-0.604124
78.27,0.630184,0.630184,1.7297,1.7297,-1.66869,-0.777473
78.28,0.596175,0.596175,1.93809,1.93809,-1.792,-0.948879
78.29,0.561817,0.561817,2.14279,2.14279,-1.91244,-1.11791
78.3,0.52727,0.52727,2.34334,2.34334,-2.02983,-1.28415
78.31,0.492698,0.492698,2.53932,2.53932,-2.14396,-1.44718
78.32,0.458257,0.458257,2.73033,2.73033,-2.25467,-1.6066
78.33,0.424106,0.424106,2.91594,2.91594,-2.36177,-1.76199
78.34,0.390397,0.390397,3.09577,3.09577,-2.46509,-1.91299
78.35,0.35728,0.35728,3.26943,3.26943,-2.56447,-2.0592
78.36,0.324902,0.324902,3.43655,3.43655,-2.65975,-2.20027
78.37,0.293404,0.293404,3.59677,3.59677,-2.75077,-2.33583
78.38,0.262923,0.262923,3.74975,3.74975,-2.83739,-2.46556
78.39,0.233589,0.233589,3.89516,3.89516,-2.91947,-2.58912
78.4,0.205529,0.205529,4.0327,4.0327,-2.99688,-2.70622
78.41,0.178862,0.178862,4.16206,4.16206,-3.06949,-2.81654
78.42,0.1537,0.1537,4.28297,4.28297,-3.1372,-2.91983
78.43,0.13015,0.13015,4.39517,4.39517,-3.19989,-3.01583
78.44,0.108311,0.108311,4.49842,4.49842,-3.25745,-3.10428
78.45,0.088273,0.088273,4.5925,4.5925,-3.30981,-3.18497
78.46,0.0701201,0.0701201,4.67721,4.67721,-3.35687,-3.25771
78.47,0.0539275,0.0539275,4.75236,4.75236,-3.39856,-3.3223
78.48,0.0397622,0.0397622,4.8178,4.8178,-3.43481,-3.37858
78.49,0.0276826,0.0276826,4.87338,4.87338,-3.46557,-3.42642
78.5,0.0177386,0.0177386,4.91898,4.91898,-3.49079,-3.4657
78.51,0.00997106,0.00997106,4.95451,4.95451,-3.51042,-3.49632
78.52,0.00441181,0.00441181,4.97989,4.97989,-3.52443,-3.51819
78.53,0.0010837,0.0010837,4.99506,4.99506,-3.53281,-3.53128
78.54,3.79487e-07,3.79487e-07,5,5,-3.53553,-3.53553
78.55,0.00116629,0.00116629,4.99469,4.99469,-3.5326,-3.53095
78.56,0.00457665,0.00457665,4.97914,4.97914,-3.52402,-3.51755
78.57,0.0102175,0.0102175,4.95338,4.95338,-3.5098,-3.49535
78.58,0.0180656,0.0180656,4.91748,4.91748,-3.48996,-3.46441
78.59,0.0280889,0.0280889,4.87151,4.87151,-3.46454,-3.42482
78.6,0.0402459,0.0402459,4.81557,4.81557,-3.43358,-3.37666
78.61,0.0544868,0.0544868,4.74977,4.74977,-3.39713,-3.32007
78.62,0.0707527,0.0707527,4.67427,4.67427,-3.35524,-3.25518
78.63,0.0889762,0.0889762,4.58921,4.58921,-3.30798,-3.18215
78.64,0.109082,0.109082,4.49479,4.49479,-3.25543,-3.10117
78.65,0.130986,0.130986,4.39121,4.39121,-3.19767,-3.01243
78.66,0.154597,0.154597,4.27868,4.27868,-3.1348,-2.91617
78.67,0.179815,0.179815,4.15745,4.15745,-3.06691,-2.81262
78.68,0.206536,0.206536,4.02779,4.02779,-2.99412,-2.70203
78.69,0.234645,0.234645,3.88996,3.88996,-2.91653,-2.5847
78.7,0.264023,0.264023,3.74426,3.74426,-2.83428,-2.4609
78.71,0.294544,0.294544,3.59101,3.59101,-2.7475,-2.33095
78.72,0.326077,0.326077,3.43053,3.43053,-2.65632,-2.19518
78.73,0.358485,0.358485,3.26316,3.26316,-2.56089,-2.05392
78.74,0.391625,0.391625,3.08927,3.08927,-2.46137,-1.90752
78.75,0.425353,0.425353,2.90922,2.90922,-2.3579,-1.75636
78.76,0.459518,0.459518,2.72341,2.72341,-2.25067,-1.60081
78.77,0.493966,0.493966,2.53221,2.53221,-2.13983,-1.44126
78.78,0.528541,0.528541,2.33605,2.33605,-2.02557,-1.2781
78.79,0.563083,0.563083,2.13534,2.13534,-1.90807,-1.11175
78.8,0.597432,0.597432,1.9305,1.9305,-1.78752,-0.942622
78.81,0.631424,0.631424,1.72198,1.72198,-1.66411,-0.771137
78.82,0.664897,0.664897,1.51021,1.51021,-1.53803,-0.597725
78.83,0.697687,0.697687,1.29564,1.29564,-1.4095,-0.422818
78.84,0.729629,0.729629,1.07874,1.07874,-1.27871,-0.246855
78.85,0.760562,0.760562,0.859945,0.859945,-1.14587,-0.0702748
78.86,0.790322,0.790322,0.639735,0.639735,-1.0112,0.106481
78.87,0.81875,0.81875,0.418569,0.418569,-0.874916,0.282971
78.88,0.845688,0.845688,0.196913,0.196913,-0.73723,0.458754
78.89,0.870982,0.870982,-0.0247661,-0.0247661,-0.598365,0.633389
78.9,0.894479,0.894479,-0.246002,-0.246002,-0.458542,0.806442
78.91,0.916032,0.916032,-0.466332,-0.466332,-0.317986,0.977479
78.92,0.935498,0.935498,-0.685294,-0.685294,-0.176921,1.14607
78.93,0.952738,0.952738,-0.902431,-0.902431,-0.0355728,1.3118
78.94,0.96762,0.96762,-1.11729,-1.11729,0.105832,1.47425
78.95,0.980015,0.980015,-1.32942,-1.32942,0.247068,1.63302
78.96,0.989804,0.989804,-1.53839,-1.53839,0.387908,1.7877
78.97,0.996872,0.996872,-1.74376,-1.74376,0.528128,1.93792
78.98,1.00111,1.00111,-1.9451,-1.9451,0.667503,2.08329
78.99,1.00243,1.00243,-2.14201,-2.14201,0.80581,2.22345
79,1.00072,1.00072,-2.33408,-2.33408,0.942828,2.35806
79.01,0.995916,0.995916,-2.52092,-2.52092,1.07834,2.48677
79.02,0.987935,0.987935,-2.70213,-2.70213,1.21212,2.60927
79.03,0.976713,0.976713,-2.87737,-2.87737,1.34397,2.72525
79.04,0.962195,0.962195,-3.04627,-3.04627,1.47366,2.83441
79.05,0.944335,0.944335,-3.20849,-3.20849,1.601,2.93649
79.06,0.923096,0.923096,-3.36371,-3.36371,1.72578,3.03123
79.07,0.898452,0.898452,-3.51162,-3.51162,1.84779,3.11839
79.08,0.870386,0.870386,-3.65193,-3.65193,1.96685,3.19776
79.09,0.838894,0.838894,-3.78437,-3.78437,2.08277,3.26914
79.1,0.80398,0.80398,-3.90867,-3.90867,2.19535,3.33235
79.11,0.76566,0.76566,-4.02459,-4.02459,2.30441,3.38722
79.12,0.72396,0.72396,-4.13193,-4.13193,2.4098,3.43363
79.13,0.678917,0.678917,-4.23047,-4.23047,2.51132,3.47146
79.14,0.63058,0.63058,-4.32003,-4.32003,2.60883,3.50061
79.15,0.579007,0.579007,-4.40045,-4.40045,2.70217,3.52101
79.16,0.524268,0.524268,-4.4716,-4.4716,2.79118,3.53261
79.17,0.466442,0.466442,-4.53334,-4.53334,2.87573,3.53538
79.18,0.405622,0.405622,-4.58558,-4.58558,2.95568,3.52931
79.19,0.341907,0.341907,-4.62824,-4.62824,3.0309,3.51443
79.2,0.275409,0.275409,-4.66126,-4.66126,3.10127,3.49075
79.21,0.20625,0.20625,-4.68461,-4.68461,3.16668,3.45836
79.22,0.134561,0.134561,-4.69825,-4.69825,3.22702,3.41732
79.23,0.0604826,0.0604826,-4.70221,-4.70221,3.2822,3.36773
79.24,-0.015835,-0.015835,-4.69651,-4.69651,3.33213,3.30973
79.25,-0.0942329,-0.0942329,-4.68118,-4.68118,3.37673,3.24346
79.26,-0.174543,-0.174543,-4.6563,-4.6563,3.41592,3.16908
79.27,-0.256591,-0.256591,-4.62196,-4.62196,3.44966,3.08678
79.28,-0.340191,-0.340191,-4.57826,-4.57826,3.47787,2.99676
79.29,-0.425154,-0.425154,-4.52533,-4.52533,3.50052,2.89926
79.3,-0.511282,-0.511282,-4.46331,-4.46331,3.51757,2.79451
79.31,-0.598369,-0.598369,-4.39237,-4.39237,3.52899,2.68277
79.32,-0.686205,-0.686205,-4.31271,-4.31271,3.53476,2.56432
79.33,-0.774575,-0.774575,-4.22451,-4.22451,3.53489,2.43947
79.34,-0.863258,-0.863258,-4.128,-4.128,3.52935,2.30852
79.35,-0.952029,-0.952029,-4.02342,-4.02342,3.51817,2.1718
79.36,-1.04066,-1.04066,-3.91102,-3.91102,3.50136,2.02965
79.37,-1.12891,-1.12891,-3.79107,-3.79107,3.47895,1.88243
79.38,-1.21656,-1.21656,-3.66386,-3.66386,3.45098,1.7305
79.39,-1.30336,-1.30336,-3.52969,-3.52969,3.41748,1.57425
79.4,-1.38908,-1.38908,-3.38887,-3.38887,3.37852,1.41406
79.41,-1.47348,-1.47348,-3.24173,-3.24173,3.33415,1.25034
79.42,-1.55631,-1.55631,-3.0886,-3.0886,3.28445,1.0835
79.43,-1.63734,-1.63734,-2.92985,-2.92985,3.22949,0.913941
79.44,-1.71634,-1.71634,-2.76583,-2.76583,3.16937,0.742102
79.45,-1.79306,-1.79306,-2.59691,-2.59691,3.10418,0.568408
79.46,-1.86727,-1.86727,-2.42347,-2.42347,3.03402,0.393293
79.47,-1.93875,-1.93875,-2.24591,-2.24591,2.959,0.217195
79.48,-2.00727,-2.00727,-2.06462,-2.06462,2.87926,0.0405541
79.49,-2.07259,-2.07259,-1.88,-1.88,2.7949,-0.136188
79.5,-2.13452,-2.13452,-1.69245,-1.69245,2.70608,-0.31259
79.51,-2.19283,-2.19283,-1.5024,-1.5024,2.61293,-0.48821
79.52,-2.24733,-2.24733,-1.31026,-1.31026,2.51559,-0.66261
79.53,-2.29781,-2.29781,-1.11644,-1.11644,2.41423,-0.835354
79.54,-2.34408,-2.34408,-0.921362,-0.921362,2.30901,-1.00601
79.55,-2.38596,-2.38596,-0.725454,-0.725454,2.2001,-1.17415
79.56,-2.42327,-2.42327,-0.529132,-0.529132,2.08766,-1.33936
79.57,-2.45586,-2.45586,-0.332816,-0.332816,1.97189,-1.50122
79.58,-2.48356,-2.48356,-0.136923,-0.136923,1.85296,-1.65932
79.59,-2.50624,-2.50624,0.0581341,0.0581341,1.73107,-1.81328
79.6,-2.52375,-2.52375,0.251944,0.251944,1.60641,-1.96271
79.61,-2.53597,-2.53597,0.444103,0.444103,1.47918,-2.10723
79.62,-2.5428,-2.5428,0.634211,0.634211,1.34958,-2.24649
79.63,-2.54413,-2.54413,0.821874,0.821874,1.21782,-2.38013
79.64,-2.53988,-2.53988,1.00671,1.00671,1.08411,-2.50782
79.65,-2.52997,-2.52997,1.18834,1.18834,0.948674,-2.62924
79.66,-2.51433,-2.51433,1.36639,1.36639,0.811716,-2.74409
79.67,-2.49293,-2.49293,1.54052,1.54052,0.67346,-2.85208
79.68,-2.46573,-2.46573,1.71036,1.71036,0.534126,-2.95294
79.69,-2.4327,-2.4327,1.87559,1.87559,0.393938,-3.04642
79.7,-2.39385,-2.39385,2.03588,2.03588,0.25312,-3.13229
79.71,-2.34917,-2.34917,2.19092,2.19092,0.111896,-3.21033
79.72,-2.29869,-2.29869,2.34042,2.34042,-0.029506,-3.28034
79.73,-2.24245,-2.24245,2.48408,2.48408,-0.170861,-3.34216
79.74,-2.18049,-2.18049,2.62164,2.62164,-0.311943,-3.39562
79.75,-2.11288,-2.11288,2.75285,2.75285,-0.452526,-3.44059
79.76,-2.03971,-2.03971,2.87747,2.87747,-0.592384,-3.47697
79.77,-1.96106,-1.96106,2.99527,2.99527,-0.731296,-3.50465
79.78,-1.87704,-1.87704,3.10605,3.10605,-0.869037,-3.52358
79.79,-1.78778,-1.78778,3.20962,3.20962,-1.00539,-3.53369
79.8,-1.69341,-1.69341,3.3058,3.3058,-1.14013,-3.53498
79.81,-1.59409,-1.59409,3.39445,3.39445,-1.27305,-3.52743
79.82,-1.48996,-1.48996,3.47542,3.47542,-1.40393,-3.51106
79.83,-1.38123,-1.38123,3.5486,3.5486,-1.53257,-3.48592
79.84,-1.26806,-1.26806,3.61389,3.61389,-1.65875,-3.45206
79.85,-1.15067,-1.15067,3.6712,3.6712,-1.78228,-3.40957
79.86,-1.02927,-1.02927,3.72046,3.72046,-1.90296,-3.35857
79.87,-0.904085,-0.904085,3.76164,3.76164,-2.0206,-3.29916
79.88,-0.775356,-0.775356,3.7947,3.7947,-2.135,-3.23152
79.89,-0.643331,-0.643331,3.81963,3.81963,-2.24598,-3.15579
79.9,-0.508269,-0.508269,3.83645,3.83645,-2.35338,-3.07218
79.91,-0.370439,-0.370439,3.84517,3.84517,-2.45701,-2.98089
79.92,-0.23012,-0.23012,3.84585,3.84585,-2.55671,-2.88214
79.93,-0.0875997,-0.0875997,3.83854,3.83854,-2.65231,-2.7762
79.94,0.056827,0.056827,3.82332,3.82332,-2.74368,-2.66331
79.95,0.202857,0.202857,3.80029,3.80029,-2.83065,-2.54377
79.96,0.350181,0.350181,3.76957,3.76957,-2.9131,-2.41787
79.97,0.498483,0.498483,3.73127,3.73127,-2.99089,-2.28593
79.98,0.647442,0.647442,3.68555,3.68555,-3.06389,-2.14827
79.99,0.796731,0.796731,3.63257,3.63257,-3.13199,-2.00524
80,0.946022,0.946022,3.5725,3.5725,-3.19508,-1.8572
80.01,1.09498,1.09498,3.50554,3.50554,-3.25306,-1.70452
80.02,1.24327,1.24327,3.43188,3.43188,-3.30583,-1.54758
80.03,1.39056,1.39056,3.35175,3.35175,-3.35332,-1.38677
80.04,1.5365,1.5365,3.26537,3.26537,-3.39544,-1.2225
80.05,1.68077,1.68077,3.17299,3.17299,-3.43213,-1.05516
80.06,1.82301,1.82301,3.07487,3.07487,-3.46333,-0.885195
80.07,1.96291,1.96291,2.97126,2.97126,-3.48898,-0.713013
80.08,2.10011,2.10011,2.86245,2.86245,-3.50906,-0.53905
80.09,2.2343,2.2343,2.74871,2.74871,-3.52352,-0.363739
80.1,2.36515,2.36515,2.63034,2.63034,-3.53235,-0.187519
80.11,2.49233,2.49233,2.50765,2.50765,-3.53552,-0.0108305
80.12,2.61554,2.61554,2.38094,2.38094,-3.53304,0.165885
80.13,2.73445,2.73445,2.25052,2.25052,-3.52491,0.342186
80.14,2.84877,2.84877,2.11673,2.11673,-3.51114,0.517632
80.15,2.9582,2.9582,1.97987,1.97987,-3.49175,0.691784
80.16,3.06246,3.06246,1.84029,1.84029,-3.46677,0.864207
80.17,3.16127,3.16127,1.69831,1.69831,-3.43625,1.03447
80.18,3.25437,3.25437,1.55428,1.55428,-3.40023,1.20215
80.19,3.3415,3.3415,1.40852,1.40852,-3.35877,1.36682
80.2,3.42241,3.42241,1.26138,1.26138,-3.31194,1.52808
80.21,3.49687,3.49687,1.11319,1.11319,-3.25981,1.68551
80.22,3.56466,3.56466,0.964299,0.964299,-3.20246,1.83874
80.23,3.62559,3.62559,0.815031,0.815031,-3.13999,1.98736
80.24,3.67945,3.67945,0.665723,0.665723,-3.0725,2.13103
80.25,3.72607,3.72607,0.516707,0.516707,-3.00009,2.26936
80.26,3.76528,3.76528,0.368307,0.368307,-2.92289,2.40202
80.27,3.79694,3.79694,0.220846,0.220846,-2.841,2.52868
80.28,3.82092,3.82092,0.0746405,0.0746405,-2.75457,2.64902
80.29,3.8371,3.8371,-0.0699991,-0.0699991,-2.66374,2.76273
80.3,3.84538,3.84538,-0.212769,-0.212769,-2.56864,2.86954
80.31,3.84569,3.84569,-0.353373,-0.353373,-2.46944,2.96918
80.32,3.83795,3.83795,-0.491523,-0.491523,-2.36628,3.0614
80.33,3.82213,3.82213,-0.626939,-0.626939,-2.25934,3.14597
80.34,3.79819,3.79819,-0.759351,-0.759351,-2.14878,3.22267
80.35,3.76613,3.76613,-0.888497,-0.888497,-2.03479,3.29132
80.36,3.72594,3.72594,-1.01413,-1.01413,-1.91754,3.35174
80.37,3.67767,3.67767,-1.13601,-1.13601,-1.79723,3.40378
80.38,3.62134,3.62134,-1.2539,-1.2539,-1.67403,3.44731
80.39,3.55703,3.55703,-1.36759,-1.36759,-1.54816,3.48223
80.4,3.48481,3.48481,-1.47689,-1.47689,-1.41982,3.50845
80.41,3.40479,3.40479,-1.58158,-1.58158,-1.2892,3.52589
80.42,3.31707,3.31707,-1.68151,-1.68151,-1.15652,3.53453
80.43,3.2218,3.2218,-1.77649,-1.77649,-1.02199,3.53433
80.44,3.11913,3.11913,-1.86639,-1.86639,-0.885823,3.52529
80.45,3.00922,3.00922,-1.95105,-1.95105,-0.748241,3.50744
80.46,2.89227,2.89227,-2.03036,-2.03036,-0.609461,3.48083
80.47,2.76848,2.76848,-2.10422,-2.10422,-0.469706,3.44552
80.48,2.63807,2.63807,-2.17251,-2.17251,-0.3292,3.40159
80.49,2.50127,2.50127,-2.23516,-2.23516,-0.188168,3.34916
80.5,2.35834,2.35834,-2.29211,-2.29211,-0.0468338,3.28836
80.51,2.20955,2.20955,-2.34329,-2.34329,0.0945749,3.21934
80.52,2.05517,2.05517,-2.38869,-2.38869,0.235832,3.14228
80.53,1.8955,1.8955,-2.42826,-2.42826,0.376712,3.05736
80.54,1.73086,1.73086,-2.462,-2.462,0.51699,2.9648
80.55,1.56157,1.56157,-2.48991,-2.48991,0.65644,2.86483
80.56,1.38795,1.38795,-2.51202,-2.51202,0.79484,2.75769
80.57,1.21036,1.21036,-2.52836,-2.52836,0.931969,2.64367
80.58,1.02914,1.02914,-2.53897,-2.53897,1.06761,2.52304
80.59,0.844683,0.844683,-2.54391,-2.54391,1.20154,2.3961
80.6,0.657345,0.657345,-2.54326,-2.54326,1.33354,2.26317
80.61,0.467516,0.467516,-2.5371,-2.5371,1.46342,2.12459
80.62,0.275587,0.275587,-2.52553,-2.52553,1.59095,1.98069
80.63,0.0819575,0.0819575,-2.50866,-2.50866,1.71594,1.83184
80.64,-0.112969,-0.112969,-2.48661,-2.48661,1.83818,1.67842
80.65,-0.308782,-0.308782,-2.45952,-2.45952,1.95748,1.5208
80.66,-0.505068,-0.505068,-2.42752,-2.42752,2.07365,1.35938
80.67,-0.701412,-0.701412,-2.39078,-2.39078,2.18651,1.19456
80.68,-0.897393,-0.897393,-2.34945,-2.34945,2.29586,1.02676
80.69,-1.09259,-1.09259,-2.3037,-2.3037,2.40154,0.856386
80.7,-1.28659,-1.28659,-2.25373,-2.25373,2.50338,0.683875
80.71,-1.47896,-1.47896,-2.19972,-2.19972,2.60122,0.509654
80.72,-1.66929,-1.66929,-2.14186,-2.14186,2.69489,0.33416
80.73,-1.85716,-1.85716,-2.08037,-2.08037,2.78426,0.15783
80.74,-2.04217,-2.04217,-2.01545,-2.01545,2.86917,-0.0188938
80.75,-2.22389,-2.22389,-1.94731,-1.94731,2.94948,-0.195571
80.76,-2.40193,-2.40193,-1.87618,-1.87618,3.02508,-0.371759
80.77,-2.57589,-2.57589,-1.80229,-1.80229,3.09584,-0.547018
80.78,-2.74539,-2.74539,-1.72587,-1.72587,3.16165,-0.720909
80.79,-2.91003,-2.91003,-1.64714,-1.64714,3.2224,-0.892999
80.8,-3.06945,-3.06945,-1.56634,-1.56634,3.278,-1.06286
80.81,-3.22328,-3.22328,-1.48371,-1.48371,3.32835,-1.23006
80.82,-3.37117,-3.37117,-1.3995,-1.3995,3.37337,-1.39418
80.83,-3.51278,-3.51278,-1.31393,-1.31393,3.413,-1.55483
80.84,-3.64779,-3.64779,-1.22725,-1.22725,3.44717,-1.71158
80.85,-3.77587,-3.77587,-1.13969,-1.13969,3.47583,-1.86406
80.86,-3.89672,-3.89672,-1.0515,-1.0515,3.49892,-2.01188
80.87,-4.01006,-4.01006,-0.962901,-0.962901,3.51642,-2.15467
80.88,-4.11561,-4.11561,-0.874135,-0.874135,3.52829,-2.29207
80.89,-4.21313,-4.21313,-0.78543,-0.78543,3.53451,-2.42375
80.9,-4.30235,-4.30235,-0.697009,-0.697009,3.53508,-2.54936
80.91,-4.38308,-4.38308,-0.609096,-0.609096,3.53,-2.66861
80.92,-4.45509,-4.45509,-0.521905,-0.521905,3.51927,-2.78118
80.93,-4.51821,-4.51821,-0.435649,-0.435649,3.50291,-2.88681
80.94,-4.57226,-4.57226,-0.350533,-0.350533,3.48094,-2.98522
80.95,-4.6171,-4.6171,-0.266755,-0.266755,3.45341,-3.07616
80.96,-4.6526,-4.6526,-0.184507,-0.184507,3.42035,-3.15942
80.97,-4.67864,-4.67864,-0.103974,-0.103974,3.38182,-3.23478
80.98,-4.69514,-4.69514,-0.0253328,-0.0253328,3.33788,-3.30206
80.99,-4.70203,-4.70203,0.0512484,0.0512484,3.2886,-3.36108
81,-4.69926,-4.69926,0.125609,0.125609,3.23406,-3.4117
81.01,-4.6868,-4.6868,0.197599,0.197599,3.17434,-3.45379
81.02,-4.66464,-4.66464,0.267075,0.267075,3.10955,-3.48725
81.03,-4.63281,-4.63281,0.333906,0.333906,3.03978,-3.512
81.04,-4.59133,-4.59133,0.397968,0.397968,2.96515,-3.52796
81.05,-4.54025,-4.54025,0.459149,0.459149,2.88578,-3.53511
81.06,-4.47967,-4.47967,0.517346,0.517346,2.80179,-3.53342
81.07,-4.40967,-4.40967,0.572468,0.572468,2.71331,-3.5229
81.08,-4.33038,-4.33038,0.624433,0.624433,2.6205,-3.50358
81.09,-4.24193,-4.24193,0.67317,0.67317,2.52349,-3.4755
81.1,-4.14448,-4.14448,0.718619,0.718619,2.42245,-3.43873
81.11,-4.03821,-4.03821,0.760731,0.760731,2.31753,-3.39337
81.12,-3.92333,-3.92333,0.799467,0.799467,2.2089,-3.33952
81.13,-3.80004,-3.80004,0.834799,0.834799,2.09674,-3.27733
81.14,-3.66859,-3.66859,0.866712,0.866712,1.98123,-3.20694
81.15,-3.52923,-3.52923,0.895197,0.895197,1.86254,-3.12854
81.16,-3.38224,-3.38224,0.92026,0.92026,1.74088,-3.04232
81.17,-3.22789,-3.22789,0.941915,0.941915,1.61643,-2.9485
81.18,-3.06651,-3.06651,0.960187,0.960187,1.4894,-2.84731
81.19,-2.89841,-2.89841,0.975112,0.975112,1.35998,-2.739
81.2,-2.72394,-2.72394,0.986735,0.986735,1.22839,-2.62384
81.21,-2.54343,-2.54343,0.99511,0.99511,1.09483,-2.50213
81.22,-2.35726,-2.35726,1.0003,1.0003,0.959518,-2.37416
81.23,-2.16582,-2.16582,1.00238,1.00238,0.822673,-2.24025
81.24,-1.96948,-1.96948,1.00143,1.00143,0.684512,-2.10075
81.25,-1.76865,-1.76865,0.997546,0.997546,0.545256,-1.956
81.26,-1.56376,-1.56376,0.990819,0.990819,0.405128,-1.80636
81.27,-1.35521,-1.35521,0.981357,0.981357,0.264351,-1.6522
81.28,-1.14344,-1.14344,0.969275,0.969275,0.123152,-1.49391
81.29,-0.928889,-0.928889,0.954691,0.954691,-0.0182445,-1.33189
81.3,-0.712008,-0.712008,0.937733,0.937733,-0.159612,-1.16654
81.31,-0.493245,-0.493245,0.918532,0.918532,-0.300724,-0.998277
81.32,-0.273058,-0.273058,0.897227,0.897227,-0.441354,-0.827517
81.33,-0.0519081,-0.0519081,0.873961,0.873961,-0.581279,-0.654688
81.34,0.169742,0.169742,0.848879,0.848879,-0.720274,-0.480223
81.35,0.391425,0.391425,0.822134,0.822134,-0.858116,-0.304557
81.36,0.612677,0.612677,0.79388,0.79388,-0.994586,-0.12813
81.37,0.833029,0.833029,0.764275,0.764275,-1.12946,0.0486169
81.38,1.05202,1.05202,0.733477,0.733477,-1.26254,0.225242
81.39,1.26918,1.26918,0.70165,0.70165,-1.39359,0.401305
81.4,1.48406,1.48406,0.668955,0.668955,-1.52241,0.576365
81.41,1.69619,1.69619,0.635557,0.635557,-1.6488,0.749984
81.42,1.90514,1.90514,0.601619,0.601619,-1.77255,0.921728
81.43,2.11045,2.11045,0.567306,0.567306,-1.89346,1.09117
81.44,2.31169,2.31169,0.532778,0.532778,-2.01134,1.25788
81.45,2.50843,2.50843,0.498199,0.498199,-2.12601,1.42145
81.46,2.70026,2.70026,0.463727,0.463727,-2.23728,1.58147
81.47,2.88676,2.88676,0.429519,0.429519,-2.34496,1.73753
81.48,3.06753,3.06753,0.39573,0.39573,-2.4489,1.88925
81.49,3.2422,3.2422,0.362509,0.362509,-2.54891,2.03625
81.5,3.41038,3.41038,0.330004,0.330004,-2.64485,2.17816
81.51,3.57173,3.57173,0.298356,0.298356,-2.73656,2.31462
81.52,3.72588,3.72588,0.267704,0.267704,-2.82389,2.4453
81.53,3.87252,3.87252,0.238179,0.238179,-2.9067,2.56987
81.54,4.01133,4.01133,0.209908,0.209908,-2.98487,2.68801
81.55,4.14201,4.14201,0.183011,0.183011,-3.05825,2.79944
81.56,4.26429,4.26429,0.157602,0.157602,-3.12675,2.90387
81.57,4.37789,4.37789,0.133789,0.133789,-3.19024,3.00104
81.58,4.48259,4.48259,0.111671,0.111671,-3.24863,3.0907
81.59,4.57814,4.57814,0.0913402,0.0913402,-3.30182,3.17265
81.6,4.66436,4.66436,0.0728819,0.0728819,-3.34973,3.24666
81.61,4.74104,4.74104,0.0563723,0.0563723,-3.39228,3.31256
81.62,4.80803,4.80803,0.04188,0.04188,-3.42941,3.37018
81.63,4.86519,4.86519,0.0294647,0.0294647,-3.46104,3.41938
81.64,4.91239,4.91239,0.0191776,0.0191776,-3.48715,3.46002
81.65,4.94953,4.94953,0.011061,0.011061,-3.50767,3.49202
81.66,4.97653,4.97653,0.00514831,0.00514831,-3.52258,3.5153
81.67,4.99333,4.99333,0.00146371,0.00146371,-3.53185,3.52978
81.68,4.9999,4.9999,2.23341e-05,2.23341e-05,-3.53548,3.53545
81.69,4.99622,4.99622,0.000830101,0.000830101,-3.53345,3.53227
81.7,4.9823,4.9823,0.0038837,0.0038837,-3.52576,3.52027
81.71,4.95817,4.95817,0.0091706,0.0091706,-3.51244,3.49947
81.72,4.92388,4.92388,0.0166691,0.0166691,-3.49349,3.46992
81.73,4.87951,4.87951,0.0263485,0.0263485,-3.46896,3.4317
81.74,4.82514,4.82514,0.0381688,0.0381688,-3.43888,3.3849
81.75,4.76091,4.76091,0.0520815,0.0520815,-3.4033,3.32964
81.76,4.68694,4.68694,0.0680292,0.0680292,-3.36227,3.26606
81.77,4.60339,4.60339,0.0859458,0.0859458,-3.31586,3.19432
81.78,4.51045,4.51045,0.105757,0.105757,-3.26415,3.11459
81.79,4.40831,4.40831,0.127381,0.127381,-3.20722,3.02707
81.8,4.29719,4.29719,0.150726,0.150726,-3.14515,2.93199
81.81,4.17733,4.17733,0.175696,0.175696,-3.07806,2.82959
81.82,4.04899,4.04899,0.202184,0.202184,-3.00604,2.7201
81.83,3.91244,3.91244,0.23008,0.23008,-2.92921,2.60382
81.84,3.76798,3.76798,0.259264,0.259264,-2.84769,2.48104
81.85,3.61591,3.61591,0.289612,0.289612,-2.76162,2.35205
81.86,3.45656,3.45656,0.320993,0.320993,-2.67113,2.21718
81.87,3.29027,3.29027,0.35327,0.35327,-2.57637,2.07677
81.88,3.11739,3.11739,0.386304,0.386304,-2.47749,1.93117
81.89,2.9383,2.9383,0.419948,0.419948,-2.37464,1.78074
81.9,2.75337,2.75337,0.454054,0.454054,-2.26799,1.62586
81.91,2.56301,2.56301,0.488467,0.488467,-2.15772,1.46692
81.92,2.36761,2.36761,0.523032,0.523032,-2.04399,1.30431
81.93,2.16759,2.16759,0.55759,0.55759,-1.92699,1.13844
81.94,1.96338,1.96338,0.591981,0.591981,-1.80691,0.969728
81.95,1.75542,1.75542,0.626041,0.626041,-1.68394,0.798589
81.96,1.54413,1.54413,0.659608,0.659608,-1.55828,0.625455
81.97,1.32998,1.32998,0.692517,0.692517,-1.43012,0.450757
81.98,1.11342,1.11342,0.724606,0.724606,-1.29968,0.274933
81.99,0.894898,0.894898,0.75571,0.75571,-1.16716,0.0984211
82,0.674883,0.674883,0.785667,0.785667,-1.03276,-0.0783364
82.01,0.453838,0.453838,0.814318,0.814318,-0.896721,-0.254898
82.02,0.232229,0.232229,0.841504,0.841504,-0.759244,-0.430823
82.03,0.0105221,0.0105221,0.86707,0.86707,-0.620551,-0.605671
82.04,-0.210816,-0.210816,0.890863,0.890863,-0.480866,-0.779005
82.05,-0.431321,-0.431321,0.912736,0.912736,-0.340412,-0.950392
82.06,-0.650531,-0.650531,0.932543,0.932543,-0.199412,-1.1194
82.07,-0.867989,-0.867989,0.950147,0.950147,-0.0580943,-1.28562
82.08,-1.08324,-1.08324,0.965413,0.965413,0.0833167,-1.44862
82.09,-1.29584,-1.29584,0.978212,0.978212,0.224594,-1.608
82.1,-1.50534,-1.50534,0.988424,0.988424,0.365513,-1.76336
82.11,-1.71131,-1.71131,0.995933,0.995933,0.505847,-1.91431
82.12,-1.91332,-1.91332,1.00063,1.00063,0.645371,-2.06048
82.13,-2.11097,-2.11097,1.00242,1.00242,0.783863,-2.20149
82.14,-2.30383,-2.30383,1.0012,1.0012,0.921101,-2.33701
82.15,-2.49153,-2.49153,0.996892,0.996892,1.05687,-2.46668
82.16,-2.67366,-2.67366,0.989421,0.989421,1.19094,-2.59019
82.17,-2.84988,-2.84988,0.97872,0.97872,1.32311,-2.70723
82.18,-3.01981,-3.01981,0.96473,0.96473,1.45316,-2.81749
82.19,-3.18312,-3.18312,0.947405,0.947405,1.58089,-2.92072
82.2,-3.33947,-3.33947,0.926706,0.926706,1.70608,-3.01664
82.21,-3.48857,-3.48857,0.902605,0.902605,1.82855,-3.10503
82.22,-3.63011,-3.63011,0.875085,0.875085,1.9481,-3.18565
82.23,-3.76381,-3.76381,0.844139,0.844139,2.06452,-3.25832
82.24,-3.88943,-3.88943,0.809769,0.809769,2.17765,-3.32283
82.25,-4.0067,-4.0067,0.77199,0.77199,2.28729,-3.37904
82.26,-4.11542,-4.11542,0.730826,0.730826,2.39327,-3.42681
82.27,-4.21537,-4.21537,0.686313,0.686313,2.49542,-3.46601
82.28,-4.30637,-4.30637,0.638497,0.638497,2.59358,-3.49655
82.29,-4.38826,-4.38826,0.587435,0.587435,2.68759,-3.51835
82.3,-4.46089,-4.46089,0.533194,0.533194,2.7773,-3.53135
82.31,-4.52414,-4.52414,0.475855,0.475855,2.86257,-3.53553
82.32,-4.5779,-4.5779,0.415505,0.415505,2.94326,-3.53087
82.33,-4.62209,-4.62209,0.352244,0.352244,3.01924,-3.51739
82.34,-4.65665,-4.65665,0.286181,0.286181,3.09039,-3.49511
82.35,-4.68154,-4.68154,0.217438,0.217438,3.1566,-3.4641
82.36,-4.69673,-4.69673,0.146142,0.146142,3.21775,-3.42443
82.37,-4.70223,-4.70223,0.0724346,0.0724346,3.27376,-3.3762
82.38,-4.69806,-4.69806,-0.00353679,-0.00353679,3.32453,-3.31953
82.39,-4.68426,-4.68426,-0.0816143,-0.0816143,3.36998,-3.25456
82.4,-4.6609,-4.6609,-0.161632,-0.161632,3.41005,-3.18146
82.41,-4.62806,-4.62806,-0.243415,-0.243415,3.44465,-3.10041
82.42,-4.58584,-4.58584,-0.326781,-0.326781,3.47375,-3.01161
82.43,-4.53437,-4.53437,-0.41154,-0.41154,3.49728,-2.91528
82.44,-4.47379,-4.47379,-0.497495,-0.497495,3.51523,-2.81166
82.45,-4.40426,-4.40426,-0.584443,-0.584443,3.52755,-2.70102
82.46,-4.32597,-4.32597,-0.672174,-0.672174,3.53422,-2.58363
82.47,-4.23912,-4.23912,-0.760474,-0.760474,3.53525,-2.45977
82.48,-4.14392,-4.14392,-0.849122,-0.849122,3.53061,-2.32977
82.49,-4.04061,-4.04061,-0.937894,-0.937894,3.52033,-2.19395
82.5,-3.92943,-3.92943,-1.02656,-1.02656,3.50442,-2.05264
82.51,-3.81067,-3.81067,-1.11489,-1.11489,3.4829,-1.9062
82.52,-3.6846,-3.6846,-1.20265,-1.20265,3.45581,-1.755
82.53,-3.55151,-3.55151,-1.2896,-1.2896,3.42319,-1.59941
82.54,-3.41173,-3.41173,-1.37551,-1.37551,3.38509,-1.43982
82.55,-3.26557,-3.26557,-1.46013,-1.46013,3.34158,-1.27664
82.56,-3.11338,-3.11338,-1.54323,-1.54323,3.29272,-1.11026
82.57,-2.9555,-2.9555,-1.62457,-1.62457,3.23859,-0.941109
82.58,-2.79229,-2.79229,-1.7039,-1.7039,3.17929,-0.769605
82.59,-2.62412,-2.62412,-1.781,-1.781,3.11489,-0.596177
82.6,-2.45138,-2.45138,-1.85563,-1.85563,3.04552,-0.42126
82.61,-2.27445,-2.27445,-1.92756,-1.92756,2.97127,-0.245289
82.62,-2.09372,-2.09372,-1.99656,-1.99656,2.89227,-0.0687051
82.63,-1.90961,-1.90961,-2.06241,-2.06241,2.80864,0.10805
82.64,-1.7225,-1.7225,-2.12489,-2.12489,2.72052,0.284536
82.65,-1.53282,-1.53282,-2.1838,-2.1838,2.62805,0.46031
82.66,-1.34098,-1.34098,-2.23891,-2.23891,2.53137,0.634934
82.67,-1.1474,-1.1474,-2.29004,-2.29004,2.43064,0.807971
82.68,-0.952497,-0.952497,-2.337,-2.337,2.32602,0.978988
82.69,-0.756694,-0.756694,-2.37959,-2.37959,2.21769,1.14756
82.7,-0.56041,-0.56041,-2.41764,-2.41764,2.1058,1.31326
82.71,-0.364065,-0.364065,-2.45099,-2.45099,1.99055,1.47568
82.72,-0.168077,-0.168077,-2.47948,-2.47948,1.87211,1.63441
82.73,0.0271412,0.0271412,-2.50297,-2.50297,1.75067,1.78906
82.74,0.221177,0.221177,-2.52131,-2.52131,1.62644,1.93923
82.75,0.413626,0.413626,-2.53438,-2.53438,1.4996,2.08456
82.76,0.604087,0.604087,-2.54208,-2.54208,1.37037,2.22467
82.77,0.792166,0.792166,-2.54429,-2.54429,1.23894,2.35923
82.78,0.977476,0.977476,-2.54093,-2.54093,1.10553,2.48789
82.79,1.15964,1.15964,-2.53193,-2.53193,0.970352,2.61033
82.8,1.33829,1.33829,-2.51721,-2.51721,0.833621,2.72625
82.81,1.51306,1.51306,-2.49673,-2.49673,0.695557,2.83535
82.82,1.68361,1.68361,-2.47045,-2.47045,0.55638,2.93737
82.83,1.8496,1.8496,-2.43835,-2.43835,0.416313,3.03204
82.84,2.0107,2.0107,-2.40043,-2.40043,0.27558,3.11913
82.85,2.16659,2.16659,-2.35667,-2.35667,0.134406,3.19843
82.86,2.31699,2.31699,-2.30712,-2.30712,-0.00698284,3.26974
82.87,2.4616,2.4616,-2.25179,-2.25179,-0.148361,3.33287
82.88,2.60015,2.60015,-2.19074,-2.19074,-0.289501,3.38767
82.89,2.73239,2.73239,-2.12403,-2.12403,-0.430178,3.434
82.9,2.85807,2.85807,-2.05173,-2.05173,-0.570167,3.47176
82.91,2.97697,2.97697,-1.97395,-1.97395,-0.709244,3.50083
82.92,3.08888,3.08888,-1.89078,-1.89078,-0.847187,3.52115
82.93,3.19361,3.19361,-1.80234,-1.80234,-0.983774,3.53267
82.94,3.29098,3.29098,-1.70878,-1.70878,-1.11879,3.53537
82.95,3.38084,3.38084,-1.61023,-1.61023,-1.25201,3.52922
82.96,3.46305,3.46305,-1.50686,-1.50686,-1.38323,3.51425
82.97,3.53747,3.53747,-1.39885,-1.39885,-1.51224,3.49051
82.98,3.60402,3.60402,-1.28637,-1.28637,-1.63883,3.45803
82.99,3.66261,3.66261,-1.16964,-1.16964,-1.76279,3.41691
83,3.71316,3.71316,-1.04886,-1.04886,-1.88394,3.36726
83.01,3.75562,3.75562,-0.924266,-0.924266,-2.00207,3.30918
83.02,3.78998,3.78998,-0.796085,-0.796085,-2.117,3.24284
83.03,3.81621,3.81621,-0.664568,-0.664568,-2.22854,3.16839
83.04,3.83431,3.83431,-0.529972,-0.529972,-2.33652,3.08602
83.05,3.84432,3.84432,-0.392564,-0.392564,-2.44076,2.99593
83.06,3.84628,3.84628,-0.252623,-0.252623,-2.5411,2.89836
83.07,3.84023,3.84023,-0.110434,-0.110434,-2.63737,2.79354
83.08,3.82627,3.82627,0.0337095,0.0337095,-2.72942,2.68174
83.09,3.80448,3.80448,0.179505,0.179505,-2.8171,2.56324
83.1,3.77497,3.77497,0.326644,0.326644,-2.90028,2.43833
83.11,3.73787,3.73787,0.474811,0.474811,-2.97882,2.30733
83.12,3.69332,3.69332,0.623687,0.623687,-3.05259,2.17056
83.13,3.64149,3.64149,0.772946,0.772946,-3.12148,2.02837
83.14,3.58254,3.58254,0.922259,0.922259,-3.18537,1.8811
83.15,3.51666,3.51666,1.07129,1.07129,-3.24417,1.72913
83.16,3.44405,3.44405,1.21971,1.21971,-3.29778,1.57285
83.17,3.36494,3.36494,1.36718,1.36718,-3.34611,1.41262
83.18,3.27954,3.27954,1.51336,1.51336,-3.38909,1.24887
83.19,3.1881,3.1881,1.65792,1.65792,-3.42665,1.082
83.2,3.09087,3.09087,1.80051,1.80051,-3.45873,0.912424
83.21,2.98812,2.98812,1.9408,1.9408,-3.48527,0.740567
83.22,2.88011,2.88011,2.07846,2.07846,-3.50624,0.566858
83.23,2.76714,2.76714,2.21315,2.21315,-3.5216,0.391732
83.24,2.64949,2.64949,2.34455,2.34455,-3.53132,0.215628
83.25,2.52747,2.52747,2.47234,2.47234,-3.5354,0.0389841
83.26,2.40138,2.40138,2.59619,2.59619,-3.53382,-0.137757
83.27,2.27153,2.27153,2.71581,2.71581,-3.52658,-0.314154
83.28,2.13825,2.13825,2.83088,2.83088,-3.51371,-0.489765
83.29,2.00186,2.00186,2.94111,2.94111,-3.49521,-0.664152
83.3,1.86269,1.86269,3.04622,3.04622,-3.47112,-0.83688
83.31,1.72107,1.72107,3.14591,3.14591,-3.44148,-1.00752
83.32,1.57734,1.57734,3.23994,3.23994,-3.40633,-1.17563
83.33,1.43184,1.43184,3.32803,3.32803,-3.36573,-1.34081
83.34,1.28489,1.28489,3.40995,3.40995,-3.31975,-1.50264
83.35,1.13685,1.13685,3.48545,3.48545,-3.26846,-1.66071
83.36,0.988046,0.988046,3.55432,3.55432,-3.21194,-1.81463
83.37,0.838815,0.838815,3.61635,3.61635,-3.15028,-1.96402
83.38,0.689492,0.689492,3.67135,3.67135,-3.08358,-2.10849
83.39,0.540407,0.540407,3.71913,3.71913,-3.01195,-2.2477
83.4,0.391887,0.391887,3.75953,3.75953,-2.9355,-2.38129
83.41,0.244255,0.244255,3.79241,3.79241,-2.85435,-2.50892
83.42,0.0978291,0.0978291,3.81762,3.81762,-2.76864,-2.63029
83.43,-0.0470804,-0.0470804,3.83505,3.83505,-2.6785,-2.74508
83.44,-0.190168,-0.190168,3.84459,3.84459,-2.58407,-2.85301
83.45,-0.331137,-0.331137,3.84617,3.84617,-2.48551,-2.95381
83.46,-0.469697,-0.469697,3.83972,3.83972,-2.38297,-3.04722
83.47,-0.605566,-0.605566,3.82519,3.82519,-2.27662,-3.13302
83.48,-0.738474,-0.738474,3.80255,3.80255,-2.16663,-3.21099
83.49,-0.868158,-0.868158,3.77178,3.77178,-2.05317,-3.28093
83.5,-0.994365,-0.994365,3.73289,3.73289,-1.93643,-3.34267
83.51,-1.11686,-1.11686,3.6859,3.6859,-1.81659,-3.39606
83.52,-1.2354,-1.2354,3.63085,3.63085,-1.69384,-3.44096
83.53,-1.34978,-1.34978,3.5678,3.5678,-1.56838,-3.47725
83.54,-1.45978,-1.45978,3.49684,3.49684,-1.44042,-3.50486
83.55,-1.56522,-1.56522,3.41805,3.41805,-1.31015,-3.52371
83.56,-1.66592,-1.66592,3.33155,3.33155,-1.17778,-3.53374
83.57,-1.7617,-1.7617,3.23747,3.23747,-1.04353,-3.53495
83.58,-1.85241,-1.85241,3.13597,3.13597,-0.90761,-3.52732
83.59,-1.93792,-1.93792,3.0272,3.0272,-0.770239,-3.51087
83.6,-2.0181,-2.0181,2.91136,2.91136,-0.631635,-3.48565
83.61,-2.09282,-2.09282,2.78865,2.78865,-0.492021,-3.45172
83.62,-2.16201,-2.16201,2.65927,2.65927,-0.351619,-3.40916
83.63,-2.22556,-2.22556,2.52347,2.52347,-0.210655,-3.35808
83.64,-2.28342,-2.28342,2.3815,2.3815,-0.0693543,-3.2986
83.65,-2.33553,-2.33553,2.23362,2.23362,0.0720576,-3.23088
83.66,-2.38185,-2.38185,2.08012,2.08012,0.213354,-3.15508
83.67,-2.42234,-2.42234,1.92127,1.92127,0.35431,-3.0714
83.68,-2.45701,-2.45701,1.7574,1.7574,0.494698,-2.98004
83.69,-2.48586,-2.48586,1.58883,1.58883,0.634295,-2.88123
83.7,-2.50889,-2.50889,1.41587,1.41587,0.772878,-2.77523
83.71,-2.52614,-2.52614,1.23889,1.23889,0.910223,-2.66228
83.72,-2.53766,-2.53766,1.05823,1.05823,1.04611,-2.54268
83.73,-2.5435,-2.5435,0.874263,0.874263,1.18033,-2.41672
83.74,-2.54374,-2.54374,0.687358,0.687358,1.31266,-2.28473
83.75,-2.53845,-2.53845,0.4979,0.4979,1.44289,-2.14702
83.76,-2.52773,-2.52773,0.306279,0.306279,1.5708,-2.00395
83.77,-2.5117,-2.5117,0.112893,0.112893,1.69621,-1.85587
83.78,-2.49047,-2.49047,-0.0818536,-0.0818536,1.8189,-1.70315
83.79,-2.46417,-2.46417,-0.277553,-0.277553,1.93869,-1.54617
83.8,-2.43294,-2.43294,-0.473792,-0.473792,2.05537,-1.38533
83.81,-2.39694,-2.39694,-0.670155,-0.670155,2.16876,-1.22102
83.82,-2.35633,-2.35633,-0.866222,-0.866222,2.27869,-1.05366
83.83,-2.31128,-2.31128,-1.06157,-1.06157,2.38497,-0.883675
83.84,-2.26197,-2.26197,-1.25579,-1.25579,2.48743,-0.711476
83.85,-2.20859,-2.20859,-1.44845,-1.44845,2.58591,-0.537498
83.86,-2.15133,-2.15133,-1.63913,-1.63913,2.68026,-0.362177
83.87,-2.0904,-2.0904,-1.82742,-1.82742,2.77032,-0.185951
83.88,-2.02601,-2.02601,-2.01291,-2.01291,2.85595,-0.00926046
83.89,-1.95837,-1.95837,-2.19518,-2.19518,2.937,0.167454
83.9,-1.8877,-1.8877,-2.37384,-2.37384,3.01336,0.343749
83.91,-1.81424,-1.81424,-2.54848,-2.54848,3.0849,0.519185
83.92,-1.7382,-1.7382,-2.71871,-2.71871,3.15151,0.693324
83.93,-1.65982,-1.65982,-2.88415,-2.88415,3.21307,0.86573
83.94,-1.57934,-1.57934,-3.04442,-3.04442,3.26949,1.03597
83.95,-1.49699,-1.49699,-3.19917,-3.19917,3.32068,1.20362
83.96,-1.41301,-1.41301,-3.34803,-3.34803,3.36656,1.36827
83.97,-1.32764,-1.32764,-3.49066,-3.49066,3.40705,1.52949
83.98,-1.24112,-1.24112,-3.62674,-3.62674,3.4421,1.68689
83.99,-1.15368,-1.15368,-3.75595,-3.75595,3.47163,1.84008
84,-1.06558,-1.06558,-3.87797,-3.87797,3.49561,1.98866
84.01,-0.977028,-0.977028,-3.99252,-3.99252,3.514,2.13228
84.02,-0.888275,-0.888275,-4.09934,-4.09934,3.52677,2.27056
84.03,-0.799544,-0.799544,-4.19814,-4.19814,3.5339,2.40317
84.04,-0.711063,-0.711063,-4.28871,-4.28871,3.53537,2.52978
84.05,-0.623054,-0.623054,-4.3708,-4.3708,3.53119,2.65006
84.06,-0.535734,-0.535734,-4.44421,-4.44421,3.52136,2.76371
84.07,-0.449316,-0.449316,-4.50876,-4.50876,3.50589,2.87046
84.08,-0.364005,-0.364005,-4.56427,-4.56427,3.48482,2.97004
84.09,-0.28,-0.28,-4.61059,-4.61059,3.45817,3.06219
84.1,-0.197496,-0.197496,-4.64758,-4.64758,3.42598,3.14668
84.11,-0.116678,-0.116678,-4.67513,-4.67513,3.38832,3.22331
84.12,-0.037724,-0.037724,-4.69316,-4.69316,3.34524,3.29189
84.13,0.0391963,0.0391963,-4.70158,-4.70158,3.2968,3.35224
84.14,0.113921,0.113921,-4.70035,-4.70035,3.24309,3.4042
84.15,0.186298,0.186298,-4.68943,-4.68943,3.1842,3.44766
84.16,0.256184,0.256184,-4.66882,-4.66882,3.12021,3.48251
84.17,0.323444,0.323444,-4.63853,-4.63853,3.05122,3.50864
84.18,0.387955,0.387955,-4.59858,-4.59858,2.97736,3.52601
84.19,0.449602,0.449602,-4.54903,-4.54903,2.89873,3.53456
84.2,0.508281,0.508281,-4.48995,-4.48995,2.81547,3.53428
84.21,0.563899,0.563899,-4.42145,-4.42145,2.7277,3.52517
84.22,0.616371,0.616371,-4.34362,-4.34362,2.63557,3.50725
84.23,0.665627,0.665627,-4.25662,-4.25662,2.53922,3.48055
84.24,0.711603,0.711603,-4.16059,-4.16059,2.4388,3.44516
84.25,0.754249,0.754249,-4.05572,-4.05572,2.33449,3.40116
84.26,0.793525,0.793525,-3.94219,-3.94219,2.22644,3.34866
84.27,0.829401,0.829401,-3.82023,-3.82023,2.11484,3.28779
84.28,0.861858,0.861858,-3.69006,-3.69006,1.99984,3.21869
84.29,0.890889,0.890889,-3.55195,-3.55195,1.88165,3.14156
84.3,0.916497,0.916497,-3.40615,-3.40615,1.76045,3.05657
84.31,0.938693,0.938693,-3.25295,-3.25295,1.63643,2.96394
84.32,0.957502,0.957502,-3.09267,-3.09267,1.50979,2.86391
84.33,0.972958,0.972958,-2.92562,-2.92562,1.38074,2.75671
84.34,0.985103,0.985103,-2.75214,-2.75214,1.24948,2.64263
84.35,0.993991,0.993991,-2.57257,-2.57257,1.11622,2.52194
84.36,0.999684,0.999684,-2.38728,-2.38728,0.981176,2.39494
84.37,1.00225,1.00225,-2.19664,-2.19664,0.844561,2.26196
84.38,1.00178,1.00178,-2.00106,-2.00106,0.706595,2.12333
84.39,0.998358,0.998358,-1.80092,-1.80092,0.567499,1.97939
84.4,0.992076,0.992076,-1.59664,-1.59664,0.427494,1.8305
84.41,0.983042,0.983042,-1.38865,-1.38865,0.286806,1.67704
84.42,0.97137,0.97137,-1.17736,-1.17736,0.145659,1.51938
84.43,0.957176,0.957176,-0.963227,-0.963227,0.00427892,1.35793
84.44,0.940587,0.940587,-0.746687,-0.746687,-0.137108,1.19308
84.45,0.921735,0.921735,-0.528194,-0.528194,-0.278276,1.02525
84.46,0.900756,0.900756,-0.308203,-0.308203,-0.418998,0.854863
84.47,0.877792,0.877792,-0.0871751,-0.0871751,-0.55905,0.682334
84.48,0.852989,0.852989,0.134426,0.134426,-0.698208,0.508101
84.49,0.826499,0.826499,0.356136,0.356136,-0.836249,0.332597
84.5,0.798475,0.798475,0.577487,0.577487,-0.972952,0.156262
84.51,0.769074,0.769074,0.798014,0.798014,-1.1081,-0.0204639
84.52,0.738455,0.738455,1.01725,1.01725,-1.24147,-0.197138
84.53,0.706781,0.706781,1.23474,1.23474,-1.37286,-0.37332
84.54,0.674214,0.674214,1.45001,1.45001,-1.50205,-0.548569
84.55,0.640917,0.640917,1.66261,1.66261,-1.62884,-0.722446
84.56,0.607054,0.607054,1.87209,1.87209,-1.75302,-0.894518
84.57,0.572789,0.572789,2.07801,2.07801,-1.8744,-1.06435
84.58,0.538285,0.538285,2.27993,2.27993,-1.99278,-1.23153
84.59,0.503703,0.503703,2.47742,2.47742,-2.10797,-1.39563
84.6,0.469204,0.469204,2.67005,2.67005,-2.21979,-1.55624
84.61,0.434943,0.434943,2.85743,2.85743,-2.32806,-1.71296
84.62,0.401077,0.401077,3.03914,3.03914,-2.4326,-1.86539
84.63,0.367756,0.367756,3.21481,3.21481,-2.53325,-2.01317
84.64,0.335127,0.335127,3.38405,3.38405,-2.62985,-2.15591
84.65,0.303333,0.303333,3.5465,3.5465,-2.72225,-2.29327
84.66,0.272514,0.272514,3.70183,3.70183,-2.81028,-2.42489
84.67,0.242801,0.242801,3.84968,3.84968,-2.89382,-2.55045
84.68,0.214322,0.214322,3.98976,3.98976,-2.97274,-2.66964
84.69,0.187198,0.187198,4.12176,4.12176,-3.04689,-2.78215
84.7,0.161545,0.161545,4.24539,4.24539,-3.11617,-2.88771
84.71,0.137471,0.137471,4.36039,4.36039,-3.18047,-2.98606
84.72,0.115076,0.115076,4.46652,4.46652,-3.23968,-3.07694
84.73,0.094455,0.094455,4.56354,4.56354,-3.2937,-3.16012
84.74,0.075693,0.075693,4.65126,4.65126,-3.34246,-3.23541
84.75,0.0588683,0.0588683,4.72947,4.72947,-3.38587,-3.30262
84.76,0.0440505,0.0440505,4.79802,4.79802,-3.42386,-3.36156
84.77,0.0313008,0.0313008,4.85675,4.85675,-3.45638,-3.41211
84.78,0.0206717,0.0206717,4.90554,4.90554,-3.48336,-3.45413
84.79,0.0122069,0.0122069,4.94429,4.94429,-3.50477,-3.48751
84.8,0.00594135,0.00594135,4.97291,4.97291,-3.52058,-3.51218
84.81,0.00190063,0.00190063,4.99134,4.99134,-3.53075,-3.52807
84.82,0.000101358,0.000101358,4.99954,4.99954,-3.53528,-3.53514
84.83,0.000550898,0.000550898,4.99749,4.99749,-3.53415,-3.53337
84.84,0.00324741,0.00324741,4.9852,4.9852,-3.52736,-3.52277
84.85,0.00817984,0.00817984,4.96269,4.96269,-3.51494,-3.50337
84.86,0.015328,0.015328,4.93002,4.93002,-3.49689,-3.47521
84.87,0.0246624,0.0246624,4.88724,4.88724,-3.47324,-3.43836
84.88,0.0361448,0.0361448,4.83446,4.83446,-3.44404,-3.39292
84.89,0.0497279,0.0497279,4.77179,4.77179,-3.40933,-3.339
84.9,0.0653556,0.0653556,4.69936,4.69936,-3.36917,-3.27674
84.91,0.0829634,0.0829634,4.61733,4.61733,-3.32361,-3.20628
84.92,0.102478,0.102478,4.52587,4.52587,-3.27274,-3.12781
84.93,0.123819,0.123819,4.42518,4.42518,-3.21663,-3.04152
84.94,0.146897,0.146897,4.31548,4.31548,-3.15538,-2.94763
84.95,0.171614,0.171614,4.197,4.197,-3.08907,-2.84638
84.96,0.197868,0.197868,4.06999,4.06999,-3.01783,-2.738
84.97,0.225548,0.225548,3.93473,3.93473,-2.94176,-2.62279
84.98,0.254535,0.254535,3.79151,3.79151,-2.86098,-2.50102
84.99,0.284706,0.284706,3.64062,3.64062,-2.77563,-2.37299
85,0.315931,0.315931,3.48241,3.48241,-2.68583,-2.23904
85.01,0.348075,0.348075,3.3172,3.3172,-2.59174,-2.09949
85.02,0.380998,0.380998,3.14535,3.14535,-2.4935,-1.95469
85.03,0.414555,0.414555,2.96722,2.96722,-2.39128,-1.80501
85.04,0.448597,0.448597,2.7832,2.7832,-2.28522,-1.65081
85.05,0.482972,0.482972,2.59367,2.59367,-2.17552,-1.49249
85.06,0.517524,0.517524,2.39905,2.39905,-2.06233,-1.33044
85.07,0.552094,0.552094,2.19974,2.19974,-1.94584,-1.16506
85.08,0.586521,0.586521,1.99617,1.99617,-1.82624,-0.996771
85.09,0.620645,0.620645,1.78877,1.78877,-1.70372,-0.82599
85.1,0.654302,0.654302,1.57799,1.57799,-1.57847,-0.653145
85.11,0.687327,0.687327,1.36426,1.36426,-1.45069,-0.478667
85.12,0.719557,0.719557,1.14805,1.14805,-1.3206,-0.302993
85.13,0.750828,0.750828,0.929813,0.929813,-1.18839,-0.126561
85.14,0.780979,0.780979,0.710005,0.710005,-1.05428,0.0501868
85.15,0.809849,0.809849,0.489092,0.489092,-0.91849,0.226809
85.16,0.837279,0.837279,0.267542,0.267542,-0.781226,0.402865
85.17,0.863113,0.863113,0.0458196,0.0458196,-0.642712,0.577914
85.18,0.887198,0.887198,-0.175608,-0.175608,-0.50317,0.751518
85.19,0.909387,0.909387,-0.396277,-0.396277,-0.362823,0.923244
85.2,0.929533,0.929533,-0.615724,-0.615724,-0.221896,1.09266
85.21,0.947496,0.947496,-0.833492,-0.833492,-0.0806135,1.25935
85.22,0.963143,0.963143,-1.04912,-1.04912,0.0607979,1.42289
85.23,0.976344,0.976344,-1.26217,-1.26217,0.202112,1.58287
85.24,0.986976,0.986976,-1.4722,-1.4722,0.343103,1.7389
85.25,0.994923,0.994923,-1.67876,-1.67876,0.483545,1.89058
85.26,1.00007,1.00007,-1.88143,-1.88143,0.623213,2.03753
85.27,1.00233,1.00233,-2.0798,-2.0798,0.761884,2.17939
85.28,1.0016,1.0016,-2.27345,-2.27345,0.899337,2.31581
85.29,0.997788,0.997788,-2.46199,-2.46199,1.03535,2.44644
85.3,0.990826,0.990826,-2.64504,-2.64504,1.16971,2.57095
85.31,0.980643,0.980643,-2.82222,-2.82222,1.30219,2.68903
85.32,0.96718,0.96718,-2.99318,-2.99318,1.4326,2.8004
85.33,0.950389,0.950389,-3.15756,-3.15756,1.56071,2.90476
85.34,0.93023,0.93023,-3.31505,-3.31505,1.68632,3.00187
85.35,0.906672,0.906672,-3.46532,-3.46532,1.80924,3.09147
85.36,0.879698,0.879698,-3.60808,-3.60808,1.92926,3.17334
85.37,0.849297,0.849297,-3.74306,-3.74306,2.0462,3.24728
85.38,0.815472,0.815472,-3.86997,-3.86997,2.15986,3.31311
85.39,0.778234,0.778234,-3.98859,-3.98859,2.27007,3.37065
85.4,0.737607,0.737607,-4.09868,-4.09868,2.37664,3.41977
85.41,0.693625,0.693625,-4.20004,-4.20004,2.47941,3.46035
85.42,0.646331,0.646331,-4.29248,-4.29248,2.57822,3.49227
85.43,0.595782,0.595782,-4.37584,-4.37584,2.6729,3.51546
85.44,0.542043,0.542043,-4.44995,-4.44995,2.76331,3.52987
85.45,0.485191,0.485191,-4.5147,-4.5147,2.84929,3.53546
85.46,0.425314,0.425314,-4.56998,-4.56998,2.93072,3.5322
85.47,0.362509,0.362509,-4.6157,-4.6157,3.00746,3.52012
85.48,0.296885,0.296885,-4.65179,-4.65179,3.07939,3.49925
85.49,0.22856,0.22856,-4.67822,-4.67822,3.14639,3.46962
85.5,0.157662,0.157662,-4.69496,-4.69496,3.20835,3.43132
85.51,0.0843292,0.0843292,-4.702,-4.702,3.26519,3.38445
85.52,0.00870801,0.00870801,-4.69937,-4.69937,3.3168,3.32911
85.53,-0.069045,-0.069045,-4.6871,-4.6871,3.3631,3.26546
85.54,-0.148765,-0.148765,-4.66526,-4.66526,3.40403,3.19364
85.55,-0.230279,-0.230279,-4.63392,-4.63392,3.43951,3.11384
85.56,-0.313405,-0.313405,-4.59319,-4.59319,3.46948,3.02626
85.57,-0.397955,-0.397955,-4.54318,-4.54318,3.49391,2.93112
85.58,-0.483733,-0.483733,-4.48404,-4.48404,3.51275,2.82864
85.59,-0.570537,-0.570537,-4.41593,-4.41593,3.52596,2.7191
85.6,-0.658158,-0.658158,-4.33902,-4.33902,3.53354,2.60276
85.61,-0.746382,-0.746382,-4.25352,-4.25352,3.53546,2.47992
85.62,-0.83499,-0.83499,-4.15963,-4.15963,3.53173,2.35087
85.63,-0.923757,-0.923757,-4.05759,-4.05759,3.52235,2.21596
85.64,-1.01246,-1.01246,-3.94765,-3.94765,3.50733,2.0755
85.65,-1.10086,-1.10086,-3.83008,-3.83008,3.4867,1.92985
85.66,-1.18872,-1.18872,-3.70515,-3.70515,3.46049,1.77938
85.67,-1.27582,-1.27582,-3.57316,-3.57316,3.42875,1.62447
85.68,-1.36191,-1.36191,-3.43443,-3.43443,3.39152,1.46549
85.69,-1.44675,-1.44675,-3.28926,-3.28926,3.34887,1.30285
85.7,-1.53011,-1.53011,-3.13801,-3.13801,3.30086,1.13696
85.71,-1.61174,-1.61174,-2.98101,-2.98101,3.24756,0.968218
85.72,-1.69141,-1.69141,-2.81862,-2.81862,3.18908,0.79706
85.73,-1.76888,-1.76888,-2.65122,-2.65122,3.12549,0.623909
85.74,-1.84392,-1.84392,-2.47918,-2.47918,3.0569,0.4492
85.75,-1.91629,-1.91629,-2.30289,-2.30289,2.98342,0.273367
85.76,-1.98578,-1.98578,-2.12275,-2.12275,2.90516,0.0968517
85.77,-2.05214,-2.05214,-1.93914,-1.93914,2.82226,-0.0799061
85.78,-2.11518,-2.11518,-1.75248,-1.75248,2.73485,-0.256464
85.79,-2.17466,-2.17466,-1.56318,-1.56318,2.64306,-0.432381
85.8,-2.2304,-2.2304,-1.37166,-1.37166,2.54704,-0.607217
85.81,-2.28217,-2.28217,-1.17833,-1.17833,2.44695,-0.780536
85.82,-2.3298,-2.3298,-0.98361,-0.98361,2.34294,-0.951904
85.83,-2.3731,-2.3731,-0.787922,-0.787922,2.23518,-1.12089
85.84,-2.41189,-2.41189,-0.591686,-0.591686,2.12385,-1.28708
85.85,-2.446,-2.446,-0.395323,-0.395323,2.00912,-1.45005
85.86,-2.47528,-2.47528,-0.19925,-0.19925,1.89118,-1.60939
85.87,-2.49957,-2.49957,-0.00388172,-0.00388172,1.77021,-1.76472
85.88,-2.51874,-2.51874,0.19037,0.19037,1.6464,-1.91563
85.89,-2.53266,-2.53266,0.383098,0.383098,1.51997,-2.06175
85.9,-2.54122,-2.54122,0.573902,0.573902,1.3911,-2.20272
85.91,-2.54431,-2.54431,0.762387,0.762387,1.26001,-2.33819
85.92,-2.54184,-2.54184,0.948164,0.948164,1.1269,-2.46781
85.93,-2.53374,-2.53374,1.13085,1.13085,0.991991,-2.59126
85.94,-2.51994,-2.51994,1.31009,1.31009,0.855493,-2.70824
85.95,-2.50038,-2.50038,1.4855,1.4855,0.717626,-2.81844
85.96,-2.47503,-2.47503,1.65675,1.65675,0.578612,-2.9216
85.97,-2.44386,-2.44386,1.82348,1.82348,0.438671,-3.01746
85.98,-2.40686,-2.40686,1.98538,1.98538,0.298029,-3.10578
85.99,-2.36403,-2.36403,2.14213,2.14213,0.15691,-3.18633
86,-2.3154,-2.3154,2.29342,2.29342,0.0155406,-3.25892
86.01,-2.26098,-2.26098,2.43897,2.43897,-0.125854,-3.32337
86.02,-2.20084,-2.20084,2.5785,2.5785,-0.267047,-3.37951
86.03,-2.13503,-2.13503,2.71176,2.71176,-0.407814,-3.4272
86.04,-2.06362,-2.06362,2.8385,2.8385,-0.547927,-3.46632
86.05,-1.9867,-1.9867,2.9585,2.9585,-0.687165,-3.49678
86.06,-1.90438,-1.90438,3.07153,3.07153,-0.825302,-3.5185
86.07,-1.81678,-1.81678,3.17742,3.17742,-0.96212,-3.53143
86.08,-1.72402,-1.72402,3.27597,3.27597,-1.0974,-3.53553
86.09,-1.62625,-1.62625,3.36704,3.36704,-1.23092,-3.53079
86.1,-1.52364,-1.52364,3.45047,3.45047,-1.36247,-3.51723
86.11,-1.41635,-1.41635,3.52614,3.52614,-1.49185,-3.49487
86.12,-1.30458,-1.30458,3.59395,3.59395,-1.61884,-3.46378
86.13,-1.18851,-1.18851,3.65381,3.65381,-1.74323,-3.42404
86.14,-1.06836,-1.06836,3.70564,3.70564,-1.86484,-3.37573
86.15,-0.944356,-0.944356,3.7494,3.7494,-1.98347,-3.31899
86.16,-0.81673,-0.81673,3.78505,3.78505,-2.09892,-3.25395
86.17,-0.685727,-0.685727,3.81257,3.81257,-2.21101,-3.18078
86.18,-0.551603,-0.551603,3.83197,3.83197,-2.31957,-3.09966
86.19,-0.414625,-0.414625,3.84327,3.84327,-2.42442,-3.01079
86.2,-0.275069,-0.275069,3.8465,3.8465,-2.52539,-2.91439
86.21,-0.133218,-0.133218,3.84173,3.84173,-2.62231,-2.81071
86.22,0.010634,0.010634,3.82902,3.82902,-2.71505,-2.70001
86.23,0.156187,0.156187,3.80847,3.80847,-2.80343,-2.58255
86.24,0.303133,0.303133,3.78018,3.78018,-2.88734,-2.45864
86.25,0.451158,0.451158,3.74428,3.74428,-2.96662,-2.32859
86.26,0.599942,0.599942,3.70091,3.70091,-3.04116,-2.19272
86.27,0.749162,0.749162,3.65023,3.65023,-3.11084,-2.05136
86.28,0.898488,0.898488,3.5924,3.5924,-3.17553,-1.90488
86.29,1.04759,1.04759,3.52761,3.52761,-3.23515,-1.75364
86.3,1.19613,1.19613,3.45606,3.45606,-3.28959,-1.59801
86.31,1.34377,1.34377,3.37796,3.37796,-3.33877,-1.43839
86.32,1.49018,1.49018,3.29355,3.29355,-3.38261,-1.27517
86.33,1.63502,1.63502,3.20306,3.20306,-3.42104,-1.10877
86.34,1.77794,1.77794,3.10673,3.10673,-3.45399,-0.939596
86.35,1.91862,1.91862,3.00484,3.00484,-3.48142,-0.768073
86.36,2.05672,2.05672,2.89766,2.89766,-3.50327,-0.59463
86.37,2.19191,2.19191,2.78545,2.78545,-3.51953,-0.419701
86.38,2.32386,2.32386,2.66853,2.66853,-3.53015,-0.243723
86.39,2.45224,2.45224,2.54718,2.54718,-3.53513,-0.0671353
86.4,2.57674,2.57674,2.42172,2.42172,-3.53445,0.10962
86.41,2.69706,2.69706,2.29245,2.29245,-3.52811,0.286101
86.42,2.81287,2.81287,2.15969,2.15969,-3.51613,0.461867
86.43,2.92389,2.92389,2.02378,2.02378,-3.49853,0.636478
86.44,3.02983,3.02983,1.88503,1.88503,-3.47533,0.809499
86.45,3.13041,3.13041,1.74378,1.74378,-3.44657,0.980497
86.46,3.22535,3.22535,1.60036,1.60036,-3.41229,1.14904
86.47,3.31441,3.31441,1.45512,1.45512,-3.37256,1.31472
86.48,3.39732,3.39732,1.30838,1.30838,-3.32743,1.47711
86.49,3.47386,3.47386,1.16049,1.16049,-3.27698,1.6358
86.5,3.54381,3.54381,1.01178,1.01178,-3.22129,1.79041
86.51,3.60694,3.60694,0.862598,0.862598,-3.16044,1.94054
86.52,3.66307,3.66307,0.713267,0.713267,-3.09454,2.08583
86.53,3.71201,3.71201,0.564122,0.564122,-3.02368,2.22589
86.54,3.7536,3.7536,0.41549,0.41549,-2.94799,2.3604
86.55,3.78768,3.78768,0.267696,0.267696,-2.86758,2.48901
86.56,3.81412,3.81412,0.121056,0.121056,-2.78259,2.61139
86.57,3.83279,3.83279,-0.0241155,-0.0241155,-2.69314,2.72725
86.58,3.8436,3.8436,-0.167514,-0.167514,-2.59939,2.83629
86.59,3.84646,3.84646,-0.308839,-0.308839,-2.50147,2.93824
86.6,3.84129,3.84129,-0.447802,-0.447802,-2.39956,3.03285
86.61,3.82805,3.82805,-0.584118,-0.584118,-2.29381,3.11987
86.62,3.8067,3.8067,-0.717516,-0.717516,-2.18438,3.1991
86.63,3.77722,3.77722,-0.84773,-0.84773,-2.07146,3.27033
86.64,3.73962,3.73962,-0.974507,-0.974507,-1.95523,3.33339
86.65,3.69392,3.69392,-1.09761,-1.09761,-1.83587,3.38812
86.66,3.64015,3.64015,-1.21679,-1.21679,-1.71357,3.43438
86.67,3.57838,3.57838,-1.33185,-1.33185,-1.58854,3.47205
86.68,3.50867,3.50867,-1.44256,-1.44256,-1.46096,3.50105
86.69,3.43112,3.43112,-1.54874,-1.54874,-1.33104,3.52129
86.7,3.34584,3.34584,-1.65021,-1.65021,-1.19899,3.53274
86.71,3.25296,3.25296,-1.74678,-1.74678,-1.06503,3.53535
86.72,3.15263,3.15263,-1.83831,-1.83831,-0.929361,3.52913
86.73,3.04501,3.04501,-1.92466,-1.92466,-0.792206,3.51408
86.74,2.93028,2.93028,-2.00569,-2.00569,-0.653783,3.49026
86.75,2.80864,2.80864,-2.08129,-2.08129,-0.514315,3.4577
86.76,2.68031,2.68031,-2.15136,-2.15136,-0.374024,3.41651
86.77,2.54552,2.54552,-2.21582,-2.21582,-0.233134,3.36678
86.78,2.40452,2.40452,-2.27459,-2.27459,-0.0918719,3.30863
86.79,2.25756,2.25756,-2.32762,-2.32762,0.0495375,3.24221
86.8,2.10493,2.10493,-2.37486,-2.37486,0.190868,3.16769
86.81,1.94692,1.94692,-2.41628,-2.41628,0.331892,3.08525
86.82,1.78383,1.78383,-2.45188,-2.45188,0.472386,2.9951
86.83,1.61598,1.61598,-2.48165,-2.48165,0.612124,2.89746
86.84,1.4437,1.4437,-2.50561,-2.50561,0.750883,2.79258
86.85,1.26733,1.26733,-2.52378,-2.52378,0.888441,2.68072
86.86,1.08724,1.08724,-2.53621,-2.53621,1.02458,2.56216
86.87,0.90377,0.90377,-2.54295,-2.54295,1.15907,2.4372
86.88,0.717307,0.717307,-2.54407,-2.54407,1.29172,2.30614
86.89,0.528229,0.528229,-2.53966,-2.53966,1.42229,2.16932
86.9,0.336926,0.336926,-2.5298,-2.5298,1.55059,2.02708
86.91,0.143795,0.143795,-2.5146,-2.5146,1.67642,1.87977
86.92,-0.0507627,-0.0507627,-2.49419,-2.49419,1.79955,1.72776
86.93,-0.246338,-0.246338,-2.46869,-2.46869,1.91981,1.57144
86.94,-0.442519,-0.442519,-2.43824,-2.43824,2.037,1.41119
86.95,-0.63889,-0.63889,-2.40299,-2.40299,2.15093,1.2474
86.96,-0.835032,-0.835032,-2.3631,-2.3631,2.26142,1.08051
86.97,-1.03053,-1.03053,-2.31874,-2.31874,2.36829,0.910907
86.98,-1.22495,-1.22495,-2.2701,-2.2701,2.47137,0.739031
86.99,-1.41789,-1.41789,-2.21735,-2.21735,2.5705,0.565308
87,-1.60891,-1.60891,-2.1607,-2.1607,2.66552,0.390172
87.01,-1.79761,-1.79761,-2.10034,-2.10034,2.75627,0.214061
87.02,-1.98357,-1.98357,-2.03649,-2.03649,2.84261,0.0374142
87.03,-2.16639,-2.16639,-1.96935,-1.96935,2.92441,-0.139326
87.04,-2.34564,-2.34564,-1.89915,-1.89915,3.00152,-0.315717
87.05,-2.52095,-2.52095,-1.82612,-1.82612,3.07384,-0.49132
87.06,-2.6919,-2.6919,-1.75047,-1.75047,3.14123,-0.665694
87.07,-2.85813,-2.85813,-1.67245,-1.67245,3.20361,-0.838405
87.08,-3.01926,-3.01926,-1.59229,-1.59229,3.26085,-1.00902
87.09,-3.17491,-3.17491,-1.51022,-1.51022,3.31288,-1.17711
87.1,-3.32473,-3.32473,-1.42648,-1.42648,3.35961,-1.34226
87.11,-3.46838,-3.46838,-1.34132,-1.34132,3.40097,-1.50406
87.12,-3.60552,-3.60552,-1.25496,-1.25496,3.43688,-1.6621
87.13,-3.73584,-3.73584,-1.16766,-1.16766,3.4673,-1.81598
87.14,-3.85903,-3.85903,-1.07964,-1.07964,3.49217,-1.96532
87.15,-3.97479,-3.97479,-0.991151,-0.991151,3.51145,-2.10975
87.16,-4.08285,-4.08285,-0.902414,-0.902414,3.52512,-2.24891
87.17,-4.18295,-4.18295,-0.813665,-0.813665,3.53314,-2.38245
87.18,-4.27484,-4.27484,-0.725129,-0.725129,3.53552,-2.51003
87.19,-4.3583,-4.3583,-0.63703,-0.63703,3.53223,-2.63134
87.2,-4.43311,-4.43311,-0.549587,-0.549587,3.5233,-2.74607
87.21,-4.49908,-4.49908,-0.46301,-0.46301,3.50873,-2.85393
87.22,-4.55604,-4.55604,-0.377509,-0.377509,3.48855,-2.95467
87.23,-4.60383,-4.60383,-0.293284,-0.293284,3.46278,-3.04802
87.24,-4.64231,-4.64231,-0.210528,-0.210528,3.43148,-3.13375
87.25,-4.67138,-4.67138,-0.129429,-0.129429,3.39468,-3.21164
87.26,-4.69093,-4.69093,-0.0501668,-0.0501668,3.35246,-3.28151
87.27,-4.70088,-4.70088,0.0270884,0.0270884,3.30487,-3.34318
87.28,-4.70119,-4.70119,0.102173,0.102173,3.252,-3.39649
87.29,-4.69182,-4.69182,0.174934,0.174934,3.19392,-3.44132
87.3,-4.67275,-4.67275,0.245226,0.245226,3.13073,-3.47754
87.31,-4.644,-4.644,0.312913,0.312913,3.06254,-3.50507
87.32,-4.60558,-4.60558,0.37787,0.37787,2.98944,-3.52383
87.33,-4.55756,-4.55756,0.43998,0.43998,2.91157,-3.53379
87.34,-4.49999,-4.49999,0.499138,0.499138,2.82903,-3.53492
87.35,-4.43298,-4.43298,0.555249,0.555249,2.74197,-3.52721
87.36,-4.35664,-4.35664,0.608228,0.608228,2.65052,-3.51069
87.37,-4.27109,-4.27109,0.658,0.658,2.55484,-3.48539
87.38,-4.17648,-4.17648,0.704502,0.704502,2.45506,-3.45138
87.39,-4.07301,-4.07301,0.747682,0.747682,2.35136,-3.40874
87.4,-3.96084,-3.96084,0.787497,0.787497,2.2439,-3.35758
87.41,-3.84021,-3.84021,0.823916,0.823916,2.13284,-3.29803
87.42,-3.71133,-3.71133,0.856918,0.856918,2.01838,-3.23024
87.43,-3.57446,-3.57446,0.886495,0.886495,1.90068,-3.15437
87.44,-3.42987,-3.42987,0.912647,0.912647,1.77995,-3.07062
87.45,-3.27784,-3.27784,0.935386,0.935386,1.65636,-2.9792
87.46,-3.11866,-3.11866,0.954732,0.954732,1.53013,-2.88032
87.47,-2.95267,-2.95267,0.970719,0.970719,1.40145,-2.77425
87.48,-2.78018,-2.78018,0.983388,0.983388,1.27053,-2.66125
87.49,-2.60156,-2.60156,0.992791,0.992791,1.13757,-2.54159
87.5,-2.41715,-2.41715,0.998989,0.998989,1.0028,-2.41558
87.51,-2.22735,-2.22735,1.00205,1.00205,0.866416,-2.28353
87.52,-2.03252,-2.03252,1.00206,1.00206,0.72865,-2.14577
87.53,-1.83308,-1.83308,0.999097,0.999097,0.589719,-2.00266
87.54,-1.62944,-1.62944,0.993263,0.993263,0.449844,-1.85453
87.55,-1.42201,-1.42201,0.984661,0.984661,0.309249,-1.70177
87.56,-1.21122,-1.21122,0.973401,0.973401,0.16816,-1.54476
87.57,-0.997504,-0.997504,0.9596,0.9596,0.0268022,-1.38388
87.58,-0.781317,-0.781317,0.943384,0.943384,-0.114599,-1.21955
87.59,-0.563104,-0.563104,0.924883,0.924883,-0.255817,-1.05217
87.6,-0.343321,-0.343321,0.904234,0.904234,-0.396625,-0.882154
87.61,-0.122428,-0.122428,0.881576,0.881576,-0.536799,-0.709938
87.62,0.0991135,0.0991135,0.857056,0.857056,-0.676114,-0.535946
87.63,0.320837,0.320837,0.830824,0.830824,-0.814348,-0.360616
87.64,0.542277,0.542277,0.803034,0.803034,-0.951278,-0.184383
87.65,0.762966,0.762966,0.773842,0.773842,-1.08669,-0.00769041
87.66,0.98244,0.98244,0.743407,0.743407,-1.22036,0.169022
87.67,1.20023,1.20023,0.71189,0.71189,-1.35208,0.345312
87.68,1.41589,1.41589,0.679454,0.679454,-1.48163,0.520738
87.69,1.62895,1.62895,0.646262,0.646262,-1.60882,0.694863
87.7,1.83896,1.83896,0.612478,0.612478,-1.73343,0.867252
87.71,2.04547,2.04547,0.578266,0.578266,-1.85526,1.03747
87.72,2.24806,2.24806,0.54379,0.54379,-1.97413,1.2051
87.73,2.44628,2.44628,0.509209,0.509209,-2.08985,1.36972
87.74,2.63972,2.63972,0.474686,0.474686,-2.20221,1.53091
87.75,2.82795,2.82795,0.440377,0.440377,-2.31106,1.68827
87.76,3.0106,3.0106,0.406438,0.406438,-2.41621,1.84142
87.77,3.18725,3.18725,0.37302,0.37302,-2.51749,1.98996
87.78,3.35754,3.35754,0.340271,0.340271,-2.61475,2.13353
87.79,3.5211,3.5211,0.308335,0.308335,-2.70782,2.27177
87.8,3.67758,3.67758,0.277351,0.277351,-2.79656,2.40432
87.81,3.82665,3.82665,0.247453,0.247453,-2.88082,2.53087
87.82,3.96798,3.96798,0.21877,0.21877,-2.96048,2.6511
87.83,4.10129,4.10129,0.191422,0.191422,-3.0354,2.76469
87.84,4.22627,4.22627,0.165528,0.165528,-3.10547,2.87138
87.85,4.34266,4.34266,0.141195,0.141195,-3.17057,2.97089
87.86,4.45022,4.45022,0.118526,0.118526,-3.23059,3.06297
87.87,4.54871,4.54871,0.0976169,0.0976169,-3.28545,3.1474
87.88,4.63792,4.63792,0.0785534,0.0785534,-3.33505,3.22396
87.89,4.71766,4.71766,0.0614153,0.0614153,-3.37932,3.29246
87.9,4.78776,4.78776,0.0462735,0.0462735,-3.41818,3.35273
87.91,4.84806,4.84806,0.0331906,0.0331906,-3.45157,3.40463
87.92,4.89844,4.89844,0.0222206,0.0222206,-3.47944,3.44801
87.93,4.9388,4.9388,0.0134086,0.0134086,-3.50174,3.48278
87.94,4.96903,4.96903,0.00679084,0.00679084,-3.51844,3.50884
87.95,4.98909,4.98909,0.00239444,0.00239444,-3.52951,3.52613
87.96,4.99892,4.99892,0.000237443,0.000237443,-3.53494,3.5346
87.97,4.9985,4.9985,0.00032871,0.00032871,-3.53471,3.53424
87.98,4.98784,4.98784,0.00266786,0.00266786,-3.52882,3.52505
87.99,4.96696,4.96696,0.0072453,0.0072453,-3.51729,3.50705
88,4.9359,4.9359,0.0140423,0.0140423,-3.50014,3.48028
88.01,4.89473,4.89473,0.0230308,0.0230308,-3.47738,3.44481
88.02,4.84354,4.84354,0.0341741,0.0341741,-3.44906,3.40073
88.03,4.78243,4.78243,0.0474261,0.0474261,-3.41523,3.34815
88.04,4.71155,4.71155,0.0627323,0.0627323,-3.37592,3.28721
88.05,4.63103,4.63103,0.0800294,0.0800294,-3.33122,3.21804
88.06,4.54106,4.54106,0.0992458,0.0992458,-3.28119,3.14084
88.07,4.44183,4.44183,0.120301,0.120301,-3.22591,3.05578
88.08,4.33355,4.33355,0.143109,0.143109,-3.16547,2.96309
88.09,4.21644,4.21644,0.167572,0.167572,-3.09997,2.86299
88.1,4.09078,4.09078,0.193589,0.193589,-3.0295,2.75573
88.11,3.95681,3.95681,0.221049,0.221049,-2.95419,2.64158
88.12,3.81484,3.81484,0.249836,0.249836,-2.87416,2.52084
88.13,3.66515,3.66515,0.279827,0.279827,-2.78952,2.39379
88.14,3.50809,3.50809,0.310893,0.310893,-2.70043,2.26076
88.15,3.34397,3.34397,0.3429,0.3429,-2.60701,2.12207
88.16,3.17315,3.17315,0.375709,0.375709,-2.50942,1.97809
88.17,2.99599,2.99599,0.409174,0.409174,-2.40782,1.82916
88.18,2.81288,2.81288,0.443149,0.443149,-2.30236,1.67566
88.19,2.62421,2.62421,0.477481,0.477481,-2.19323,1.51797
88.2,2.43037,2.43037,0.512015,0.512015,-2.08058,1.35648
88.21,2.23178,2.23178,0.546593,0.546593,-1.9646,1.19161
88.22,2.02886,2.02886,0.581054,0.581054,-1.84549,1.02375
88.23,1.82204,1.82204,0.615238,0.615238,-1.72342,0.853339
88.24,1.61177,1.61177,0.648979,0.648979,-1.59859,0.680794
88.25,1.39848,1.39848,0.682116,0.682116,-1.4712,0.506547
88.26,1.18264,1.18264,0.714483,0.714483,-1.34147,0.331034
88.27,0.964688,0.964688,0.745919,0.745919,-1.20958,0.154693
88.28,0.745098,0.745098,0.776259,0.776259,-1.07576,-0.0220339
88.29,0.524331,0.524331,0.805343,0.805343,-0.940222,-0.198706
88.3,0.302851,0.302851,0.833013,0.833013,-0.803177,-0.374881
88.31,0.0811246,0.0811246,0.859112,0.859112,-0.664847,-0.55012
88.32,-0.140381,-0.140381,0.883486,0.883486,-0.525454,-0.723983
88.33,-0.361202,-0.361202,0.905986,0.905986,-0.38522,-0.896037
88.34,-0.580875,-0.580875,0.926467,0.926467,-0.24437,-1.06585
88.35,-0.79894,-0.79894,0.944787,0.944787,-0.103129,-1.233
88.36,-1.01494,-1.01494,0.960812,0.960812,0.0382766,-1.39707
88.37,-1.22843,-1.22843,0.97441,0.97441,0.179621,-1.55765
88.38,-1.43897,-1.43897,0.985459,0.985459,0.320679,-1.71433
88.39,-1.64611,-1.64611,0.993841,0.993841,0.461223,-1.86673
88.4,-1.84943,-1.84943,0.999446,0.999446,0.60103,-2.01446
88.41,-2.04851,-2.04851,1.00217,1.00217,0.739875,-2.15716
88.42,-2.24294,-2.24294,1.00192,1.00192,0.877536,-2.29446
88.43,-2.43232,-2.43232,0.998604,0.998604,1.01379,-2.42603
88.44,-2.61627,-2.61627,0.992148,0.992148,1.14843,-2.55154
88.45,-2.79441,-2.79441,0.982483,0.982483,1.28123,-2.67067
88.46,-2.96638,-2.96638,0.969546,0.969546,1.41198,-2.78312
88.47,-3.13184,-3.13184,0.953288,0.953288,1.54047,-2.88862
88.48,-3.29044,-3.29044,0.933667,0.933667,1.66649,-2.9869
88.49,-3.44188,-3.44188,0.910653,0.910653,1.78985,-3.07771
88.5,-3.58586,-3.58586,0.884223,0.884223,1.91035,-3.16083
88.51,-3.72209,-3.72209,0.854368,0.854368,2.02779,-3.23605
88.52,-3.85031,-3.85031,0.821088,0.821088,2.14198,-3.30318
88.53,-3.97026,-3.97026,0.784392,0.784392,2.25275,-3.36205
88.54,-4.08173,-4.08173,0.744303,0.744303,2.35992,-3.41252
88.55,-4.18449,-4.18449,0.700852,0.700852,2.46331,-3.45446
88.56,-4.27837,-4.27837,0.654083,0.654083,2.56276,-3.48777
88.57,-4.36318,-4.36318,0.604048,0.604048,2.6581,-3.51236
88.58,-4.43877,-4.43877,0.550812,0.550812,2.7492,-3.52817
88.59,-4.50502,-4.50502,0.49445,0.49445,2.8359,-3.53516
88.6,-4.56181,-4.56181,0.435049,0.435049,2.91806,-3.53331
88.61,-4.60906,-4.60906,0.372704,0.372704,2.99556,-3.52264
88.62,-4.64669,-4.64669,0.307521,0.307521,3.06826,-3.50316
88.63,-4.67466,-4.67466,0.239618,0.239618,3.13605,-3.47492
88.64,-4.69294,-4.69294,0.169121,0.169121,3.19883,-3.438
88.65,-4.70153,-4.70153,0.0961657,0.0961657,3.25648,-3.39248
88.66,-4.70044,-4.70044,0.0208987,0.0208987,3.30893,-3.33849
88.67,-4.6897,-4.6897,-0.0565256,-0.0565256,3.35609,-3.27615
88.68,-4.66938,-4.66938,-0.135944,-0.135944,3.39787,-3.20562
88.69,-4.63954,-4.63954,-0.217184,-0.217184,3.43422,-3.12708
88.7,-4.6003,-4.6003,-0.300066,-0.300066,3.46508,-3.04072
88.71,-4.55176,-4.55176,-0.384402,-0.384402,3.49039,-2.94677
88.72,-4.49406,-4.49406,-0.469998,-0.469998,3.51012,-2.84544
88.73,-4.42737,-4.42737,-0.556652,-0.556652,3.52423,-2.73701
88.74,-4.35185,-4.35185,-0.644157,-0.644157,3.53271,-2.62173
88.75,-4.2677,-4.2677,-0.7323,-0.7323,3.53553,-2.49991
88.76,-4.17513,-4.17513,-0.820861,-0.820861,3.5327,-2.37183
88.77,-4.07438,-4.07438,-0.909618,-0.909618,3.52422,-2.23782
88.78,-3.96568,-3.96568,-0.998343,-0.998343,3.5101,-2.09823
88.79,-3.84931,-3.84931,-1.08681,-1.08681,3.49036,-1.95338
88.8,-3.72553,-3.72553,-1.17477,-1.17477,3.46504,-1.80366
88.81,-3.59465,-3.59465,-1.26201,-1.26201,3.43417,-1.64942
88.82,-3.45696,-3.45696,-1.34827,-1.34827,3.39781,-1.49107
88.83,-3.3128,-3.3128,-1.43333,-1.43333,3.35602,-1.32898
88.84,-3.16249,-3.16249,-1.51694,-1.51694,3.30886,-1.16358
88.85,-3.00638,-3.00638,-1.59886,-1.59886,3.2564,-0.995265
88.86,-2.84483,-2.84483,-1.67886,-1.67886,3.19873,-0.824464
88.87,-2.6782,-2.6782,-1.7567,-1.7567,3.13595,-0.651602
88.88,-2.50688,-2.50688,-1.83214,-1.83214,3.06815,-0.477111
88.89,-2.33124,-2.33124,-1.90496,-1.90496,2.99544,-0.301429
88.9,-2.15168,-2.15168,-1.97491,-1.97491,2.91794,-0.124992
88.91,-1.9686,-1.9686,-2.04179,-2.04179,2.83577,0.0517567
88.92,-1.7824,-1.7824,-2.10537,-2.10537,2.74907,0.228376
88.93,-1.59349,-1.59349,-2.16544,-2.16544,2.65796,0.404425
88.94,-1.4023,-1.4023,-2.22178,-2.22178,2.56261,0.579462
88.95,-1.20922,-1.20922,-2.2742,-2.2742,2.46315,0.753052
88.96,-1.0147,-1.0147,-2.3225,-2.3225,2.35976,0.924759
88.97,-0.819136,-0.819136,-2.3665,-2.3665,2.25259,1.09415
88.98,-0.622959,-0.622959,-2.40602,-2.40602,2.14181,1.26082
88.99,-0.426588,-0.426588,-2.44089,-2.44089,2.02761,1.42433
89,-0.230441,-0.230441,-2.47094,-2.47094,1.91017,1.58427
89.01,-0.0349329,-0.0349329,-2.49604,-2.49604,1.78967,1.74026
89.02,0.159524,0.159524,-2.51603,-2.51603,1.6663,1.8919
89.03,0.352522,0.352522,-2.5308,-2.5308,1.54027,2.03882
89.04,0.543659,0.543659,-2.54022,-2.54022,1.41178,2.18063
89.05,0.732539,0.732539,-2.54419,-2.54419,1.28103,2.317
89.06,0.918773,0.918773,-2.54261,-2.54261,1.14823,2.44757
89.07,1.10198,1.10198,-2.53541,-2.53541,1.01359,2.57202
89.08,1.28179,1.28179,-2.52252,-2.52252,0.877329,2.69005
89.09,1.45783,1.45783,-2.50388,-2.50388,0.739666,2.80135
89.1,1.62977,1.62977,-2.47945,-2.47945,0.60082,2.90566
89.11,1.79724,1.79724,-2.44921,-2.44921,0.461012,3.00269
89.12,1.95993,1.95993,-2.41314,-2.41314,0.320466,3.09223
89.13,2.11752,2.11752,-2.37124,-2.37124,0.179408,3.17403
89.14,2.2697,2.2697,-2.32353,-2.32353,0.0380635,3.2479
89.15,2.41618,2.41618,-2.27004,-2.27004,-0.103342,3.31366
89.16,2.55669,2.55669,-2.2108,-2.2108,-0.244583,3.37113
89.17,2.69097,2.69097,-2.14589,-2.14589,-0.385432,3.42017
89.18,2.81876,2.81876,-2.07536,-2.07536,-0.525665,3.46067
89.19,2.93985,2.93985,-1.99931,-1.99931,-0.665057,3.49251
89.2,3.05401,3.05401,-1.91785,-1.91785,-0.803384,3.51563
89.21,3.16104,3.16104,-1.83108,-1.83108,-0.940427,3.52996
89.22,3.26077,3.26077,-1.73913,-1.73913,-1.07597,3.53547
89.23,3.35304,3.35304,-1.64215,-1.64215,-1.20978,3.53214
89.24,3.4377,3.4377,-1.5403,-1.5403,-1.34166,3.51998
89.25,3.51462,3.51462,-1.43375,-1.43375,-1.4714,3.49902
89.26,3.58369,3.58369,-1.32267,-1.32267,-1.59878,3.46932
89.27,3.64481,3.64481,-1.20727,-1.20727,-1.7236,3.43094
89.28,3.69793,3.69793,-1.08776,-1.08776,-1.84567,3.38399
89.29,3.74298,3.74298,-0.964355,-0.964355,-1.96478,3.32859
89.3,3.77992,3.77992,-0.837289,-0.837289,-2.08075,3.26486
89.31,3.80873,3.80873,-0.706807,-0.706807,-2.19339,3.19297
89.32,3.82943,3.82943,-0.573163,-0.573163,-2.30253,3.1131
89.33,3.84201,3.84201,-0.436621,-0.436621,-2.40797,3.02545
89.34,3.84653,3.84653,-0.297456,-0.297456,-2.50957,2.93024
89.35,3.84302,3.84302,-0.155952,-0.155952,-2.60715,2.8277
89.36,3.83157,3.83157,-0.0123983,-0.0123983,-2.70056,2.7181
89.37,3.81226,3.81226,0.132904,0.132904,-2.78965,2.6017
89.38,3.7852,3.7852,0.279649,0.279649,-2.87428,2.4788
89.39,3.7505,3.7505,0.427523,0.427523,-2.95431,2.3497
89.4,3.70831,3.70831,0.576208,0.576208,-3.02961,2.21473
89.41,3.65878,3.65878,0.725381,0.725381,-3.10007,2.07423
89.42,3.60208,3.60208,0.874712,0.874712,-3.16557,1.92854
89.43,3.53838,3.53838,1.02387,1.02387,-3.226,1.77803
89.44,3.4679,3.4679,1.17252,1.17252,-3.28127,1.62307
89.45,3.39083,3.39083,1.32033,1.32033,-3.33129,1.46406
89.46,3.30741,3.30741,1.46696,1.46696,-3.37599,1.30139
89.47,3.21787,3.21787,1.61207,1.61207,-3.41528,1.13547
89.48,3.12245,3.12245,1.75532,1.75532,-3.44911,0.966707
89.49,3.02143,3.02143,1.89638,1.89638,-3.47742,0.79553
89.5,2.91507,2.91507,2.03491,2.03491,-3.50017,0.622364
89.51,2.80365,2.80365,2.17059,2.17059,-3.51732,0.447642
89.52,2.68746,2.68746,2.30307,2.30307,-3.52884,0.271802
89.53,2.56679,2.56679,2.43204,2.43204,-3.53471,0.0952822
89.54,2.44196,2.44196,2.55719,2.55719,-3.53493,-0.0814757
89.55,2.31328,2.31328,2.67819,2.67819,-3.5295,-0.25803
89.56,2.18106,2.18106,2.79474,2.79474,-3.51842,-0.433939
89.57,2.04562,2.04562,2.90654,2.90654,-3.50171,-0.608764
89.58,1.9073,1.9073,3.01331,3.01331,-3.4794,-0.782067
89.59,1.76643,1.76643,3.11476,3.11476,-3.45152,-0.953416
89.6,1.62333,1.62333,3.21062,3.21062,-3.41812,-1.12238
89.61,1.47836,1.47836,3.30063,3.30063,-3.37925,-1.28854
89.62,1.33183,1.33183,3.38454,3.38454,-3.33498,-1.45148
89.63,1.18411,1.18411,3.46211,3.46211,-3.28537,-1.61079
89.64,1.03551,1.03551,3.53312,3.53312,-3.23051,-1.76608
89.65,0.886376,0.886376,3.59735,3.59735,-3.17047,-1.91695
89.66,0.737046,0.737046,3.65461,3.65461,-3.10537,-2.06303
89.67,0.587849,0.587849,3.70471,3.70471,-3.03529,-2.20395
89.68,0.439114,0.439114,3.74748,3.74748,-2.96037,-2.33936
89.69,0.291165,0.291165,3.78276,3.78276,-2.8807,-2.46893
89.7,0.144321,0.144321,3.81043,3.81043,-2.79643,-2.59233
89.71,-0.00110558,-0.00110558,3.83034,3.83034,-2.70768,-2.70924
89.72,-0.144806,-0.144806,3.84241,3.84241,-2.6146,-2.81939
89.73,-0.286482,-0.286482,3.84654,3.84654,-2.51734,-2.92249
89.74,-0.42584,-0.42584,3.84265,3.84265,-2.41605,-3.01828
89.75,-0.562596,-0.562596,3.8307,3.8307,-2.3109,-3.10653
89.76,-0.696476,-0.696476,3.81064,3.81064,-2.20205,-3.18701
89.77,-0.827215,-0.827215,3.78246,3.78246,-2.08967,-3.25953
89.78,-0.954556,-0.954556,3.74615,3.74615,-1.97396,-3.3239
89.79,-1.07826,-1.07826,3.70174,3.70174,-1.85508,-3.37997
89.8,-1.19808,-1.19808,3.64925,3.64925,-1.73324,-3.42758
89.81,-1.31381,-1.31381,3.58875,3.58875,-1.60863,-3.46663
89.82,-1.42523,-1.42523,3.5203,3.5203,-1.48144,-3.49701
89.83,-1.53214,-1.53214,3.44399,3.44399,-1.35188,-3.51866
89.84,-1.63437,-1.63437,3.35993,3.35993,-1.22016,-3.5315
89.85,-1.73173,-1.73173,3.26825,3.26825,-1.08648,-3.53552
89.86,-1.82408,-1.82408,3.1691,3.1691,-0.951073,-3.53071
89.87,-1.91126,-1.91126,3.06263,3.06263,-0.81414,-3.51707
89.88,-1.99314,-1.99314,2.94902,2.94902,-0.675905,-3.49464
89.89,-2.06962,-2.06962,2.82847,2.82847,-0.536588,-3.46347
89.9,-2.14058,-2.14058,2.70119,2.70119,-0.396413,-3.42365
89.91,-2.20593,-2.20593,2.56741,2.56741,-0.255604,-3.37526
89.92,-2.26561,-2.26561,2.42738,2.42738,-0.114386,-3.31845
89.93,-2.31956,-2.31956,2.28135,2.28135,0.0270153,-3.25334
89.94,-2.36772,-2.36772,2.12961,2.12961,0.168373,-3.18009
89.95,-2.41008,-2.41008,1.97243,1.97243,0.309462,-3.0989
89.96,-2.4466,-2.4466,1.81013,1.81013,0.450055,-3.00996
89.97,-2.4773,-2.4773,1.64301,1.64301,0.589929,-2.9135
89.98,-2.50218,-2.50218,1.47142,1.47142,0.728858,-2.80976
89.99,-2.52127,-2.52127,1.29568,1.29568,0.866622,-2.69899
90,-2.53461,-2.53461,1.11615,1.11615,1.003,-2.58148
90.01,-2.54225,-2.54225,0.9332,0.9332,1.13777,-2.45752
90.02,-2.54426,-2.54426,0.747189,0.747189,1.27072,-2.32741
90.03,-2.54073,-2.54073,0.558502,0.558502,1.40164,-2.19148
90.04,-2.53173,-2.53173,0.367527,0.367527,1.53032,-2.05008
90.05,-2.51738,-2.51738,0.17466,0.17466,1.65655,-1.90356
90.06,-2.49779,-2.49779,-0.0196977,-0.0196977,1.78013,-1.75227
90.07,-2.47308,-2.47308,-0.215138,-0.215138,1.90086,-1.59661
90.08,-2.44341,-2.44341,-0.411251,-0.411251,2.01855,-1.43695
90.09,-2.40892,-2.40892,-0.607619,-0.607619,2.13301,-1.27371
90.1,-2.36976,-2.36976,-0.803826,-0.803826,2.24406,-1.10728
90.11,-2.3261,-2.3261,-0.999451,-0.999451,2.35152,-0.938082
90.12,-2.27813,-2.27813,-1.19407,-1.19407,2.45522,-0.76654
90.13,-2.22602,-2.22602,-1.38727,-1.38727,2.55498,-0.593082
90.14,-2.16997,-2.16997,-1.57863,-1.57863,2.65067,-0.418142
90.15,-2.11019,-2.11019,-1.76773,-1.76773,2.74211,-0.242156
90.16,-2.04688,-2.04688,-1.95416,-1.95416,2.82916,-0.0655655
90.17,-1.98025,-1.98025,-2.1375,-2.1375,2.91169,0.111189
90.18,-1.91053,-1.91053,-2.31735,-2.31735,2.98956,0.287666
90.19,-1.83793,-1.83793,-2.49331,-2.49331,3.06265,0.463423
90.2,-1.76268,-1.76268,-2.66498,-2.66498,3.13083,0.638023
90.21,-1.68503,-1.68503,-2.83199,-2.83199,3.19401,0.811027
90.22,-1.60519,-1.60519,-2.99395,-2.99395,3.25208,0.982005
90.23,-1.52341,-1.52341,-3.1505,-3.1505,3.30495,1.15053
90.24,-1.43992,-1.43992,-3.30127,-3.30127,3.35253,1.31618
90.25,-1.35497,-1.35497,-3.44593,-3.44593,3.39474,1.47853
90.26,-1.26879,-1.26879,-3.58413,-3.58413,3.43153,1.63719
90.27,-1.18162,-1.18162,-3.71556,-3.71556,3.46283,1.79176
90.28,-1.0937,-1.0937,-3.8399,-3.8399,3.48858,1.94186
90.29,-1.00527,-1.00527,-3.95686,-3.95686,3.50876,2.08709
90.3,-0.916554,-0.916554,-4.06617,-4.06617,3.52332,2.22711
90.31,-0.827791,-0.827791,-4.16755,-4.16755,3.53224,2.36157
90.32,-0.739206,-0.739206,-4.26077,-4.26077,3.53552,2.49012
90.33,-0.651023,-0.651023,-4.34558,-4.34558,3.53313,2.61245
90.34,-0.563461,-0.563461,-4.42178,-4.42178,3.5251,2.72825
90.35,-0.476732,-0.476732,-4.48917,-4.48917,3.51143,2.83723
90.36,-0.391046,-0.391046,-4.54758,-4.54758,3.49214,2.93911
90.37,-0.306604,-0.306604,-4.59684,-4.59684,3.46726,3.03365
90.38,-0.223602,-0.223602,-4.63681,-4.63681,3.43683,3.12061
90.39,-0.142227,-0.142227,-4.66739,-4.66739,3.40091,3.19977
90.4,-0.0626606,-0.0626606,-4.68846,-4.68846,3.35955,3.27093
90.41,0.0149255,0.0149255,-4.69994,-4.69994,3.31281,3.33392
90.42,0.0903668,0.0903668,-4.70179,-4.70179,3.26077,3.38857
90.43,0.163508,0.163508,-4.69396,-4.69396,3.20352,3.43475
90.44,0.234202,0.234202,-4.67644,-4.67644,3.14114,3.47235
90.45,0.302312,0.302312,-4.64923,-4.64923,3.07373,3.50127
90.46,0.367712,0.367712,-4.61235,-4.61235,3.00141,3.52143
90.47,0.430283,0.430283,-4.56585,-4.56585,2.92429,3.5328
90.48,0.489918,0.489918,-4.5098,-4.5098,2.84248,3.53533
90.49,0.54652,0.54652,-4.44428,-4.44428,2.75614,3.52903
90.5,0.600003,0.600003,-4.36942,-4.36942,2.66538,3.51391
90.51,0.65029,0.65029,-4.28532,-4.28532,2.57035,3.49
90.52,0.697317,0.697317,-4.19215,-4.19215,2.47122,3.45738
90.53,0.741029,0.741029,-4.09007,-4.09007,2.36813,3.41611
90.54,0.781382,0.781382,-3.97928,-3.97928,2.26126,3.3663
90.55,0.818344,0.818344,-3.85998,-3.85998,2.15076,3.30807
90.56,0.851891,0.851891,-3.7324,-3.7324,2.03683,3.24158
90.57,0.882014,0.882014,-3.59679,-3.59679,1.91963,3.16699
90.58,0.908711,0.908711,-3.4534,-3.4534,1.79937,3.08448
90.59,0.931992,0.931992,-3.30254,-3.30254,1.67623,2.99426
90.6,0.951877,0.951877,-3.14448,-3.14448,1.5504,2.89656
90.61,0.968396,0.968396,-2.97955,-2.97955,1.4221,2.79162
90.62,0.981591,0.981591,-2.80807,-2.80807,1.29152,2.6797
90.63,0.99151,0.99151,-2.6304,-2.6304,1.15887,2.56108
90.64,0.998213,0.998213,-2.4469,-2.4469,1.02437,2.43606
90.65,1.00177,1.00177,-2.25792,-2.25792,0.888235,2.30495
90.66,1.00226,1.00226,-2.06387,-2.06387,0.750675,2.16808
90.67,0.999763,0.999763,-1.86514,-1.86514,0.611914,2.02579
90.68,0.994381,0.994381,-1.66214,-1.66214,0.472175,1.87844
90.69,0.986212,0.986212,-1.45528,-1.45528,0.33168,1.72639
90.7,0.975367,0.975367,-1.24499,-1.24499,0.190655,1.57003
90.71,0.961963,0.961963,-1.03172,-1.03172,0.0493244,1.40975
90.72,0.946123,0.946123,-0.815896,-0.815896,-0.092085,1.24594
90.73,0.927977,0.927977,-0.597975,-0.597975,-0.233347,1.07901
90.74,0.90766,0.90766,-0.378411,-0.378411,-0.374236,0.90939
90.75,0.885313,0.885313,-0.157664,-0.157664,-0.514526,0.737496
90.76,0.86108,0.86108,0.0638054,0.0638054,-0.653993,0.563758
90.77,0.835111,0.835111,0.285531,0.285531,-0.792413,0.388611
90.78,0.807558,0.807558,0.507047,0.507047,-0.929566,0.212493
90.79,0.778579,0.778579,0.727887,0.727887,-1.06523,0.0358442
90.8,0.748331,0.748331,0.947586,0.947586,-1.19919,-0.140895
90.81,0.716975,0.716975,1.16568,1.16568,-1.33124,-0.317281
90.82,0.684674,0.684674,1.3817,1.3817,-1.46115,-0.492875
90.83,0.651592,0.651592,1.59521,1.59521,-1.58873,-0.667236
90.84,0.617892,0.617892,1.80573,1.80573,-1.71376,-0.83993
90.85,0.583737,0.583737,2.01283,2.01283,-1.83605,-1.01052
90.86,0.549292,0.549292,2.21607,2.21607,-1.95541,-1.17859
90.87,0.514717,0.514717,2.41502,2.41502,-2.07164,-1.34372
90.88,0.480174,0.480174,2.60925,2.60925,-2.18455,-1.50548
90.89,0.445821,0.445821,2.79834,2.79834,-2.29397,-1.66348
90.9,0.411812,0.411812,2.9819,2.9819,-2.39972,-1.81733
90.91,0.378301,0.378301,3.15953,3.15953,-2.50163,-1.96663
90.92,0.345436,0.345436,3.33086,3.33086,-2.59953,-2.11101
90.93,0.313361,0.313361,3.49551,3.49551,-2.69328,-2.25012
90.94,0.282217,0.282217,3.65315,3.65315,-2.78272,-2.38361
90.95,0.252137,0.252137,3.80342,3.80342,-2.86771,-2.51113
90.96,0.223252,0.223252,3.94601,3.94601,-2.94811,-2.63238
90.97,0.195683,0.195683,4.08061,4.08061,-3.02379,-2.74706
90.98,0.16955,0.16955,4.20693,4.20693,-3.09464,-2.85486
90.99,0.144962,0.144962,4.32471,4.32471,-3.16054,-2.95553
91,0.122021,0.122021,4.43369,4.43369,-3.22138,-3.04881
91.01,0.100826,0.100826,4.53364,4.53364,-3.27706,-3.13447
91.02,0.0814626,0.0814626,4.62434,4.62434,-3.32751,-3.2123
91.03,0.0640129,0.0640129,4.7056,4.7056,-3.37263,-3.2821
91.04,0.0485487,0.0485487,4.77724,4.77724,-3.41235,-3.34369
91.05,0.0351341,0.0351341,4.83912,4.83912,-3.44662,-3.39693
91.06,0.0238244,0.0238244,4.89109,4.89109,-3.47537,-3.44168
91.07,0.014666,0.014666,4.93305,4.93305,-3.49856,-3.47782
91.08,0.0076967,0.0076967,4.9649,4.9649,-3.51616,-3.50527
91.09,0.00294506,0.00294506,4.98658,4.98658,-3.52813,-3.52396
91.1,0.000430576,0.000430576,4.99804,4.99804,-3.53445,-3.53384
91.11,0.000163559,0.000163559,4.99925,4.99925,-3.53512,-3.53489
91.12,0.0021451,0.0021451,4.99022,4.99022,-3.53014,-3.5271
91.13,0.00636708,0.00636708,4.97097,4.97097,-3.51951,-3.5105
91.14,0.0128122,0.0128122,4.94152,4.94152,-3.50325,-3.48513
91.15,0.021454,0.021454,4.90196,4.90196,-3.48138,-3.45104
91.16,0.0322569,0.0322569,4.85236,4.85236,-3.45394,-3.40832
91.17,0.0451765,0.0451765,4.79282,4.79282,-3.42098,-3.35709
91.18,0.0601596,0.0601596,4.72348,4.72348,-3.38255,-3.29747
91.19,0.0771442,0.0771442,4.64449,4.64449,-3.3387,-3.2296
91.2,0.09606,0.09606,4.55602,4.55602,-3.28951,-3.15367
91.21,0.116828,0.116828,4.45824,4.45824,-3.23507,-3.06984
91.22,0.139363,0.139363,4.35139,4.35139,-3.17544,-2.97835
91.23,0.163569,0.163569,4.23568,4.23568,-3.11074,-2.87941
91.24,0.189346,0.189346,4.11135,4.11135,-3.04105,-2.77328
91.25,0.216583,0.216583,3.97869,3.97869,-2.96651,-2.66021
91.26,0.245167,0.245167,3.83797,3.83797,-2.88722,-2.5405
91.27,0.274975,0.274975,3.6895,3.6895,-2.8033,-2.41443
91.28,0.305879,0.305879,3.53358,3.53358,-2.71491,-2.28233
91.29,0.337745,0.337745,3.37056,3.37056,-2.62217,-2.14453
91.3,0.370435,0.370435,3.20079,3.20079,-2.52524,-2.00136
91.31,0.403807,0.403807,3.02462,3.02462,-2.42426,-1.85319
91.32,0.43771,0.43771,2.84243,2.84243,-2.31941,-1.70039
91.33,0.471996,0.471996,2.65461,2.65461,-2.21085,-1.54334
91.34,0.506508,0.506508,2.46157,2.46157,-2.09875,-1.38244
91.35,0.54109,0.54109,2.26371,2.26371,-1.98329,-1.21807
91.36,0.57558,0.57558,2.06145,2.06145,-1.86466,-1.05067
91.37,0.609819,0.609819,1.85522,1.85522,-1.74305,-0.880634
91.38,0.643642,0.643642,1.64547,1.64547,-1.61865,-0.708399
91.39,0.676886,0.676886,1.43263,1.43263,-1.49166,-0.534394
91.4,0.709387,0.709387,1.21717,1.21717,-1.36228,-0.359054
91.41,0.740981,0.740981,0.999521,0.999521,-1.23072,-0.182815
91.42,0.771507,0.771507,0.780162,0.780162,-1.0972,-0.00612036
91.43,0.800802,0.800802,0.559551,0.559551,-0.961915,0.17059
91.44,0.828707,0.828707,0.338153,0.338153,-0.825095,0.346874
91.45,0.855066,0.855066,0.116435,0.116435,-0.686955,0.522291
91.46,0.879725,0.879725,-0.105137,-0.105137,-0.547717,0.696403
91.47,0.902534,0.902534,-0.326098,-0.326098,-0.407602,0.868774
91.48,0.923346,0.923346,-0.545984,-0.545984,-0.266835,1.03897
91.49,0.94202,0.94202,-0.764336,-0.764336,-0.125641,1.20658
91.5,0.958419,0.958419,-0.980698,-0.980698,0.0157538,1.37116
91.51,0.972412,0.972412,-1.19462,-1.19462,0.157123,1.53232
91.52,0.983875,0.983875,-1.40565,-1.40565,0.298242,1.68965
91.53,0.99269,0.99269,-1.61336,-1.61336,0.438883,1.84276
91.54,0.998743,0.998743,-1.81732,-1.81732,0.578822,1.99126
91.55,1.00193,1.00193,-2.0171,-2.0171,0.717835,2.13478
91.56,1.00216,1.00216,-2.2123,-2.2123,0.8557,2.27297
91.57,0.99934,0.99934,-2.40252,-2.40252,0.992195,2.40548
91.58,0.99339,0.99339,-2.58736,-2.58736,1.1271,2.53197
91.59,0.98424,0.98424,-2.76644,-2.76644,1.26021,2.65213
91.6,0.971828,0.971828,-2.93942,-2.93942,1.3913,2.76567
91.61,0.956102,0.956102,-3.10594,-3.10594,1.52016,2.87229
91.62,0.937019,0.937019,-3.26565,-3.26565,1.64659,2.97174
91.63,0.914546,0.914546,-3.41826,-3.41826,1.77039,3.06375
91.64,0.888662,0.888662,-3.56344,-3.56344,1.89136,3.14811
91.65,0.859353,0.859353,-3.70092,-3.70092,2.00929,3.2246
91.66,0.826617,0.826617,-3.83043,-3.83043,2.12402,3.29303
91.67,0.790465,0.790465,-3.95172,-3.95172,2.23535,3.35323
91.68,0.750914,0.750914,-4.06455,-4.06455,2.3431,3.40505
91.69,0.707996,0.707996,-4.16872,-4.16872,2.4471,3.44836
91.7,0.661752,0.661752,-4.26402,-4.26402,2.54719,3.48305
91.71,0.612233,0.612233,-4.35028,-4.35028,2.6432,3.50903
91.72,0.559502,0.559502,-4.42735,-4.42735,2.73498,3.52624
91.73,0.503633,0.503633,-4.4951,-4.4951,2.82239,3.53464
91.74,0.444709,0.444709,-4.5534,-4.5534,2.90529,3.5342
91.75,0.382826,0.382826,-4.60218,-4.60218,2.98353,3.52493
91.76,0.318088,0.318088,-4.64134,-4.64134,3.057,3.50685
91.77,0.25061,0.25061,-4.67086,-4.67086,3.12559,3.48
91.78,0.180517,0.180517,-4.69068,-4.69068,3.18917,3.44446
91.79,0.107944,0.107944,-4.70081,-4.70081,3.24765,3.4003
91.8,0.0330347,0.0330347,-4.70126,-4.70126,3.30093,3.34765
91.81,-0.0440568,-0.0440568,-4.69205,-4.69205,3.34893,3.28663
91.82,-0.123169,-0.123169,-4.67325,-4.67325,3.39158,3.21739
91.83,-0.20413,-0.20413,-4.64493,-4.64493,3.4288,3.14012
91.84,-0.286763,-0.286763,-4.60717,-4.60717,3.46054,3.05499
91.85,-0.370881,-0.370881,-4.56011,-4.56011,3.48673,2.96223
91.86,-0.456289,-0.456289,-4.50386,-4.50386,3.50735,2.86206
91.87,-0.542789,-0.542789,-4.43859,-4.43859,3.52236,2.75474
91.88,-0.630172,-0.630172,-4.36446,-4.36446,3.53174,2.64054
91.89,-0.718228,-0.718228,-4.28167,-4.28167,3.53546,2.51974
91.9,-0.806737,-0.806737,-4.19043,-4.19043,3.53353,2.39263
91.91,-0.895478,-0.895478,-4.09096,-4.09096,3.52595,2.25955
91.92,-0.984224,-0.984224,-3.98351,-3.98351,3.51272,2.12082
91.93,-1.07274,-1.07274,-3.86834,-3.86834,3.49388,1.97679
91.94,-1.16081,-1.16081,-3.74573,-3.74573,3.46944,1.82781
91.95,-1.24817,-1.24817,-3.61595,-3.61595,3.43946,1.67427
91.96,-1.33461,-1.33461,-3.47933,-3.47933,3.40397,1.51655
91.97,-1.41988,-1.41988,-3.33618,-3.33618,3.36304,1.35503
91.98,-1.50373,-1.50373,-3.18683,-3.18683,3.31673,1.19013
91.99,-1.58594,-1.58594,-3.03162,-3.03162,3.26511,1.02225
92,-1.66626,-1.66626,-2.87091,-2.87091,3.20826,0.851815
92.01,-1.74446,-1.74446,-2.70507,-2.70507,3.14629,0.679253
92.02,-1.8203,-1.8203,-2.53446,-2.53446,3.07928,0.504993
92.03,-1.89354,-1.89354,-2.35949,-2.35949,3.00735,0.329471
92.04,-1.96397,-1.96397,-2.18052,-2.18052,2.9306,0.153125
92.05,-2.03136,-2.03136,-1.99797,-1.99797,2.84917,-0.0236039
92.06,-2.09547,-2.09547,-1.81224,-1.81224,2.76317,-0.200274
92.07,-2.15611,-2.15611,-1.62374,-1.62374,2.67276,-0.376443
92.08,-2.21306,-2.21306,-1.43288,-1.43288,2.57807,-0.551671
92.09,-2.26612,-2.26612,-1.24008,-1.24008,2.47926,-0.72552
92.1,-2.31509,-2.31509,-1.04576,-1.04576,2.37648,-0.897556
92.11,-2.35979,-2.35979,-0.850334,-0.850334,2.2699,-1.06735
92.12,-2.40004,-2.40004,-0.654227,-0.654227,2.15969,-1.23447
92.13,-2.43565,-2.43565,-0.457859,-0.457859,2.04602,-1.39851
92.14,-2.46649,-2.46649,-0.261648,-0.261648,1.92908,-1.55906
92.15,-2.49238,-2.49238,-0.0660108,-0.0660108,1.80906,-1.7157
92.16,-2.5132,-2.5132,0.128641,0.128641,1.68613,-1.86806
92.17,-2.5288,-2.5288,0.321898,0.321898,1.56052,-2.01575
92.18,-2.53908,-2.53908,0.513358,0.513358,1.4324,-2.1584
92.19,-2.54392,-2.54392,0.702624,0.702624,1.302,-2.29566
92.2,-2.54324,-2.54324,0.889305,0.889305,1.16951,-2.42717
92.21,-2.53694,-2.53694,1.07302,1.07302,1.03515,-2.55263
92.22,-2.52496,-2.52496,1.25339,1.25339,0.899131,-2.6717
92.23,-2.50723,-2.50723,1.43006,1.43006,0.761676,-2.78409
92.24,-2.48373,-2.48373,1.60267,1.60267,0.623003,-2.88952
92.25,-2.45442,-2.45442,1.77088,1.77088,0.483333,-2.98774
92.26,-2.41927,-2.41927,1.93435,1.93435,0.342891,-3.07848
92.27,-2.3783,-2.3783,2.09278,2.09278,0.201899,-3.16153
92.28,-2.33152,-2.33152,2.24584,2.24584,0.0605848,-3.23668
92.29,-2.27894,-2.27894,2.39325,2.39325,-0.0808266,-3.30374
92.3,-2.22062,-2.22062,2.53473,2.53473,-0.222109,-3.36254
92.31,-2.1566,-2.1566,2.67001,2.67001,-0.363035,-3.41293
92.32,-2.08697,-2.08697,2.79885,2.79885,-0.503381,-3.4548
92.33,-2.01179,-2.01179,2.92102,2.92102,-0.642922,-3.48803
92.34,-1.93118,-1.93118,3.0363,3.0363,-0.781434,-3.51254
92.35,-1.84525,-1.84525,3.14448,3.14448,-0.918696,-3.52827
92.36,-1.75411,-1.75411,3.24539,3.24539,-1.05449,-3.53518
92.37,-1.65793,-1.65793,3.33885,3.33885,-1.18859,-3.53326
92.38,-1.55684,-1.55684,3.42473,3.42473,-1.3208,-3.5225
92.39,-1.45102,-1.45102,3.50289,3.50289,-1.45089,-3.50295
92.4,-1.34066,-1.34066,3.57321,3.57321,-1.57866,-3.47463
92.41,-1.22593,-1.22593,3.63561,3.63561,-1.7039,-3.43763
92.42,-1.10706,-1.10706,3.69001,3.69001,-1.82642,-3.39204
92.43,-0.98426,-0.98426,3.73634,3.73634,-1.94602,-3.33797
92.44,-0.857761,-0.857761,3.77458,3.77458,-2.0625,-3.27556
92.45,-0.727807,-0.727807,3.80469,3.80469,-2.17568,-3.20496
92.46,-0.594649,-0.594649,3.82667,3.82667,-2.28539,-3.12635
92.47,-0.45855,-0.45855,3.84055,3.84055,-2.39143,-3.03992
92.48,-0.319785,-0.319785,3.84634,3.84634,-2.49365,-2.9459
92.49,-0.178633,-0.178633,3.84411,3.84411,-2.59189,-2.84451
92.5,-0.0353863,-0.0353863,3.83392,3.83392,-2.68597,-2.73602
92.51,0.109658,0.109658,3.81586,3.81586,-2.77576,-2.62068
92.52,0.256194,0.256194,3.79002,3.79002,-2.86111,-2.4988
92.53,0.403909,0.403909,3.75653,3.75653,-2.94188,-2.37066
92.54,0.552487,0.552487,3.71553,3.71553,-3.01794,-2.23661
92.55,0.701604,0.701604,3.66715,3.66715,-3.08918,-2.09696
92.56,0.850932,0.850932,3.61158,3.61158,-3.15547,-1.95207
92.57,1.00014,1.00014,3.54899,3.54899,-3.21672,-1.80231
92.58,1.1489,1.1489,3.47957,3.47957,-3.27282,-1.64803
92.59,1.29686,1.29686,3.40354,3.40354,-3.32368,-1.48964
92.6,1.4437,1.4437,3.32111,3.32111,-3.36923,-1.32753
92.61,1.58907,1.58907,3.23253,3.23253,-3.40939,-1.1621
92.62,1.73265,1.73265,3.13803,3.13803,-3.44409,-0.993758
92.63,1.87408,1.87408,3.03789,3.03789,-3.47328,-0.822937
92.64,2.01303,2.01303,2.93236,2.93236,-3.49692,-0.650059
92.65,2.14918,2.14918,2.82172,2.82172,-3.51496,-0.475556
92.66,2.2822,2.2822,2.70627,2.70627,-3.52738,-0.299864
92.67,2.41175,2.41175,2.5863,2.5863,-3.53415,-0.123423
92.68,2.53753,2.53753,2.46211,2.46211,-3.53528,0.0533265
92.69,2.65921,2.65921,2.33402,2.33402,-3.53074,0.229943
92.7,2.77649,2.77649,2.20234,2.20234,-3.52056,0.405984
92.71,2.88907,2.88907,2.06739,2.06739,-3.50475,0.581011
92.72,2.99666,2.99666,1.92951,1.92951,-3.48332,0.754586
92.73,3.09897,3.09897,1.78902,1.78902,-3.45633,0.926274
92.74,3.19574,3.19574,1.64626,1.64626,-3.42381,1.09565
92.75,3.2867,3.2867,1.50156,1.50156,-3.38581,1.26228
92.76,3.37159,3.37159,1.35526,1.35526,-3.34239,1.42576
92.77,3.45019,3.45019,1.2077,1.2077,-3.29363,1.58568
92.78,3.52226,3.52226,1.05922,1.05922,-3.23959,1.74163
92.79,3.58758,3.58758,0.910149,0.910149,-3.18038,1.89323
92.8,3.64596,3.64596,0.760829,0.760829,-3.11607,2.0401
92.81,3.69721,3.69721,0.611589,0.611589,-3.04678,2.18187
92.82,3.74116,3.74116,0.462758,0.462758,-2.97262,2.31818
92.83,3.77765,3.77765,0.314662,0.314662,-2.8937,2.4487
92.84,3.80654,3.80654,0.167621,0.167621,-2.81015,2.5731
92.85,3.8277,3.8277,0.0219481,0.0219481,-2.72211,2.69107
92.86,3.84102,3.84102,-0.122048,-0.122048,-2.62971,2.80231
92.87,3.84642,3.84642,-0.264066,-0.264066,-2.53311,2.90655
92.88,3.84381,3.84381,-0.403812,-0.403812,-2.43245,3.00352
92.89,3.83315,3.83315,-0.541001,-0.541001,-2.3279,3.09299
92.9,3.81438,3.81438,-0.675358,-0.675358,-2.21962,3.17472
92.91,3.78749,3.78749,-0.806614,-0.806614,-2.1078,3.24852
92.92,3.75248,3.75248,-0.934513,-0.934513,-1.9926,3.3142
92.93,3.70935,3.70935,-1.05881,-1.05881,-1.87422,3.3716
92.94,3.65815,3.65815,-1.17927,-1.17927,-1.75284,3.42057
92.95,3.59892,3.59892,-1.29566,-1.29566,-1.62865,3.46099
92.96,3.53173,3.53173,-1.40778,-1.40778,-1.50186,3.49276
92.97,3.45666,3.45666,-1.51542,-1.51542,-1.37266,3.5158
92.98,3.37383,3.37383,-1.61841,-1.61841,-1.24127,3.53005
92.99,3.28336,3.28336,-1.71656,-1.71656,-1.1079,3.53548
93,3.18538,3.18538,-1.80971,-1.80971,-0.972747,3.53207
93.01,3.08007,3.08007,-1.89772,-1.89772,-0.836042,3.51983
93.02,2.96758,2.96758,-1.98046,-1.98046,-0.697999,3.49879
93.03,2.84812,2.84812,-2.0578,-2.0578,-0.55884,3.46901
93.04,2.7219,2.7219,-2.12965,-2.12965,-0.418786,3.43056
93.05,2.58914,2.58914,-2.1959,-2.1959,-0.278063,3.38354
93.06,2.45009,2.45009,-2.25649,-2.25649,-0.136895,3.32806
93.07,2.305,2.305,-2.31135,-2.31135,0.00449207,3.26425
93.08,2.15415,2.15415,-2.36044,-2.36044,0.145872,3.19229
93.09,1.99781,1.99781,-2.40372,-2.40372,0.287019,3.11236
93.1,1.83631,1.83631,-2.44118,-2.44118,0.427706,3.02464
93.11,1.66994,1.66994,-2.4728,-2.4728,0.567709,2.92936
93.12,1.49903,1.49903,-2.49861,-2.49861,0.706804,2.82676
93.13,1.32393,1.32393,-2.51862,-2.51862,0.844768,2.71709
93.14,1.14499,1.14499,-2.53287,-2.53287,0.981381,2.60064
93.15,0.962553,0.962553,-2.54141,-2.54141,1.11642,2.47768
93.16,0.777003,0.777003,-2.54432,-2.54432,1.24968,2.34853
93.17,0.588716,0.588716,-2.54166,-2.54166,1.38094,2.21351
93.18,0.398079,0.398079,-2.53352,-2.53352,1.50999,2.07296
93.19,0.205487,0.205487,-2.52002,-2.52002,1.63662,1.92722
93.2,0.0113398,0.0113398,-2.50125,-2.50125,1.76063,1.77667
93.21,-0.183956,-0.183956,-2.47736,-2.47736,1.88183,1.62168
93.22,-0.379989,-0.379989,-2.44846,-2.44846,2.00002,1.46263
93.23,-0.576344,-0.576344,-2.41473,-2.41473,2.11501,1.29993
93.24,-0.772605,-0.772605,-2.3763,-2.3763,2.22661,1.13398
93.25,-0.968351,-0.968351,-2.33335,-2.33335,2.33465,0.965197
93.26,-1.16316,-1.16316,-2.28605,-2.28605,2.43896,0.794
93.27,-1.35662,-1.35662,-2.23459,-2.23459,2.53936,0.620818
93.28,-1.5483,-1.5483,-2.17916,-2.17916,2.63571,0.446085
93.29,-1.73778,-1.73778,-2.11996,-2.11996,2.72783,0.270237
93.3,-1.92466,-1.92466,-2.05719,-2.05719,2.8156,0.0937127
93.31,-2.10852,-2.10852,-1.99108,-1.99108,2.89885,-0.0830454
93.32,-2.28895,-2.28895,-1.92183,-1.92183,2.97747,-0.259596
93.33,-2.46556,-2.46556,-1.84967,-1.84967,3.05133,-0.435498
93.34,-2.63794,-2.63794,-1.77484,-1.77484,3.12031,-0.610311
93.35,-2.80572,-2.80572,-1.69755,-1.69755,3.18429,-0.783598
93.36,-2.96851,-2.96851,-1.61804,-1.61804,3.24318,-0.954927
93.37,-3.12594,-3.12594,-1.53655,-1.53655,3.29688,-1.12387
93.38,-3.27766,-3.27766,-1.45332,-1.45332,3.34531,-1.29
93.39,-3.42331,-3.42331,-1.36858,-1.36858,3.38838,-1.45291
93.4,-3.56256,-3.56256,-1.28258,-1.28258,3.42604,-1.61219
93.41,-3.69509,-3.69509,-1.19556,-1.19556,3.45821,-1.76744
93.42,-3.82058,-3.82058,-1.10774,-1.10774,3.48485,-1.91827
93.43,-3.93874,-3.93874,-1.01938,-1.01938,3.50592,-2.0643
93.44,-4.04928,-4.04928,-0.930692,-0.930692,3.52137,-2.20518
93.45,-4.15195,-4.15195,-0.841922,-0.841922,3.5312,-2.34054
93.46,-4.24648,-4.24648,-0.753294,-0.753294,3.53537,-2.47006
93.47,-4.33265,-4.33265,-0.665032,-0.665032,3.53389,-2.5934
93.48,-4.41023,-4.41023,-0.577356,-0.577356,3.52676,-2.71025
93.49,-4.47904,-4.47904,-0.490481,-0.490481,3.51398,-2.82034
93.5,-4.53889,-4.53889,-0.404615,-0.404615,3.49558,-2.92337
93.51,-4.58961,-4.58961,-0.319962,-0.319962,3.47159,-3.0191
93.52,-4.63107,-4.63107,-0.236717,-0.236717,3.44205,-3.10728
93.53,-4.66315,-4.66315,-0.155071,-0.155071,3.407,-3.18769
93.54,-4.68574,-4.68574,-0.0752045,-0.0752045,3.3665,-3.26014
93.55,-4.69876,-4.69876,0.0027082,0.0027082,3.32061,-3.32444
93.56,-4.70214,-4.70214,0.0785017,0.0785017,3.26941,-3.38043
93.57,-4.69586,-4.69586,0.152019,0.152019,3.21298,-3.42797
93.58,-4.67988,-4.67988,0.223112,0.223112,3.15141,-3.46694
93.59,-4.65421,-4.65421,0.291643,0.291643,3.0848,-3.49724
93.6,-4.61887,-4.61887,0.357483,0.357483,3.01325,-3.51881
93.61,-4.5739,-4.5739,0.420511,0.420511,2.93689,-3.53158
93.62,-4.51936,-4.51936,0.480621,0.480621,2.85582,-3.53552
93.63,-4.45535,-4.45535,0.537712,0.537712,2.77019,-3.53063
93.64,-4.38196,-4.38196,0.591697,0.591697,2.68012,-3.51691
93.65,-4.29933,-4.29933,0.642498,0.642498,2.58577,-3.4944
93.66,-4.20759,-4.20759,0.690048,0.690048,2.48728,-3.46315
93.67,-4.10692,-4.10692,0.734291,0.734291,2.38481,-3.42325
93.68,-3.9975,-3.9975,0.775182,0.775182,2.27852,-3.3748
93.69,-3.87954,-3.87954,0.812685,0.812685,2.16859,-3.31791
93.7,-3.75326,-3.75326,0.846778,0.846778,2.0552,-3.25272
93.71,-3.61891,-3.61891,0.877446,0.877446,1.93851,-3.17941
93.72,-3.47675,-3.47675,0.904688,0.904688,1.81872,-3.09814
93.73,-3.32705,-3.32705,0.928512,0.928512,1.69602,-3.00914
93.74,-3.17012,-3.17012,0.948936,0.948936,1.57061,-2.91261
93.75,-3.00626,-3.00626,0.965989,0.965989,1.44269,-2.80881
93.76,-2.83581,-2.83581,0.97971,0.97971,1.31246,-2.69798
93.77,-2.6591,-2.6591,0.990147,0.990147,1.18013,-2.58041
93.78,-2.4765,-2.4765,0.997358,0.997358,1.04591,-2.45639
93.79,-2.28837,-2.28837,1.00141,1.00141,0.910017,-2.32623
93.8,-2.0951,-2.0951,1.00238,1.00238,0.77267,-2.19025
93.81,-1.89709,-1.89709,1.00036,1.00036,0.634086,-2.0488
93.82,-1.69474,-1.69474,0.995427,0.995427,0.494487,-1.90223
93.83,-1.48846,-1.48846,0.987695,0.987695,0.354098,-1.75091
93.84,-1.2787,-1.2787,0.977269,0.977269,0.213142,-1.59521
93.85,-1.06587,-1.06587,0.964264,0.964264,0.0718445,-1.43552
93.86,-0.850421,-0.850421,0.948804,0.948804,-0.0695674,-1.27224
93.87,-0.632804,-0.632804,0.931016,0.931016,-0.210868,-1.10579
93.88,-0.413471,-0.413471,0.911036,0.911036,-0.351831,-0.936568
93.89,-0.192881,-0.192881,0.889002,0.889002,-0.492232,-0.765007
93.9,0.0285038,0.0285038,0.865059,0.865059,-0.631845,-0.591534
93.91,0.25022,0.25022,0.839357,0.839357,-0.770447,-0.416583
93.92,0.4718,0.4718,0.812046,0.812046,-0.907816,-0.24059
93.93,0.692779,0.692779,0.783283,0.783283,-1.04373,-0.0639957
93.94,0.912691,0.912691,0.753226,0.753226,-1.17798,0.112758
93.95,1.13107,1.13107,0.722036,0.722036,-1.31034,0.289231
93.96,1.34746,1.34746,0.689875,0.689875,-1.44061,0.46498
93.97,1.56139,1.56139,0.656906,0.656906,-1.56857,0.639567
93.98,1.77242,1.77242,0.623294,0.623294,-1.69403,0.812556
93.99,1.9801,1.9801,0.5892,0.5892,-1.81677,0.983513
94,2.18398,2.18398,0.55479,0.55479,-1.9366,1.15201
94.01,2.38364,2.38364,0.520226,0.520226,-2.05334,1.31763
94.02,2.57864,2.57864,0.485667,0.485667,-2.1668,1.47996
94.03,2.76858,2.76858,0.451273,0.451273,-2.27678,1.63859
94.04,2.95305,2.95305,0.417199,0.417199,-2.38313,1.79312
94.05,3.13165,3.13165,0.383599,0.383599,-2.48566,1.94317
94.06,3.30401,3.30401,0.350621,0.350621,-2.58421,2.08836
94.07,3.46975,3.46975,0.318411,0.318411,-2.67863,2.22833
94.08,3.62852,3.62852,0.287109,0.287109,-2.76877,2.36274
94.09,3.77999,3.77999,0.256851,0.256851,-2.85448,2.49124
94.1,3.92382,3.92382,0.227767,0.227767,-2.93562,2.61351
94.11,4.05972,4.05972,0.199981,0.199981,-3.01206,2.72924
94.12,4.18738,4.18738,0.173612,0.173612,-3.08369,2.83816
94.13,4.30654,4.30654,0.14877,0.14877,-3.15038,2.93998
94.14,4.41693,4.41693,0.125561,0.125561,-3.21203,3.03446
94.15,4.51834,4.51834,0.104081,0.104081,-3.26854,3.12135
94.16,4.61052,4.61052,0.0844203,0.0844203,-3.31983,3.20044
94.17,4.6933,4.6933,0.0666608,0.0666608,-3.3658,3.27153
94.18,4.76648,4.76648,0.050876,0.050876,-3.40639,3.33444
94.19,4.82992,4.82992,0.037131,0.037131,-3.44153,3.38902
94.2,4.88348,4.88348,0.0254827,0.0254827,-3.47116,3.43512
94.21,4.92704,4.92704,0.0159789,0.0159789,-3.49524,3.47264
94.22,4.9605,4.9605,0.00865883,0.00865883,-3.51373,3.50148
94.23,4.98381,4.98381,0.00355245,0.00355245,-3.5266,3.52157
94.24,4.9969,4.9969,0.000680735,0.000680735,-3.53382,3.53286
94.25,4.99975,4.99975,5.54631e-05,5.54631e-05,-3.53539,3.53532
94.26,4.99235,4.99235,0.0016792,0.0016792,-3.53131,3.52894
94.27,4.97472,4.97472,0.00554527,0.00554527,-3.52158,3.51374
94.28,4.94689,4.94689,0.0116378,0.0116378,-3.50621,3.48975
94.29,4.90893,4.90893,0.0199319,0.0199319,-3.48524,3.45705
94.3,4.86092,4.86092,0.0303934,0.0303934,-3.45868,3.4157
94.31,4.80296,4.80296,0.0429792,0.0429792,-3.4266,3.36582
94.32,4.73518,4.73518,0.0576376,0.0576376,-3.38903,3.30752
94.33,4.65771,4.65771,0.0743079,0.0743079,-3.34604,3.24096
94.34,4.57073,4.57073,0.0929212,0.0929212,-3.2977,3.16629
94.35,4.47443,4.47443,0.1134,0.1134,-3.24409,3.08371
94.36,4.36901,4.36901,0.135659,0.135659,-3.18528,2.99343
94.37,4.25469,4.25469,0.159606,0.159606,-3.12138,2.89566
94.38,4.13172,4.13172,0.18514,0.18514,-3.05248,2.79065
94.39,4.00037,4.00037,0.212152,0.212152,-2.9787,2.67867
94.4,3.86091,3.86091,0.24053,0.24053,-2.90016,2.56
94.41,3.71365,3.71365,0.270151,0.270151,-2.81697,2.43492
94.42,3.5589,3.5589,0.300889,0.300889,-2.72928,2.30376
94.43,3.39699,3.39699,0.332611,0.332611,-2.63722,2.16684
94.44,3.22826,3.22826,0.36518,0.36518,-2.54095,2.02451
94.45,3.05309,3.05309,0.398452,0.398452,-2.44061,1.87711
94.46,2.87183,2.87183,0.432281,0.432281,-2.33636,1.72502
94.47,2.68489,2.68489,0.466516,0.466516,-2.22838,1.56863
94.48,2.49265,2.49265,0.501003,0.501003,-2.11683,1.40831
94.49,2.29552,2.29552,0.535584,0.535584,-2.0019,1.24447
94.5,2.09394,2.09394,0.5701,0.5701,-1.88376,1.07752
94.51,1.88832,1.88832,0.604389,0.604389,-1.76261,0.907873
94.52,1.67909,1.67909,0.638289,0.638289,-1.63864,0.73596
94.53,1.46672,1.46672,0.671636,0.671636,-1.51205,0.562208
94.54,1.25164,1.25164,0.704267,0.704267,-1.38303,0.387051
94.55,1.03431,1.03431,0.736017,0.736017,-1.25181,0.210926
94.56,0.815194,0.815194,0.766723,0.766723,-1.11858,0.0342742
94.57,0.594752,0.594752,0.796225,0.796225,-0.983569,-0.142463
94.58,0.373448,0.373448,0.824363,0.824363,-0.84698,-0.318845
94.59,0.15175,0.15175,0.850978,0.850978,-0.709036,-0.494429
94.6,-0.069877,-0.069877,0.875918,0.875918,-0.569957,-0.668778
94.61,-0.290966,-0.290966,0.899031,0.899031,-0.429967,-0.841455
94.62,-0.511055,-0.511055,0.920171,0.920171,-0.289289,-1.01203
94.63,-0.729682,-0.729682,0.939194,0.939194,-0.148148,-1.18007
94.64,-0.946391,-0.946391,0.955965,0.955965,-0.00676969,-1.34517
94.65,-1.16073,-1.16073,0.97035,0.97035,0.134619,-1.5069
94.66,-1.37225,-1.37225,0.982224,0.982224,0.275793,-1.66487
94.67,-1.58052,-1.58052,0.991468,0.991468,0.416525,-1.81867
94.68,-1.78511,-1.78511,0.997968,0.997968,0.556591,-1.96793
94.69,-1.98558,-1.98558,1.00162,1.00162,0.695766,-2.11227
94.7,-2.18154,-2.18154,1.00233,1.00233,0.833828,-2.25133
94.71,-2.37257,-2.37257,0.999997,0.999997,0.970557,-2.38477
94.72,-2.55829,-2.55829,0.99455,0.99455,1.10573,-2.51224
94.73,-2.73832,-2.73832,0.985914,0.985914,1.23914,-2.63343
94.74,-2.9123,-2.9123,0.974025,0.974025,1.37056,-2.74804
94.75,-3.07986,-3.07986,0.95883,0.95883,1.4998,-2.85579
94.76,-3.24068,-3.24068,0.940284,0.940284,1.62663,-2.95639
94.77,-3.39444,-3.39444,0.918353,0.918353,1.75086,-3.04961
94.78,-3.54083,-3.54083,0.893013,0.893013,1.87229,-3.1352
94.79,-3.67956,-3.67956,0.86425,0.86425,1.99072,-3.21296
94.8,-3.81035,-3.81035,0.83206,0.83206,2.10597,-3.28268
94.81,-3.93297,-3.93297,0.796451,0.796451,2.21785,-3.3442
94.82,-4.04716,-4.04716,0.757439,0.757439,2.32618,-3.39736
94.83,-4.15272,-4.15272,0.715055,0.715055,2.43079,-3.44203
94.84,-4.24944,-4.24944,0.669337,0.669337,2.53152,-3.4781
94.85,-4.33715,-4.33715,0.620336,0.620336,2.62819,-3.50548
94.86,-4.4157,-4.4157,0.568112,0.568112,2.72066,-3.52409
94.87,-4.48494,-4.48494,0.512738,0.512738,2.80877,-3.53389
94.88,-4.54475,-4.54475,0.454294,0.454294,2.89239,-3.53486
94.89,-4.59505,-4.59505,0.392876,0.392876,2.97139,-3.527
94.9,-4.63575,-4.63575,0.328585,0.328585,3.04563,-3.51032
94.91,-4.6668,-4.6668,0.261535,0.261535,3.115,-3.48486
94.92,-4.68817,-4.68817,0.19185,0.19185,3.17938,-3.4507
94.93,-4.69985,-4.69985,0.119662,0.119662,3.23868,-3.40791
94.94,-4.70183,-4.70183,0.0451153,0.0451153,3.2928,-3.3566
94.95,-4.69416,-4.69416,-0.0316392,-0.0316392,3.34165,-3.2969
94.96,-4.67689,-4.67689,-0.11044,-0.11044,3.38515,-3.22896
94.97,-4.65007,-4.65007,-0.191119,-0.191119,3.42324,-3.15296
94.98,-4.61381,-4.61381,-0.273498,-0.273498,3.45585,-3.06907
94.99,-4.56822,-4.56822,-0.357392,-0.357392,3.48293,-2.97751
95,-4.51343,-4.51343,-0.442608,-0.442608,3.50445,-2.8785
95.01,-4.44958,-4.44958,-0.528948,-0.528948,3.52035,-2.77231
95.02,-4.37685,-4.37685,-0.616205,-0.616205,3.53062,-2.65918
95.03,-4.29543,-4.29543,-0.704168,-0.704168,3.53525,-2.5394
95.04,-4.20552,-4.20552,-0.792619,-0.792619,3.53422,-2.41328
95.05,-4.10735,-4.10735,-0.881339,-0.881339,3.52753,-2.28113
95.06,-4.00115,-4.00115,-0.970099,-0.970099,3.5152,-2.14328
95.07,-3.88719,-3.88719,-1.05867,-1.05867,3.49725,-2.00007
95.08,-3.76574,-3.76574,-1.14682,-1.14682,3.47371,-1.85186
95.09,-3.63709,-3.63709,-1.23432,-1.23432,3.4446,-1.69902
95.1,-3.50154,-3.50154,-1.32092,-1.32092,3.40999,-1.54193
95.11,-3.3594,-3.3594,-1.40638,-1.40638,3.36992,-1.38099
95.12,-3.21101,-3.21101,-1.49048,-1.49048,3.32446,-1.2166
95.13,-3.05671,-3.05671,-1.57297,-1.57297,3.27368,-1.04917
95.14,-2.89686,-2.89686,-1.6536,-1.6536,3.21766,-0.879113
95.15,-2.73181,-2.73181,-1.73216,-1.73216,3.1565,-0.706861
95.16,-2.56194,-2.56194,-1.80839,-1.80839,3.09029,-0.532842
95.17,-2.38763,-2.38763,-1.88206,-1.88206,3.01913,-0.357492
95.18,-2.20928,-2.20928,-1.95295,-1.95295,2.94314,-0.181248
95.19,-2.02727,-2.02727,-2.02084,-2.02084,2.86245,-0.00455031
95.2,-1.84202,-1.84202,-2.08549,-2.08549,2.77717,0.172158
95.21,-1.65393,-1.65393,-2.1467,-2.1467,2.68745,0.348437
95.22,-1.46342,-1.46342,-2.20425,-2.20425,2.59343,0.523844
95.23,-1.2709,-1.2709,-2.25794,-2.25794,2.49527,0.697942
95.24,-1.07679,-1.07679,-2.30758,-2.30758,2.39311,0.870296
95.25,-0.881515,-0.881515,-2.35297,-2.35297,2.28712,1.04047
95.26,-0.685488,-0.685488,-2.39393,-2.39393,2.17748,1.20805
95.27,-0.489134,-0.489134,-2.4303,-2.4303,2.06435,1.37261
95.28,-0.29287,-0.29287,-2.4619,-2.4619,1.94792,1.53374
95.29,-0.0971137,-0.0971137,-2.48859,-2.48859,1.82837,1.69103
95.3,0.0977224,0.0977224,-2.51023,-2.51023,1.7059,1.8441
95.31,0.291229,0.291229,-2.52667,-2.52667,1.5807,1.99256
95.32,0.483002,0.483002,-2.5378,-2.5378,1.45296,2.13603
95.33,0.672643,0.672643,-2.54352,-2.54352,1.32291,2.27417
95.34,0.859762,0.859762,-2.54372,-2.54372,1.19074,2.40663
95.35,1.04397,1.04397,-2.53832,-2.53832,1.05666,2.53306
95.36,1.2249,1.2249,-2.52725,-2.52725,0.920895,2.65317
95.37,1.40219,1.40219,-2.51044,-2.51044,0.783655,2.76665
95.38,1.57547,1.57547,-2.48786,-2.48786,0.645161,2.87321
95.39,1.7444,1.7444,-2.45948,-2.45948,0.505636,2.97259
95.4,1.90865,1.90865,-2.42526,-2.42526,0.365301,3.06454
95.41,2.0679,2.0679,-2.38522,-2.38522,0.224382,3.14883
95.42,2.22183,2.22183,-2.33936,-2.33936,0.0831036,3.22525
95.43,2.37016,2.37016,-2.2877,-2.2877,-0.0583075,3.2936
95.44,2.5126,2.5126,-2.23029,-2.23029,-0.199625,3.35373
95.45,2.64889,2.64889,-2.16718,-2.16718,-0.340624,3.40547
95.46,2.77877,2.77877,-2.09843,-2.09843,-0.481077,3.4487
95.47,2.90202,2.90202,-2.02413,-2.02413,-0.620761,3.48331
95.48,3.01841,3.01841,-1.94438,-1.94438,-0.759452,3.50922
95.49,3.12773,3.12773,-1.85928,-1.85928,-0.896928,3.52635
95.5,3.22981,3.22981,-1.76897,-1.76897,-1.03297,3.53467
95.51,3.32447,3.32447,-1.67358,-1.67358,-1.16736,3.53416
95.52,3.41157,3.41157,-1.57326,-1.57326,-1.29988,3.52481
95.53,3.49096,3.49096,-1.46819,-1.46819,-1.43032,3.50665
95.54,3.56254,3.56254,-1.35853,-1.35853,-1.55847,3.47972
95.55,3.62621,3.62621,-1.24449,-1.24449,-1.68413,3.4441
95.56,3.68188,3.68188,-1.12626,-1.12626,-1.8071,3.39987
95.57,3.72951,3.72951,-1.00407,-1.00407,-1.92717,3.34714
95.58,3.76903,3.76903,-0.878146,-0.878146,-2.04416,3.28605
95.59,3.80044,3.80044,-0.748725,-0.748725,-2.15789,3.21674
95.6,3.82372,3.82372,-0.61606,-0.61606,-2.26816,3.1394
95.61,3.83888,3.83888,-0.480412,-0.480412,-2.3748,3.0542
95.62,3.84596,3.84596,-0.342052,-0.342052,-2.47764,2.96137
95.63,3.845,3.845,-0.201262,-0.201262,-2.57652,2.86114
95.64,3.83608,3.83608,-0.0583287,-0.0583287,-2.67127,2.75376
95.65,3.81926,3.81926,0.0864494,0.0864494,-2.76175,2.6395
95.66,3.79465,3.79465,0.232768,0.232768,-2.84782,2.51863
95.67,3.76238,3.76238,0.380317,0.380317,-2.92933,2.39148
95.68,3.72256,3.72256,0.528779,0.528779,-3.00615,2.25834
95.69,3.67535,3.67535,0.677832,0.677832,-3.07816,2.11956
95.7,3.62091,3.62091,0.827148,0.827148,-3.14525,1.97549
95.71,3.55942,3.55942,0.976399,0.976399,-3.20731,1.82647
95.72,3.49107,3.49107,1.12525,1.12525,-3.26423,1.67289
95.73,3.41608,3.41608,1.27336,1.27336,-3.31594,1.51513
95.74,3.33466,3.33466,1.4204,1.4204,-3.36233,1.35358
95.75,3.24704,3.24704,1.56603,1.56603,-3.40335,1.18865
95.76,3.15347,3.15347,1.70991,1.70991,-3.43893,1.02075
95.77,3.0542,3.0542,1.85171,1.85171,-3.469,0.850292
95.78,2.94951,2.94951,1.99108,1.99108,-3.49353,0.677712
95.79,2.83967,2.83967,2.1277,2.1277,-3.51246,0.503439
95.8,2.72497,2.72497,2.26124,2.26124,-3.52578,0.327907
95.81,2.6057,2.6057,2.39136,2.39136,-3.53345,0.151556
95.82,2.48216,2.48216,2.51776,2.51776,-3.53548,-0.0251739
95.83,2.35467,2.35467,2.64011,2.64011,-3.53184,-0.201841
95.84,2.22354,2.22354,2.75811,2.75811,-3.52256,-0.378004
95.85,2.08909,2.08909,2.87146,2.87146,-3.50764,-0.553221
95.86,1.95165,1.95165,2.97987,2.97987,-3.48711,-0.727056
95.87,1.81156,1.81156,3.08304,3.08304,-3.461,-0.899074
95.88,1.66913,1.66913,3.18071,3.18071,-3.42936,-1.06884
95.89,1.52472,1.52472,3.27261,3.27261,-3.39222,-1.23594
95.9,1.37865,1.37865,3.35849,3.35849,-3.34966,-1.39995
95.91,1.23127,1.23127,3.4381,3.4381,-3.30175,-1.56046
95.92,1.08291,1.08291,3.51122,3.51122,-3.24855,-1.71707
95.93,0.933916,0.933916,3.57764,3.57764,-3.19015,-1.86939
95.94,0.784613,0.784613,3.63714,3.63714,-3.12665,-2.01704
95.95,0.635338,0.635338,3.68954,3.68954,-3.05815,-2.15964
95.96,0.486421,0.486421,3.73466,3.73466,-2.98475,-2.29685
95.97,0.338186,0.338186,3.77234,3.77234,-2.90658,-2.42832
95.98,0.190956,0.190956,3.80245,3.80245,-2.82376,-2.55371
95.99,0.0450443,0.0450443,3.82485,3.82485,-2.73643,-2.67272
96,-0.0992389,-0.0992389,3.83943,3.83943,-2.64471,-2.78506
96.01,-0.241592,-0.241592,3.84609,3.84609,-2.54877,-2.89043
96.02,-0.381719,-0.381719,3.84476,3.84476,-2.44874,-2.98858
96.03,-0.519334,-0.519334,3.83539,3.83539,-2.3448,-3.07925
96.04,-0.65416,-0.65416,3.81791,3.81791,-2.23711,-3.16223
96.05,-0.785927,-0.785927,3.79232,3.79232,-2.12584,-3.23731
96.06,-0.914378,-0.914378,3.7586,3.7586,-2.01117,-3.30429
96.07,-1.03926,-1.03926,3.71677,3.71677,-1.89328,-3.36302
96.08,-1.16035,-1.16035,3.66685,3.66685,-1.77236,-3.41334
96.09,-1.2774,-1.2774,3.60889,3.60889,-1.64861,-3.45513
96.1,-1.39022,-1.39022,3.54296,3.54296,-1.52222,-3.48828
96.11,-1.49859,-1.49859,3.46914,3.46914,-1.39339,-3.51271
96.12,-1.60233,-1.60233,3.38754,3.38754,-1.26234,-3.52837
96.13,-1.70126,-1.70126,3.29828,3.29828,-1.12926,-3.5352
96.14,-1.79522,-1.79522,3.20148,3.20148,-0.994381,-3.5332
96.15,-1.88406,-1.88406,3.09732,3.09732,-0.857909,-3.52237
96.16,-1.96764,-1.96764,2.98597,2.98597,-0.720065,-3.50273
96.17,-2.04585,-2.04585,2.86761,2.86761,-0.581069,-3.47434
96.18,-2.11858,-2.11858,2.74245,2.74245,-0.441143,-3.43726
96.19,-2.18573,-2.18573,2.61071,2.61071,-0.300511,-3.3916
96.2,-2.24722,-2.24722,2.47265,2.47265,-0.159399,-3.33745
96.21,-2.303,-2.303,2.3285,2.3285,-0.0180314,-3.27497
96.22,-2.35301,-2.35301,2.17855,2.17855,0.123365,-3.20429
96.23,-2.39722,-2.39722,2.02307,2.02307,0.264564,-3.12561
96.24,-2.4356,-2.4356,1.86236,1.86236,0.405339,-3.03912
96.25,-2.46815,-2.46815,1.69675,1.69675,0.545467,-2.94503
96.26,-2.49488,-2.49488,1.52654,1.52654,0.684721,-2.84358
96.27,-2.51582,-2.51582,1.35209,1.35209,0.82288,-2.73502
96.28,-2.53098,-2.53098,1.17373,1.17373,0.959723,-2.61963
96.29,-2.54043,-2.54043,0.991826,0.991826,1.09503,-2.49768
96.3,-2.54423,-2.54423,0.806748,0.806748,1.22859,-2.3695
96.31,-2.54245,-2.54245,0.618871,0.618871,1.36018,-2.23539
96.32,-2.53518,-2.53518,0.428582,0.428582,1.48959,-2.0957
96.33,-2.52252,-2.52252,0.236275,0.236275,1.61662,-1.95076
96.34,-2.50459,-2.50459,0.0423482,0.0423482,1.74107,-1.80096
96.35,-2.4815,-2.4815,-0.152792,-0.152792,1.86273,-1.64664
96.36,-2.45339,-2.45339,-0.348735,-0.348735,1.9814,-1.48822
96.37,-2.42042,-2.42042,-0.545067,-0.545067,2.09691,-1.32607
96.38,-2.38272,-2.38272,-0.741371,-0.741371,2.20907,-1.16061
96.39,-2.34048,-2.34048,-0.937227,-0.937227,2.31769,-0.992251
96.4,-2.29386,-2.29386,-1.13222,-1.13222,2.4226,-0.82141
96.41,-2.24305,-2.24305,-1.32591,-1.32591,2.52364,-0.648515
96.42,-2.18824,-2.18824,-1.5179,-1.5179,2.62064,-0.474
96.43,-2.12963,-2.12963,-1.70777,-1.70777,2.71345,-0.2983
96.44,-2.06742,-2.06742,-1.89509,-1.89509,2.80192,-0.121854
96.45,-2.00182,-2.00182,-2.07946,-2.07946,2.8859,0.0548964
96.46,-1.93306,-1.93306,-2.26046,-2.26046,2.96527,0.23151
96.47,-1.86135,-1.86135,-2.43771,-2.43771,3.03989,0.407544
96.48,-1.78692,-1.78692,-2.61079,-2.61079,3.10965,0.58256
96.49,-1.71001,-1.71001,-2.77932,-2.77932,3.17444,0.75612
96.5,-1.63084,-1.63084,-2.94293,-2.94293,3.23415,0.927789
96.51,-1.54965,-1.54965,-3.10124,-3.10124,3.28868,1.09714
96.52,-1.46668,-1.46668,-3.25389,-3.25389,3.33795,1.26375
96.53,-1.38217,-1.38217,-3.40053,-3.40053,3.38188,1.4272
96.54,-1.29636,-1.29636,-3.54083,-3.54083,3.42041,1.58708
96.55,-1.20948,-1.20948,-3.67445,-3.67445,3.45346,1.743
96.56,-1.12177,-1.12177,-3.80108,-3.80108,3.48098,1.89456
96.57,-1.03348,-1.03348,-3.92042,-3.92042,3.50294,2.04138
96.58,-0.944828,-0.944828,-4.0322,-4.0322,3.51929,2.1831
96.59,-0.856056,-0.856056,-4.13613,-4.13613,3.53001,2.31937
96.6,-0.76739,-0.76739,-4.23198,-4.23198,3.53509,2.44983
96.61,-0.679055,-0.679055,-4.31949,-4.31949,3.53451,2.57418
96.62,-0.591272,-0.591272,-4.39846,-4.39846,3.52827,2.69209
96.63,-0.504255,-0.504255,-4.46868,-4.46868,3.51639,2.80327
96.64,-0.418214,-0.418214,-4.52996,-4.52996,3.49889,2.90744
96.65,-0.333355,-0.333355,-4.58215,-4.58215,3.47579,3.00435
96.66,-0.249873,-0.249873,-4.6251,-4.6251,3.44712,3.09375
96.67,-0.16796,-0.16796,-4.65867,-4.65867,3.41295,3.17541
96.68,-0.0877981,-0.0877981,-4.68278,-4.68278,3.37331,3.24914
96.69,-0.0095629,-0.0095629,-4.69733,-4.69733,3.32827,3.31475
96.7,0.0665788,0.0665788,-4.70225,-4.70225,3.27792,3.37207
96.71,0.140469,0.140469,-4.69751,-4.69751,3.22231,3.42097
96.72,0.211958,0.211958,-4.68307,-4.68307,3.16156,3.46131
96.73,0.280906,0.280906,-4.65894,-4.65894,3.09574,3.493
96.74,0.347182,0.347182,-4.62514,-4.62514,3.02497,3.51596
96.75,0.410666,0.410666,-4.5817,-4.5817,2.94937,3.53014
96.76,0.471247,0.471247,-4.52868,-4.52868,2.86904,3.53548
96.77,0.528825,0.528825,-4.46617,-4.46617,2.78413,3.532
96.78,0.583311,0.583311,-4.39427,-4.39427,2.69476,3.51968
96.79,0.634623,0.634623,-4.3131,-4.3131,2.60108,3.49857
96.8,0.682695,0.682695,-4.2228,-4.2228,2.50323,3.46871
96.81,0.727468,0.727468,-4.12354,-4.12354,2.40139,3.43018
96.82,0.768895,0.768895,-4.01551,-4.01551,2.2957,3.38308
96.83,0.80694,0.80694,-3.89889,-3.89889,2.18634,3.32753
96.84,0.841577,0.841577,-3.77392,-3.77392,2.07348,3.26365
96.85,0.872791,0.872791,-3.64084,-3.64084,1.95731,3.19162
96.86,0.900579,0.900579,-3.4999,-3.4999,1.838,3.11161
96.87,0.924946,0.924946,-3.35139,-3.35139,1.71575,3.02382
96.88,0.94591,0.94591,-3.19559,-3.19559,1.59076,2.92848
96.89,0.963497,0.963497,-3.03281,-3.03281,1.46322,2.82582
96.9,0.977746,0.977746,-2.86338,-2.86338,1.33335,2.71609
96.91,0.988702,0.988702,-2.68765,-2.68765,1.20134,2.59957
96.92,0.996423,0.996423,-2.50596,-2.50596,1.0674,2.47656
96.93,1.00097,1.00097,-2.31869,-2.31869,0.931764,2.34735
96.94,1.00243,1.00243,-2.12621,-2.12621,0.794633,2.21228
96.95,1.00088,1.00088,-1.92893,-1.92893,0.656231,2.07168
96.96,0.996403,0.996403,-1.72724,-1.72724,0.516779,1.92591
96.97,0.98911,0.98911,-1.52156,-1.52156,0.3765,1.77531
96.98,0.979105,0.979105,-1.31232,-1.31232,0.23562,1.62028
96.99,0.966503,0.966503,-1.09995,-1.09995,0.0943618,1.4612
97,0.951425,0.951425,-0.884891,-0.884891,-0.047047,1.29847
97.01,0.934,0.934,-0.667589,-0.667589,-0.18838,1.13249
97.02,0.914359,0.914359,-0.4485,-0.4485,-0.329413,0.963687
97.03,0.892643,0.892643,-0.228079,-0.228079,-0.469918,0.79247
97.04,0.868994,0.868994,-0.00678933,-0.00678933,-0.609671,0.619273
97.05,0.843562,0.843562,0.214905,0.214905,-0.748449,0.444527
97.06,0.816497,0.816497,0.436539,0.436539,-0.88603,0.268671
97.07,0.787955,0.787955,0.657645,0.657645,-1.02219,0.0921432
97.08,0.758093,0.758093,0.877757,0.877757,-1.15672,-0.084615
97.09,0.727073,0.727073,1.09641,1.09641,-1.2894,-0.261162
97.1,0.695056,0.695056,1.31315,1.31315,-1.42001,-0.437056
97.11,0.662205,0.662205,1.5275,1.5275,-1.54836,-0.611857
97.12,0.628683,0.628683,1.73902,1.73902,-1.67422,-0.785129
97.13,0.594656,0.594656,1.94726,1.94726,-1.79741,-0.956439
97.14,0.560285,0.560285,2.15178,2.15178,-1.91772,-1.12536
97.15,0.525734,0.525734,2.35214,2.35214,-2.03497,-1.29146
97.16,0.491164,0.491164,2.54792,2.54792,-2.14895,-1.45434
97.17,0.456733,0.456733,2.73869,2.73869,-2.2595,-1.61359
97.18,0.422598,0.422598,2.92405,2.92405,-2.36644,-1.7688
97.19,0.388913,0.388913,3.10362,3.10362,-2.46959,-1.91959
97.2,0.355826,0.355826,3.27699,3.27699,-2.56879,-2.06558
97.21,0.323484,0.323484,3.44381,3.44381,-2.66388,-2.2064
97.22,0.292028,0.292028,3.60372,3.60372,-2.75471,-2.34172
97.23,0.261595,0.261595,3.75637,3.75637,-2.84113,-2.47118
97.24,0.232315,0.232315,3.90144,3.90144,-2.92301,-2.59446
97.25,0.204315,0.204315,4.03862,4.03862,-3.00021,-2.71126
97.26,0.177712,0.177712,4.16761,4.16761,-3.07261,-2.82128
97.27,0.15262,0.15262,4.28814,4.28814,-3.14009,-2.92425
97.28,0.129144,0.129144,4.39995,4.39995,-3.20255,-3.01991
97.29,0.107382,0.107382,4.5028,4.5028,-3.25989,-3.10803
97.3,0.0874263,0.0874263,4.59647,4.59647,-3.31201,-3.18837
97.31,0.0693589,0.0693589,4.68075,4.68075,-3.35884,-3.26075
97.32,0.053255,0.053255,4.75548,4.75548,-3.40029,-3.32497
97.33,0.0391811,0.0391811,4.82048,4.82048,-3.4363,-3.38089
97.34,0.0271954,0.0271954,4.87562,4.87562,-3.46681,-3.42835
97.35,0.0173473,0.0173473,4.92077,4.92077,-3.49178,-3.46725
97.36,0.00967713,0.00967713,4.95585,4.95585,-3.51116,-3.49747
97.37,0.00421654,0.00421654,4.98078,4.98078,-3.52492,-3.51896
97.38,0.000987896,0.000987896,4.9955,4.9955,-3.53305,-3.53165
97.39,4.43313e-06,4.43313e-06,4.99998,4.99998,-3.53552,-3.53552
97.4,0.00127018,0.00127018,4.99421,4.99421,-3.53234,-3.53054
97.41,0.00477996,0.00477996,4.97821,4.97821,-3.52351,-3.51675
97.42,0.0105194,0.0105194,4.95201,4.95201,-3.50903,-3.49416
97.43,0.0184649,0.0184649,4.91566,4.91566,-3.48895,-3.46284
97.44,0.0285838,0.0285838,4.86924,4.86924,-3.46328,-3.42286
97.45,0.0408345,0.0408345,4.81286,4.81286,-3.43208,-3.37433
97.46,0.0551666,0.0551666,4.74663,4.74663,-3.39538,-3.31736
97.47,0.0715209,0.0715209,4.67069,4.67069,-3.35325,-3.2521
97.48,0.0898297,0.0898297,4.58522,4.58522,-3.30576,-3.17872
97.49,0.110017,0.110017,4.49038,4.49038,-3.25298,-3.09739
97.5,0.131999,0.131999,4.3864,4.3864,-3.19499,-3.00831
97.51,0.155683,0.155683,4.27348,4.27348,-3.13189,-2.91172
97.52,0.180971,0.180971,4.15187,4.15187,-3.06378,-2.80785
97.53,0.207756,0.207756,4.02184,4.02184,-2.99077,-2.69696
97.54,0.235924,0.235924,3.88365,3.88365,-2.91298,-2.57933
97.55,0.265355,0.265355,3.73761,3.73761,-2.83053,-2.45526
97.56,0.295924,0.295924,3.58403,3.58403,-2.74354,-2.32504
97.57,0.327498,0.327498,3.42324,3.42324,-2.65217,-2.18902
97.58,0.359942,0.359942,3.25558,3.25558,-2.55656,-2.04752
97.59,0.393112,0.393112,3.0814,3.0814,-2.45685,-1.90091
97.6,0.426862,0.426862,2.90109,2.90109,-2.35322,-1.74954
97.61,0.461043,0.461043,2.71503,2.71503,-2.24582,-1.59381
97.62,0.4955,0.4955,2.5236,2.5236,-2.13483,-1.43409
97.63,0.530077,0.530077,2.32723,2.32723,-2.02042,-1.27078
97.64,0.564614,0.564614,2.12632,2.12632,-1.90278,-1.1043
97.65,0.59895,0.59895,1.92132,1.92132,-1.7821,-0.935054
97.66,0.632923,0.632923,1.71264,1.71264,-1.65856,-0.763474
97.67,0.666369,0.666369,1.50074,1.50074,-1.53237,-0.589986
97.68,0.699125,0.699125,1.28606,1.28606,-1.40374,-0.415023
97.69,0.731026,0.731026,1.06906,1.06906,-1.27285,-0.239023
97.7,0.761909,0.761909,0.850193,0.850193,-1.13993,-0.0624259
97.71,0.791614,0.791614,0.62993,0.62993,-1.00518,0.114328
97.72,0.819979,0.819979,0.408732,0.408732,-0.86883,0.290795
97.73,0.846848,0.846848,0.187066,0.187066,-0.731087,0.466536
97.74,0.872064,0.872064,-0.0346035,-0.0346035,-0.592174,0.641111
97.75,0.895478,0.895478,-0.255809,-0.255809,-0.452314,0.814083
97.76,0.916942,0.916942,-0.476088,-0.476088,-0.311731,0.985021
97.77,0.936312,0.936312,-0.694979,-0.694979,-0.170648,1.1535
97.78,0.95345,0.95345,-0.912024,-0.912024,-0.0292929,1.31909
97.79,0.968224,0.968224,-1.12677,-1.12677,0.112109,1.48138
97.8,0.980506,0.980506,-1.33877,-1.33877,0.253332,1.63998
97.81,0.990176,0.990176,-1.54759,-1.54759,0.39415,1.79447
97.82,0.997121,0.997121,-1.75279,-1.75279,0.534337,1.94448
97.83,1.00123,1.00123,-1.95395,-1.95395,0.673669,2.08963
97.84,1.00241,1.00241,-2.15065,-2.15065,0.811924,2.22955
97.85,1.00057,1.00057,-2.34249,-2.34249,0.948879,2.3639
97.86,0.995629,0.995629,-2.52908,-2.52908,1.08432,2.49235
97.87,0.987505,0.987505,-2.71005,-2.71005,1.21802,2.61456
97.88,0.976139,0.976139,-2.88501,-2.88501,1.34977,2.73024
97.89,0.961473,0.961473,-3.05362,-3.05362,1.47937,2.8391
97.9,0.943464,0.943464,-3.21554,-3.21554,1.6066,2.94086
97.91,0.922074,0.922074,-3.37044,-3.37044,1.73126,3.03526
97.92,0.897278,0.897278,-3.51802,-3.51802,1.85314,3.12209
97.93,0.86906,0.86906,-3.65799,-3.65799,1.97207,3.2011
97.94,0.837416,0.837416,-3.79006,-3.79006,2.08784,3.27212
97.95,0.80235,0.80235,-3.914,-3.914,2.20027,3.33496
97.96,0.763879,0.763879,-4.02954,-4.02954,2.30917,3.38946
97.97,0.72203,0.72203,-4.13649,-4.13649,2.41439,3.43549
97.98,0.67684,0.67684,-4.23464,-4.23464,2.51574,3.47294
97.99,0.628358,0.628358,-4.32379,-4.32379,2.61307,3.5017
98,0.576643,0.576643,-4.40381,-4.40381,2.70622,3.52171
98.01,0.521765,0.521765,-4.47454,-4.47454,2.79503,3.53292
98.02,0.463804,0.463804,-4.53586,-4.53586,2.87938,3.5353
98.03,0.402853,0.402853,-4.58768,-4.58768,2.95912,3.52884
98.04,0.339012,0.339012,-4.62991,-4.62991,3.03413,3.51356
98.05,0.272393,0.272393,-4.66251,-4.66251,3.10428,3.4895
98.06,0.203119,0.203119,-4.68542,-4.68542,3.16946,3.45672
98.07,0.131321,0.131321,-4.69864,-4.69864,3.22958,3.4153
98.08,0.0571398,0.0571398,-4.70216,-4.70216,3.28453,3.36534
98.09,-0.0192736,-0.0192736,-4.69603,-4.69603,3.33422,3.30697
98.1,-0.09776,-0.09776,-4.68028,-4.68028,3.37858,3.24033
98.11,-0.178151,-0.178151,-4.65498,-4.65498,3.41754,3.16559
98.12,-0.260272,-0.260272,-4.62022,-4.62022,3.45103,3.08295
98.13,-0.343937,-0.343937,-4.5761,-4.5761,3.47899,2.99259
98.14,-0.428956,-0.428956,-4.52276,-4.52276,3.50139,2.89476
98.15,-0.51513,-0.51513,-4.46035,-4.46035,3.51819,2.78969
98.16,-0.602255,-0.602255,-4.38902,-4.38902,3.52937,2.67765
98.17,-0.69012,-0.69012,-4.30897,-4.30897,3.53489,2.55891
98.18,-0.778508,-0.778508,-4.2204,-4.2204,3.53476,2.43378
98.19,-0.8672,-0.8672,-4.12353,-4.12353,3.52898,2.30257
98.2,-0.955969,-0.955969,-4.01859,-4.01859,3.51755,2.1656
98.21,-1.04459,-1.04459,-3.90585,-3.90585,3.50049,2.02322
98.22,-1.13282,-1.13282,-3.78557,-3.78557,3.47783,1.87578
98.23,-1.22043,-1.22043,-3.65805,-3.65805,3.44961,1.72365
98.24,-1.30719,-1.30719,-3.52357,-3.52357,3.41587,1.56722
98.25,-1.39286,-1.39286,-3.38247,-3.38247,3.37666,1.40687
98.26,-1.47719,-1.47719,-3.23505,-3.23505,3.33206,1.243
98.27,-1.55995,-1.55995,-3.08167,-3.08167,3.28212,1.07602
98.28,-1.6409,-1.6409,-2.92268,-2.92268,3.22693,0.906355
98.29,-1.71979,-1.71979,-2.75843,-2.75843,3.16658,0.734424
98.3,-1.79641,-1.79641,-2.5893,-2.5893,3.10117,0.560658
98.31,-1.87051,-1.87051,-2.41567,-2.41567,3.03079,0.38549
98.32,-1.94186,-1.94186,-2.23794,-2.23794,2.95556,0.209359
98.33,-2.01024,-2.01024,-2.05649,-2.05649,2.87561,0.0327042
98.34,-2.07542,-2.07542,-1.87173,-1.87173,2.79105,-0.144032
98.35,-2.13719,-2.13719,-1.68406,-1.68406,2.70203,-0.320408
98.36,-2.19534,-2.19534,-1.49391,-1.49391,2.60869,-0.495984
98.37,-2.24966,-2.24966,-1.30168,-1.30168,2.51117,-0.67032
98.38,-2.29995,-2.29995,-1.1078,-1.1078,2.40964,-0.84298
98.39,-2.34603,-2.34603,-0.912677,-0.912677,2.30425,-1.01353
98.4,-2.38771,-2.38771,-0.716741,-0.716741,2.19518,-1.18155
98.41,-2.42482,-2.42482,-0.520411,-0.520411,2.08259,-1.34662
98.42,-2.45719,-2.45719,-0.324105,-0.324105,1.96667,-1.50832
98.43,-2.48468,-2.48468,-0.12824,-0.12824,1.84761,-1.66625
98.44,-2.50712,-2.50712,0.0667702,0.0667702,1.72559,-1.82002
98.45,-2.5244,-2.5244,0.260516,0.260516,1.60081,-1.96924
98.46,-2.53639,-2.53639,0.452592,0.452592,1.47347,-2.11353
98.47,-2.54298,-2.54298,0.642599,0.642599,1.34377,-2.25254
98.48,-2.54406,-2.54406,0.830145,0.830145,1.21192,-2.38592
98.49,-2.53956,-2.53956,1.01485,1.01485,1.07813,-2.51334
98.5,-2.52939,-2.52939,1.19632,1.19632,0.942622,-2.63448
98.51,-2.51351,-2.51351,1.37421,1.37421,0.805602,-2.74903
98.52,-2.49185,-2.49185,1.54815,1.54815,0.667294,-2.85671
98.53,-2.46439,-2.46439,1.7178,1.7178,0.527917,-2.95725
98.54,-2.4311,-2.4311,1.88282,1.88282,0.387696,-3.0504
98.55,-2.39199,-2.39199,2.04288,2.04288,0.246855,-3.13592
98.56,-2.34705,-2.34705,2.19768,2.19768,0.105619,-3.21361
98.57,-2.29631,-2.29631,2.34692,2.34692,-0.035786,-3.28326
98.58,-2.23982,-2.23982,2.49032,2.49032,-0.177134,-3.34471
98.59,-2.17761,-2.17761,2.62761,2.62761,-0.318198,-3.3978
98.6,-2.10975,-2.10975,2.75853,2.75853,-0.458754,-3.44239
98.61,-2.03633,-2.03633,2.88284,2.88284,-0.598575,-3.47838
98.62,-1.95744,-1.95744,3.00034,3.00034,-0.737439,-3.50568
98.63,-1.87319,-1.87319,3.1108,3.1108,-0.875123,-3.52421
98.64,-1.7837,-1.7837,3.21404,3.21404,-1.01141,-3.53394
98.65,-1.68911,-1.68911,3.3099,3.3099,-1.14607,-3.53483
98.66,-1.58956,-1.58956,3.39821,3.39821,-1.27891,-3.52689
98.67,-1.48523,-1.48523,3.47884,3.47884,-1.40969,-3.51013
98.68,-1.37629,-1.37629,3.55167,3.55167,-1.53822,-3.4846
98.69,-1.26294,-1.26294,3.6166,3.6166,-1.66429,-3.45035
98.7,-1.14536,-1.14536,3.67355,3.67355,-1.7877,-3.40749
98.71,-1.02379,-1.02379,3.72246,3.72246,-1.90825,-3.35611
98.72,-0.898442,-0.898442,3.76328,3.76328,-2.02575,-3.29633
98.73,-0.769561,-0.769561,3.79598,3.79598,-2.14,-3.22832
98.74,-0.637395,-0.637395,3.82055,3.82055,-2.25083,-3.15224
98.75,-0.502205,-0.502205,3.83701,3.83701,-2.35806,-3.06829
98.76,-0.364258,-0.364258,3.84537,3.84537,-2.46152,-2.97666
98.77,-0.223836,-0.223836,3.84569,3.84569,-2.56104,-2.87759
98.78,-0.0812243,-0.0812243,3.83803,3.83803,-2.65646,-2.77133
98.79,0.0632801,0.0632801,3.82246,3.82246,-2.74763,-2.65814
98.8,0.209374,0.209374,3.79909,3.79909,-2.83441,-2.53831
98.81,0.356748,0.356748,3.76802,3.76802,-2.91666,-2.41214
98.82,0.505086,0.505086,3.7294,3.7294,-2.99423,-2.27993
98.83,0.654067,0.654067,3.68335,3.68335,-3.06702,-2.14203
98.84,0.803363,0.803363,3.63005,3.63005,-3.1349,-1.99877
98.85,0.952646,0.952646,3.56967,3.56967,-3.19776,-1.85052
98.86,1.10158,1.10158,3.50241,3.50241,-3.25551,-1.69764
98.87,1.24984,1.24984,3.42846,3.42846,-3.30805,-1.54052
98.88,1.39707,1.39707,3.34804,3.34804,-3.3553,-1.37955
98.89,1.54295,1.54295,3.2614,3.2614,-3.39718,-1.21513
98.9,1.68713,1.68713,3.16876,3.16876,-3.43363,-1.04767
98.91,1.82928,1.82928,3.07038,3.07038,-3.46458,-0.877592
98.92,1.96906,1.96906,2.96654,2.96654,-3.48999,-0.705323
98.93,2.10614,2.10614,2.8575,2.8575,-3.50982,-0.53129
98.94,2.24019,2.24019,2.74355,2.74355,-3.52403,-0.35593
98.95,2.37088,2.37088,2.62498,2.62498,-3.53261,-0.17968
98.96,2.49789,2.49789,2.50211,2.50211,-3.53553,-0.00298025
98.97,2.62091,2.62091,2.37522,2.37522,-3.5328,0.173726
98.98,2.73963,2.73963,2.24465,2.24465,-3.52442,0.349999
98.99,2.85373,2.85373,2.11071,2.11071,-3.51039,0.525397
99,2.96294,2.96294,1.97373,1.97373,-3.49075,0.699481
99.01,3.06697,3.06697,1.83403,1.83403,-3.46553,0.871817
99.02,3.16553,3.16553,1.69196,1.69196,-3.43476,1.04197
99.03,3.25837,3.25837,1.54784,1.54784,-3.3985,1.20953
99.04,3.34522,3.34522,1.40201,1.40201,-3.3568,1.37406
99.05,3.42585,3.42585,1.25482,1.25482,-3.30973,1.53515
99.06,3.50002,3.50002,1.10659,1.10659,-3.25737,1.69241
99.07,3.56752,3.56752,0.957676,0.957676,-3.19979,1.84544
99.08,3.62813,3.62813,0.808399,0.808399,-3.1371,1.99385
99.09,3.68167,3.68167,0.659097,0.659097,-3.06939,2.13728
99.1,3.72796,3.72796,0.510101,0.510101,-2.99676,2.27537
99.11,3.76684,3.76684,0.361736,0.361736,-2.91935,2.40778
99.12,3.79817,3.79817,0.214324,0.214324,-2.83726,2.53416
99.13,3.8218,3.8218,0.0681819,0.0681819,-2.75063,2.65421
99.14,3.83763,3.83763,-0.0763811,-0.0763811,-2.65961,2.76763
99.15,3.84556,3.84556,-0.219061,-0.219061,-2.56432,2.87412
99.16,3.84551,3.84551,-0.359562,-0.359562,-2.46494,2.97344
99.17,3.83742,3.83742,-0.497597,-0.497597,-2.36161,3.06532
99.18,3.82124,3.82124,-0.632885,-0.632885,-2.25451,3.14954
99.19,3.79694,3.79694,-0.765157,-0.765157,-2.14379,3.22589
99.2,3.76451,3.76451,-0.894153,-0.894153,-2.02965,3.29417
99.21,3.72397,3.72397,-1.01962,-1.01962,-1.91226,3.35423
99.22,3.67534,3.67534,-1.14133,-1.14133,-1.79181,3.40589
99.23,3.61865,3.61865,-1.25904,-1.25904,-1.6685,3.44905
99.24,3.55399,3.55399,-1.37254,-1.37254,-1.54252,3.48358
99.25,3.48142,3.48142,-1.48163,-1.48163,-1.41406,3.50941
99.26,3.40105,3.40105,-1.58612,-1.58612,-1.28335,3.52647
99.27,3.313,3.313,-1.68583,-1.68583,-1.15058,3.53471
99.28,3.2174,3.2174,-1.78059,-1.78059,-1.01598,3.53411
99.29,3.1144,3.1144,-1.87026,-1.87026,-0.879742,3.52468
99.3,3.00418,3.00418,-1.95469,-1.95469,-0.742102,3.50645
99.31,2.88692,2.88692,-2.03376,-2.03376,-0.603274,3.47945
99.32,2.76283,2.76283,-2.10737,-2.10737,-0.463481,3.44375
99.33,2.63213,2.63213,-2.17541,-2.17541,-0.322947,3.39944
99.34,2.49505,2.49505,-2.23781,-2.23781,-0.181896,3.34664
99.35,2.35185,2.35185,-2.2945,-2.2945,-0.0405541,3.28547
99.36,2.20281,2.20281,-2.34543,-2.34543,0.100853,3.21609
99.37,2.04819,2.04819,-2.39057,-2.39057,0.242098,3.13867
99.38,1.8883,1.8883,-2.42988,-2.42988,0.382956,3.05341
99.39,1.72344,1.72344,-2.46336,-2.46336,0.523202,2.96051
99.4,1.55394,1.55394,-2.49102,-2.49102,0.66261,2.86022
99.41,1.38014,1.38014,-2.51287,-2.51287,0.800959,2.75278
99.42,1.20238,1.20238,-2.52895,-2.52895,0.938026,2.63845
99.43,1.02102,1.02102,-2.53931,-2.53931,1.07359,2.51753
99.44,0.836422,0.836422,-2.544,-2.544,1.20744,2.39032
99.45,0.648965,0.648965,-2.5431,-2.5431,1.33936,2.25713
99.46,0.459034,0.459034,-2.5367,-2.5367,1.46913,2.11831
99.47,0.267022,0.267022,-2.52489,-2.52489,1.59656,1.97418
99.48,0.0733258,0.0733258,-2.50779,-2.50779,1.72143,1.82513
99.49,-0.121648,-0.121648,-2.48552,-2.48552,1.84354,1.67151
99.5,-0.317491,-0.317491,-2.4582,-2.4582,1.96271,1.51371
99.51,-0.513789,-0.513789,-2.42599,-2.42599,2.07874,1.35213
99.52,-0.710126,-0.710126,-2.38904,-2.38904,2.19144,1.18717
99.53,-0.906081,-0.906081,-2.34751,-2.34751,2.30063,1.01924
99.54,-1.10124,-1.10124,-2.30157,-2.30157,2.40615,0.848768
99.55,-1.29517,-1.29517,-2.25142,-2.25142,2.50782,0.676171
99.56,-1.48746,-1.48746,-2.19723,-2.19723,2.60547,0.501885
99.57,-1.67769,-1.67769,-2.13921,-2.13921,2.69896,0.326344
99.58,-1.86544,-1.86544,-2.07756,-2.07756,2.78812,0.149987
99.59,-2.05031,-2.05031,-2.01249,-2.01249,2.87283,-0.0267439
99.6,-2.23188,-2.23188,-1.94421,-1.94421,2.95294,-0.203409
99.61,-2.40975,-2.40975,-1.87296,-1.87296,3.02833,-0.379565
99.62,-2.58352,-2.58352,-1.79895,-1.79895,3.09887,-0.554772
99.63,-2.7528,-2.7528,-1.72242,-1.72242,3.16446,-0.728593
99.64,-2.91722,-2.91722,-1.64359,-1.64359,3.22498,-0.900593
99.65,-3.0764,-3.0764,-1.56271,-1.56271,3.28034,-1.07034
99.66,-3.22997,-3.22997,-1.48001,-1.48001,3.33046,-1.23741
99.67,-3.3776,-3.3776,-1.39572,-1.39572,3.37525,-1.4014
99.68,-3.51892,-3.51892,-1.3101,-1.3101,3.41464,-1.56187
99.69,-3.65363,-3.65363,-1.22338,-1.22338,3.44856,-1.71845
99.7,-3.78139,-3.78139,-1.13579,-1.13579,3.47697,-1.87073
99.71,-3.90192,-3.90192,-1.04757,-1.04757,3.49981,-2.01833
99.72,-4.01492,-4.01492,-0.958961,-0.958961,3.51706,-2.16089
99.73,-4.12012,-4.12012,-0.870193,-0.870193,3.52868,-2.29804
99.74,-4.21727,-4.21727,-0.781495,-0.781495,3.53466,-2.42946
99.75,-4.30612,-4.30612,-0.693093,-0.693093,3.53498,-2.5548
99.76,-4.38646,-4.38646,-0.605207,-0.605207,3.52964,-2.67375
99.77,-4.45809,-4.45809,-0.518053,-0.518053,3.51866,-2.78602
99.78,-4.52081,-4.52081,-0.431844,-0.431844,3.50205,-2.89133
99.79,-4.57445,-4.57445,-0.346783,-0.346783,3.47984,-2.98941
99.8,-4.61888,-4.61888,-0.263069,-0.263069,3.45206,-3.08002
99.81,-4.65396,-4.65396,-0.180893,-0.180893,3.41876,-3.16293
99.82,-4.67958,-4.67958,-0.100441,-0.100441,3.37998,-3.23794
99.83,-4.69565,-4.69565,-0.0218871,-0.0218871,3.33581,-3.30485
99.84,-4.70211,-4.70211,0.0545989,0.0545989,3.28629,-3.3635
99.85,-4.69891,-4.69891,0.128858,0.128858,3.23152,-3.41375
99.86,-4.68602,-4.68602,0.200739,0.200739,3.17157,-3.45546
99.87,-4.66344,-4.66344,0.2701,0.2701,3.10656,-3.48854
99.88,-4.63117,-4.63117,0.33681,0.33681,3.03657,-3.51289
99.89,-4.58926,-4.58926,0.400747,0.400747,2.96173,-3.52847
99.9,-4.53777,-4.53777,0.461797,0.461797,2.88214,-3.53522
99.91,-4.47676,-4.47676,0.51986,0.51986,2.79795,-3.53314
99.92,-4.40635,-4.40635,0.574843,0.574843,2.70928,-3.52223
99.93,-4.32664,-4.32664,0.626666,0.626666,2.61628,-3.50252
99.94,-4.23779,-4.23779,0.675259,0.675259,2.51909,-3.47405
99.95,-4.13995,-4.13995,0.72056,0.72056,2.41787,-3.4369
99.96,-4.03329,-4.03329,0.762523,0.762523,2.31278,-3.39115
99.97,-3.91803,-3.91803,0.801108,0.801108,2.204,-3.33693
99.98,-3.79438,-3.79438,0.836289,0.836289,2.09168,-3.27437
99.99,-3.66257,-3.66257,0.868049,0.868049,1.97602,-3.20363
100,-3.52286,-3.52286,0.896382,0.896382,1.8572,-3.12488
