time,theta1,omega1,theta2,omega2,lensX,lensY
0,5,5,0,0,-3.53553,3.53553
0.033,4.935,4.935,5.94005e-05,5.94005e-05,-3.48962,3.48953
0.066,4.74171,4.74171,0.000234513,0.000234513,-3.35306,3.35273
0.099,4.42513,4.42513,0.000516193,0.000516193,-3.1294,3.12867
0.132,3.99351,3.99351,0.000889594,0.000889594,-2.82447,2.82321
0.165,3.45806,3.45806,0.00133475,0.00133475,-2.44616,2.44427
0.198,2.83271,2.83271,0.00182738,0.00182738,-2.00432,2.00174
0.231,2.13371,2.13371,0.00233979,0.00233979,-1.51042,1.50711
0.264,1.37924,1.37924,0.00284208,0.00284208,-0.97728,0.973261
0.297,0.588912,0.588912,0.00330325,0.00330325,-0.418759,0.414088
0.33,-0.216727,-0.216727,0.00369253,0.00369253,0.150638,-0.15586
0.363,-1.01673,-1.01673,0.00398066,0.00398066,0.716123,-0.721753
0.396,-1.7903,-1.7903,0.00414114,0.00414114,1.26301,-1.26886
0.429,-2.51733,-2.51733,0.00415142,0.00415142,1.77709,-1.78296
0.462,-3.17891,-3.17891,0.00399396,0.00399396,2.245,-2.25065
0.495,-3.75784,-3.75784,0.00365713,0.00365713,2.65461,-2.65978
0.528,-4.23907,-4.23907,0.00313593,0.00313593,2.99526,-2.9997
0.561,-4.6101,-4.6101,0.00243248,0.00243248,3.25811,-3.26155
0.594,-4.86127,-4.86127,0.00155626,0.00155626,3.43634,-3.43854
0.627,-4.98605,-4.98605,0.000524067,0.000524067,3.5253,-3.52604
0.66,-4.98121,-4.98121,-0.000640217,-0.000640217,3.5227,-3.52179
0.693,-4.84686,-4.84686,-0.00190621,-0.00190621,3.42859,-3.4259
0.726,-4.5865,-4.5865,-0.00323781,-0.00323781,3.24543,-3.24085
0.759,-4.20689,-4.20689,-0.0045942,-0.0045942,2.97797,-2.97147
0.792,-3.71792,-3.71792,-0.00593111,-0.00593111,2.63316,-2.62477
0.825,-3.13228,-3.13228,-0.00720216,-0.00720216,2.21995,-2.20977
0.858,-2.46521,-2.46521,-0.00836039,-0.00836039,1.74908,-1.73726
0.891,-1.73405,-1.73405,-0.00935983,-0.00935983,1.23278,-1.21954
0.924,-0.95781,-0.95781,-0.0101571,-0.0101571,0.684456,-0.670092
0.957,-0.156666,-0.156666,-0.0107131,-0.0107131,0.118355,-0.103204
0.99,0.648552,0.648552,-0.0109943,-0.0109943,-0.450821,0.46637
1.023,1.43691,1.43691,-0.0109743,-0.0109743,-1.00829,1.02381
1.056,2.18791,2.18791,-0.0106348,-0.0106348,-1.53956,1.5546
1.089,2.88202,2.88202,-0.00996677,-0.00996677,-2.03085,2.04494
1.122,3.50121,3.50121,-0.00897119,-0.00897119,-2.46939,2.48207
1.155,4.02937,4.02937,-0.00765918,-0.00765918,-2.84378,2.85461
1.188,4.45277,4.45277,-0.00605231,-0.00605231,-3.14431,3.15287
1.221,4.76041,4.76041,-0.00418228,-0.00418228,-3.36316,3.36908
1.254,4.94429,4.94429,-0.00209042,-0.00209042,-3.49466,3.49762
1.287,4.99962,4.99962,0.000173268,0.000173268,-3.53539,3.53514
1.32,4.92497,4.92497,0.00255124,0.00255124,-3.48428,3.48067
1.353,4.72227,4.72227,0.00497991,0.00497991,-3.34267,3.33563
1.386,4.39681,4.39681,0.00739131,0.00739131,-3.11424,3.10379
1.419,3.95703,3.95703,0.00971501,0.00971501,-2.80491,2.79118
1.452,3.41438,3.41438,0.0118802,0.0118802,-2.42273,2.40593
1.485,2.78296,2.78296,0.0138176,0.0138176,-1.97762,1.95808
1.518,2.07919,2.07919,0.0154619,0.0154619,-1.48114,1.45928
1.551,1.32136,1.32136,0.0167536,0.0167536,-0.946191,0.922498
1.584,0.529182,0.529182,0.0176411,0.0176411,-0.386663,0.361714
1.617,-0.276756,-0.276756,0.0180826,0.0180826,0.18291,-0.208482
1.65,-1.0755,-1.0755,0.0180474,0.0180474,0.747731,-0.773254
1.683,-1.84628,-1.84628,0.0175174,0.0175174,1.29313,-1.3179
1.716,-2.56906,-2.56906,0.0164881,0.0164881,1.80494,-1.82826
1.749,-3.22505,-3.22505,0.0149691,0.0149691,2.26987,-2.29104
1.782,-3.79719,-3.79719,0.0129844,0.0129844,2.67584,-2.6942
1.815,-4.27061,-4.27061,0.0105718,0.0105718,3.0123,-3.02725
1.848,-4.633,-4.633,0.00778289,0.00778289,3.27052,-3.28153
1.881,-4.87494,-4.87494,0.00468157,0.00468157,3.44379,-3.45041
1.914,-4.99014,-4.99014,0.0013427,0.0013427,3.52761,-3.52951
1.947,-4.9756,-4.9756,-0.00214964,-0.00214964,3.5198,-3.51676
1.98,-4.8317,-4.8317,-0.00570431,-0.00570431,3.42056,-3.4125
2.013,-4.56219,-4.56219,-0.00922548,-0.00922548,3.23248,-3.21943
2.046,-4.17407,-4.17407,-0.0126152,-0.0126152,2.96043,-2.94259
2.079,-3.67743,-3.67743,-0.0157761,-0.0157761,2.61149,-2.58918
2.112,-3.08518,-3.08518,-0.0186143,-0.0186143,2.19471,-2.16839
2.145,-2.41272,-2.41272,-0.0210418,-0.0210418,1.72093,-1.69117
2.178,-1.67754,-1.67754,-0.0229796,-0.0229796,1.20245,-1.16995
2.211,-0.898743,-0.898743,-0.0243598,-0.0243598,0.652732,-0.618282
2.244,-0.0965806,-0.0965806,-0.025128,-0.025128,0.086061,-0.0505246
2.277,0.708092,0.708092,-0.0252453,-0.0252453,-0.482846,0.518548
2.31,1.49435,1.49435,-0.0246893,-0.0246893,-1.03921,1.07413
2.343,2.24177,2.24177,-0.023456,-0.023456,-1.56858,1.60175
2.376,2.93089,2.93089,-0.0215596,-0.0215596,-2.05721,2.0877
2.409,3.54382,3.54382,-0.0190331,-0.0190331,-2.4924,2.51932
2.442,4.06462,4.06462,-0.0159275,-0.0159275,-2.86286,2.88538
2.475,4.47974,4.47974,-0.0123113,-0.0123113,-3.15895,3.17636
2.508,4.77839,4.77839,-0.00826851,-0.00826851,-3.37299,3.38468
2.541,4.95281,4.95281,-0.00389725,-0.00389725,-3.49941,3.50492
2.574,4.99847,4.99847,0.000693017,0.000693017,-3.53494,3.53396
2.607,4.91418,4.91418,0.00538403,0.00538403,-3.47865,3.47104
2.64,4.70212,4.70212,0.0100518,0.0100518,-3.33201,3.31779
2.673,4.36782,4.36782,0.01457,0.01457,-3.09882,3.07821
2.706,3.91996,3.91996,0.0188132,0.0188132,-2.78513,2.75852
2.739,3.37018,3.37018,0.0226604,0.0226604,-2.3991,2.36706
2.772,2.73279,2.73279,0.0259985,0.0259985,-1.95076,1.91399
2.805,2.02435,2.02435,0.0287257,0.0287257,-1.45175,1.41112
2.838,1.26328,1.26328,0.0307541,0.0307541,-0.915023,0.87153
2.871,0.469373,0.469373,0.032013,0.032013,-0.354533,0.30926
2.904,-0.336741,-0.336741,0.0324507,0.0324507,0.215165,-0.261058
2.937,-1.1341,-1.1341,0.0320368,0.0320368,0.779275,-0.824582
2.97,-1.90197,-1.90197,0.030763,0.030763,1.32314,-1.36665
3.003,-2.62039,-2.62039,0.0286443,0.0286443,1.83264,-1.87315
3.036,-3.27069,-3.27069,0.0257185,0.0257185,2.29454,-2.33091
3.069,-3.83595,-3.83595,0.0220464,0.0220464,2.69684,-2.72802
3.102,-4.30149,-4.30149,0.01771,0.01771,3.02909,-3.05413
3.135,-4.65519,-4.65519,0.012811,0.012811,3.28266,-3.30077
3.168,-4.88786,-4.88786,0.0074683,0.0074683,3.45096,-3.46152
3.201,-4.99346,-4.99346,0.00181528,0.00181528,3.52962,-3.53219
3.234,-4.96923,-4.96923,-0.00400357,-0.00400357,3.51661,-3.51095
3.267,-4.81581,-4.81581,-0.00983641,-0.00983641,3.41225,-3.39834
3.3,-4.53719,-4.53719,-0.0155279,-0.0155279,3.21926,-3.1973
3.333,-4.14061,-4.14061,-0.0209236,-0.0209236,2.94265,-2.91306
3.366,-3.63638,-3.63638,-0.0258736,-0.0258736,2.5896,-2.55301
3.399,-3.03761,-3.03761,-0.0302374,-0.0302374,2.16929,-2.12653
3.432,-2.35987,-2.35987,-0.0338872,-0.0338872,1.69264,-1.64472
3.465,-1.62077,-1.62077,-0.036712,-0.036712,1.17202,-1.1201
3.498,-0.83954,-0.83954,-0.038621,-0.038621,0.620953,-0.566335
3.531,-0.0364826,-0.0364826,-0.0395457,-0.0395457,0.0537602,0.00216596
3.564,0.767522,0.767522,-0.0394433,-0.0394433,-0.51483,0.570611
3.597,1.55157,1.55157,-0.0382971,-0.0382971,-1.07005,1.12421
3.63,2.29528,2.29528,-0.0361184,-0.0361184,-1.59747,1.64855
3.663,2.97932,2.97932,-0.0329461,-0.0329461,-2.0834,2.12999
3.696,3.58589,3.58589,-0.0288465,-0.0288465,-2.51521,2.55601
3.729,4.09924,4.09924,-0.0239117,-0.0239117,-2.88169,2.91551
3.762,4.50602,4.50602,-0.0182579,-0.0182579,-3.17332,3.19915
3.795,4.79564,4.79564,-0.0120223,-0.0120223,-3.38253,3.39953
3.828,4.96059,4.96059,-0.00536022,-0.00536022,-3.50387,3.51145
3.861,4.99656,4.99656,0.00155909,0.00155909,-3.53421,3.532
3.894,4.90264,4.90264,0.00855658,0.00855658,-3.47274,3.46064
3.927,4.68125,4.68125,0.0154481,0.0154481,-3.32107,3.29922
3.96,4.33816,4.33816,0.0220492,0.0220492,-3.08313,3.05195
3.993,3.88228,3.88228,0.0281802,0.0281802,-2.76511,2.72526
4.026,3.32547,3.32547,0.0336707,0.0336707,-2.37527,2.32765
4.059,2.68221,2.68221,0.0383649,0.0383649,-1.92373,1.86948
4.092,1.96921,1.96921,0.0421254,0.0421254,-1.42223,1.36265
4.125,1.20501,1.20501,0.0448375,0.0448375,-0.883779,0.820369
4.158,0.409494,0.409494,0.0464125,0.0464125,-0.322375,0.256737
4.191,-0.396672,-0.396672,0.0467906,0.0467906,0.247403,-0.313575
4.224,-1.19252,-1.19252,0.0459427,0.0459427,0.810755,-0.875728
4.257,-1.95737,-1.95737,0.0438721,0.0438721,1.35305,-1.41509
4.29,-2.67133,-2.67133,0.0406144,0.0406144,1.8602,-1.91763
4.323,-3.31583,-3.31583,0.0362373,0.0362373,2.31903,-2.37027
4.356,-3.87413,-3.87413,0.0308393,0.0308393,2.71762,-2.76123
4.389,-4.33171,-4.33171,0.0245475,0.0245475,3.04562,-3.08034
4.422,-4.67667,-4.67667,0.0175145,0.0175145,3.29452,-3.31929
4.455,-4.90004,-4.90004,0.00991512,0.00991512,3.45784,-3.47186
4.488,-4.99602,-4.99602,0.0019415,0.0019415,3.53134,-3.53409
4.521,-4.96211,-4.96211,-0.0062013,-0.0062013,3.51312,-3.50435
4.554,-4.79919,-4.79919,-0.0143008,-0.0143008,3.40365,-3.38343
4.587,-4.5115,-4.5115,-0.0221425,-0.0221425,3.20577,-3.17445
4.62,-4.10652,-4.10652,-0.0295157,-0.0295157,2.92462,-2.88288
4.653,-3.59477,-3.59477,-0.0362191,-0.0362191,2.5675,-2.51628
4.686,-2.98957,-2.98957,-0.0420664,-0.0420664,2.14369,-2.0842
4.719,-2.30665,-2.30665,-0.0468909,-0.0468909,1.6642,-1.59789
4.752,-1.56376,-1.56376,-0.0505512,-0.0505512,1.14149,-1.07
4.785,-0.780211,-0.780211,-0.0529344,-0.0529344,0.589123,-0.514262
4.818,0.0236182,0.0236182,-0.05396,-0.05396,0.0214548,0.0548561
4.851,0.826832,0.826832,-0.053582,-0.053582,-0.546771,0.622547
4.884,1.60855,1.60855,-0.0517914,-0.0517914,-1.10079,1.17404
4.917,2.34844,2.34844,-0.0486161,-0.0486161,-1.62622,1.69498
4.95,3.02728,3.02728,-0.044121,-0.044121,-2.10941,2.17181
4.983,3.62742,3.62742,-0.0384069,-0.0384069,-2.53781,2.59213
5.016,4.13324,4.13324,-0.0316082,-0.0316082,-2.90029,2.94499
5.049,4.53161,4.53161,-0.0238894,-0.0238894,-3.18744,3.22122
5.082,4.81216,4.81216,-0.0154419,-0.0154419,-3.39179,3.41363
5.115,4.9676,4.9676,-0.00647856,-0.00647856,-3.50804,3.5172
5.148,4.99389,4.99389,0.00277122,0.00277122,-3.53317,3.52925
5.181,4.89035,4.89035,0.0120676,0.0120676,-3.46653,3.44946
5.214,4.65966,4.65966,0.0211665,0.0211665,-3.30985,3.27991
5.247,4.30784,4.30784,0.0298257,0.0298257,-3.06719,3.02501
5.28,3.84401,3.84401,0.0378119,0.0378119,-2.74487,2.69139
5.313,3.28025,3.28025,0.0449064,0.0449064,-2.35124,2.28774
5.346,2.63121,2.63121,0.0509113,0.0509113,-1.89655,1.82455
5.379,1.91377,1.91377,0.0556552,0.0556552,-1.39259,1.31388
5.412,1.14656,1.14656,0.0589975,0.0589975,-0.852461,0.769026
5.445,0.349556,0.349556,0.0608333,0.0608333,-0.290189,0.204158
5.478,-0.456539,-0.456539,0.0610957,0.0610957,0.279621,-0.366023
5.511,-1.25076,-1.25076,0.059759,0.059759,0.842167,-0.926679
5.544,-2.01247,-2.01247,0.0568389,0.0568389,1.38284,-1.46322
5.577,-2.72185,-2.72185,0.0523932,0.0523932,1.88759,-1.96169
5.61,-3.36047,-3.36047,0.0465207,0.0465207,2.34331,-2.4091
5.643,-3.91172,-3.91172,0.0393589,0.0393589,2.73817,-2.79383
5.676,-4.36127,-4.36127,0.0310809,0.0310809,3.0619,-3.10586
5.709,-4.69743,-4.69743,0.0218913,0.0218913,3.3061,-3.33706
5.742,-4.91147,-4.91147,0.0120208,0.0120208,3.46443,-3.48143
5.775,-4.99781,-4.99781,0.00172117,0.00172117,3.53277,-3.5352
5.808,-4.95422,-4.95422,-0.00874198,-0.00874198,3.50934,-3.49698
5.841,-4.78183,-4.78183,-0.0190956,-0.0190956,3.39477,-3.36776
5.874,-4.48512,-4.48512,-0.0290663,-0.0290663,3.19201,-3.1509
5.907,-4.0718,-4.0718,-0.0383879,-0.0383879,2.90634,-2.85205
5.94,-3.55262,-3.55262,-0.0468083,-0.0468083,2.54518,-2.47899
5.973,-2.94109,-2.94109,-0.0540961,-0.0540961,2.11791,-2.04141
6.006,-2.25308,-2.25308,-0.0600474,-0.0600474,1.63563,-1.55071
6.039,-1.50651,-1.50651,-0.0644911,-0.0644911,1.11086,-1.01966
6.072,-0.720767,-0.720767,-0.0672939,-0.0672939,0.557243,-0.462075
6.105,0.0837117,0.0837117,-0.0683643,-0.0683643,-0.0108523,0.107534
6.138,0.886012,0.886012,-0.0676553,-0.0676553,-0.578666,0.674345
6.171,1.66528,1.66528,-0.0651664,-0.0651664,-1.13145,1.22361
6.204,2.40124,2.40124,-0.0609436,-0.0609436,-1.65484,1.74103
6.237,3.07478,3.07478,-0.0550794,-0.0550794,-2.13525,2.21315
6.27,3.66838,3.66838,-0.0477101,-0.0477101,-2.5602,2.62767
6.303,4.1666,4.1666,-0.0390133,-0.0390133,-2.91865,2.97382
6.336,4.5565,4.5565,-0.0292032,-0.0292032,-3.20128,3.24258
6.369,4.82793,4.82793,-0.0185256,-0.0185256,-3.40077,3.42697
6.402,4.97385,4.97385,-0.00725163,-0.00725163,-3.51192,3.52217
6.435,4.99045,4.99045,0.00432904,0.00432904,-3.53184,3.52572
6.468,4.87731,4.87731,0.0159157,0.0159157,-3.46003,3.43753
6.501,4.63737,4.63737,0.0272045,0.0272045,-3.29835,3.25988
6.534,4.27686,4.27686,0.0378962,0.0378962,-3.05099,2.9974
6.567,3.80516,3.80516,0.0477043,0.0477043,-2.72439,2.65692
6.6,3.23454,3.23454,0.0563626,0.0563626,-2.32702,2.24731
6.633,2.57982,2.57982,0.0636323,0.0636323,-1.8692,1.77921
6.666,1.85803,1.85803,0.0693091,0.0693091,-1.36284,1.26482
6.699,1.08794,1.08794,0.073228,0.073228,-0.821072,0.717512
6.732,0.289568,0.289568,0.075269,0.075269,-0.257979,0.151533
6.765,-0.516332,-0.516332,0.0753599,0.0753599,0.311815,-0.41839
6.798,-1.30881,-1.30881,0.0734794,0.0734794,0.873509,-0.977425
6.831,-2.06725,-2.06725,0.0696574,0.0696574,1.41251,-1.51102
6.864,-2.77195,-2.77195,0.0639753,0.0639753,1.91483,-2.0053
6.897,-3.40459,-3.40459,0.0565641,0.0565641,2.36741,-2.4474
6.93,-3.9487,-3.9487,0.0476014,0.0476014,2.75849,-2.82581
6.963,-4.39016,-4.39016,0.0373074,0.0373074,3.07793,-3.13069
6.996,-4.71747,-4.71747,0.0259391,0.0259391,3.31742,-3.3541
7.029,-4.92214,-4.92214,0.0137843,0.0137843,3.47073,-3.49023
7.062,-4.99884,-4.99884,0.00115419,0.00115419,3.5339,-3.53553
7.095,-4.94558,-4.94558,-0.0116247,-0.0116247,3.50527,-3.48883
7.128,-4.76374,-4.76374,-0.0242189,-0.0242189,3.3856,-3.35135
7.161,-4.45805,-4.45805,-0.0362966,-0.0362966,3.17799,-3.12665
7.194,-4.03646,-4.03646,-0.0475365,-0.0475365,2.88782,-2.8206
7.227,-3.50993,-3.50993,-0.0576365,-0.0576365,2.52265,-2.44114
7.26,-2.89215,-2.89215,-0.0663215,-0.0663215,2.09196,-1.99816
7.293,-2.19918,-2.19918,-0.0733509,-0.0733509,1.60692,-1.50319
7.326,-1.44903,-1.44903,-0.0785255,-0.0785255,1.08015,-0.969095
7.359,-0.661217,-0.661217,-0.081693,-0.081693,0.525317,-0.409786
7.392,0.143788,0.143788,-0.0827524,-0.0827524,-0.0431585,0.160188
7.425,0.945052,0.945052,-0.0816569,-0.0816569,-0.610513,0.725993
7.458,1.72175,1.72175,-0.078416,-0.078416,-1.16201,1.27291
7.491,2.45367,2.45367,-0.0730954,-0.0730954,-1.68332,1.7867
7.524,3.12181,3.12181,-0.0658163,-0.0658163,-2.16091,2.25399
7.557,3.70878,3.70878,-0.0567518,-0.0567518,-2.58237,2.66263
7.59,4.19933,4.19933,-0.0461237,-0.0461237,-2.93676,3.00199
7.623,4.5807,4.5807,-0.0341967,-0.0341967,-3.21486,3.26322
7.656,4.84297,4.84297,-0.0212719,-0.0212719,-3.40946,3.43954
7.689,4.97934,4.97934,-0.00767886,-0.00767886,-3.5155,3.52636
7.722,4.98625,4.98625,0.00623207,0.00623207,-3.53022,3.52141
7.755,4.86353,4.86353,0.0200995,0.0200995,-3.45325,3.42482
7.788,4.61437,4.61437,0.0335598,0.0335598,-3.28658,3.23912
7.821,4.24523,4.24523,0.0462574,0.0462574,-3.03454,2.96912
7.854,3.76573,3.76573,0.0578531,0.0578531,-2.70368,2.62187
7.887,3.18833,3.18833,0.0680343,0.0680343,-2.3026,2.20638
7.92,2.52804,2.52804,0.0765224,0.0765224,-1.8417,1.73348
7.953,1.80202,1.80202,0.0830811,0.0830811,-1.33297,1.21548
7.986,1.02916,1.02916,0.0875227,0.0875227,-0.789614,0.665838
8.019,0.229542,0.229542,0.0897133,0.0897133,-0.225748,0.0988738
8.052,-0.576042,-0.576042,0.0895769,0.0895769,0.343983,-0.470663
8.085,-1.36665,-1.36665,0.0870979,0.0870979,0.904778,-1.02795
8.118,-2.12172,-2.12172,0.0823221,0.0823221,1.44207,-1.55849
8.151,-2.82163,-2.82163,0.0753556,0.0753556,1.94191,-2.04848
8.184,-3.44818,-3.44818,0.0663629,0.0663629,2.3913,-2.48516
8.217,-3.98508,-3.98508,0.055563,0.055563,2.77859,-2.85716
8.25,-4.41837,-4.41837,0.0432239,0.0432239,3.0937,-3.15482
8.283,-4.73679,-4.73679,0.029656,0.029656,3.32845,-3.37039
8.316,-4.93206,-4.93206,0.0152045,0.0152045,3.47674,-3.49825
8.349,-4.99911,-4.99911,0.000240572,0.000240572,3.53473,-3.53507
8.382,-4.93618,-4.93618,-0.0148484,-0.0148484,3.50091,-3.47991
8.415,-4.74493,-4.74493,-0.0296686,-0.0296686,3.37615,-3.33419
8.448,-4.43031,-4.43031,-0.0438302,-0.0438302,3.1637,-3.10171
8.481,-4.00051,-4.00051,-0.0569576,-0.0569576,2.86907,-2.78851
8.514,-3.46671,-3.46671,-0.0686992,-0.0686992,2.49991,-2.40276
8.547,-2.84278,-2.84278,-0.0787371,-0.0787371,2.06582,-1.95447
8.58,-2.14494,-2.14494,-0.0867955,-0.0867955,1.57808,-1.45533
8.613,-1.39134,-1.39134,-0.0926483,-0.0926483,1.04934,-0.918316
8.646,-0.601572,-0.601572,-0.0961255,-0.0961255,0.493347,-0.357405
8.679,0.203836,0.203836,-0.0971178,-0.0971178,-0.0754611,0.212806
8.712,1.00394,1.00394,-0.0955804,-0.0955804,-0.642309,0.77748
8.745,1.77795,1.77795,-0.0915342,-0.0915342,-1.19247,1.32192
8.778,2.50572,2.50572,-0.085066,-0.085066,-1.71166,1.83196
8.811,3.16835,3.16835,-0.0763267,-0.0763267,-2.18639,2.29433
8.844,3.74861,3.74861,-0.0655277,-0.0655277,-2.60433,2.697
8.877,4.23141,4.23141,-0.052936,-0.052936,-2.95462,3.02949
8.91,4.60419,4.60419,-0.0388676,-0.0388676,-3.22817,3.28314
8.943,4.85727,4.85727,-0.0236792,-0.0236792,-3.41787,3.45135
8.976,4.98407,4.98407,-0.00775982,-0.00775982,-3.51878,3.52976
9.009,4.98129,4.98129,0.00847973,0.00847973,-3.5283,3.51631
9.042,4.84901,4.84901,0.0246172,0.0246172,-3.44618,3.41136
9.075,4.59066,4.59066,0.0402298,0.0402298,-3.27453,3.21764
9.108,4.21296,4.21296,0.0549057,0.0549057,-3.01784,2.94019
9.141,3.72573,3.72573,0.0682541,0.0682541,-2.68275,2.58623
9.174,3.14164,3.14164,0.0799166,0.0799166,-2.27799,2.16497
9.207,2.47588,2.47588,0.089576,0.089576,-1.81405,1.68737
9.24,1.74574,1.74574,0.0969654,0.0969654,-1.30299,1.16586
9.273,0.970226,0.970226,0.101875,0.101875,-0.75809,0.614017
9.306,0.169487,0.169487,0.10416,0.10416,-0.193497,0.0461931
9.339,-0.635657,-0.635657,0.10374,0.10374,0.376122,-0.522832
9.372,-1.42427,-1.42427,0.100608,0.100608,0.935971,-1.07825
9.405,-2.17585,-2.17585,0.0948271,0.0948271,1.47151,-1.60561
9.438,-2.87087,-2.87087,0.0865288,0.0865288,1.96882,-2.09119
9.471,-3.49124,-3.49124,0.0759126,0.0759126,2.415,-2.52236
9.504,-4.02084,-4.02084,0.0632399,0.0632399,2.79845,-2.88788
9.537,-4.44591,-4.44591,0.0488275,0.0488275,3.10921,-3.17826
9.57,-4.75539,-4.75539,0.03304,0.03304,3.3392,-3.38593
9.603,-4.94123,-4.94123,0.0162806,0.0162806,3.48247,-3.50549
9.636,-4.99861,-4.99861,-0.00101955,-0.00101955,3.53527,-3.53383
9.669,-4.92604,-4.92604,-0.0184119,-0.0184119,3.49625,-3.47021
9.702,-4.72539,-4.72539,-0.0354427,-0.0354427,3.36642,-3.31629
9.735,-4.40189,-4.40189,-0.0516643,-0.0516643,3.14914,-3.07608
9.768,-3.96396,-3.96396,-0.0666472,-0.0666472,2.85007,-2.75581
9.801,-3.42296,-3.42296,-0.0799917,-0.0799917,2.47696,-2.36384
9.834,-2.79298,-2.79298,-0.0913377,-0.0913377,2.03952,-1.91035
9.867,-2.09038,-2.09038,-0.100376,-0.100376,1.5491,-1.40715
9.9,-1.33345,-1.33345,-0.106853,-0.106853,1.01845,-0.867332
9.933,-0.541842,-0.541842,-0.110585,-0.110585,0.461335,-0.304945
9.966,0.263846,0.263846,-0.111454,-0.111454,-0.107757,0.265378
9.999,1.06267,1.06267,-0.10942,-0.10942,-0.674051,0.828794
10.032,1.83387,1.83387,-0.104515,-0.104515,-1.22284,1.37064
10.065,2.55738,2.55738,-0.0968499,-0.0968499,-1.73986,1.87683
10.098,3.21441,3.21441,-0.0866059,-0.0866059,-2.21169,2.33417
10.131,3.78786,3.78786,-0.0740338,-0.0740338,-2.62607,2.73077
10.164,4.26283,4.26283,-0.059447,-0.059447,-2.97224,3.05631
10.197,4.62698,4.62698,-0.0432134,-0.0432134,-3.24121,3.30232
10.23,4.87083,4.87083,-0.0257463,-0.0257463,-3.42599,3.4624
10.263,4.98804,4.98804,-0.00749416,-0.00749416,-3.52178,3.53238
10.296,4.97557,4.97557,0.0110713,0.0110713,-3.52609,3.51043
10.329,4.83375,4.83375,0.0294672,0.0294672,-3.43881,3.39714
10.362,4.56626,4.56626,0.0472119,0.0472119,-3.26221,3.19545
10.395,4.18005,4.18005,0.0638375,0.0638375,-3.00088,2.9106
10.428,3.68517,3.68517,0.0789029,0.0789029,-2.6616,2.55001
10.461,3.09448,3.09448,0.0920044,0.0920044,-2.25318,2.12307
10.494,2.42334,2.42334,0.102788,0.102788,-1.78624,1.64088
10.527,1.6892,1.6892,0.110956,0.110956,-1.2729,1.11599
10.56,0.911151,0.911151,0.11628,0.11628,-0.726503,0.562059
10.593,0.109413,0.109413,0.118602,0.118602,-0.161231,-0.00649787
10.626,-0.695167,-0.695167,0.117844,0.117844,0.40823,-0.574885
10.659,-1.48167,-1.48167,0.114005,0.114005,0.967086,-1.12831
10.692,-2.22965,-2.22965,0.107167,0.107167,1.50082,-1.65238
10.725,-2.91966,-2.91966,0.0974898,0.0974898,1.99558,-2.13345
10.758,-3.53376,-3.53376,0.0852087,0.0852087,2.4385,-2.559
10.791,-4.05599,-4.05599,0.0706284,0.0706284,2.81808,-2.91796
10.824,-4.47276,-4.47276,0.0541156,0.0541156,3.12446,-3.20099
10.857,-4.77325,-4.77325,0.0360895,0.0360895,3.34968,-3.40072
10.89,-4.94964,-4.94964,0.0170117,0.0170117,3.4879,-3.51196
10.923,-4.99735,-4.99735,-0.00262596,-0.00262596,3.53552,-3.5318
10.956,-4.91514,-4.91514,-0.0223141,-0.0223141,3.4913,-3.45975
10.989,-4.70513,-4.70513,-0.0415388,-0.0415388,3.3564,-3.29766
11.022,-4.37281,-4.37281,-0.0597955,-0.0597955,3.13432,-3.04976
11.055,-3.9268,-3.9268,-0.0766014,-0.0766014,2.83083,-2.7225
11.088,-3.3787,-3.3787,-0.0915091,-0.0915091,2.45381,-2.32439
11.121,-2.74276,-2.74276,-0.104118,-0.104118,2.01304,-1.8658
11.154,-2.03551,-2.03551,-0.114085,-0.114085,1.52,-1.35866
11.187,-1.27535,-1.27535,-0.121135,-0.121135,0.987465,-0.816155
11.22,-0.482036,-0.482036,-0.125065,-0.125065,0.429286,-0.252417
11.253,0.323809,0.323809,-0.125756,-0.125756,-0.140045,0.31789
11.286,1.12123,1.12123,-0.123169,-0.123169,-0.705737,0.879924
11.319,1.8895,1.8895,-0.117353,-0.117353,-1.2531,1.41906
11.352,2.60865,2.60865,-0.108442,-0.108442,-1.76791,1.92127
11.385,3.25997,3.25997,-0.096649,-0.096649,-2.2368,2.37348
11.418,3.82653,3.82653,-0.0822661,-0.0822661,-2.64759,2.76394
11.451,4.29361,4.29361,-0.0656534,-0.0656534,-2.98961,3.08246
11.484,4.64906,4.64906,-0.0472319,-0.0472319,-3.25398,3.32078
11.517,4.88364,4.88364,-0.0274719,-0.0274719,-3.43383,3.47268
11.55,4.99125,4.99125,-0.00688165,-0.00688165,-3.52448,3.53421
11.583,4.96909,4.96909,0.0140061,0.0140061,-3.52358,3.50378
11.616,4.81775,4.81775,0.0346478,0.0346478,-3.43117,3.38217
11.649,4.54116,4.54116,0.0545031,0.0545031,-3.24962,3.17254
11.682,4.1465,4.1465,0.0730494,0.0730494,-2.98367,2.88037
11.715,3.64404,3.64404,0.089795,0.089795,-2.64022,2.51323
11.748,3.04685,3.04685,0.104293,0.104293,-2.22819,2.0807
11.781,2.37044,2.37044,0.116151,0.116151,-1.75829,1.59403
11.814,1.63241,1.63241,0.125046,0.125046,-1.24271,1.06587
11.847,0.851944,0.851944,0.130729,0.130729,-0.694855,0.509976
11.88,0.0493302,0.0493302,0.133034,0.133034,-0.128951,-0.0591874
11.913,-0.754563,-0.754563,0.131881,0.131881,0.440303,-0.626811
11.946,-1.53884,-1.53884,0.127281,0.127281,0.99812,-1.17812
11.979,-2.2831,-2.2831,0.119336,0.119336,1.53001,-1.69878
12.012,-2.968,-2.968,0.108234,0.108234,2.02216,-2.17523
12.045,-3.57574,-3.57574,0.0942469,0.0942469,2.46179,-2.59507
12.078,-4.09051,-4.09051,0.0777251,0.0777251,2.83747,-2.94739
12.111,-4.49893,-4.49893,0.0590853,0.0590853,3.13945,-3.223
12.144,-4.79039,-4.79039,0.0388026,0.0388026,3.35988,-3.41475
12.177,-4.9573,-4.9573,0.0173972,0.0173972,3.49304,-3.51764
12.21,-4.99533,-4.99533,-0.00457831,-0.00457831,3.53547,-3.52899
12.243,-4.90349,-4.90349,-0.0265535,-0.0265535,3.48606,-3.44851
12.276,-4.68416,-4.68416,-0.0479548,-0.0479548,3.34611,-3.27829
12.309,-4.34306,-4.34306,-0.0682206,-0.0682206,3.11925,-3.02277
12.342,-3.88904,-3.88904,-0.086816,-0.086816,2.81136,-2.68858
12.375,-3.33392,-3.33392,-0.103247,-0.103247,2.43044,-2.28443
12.408,-2.69212,-2.69212,-0.117072,-0.117072,1.9864,-1.82084
12.441,-1.98034,-1.98034,-0.127918,-0.127918,1.49076,-1.30986
12.474,-1.21707,-1.21707,-0.135486,-0.135486,0.956403,-0.764797
12.507,-0.422166,-0.422166,-0.13956,-0.13956,0.3972,-0.199833
12.54,0.383713,0.383713,-0.140015,-0.140015,-0.17232,0.370331
12.573,1.17961,1.17961,-0.136821,-0.136821,-0.737364,0.930859
12.606,1.94484,1.94484,-0.130042,-0.130042,-1.28326,1.46716
12.639,2.6595,2.6595,-0.119836,-0.119836,-1.79582,1.96529
12.672,3.30502,3.30502,-0.106451,-0.106451,-2.26173,2.41227
12.705,3.86461,3.86461,-0.0902206,-0.0902206,-2.66889,2.79649
12.738,4.32372,4.32372,-0.0715523,-0.0715523,-3.00674,3.10793
12.771,4.67042,4.67042,-0.050921,-0.050921,-3.26648,3.33849
12.804,4.8957,4.8957,-0.0288548,-0.0288548,-3.44138,3.48218
12.837,4.99369,4.99369,-0.00592216,-0.00592216,-3.52688,3.53526
12.87,4.96186,4.96186,0.0172831,0.0172831,-3.52078,3.49634
12.903,4.80102,4.80102,0.0401569,0.0401569,-3.42323,3.36644
12.936,4.51537,4.51537,0.0621008,0.0621008,-3.23676,3.14894
12.969,4.11233,4.11233,0.0825374,0.0825374,-2.96622,2.84949
13.002,3.60237,3.60237,0.100926,0.100926,-2.61863,2.4759
13.035,2.99876,2.99876,0.116776,0.116776,-2.20302,2.03787
13.068,2.31719,2.31719,0.129662,0.129662,-1.73019,1.54682
13.101,1.57538,1.57538,0.139231,0.139231,-1.21241,1.01551
13.134,0.792617,0.792617,0.145218,0.145218,-0.66315,0.45778
13.167,-0.0107506,-0.0107506,0.147449,0.147449,-0.0966601,-0.111864
13.2,-0.813835,-0.813835,0.145845,0.145845,0.47234,-0.678597
13.233,-1.59576,-1.59576,0.140431,0.140431,1.02907,-1.22767
13.266,-2.33619,-2.33619,0.131328,0.131328,1.55907,-1.7448
13.299,-3.01588,-3.01588,0.118755,0.118755,2.04858,-2.21652
13.332,-3.61716,-3.61716,0.103023,0.103023,2.48487,-2.63057
13.365,-4.1244,-4.1244,0.0845264,0.0845264,2.85662,-2.97616
13.398,-4.52441,-4.52441,0.0637343,0.0637343,3.15417,-3.24431
13.431,-4.80679,-4.80679,0.0411777,0.0411777,3.36979,-3.42803
13.464,-4.96419,-4.96419,0.0174364,0.0174364,3.49789,-3.52254
13.497,-4.99254,-4.99254,-0.00687618,-0.00687618,3.53512,-3.5254
13.53,-4.89109,-4.89109,-0.0311286,-0.0311286,3.48053,-3.43651
13.563,-4.66248,-4.66248,-0.054688,-0.054688,3.33554,-3.2582
13.596,-4.31265,-4.31265,-0.0769363,-0.0769363,3.10391,-2.9951
13.629,-3.8507,-3.8507,-0.0972869,-0.0972869,2.79165,-2.65406
13.662,-3.28864,-3.28864,-0.1152,-0.1152,2.40688,-2.24396
13.695,-2.64109,-2.64109,-0.130196,-0.130196,1.95959,-1.77547
13.728,-1.92487,-1.92487,-0.141869,-0.141869,1.46141,-1.26077
13.761,-1.15862,-1.15862,-0.1499,-0.1499,0.925261,-0.713269
13.794,-0.362241,-0.362241,-0.154062,-0.154062,0.365081,-0.147205
13.827,0.443549,0.443549,-0.154227,-0.154227,-0.204582,0.422691
13.86,1.2378,1.2378,-0.150371,-0.150371,-0.76893,0.981587
13.893,1.99987,1.99987,-0.142577,-0.142577,-1.31331,1.51494
13.926,2.70994,2.70994,-0.131028,-0.131028,-1.82357,2.00887
13.959,3.34956,3.34956,-0.116009,-0.116009,-2.28647,2.45053
13.992,3.90209,3.90209,-0.0978935,-0.0978935,-2.68997,2.82841
14.025,4.35317,4.35317,-0.0771405,-0.0771405,-3.02361,3.1327
14.058,4.69107,4.69107,-0.0542786,-0.0542786,-3.2787,3.35547
14.091,4.90701,4.90701,-0.029894,-0.029894,-3.44864,3.49092
14.124,4.99537,4.99537,-0.00461567,-0.00461567,-3.529,3.53552
14.157,4.95386,4.95386,0.0209014,0.0209014,-3.51769,3.48813
14.19,4.78356,4.78356,0.0459927,0.0459927,-3.41501,3.34997
14.223,4.4889,4.4889,0.0700019,0.0700019,-3.22363,3.12463
14.256,4.07753,4.07753,0.0922979,0.0922979,-2.94851,2.81798
14.289,3.56015,3.56015,0.112291,0.112291,-2.59681,2.43801
14.322,2.95022,2.95022,0.12945,0.12945,-2.17766,1.99459
14.355,2.26359,2.26359,0.143313,0.143313,-1.70194,1.49927
14.388,1.51812,1.51812,0.153504,0.153504,-1.18202,0.964929
14.421,0.733179,0.733179,0.15974,0.15974,-0.631389,0.405482
14.454,-0.0708196,-0.0708196,0.16184,0.16184,-0.0643614,-0.164515
14.487,-0.872973,-0.872973,0.159732,0.159732,0.504338,-0.730232
14.52,-1.65243,-1.65243,0.153449,0.153449,1.05994,-1.27695
14.553,-2.38892,-2.38892,0.143138,0.143138,1.588,-1.79043
14.586,-3.06329,-3.06329,0.129049,0.129049,2.07482,-2.25733
14.619,-3.65803,-3.65803,0.111532,0.111532,2.50775,-2.66548
14.652,-4.15765,-4.15765,0.0910289,0.0910289,2.87554,-3.00427
14.685,-4.54919,-4.54919,0.0680599,0.0680599,3.16864,-3.26489
14.718,-4.82245,-4.82245,0.0432135,0.0432135,3.37943,-3.44054
14.751,-4.97033,-4.97033,0.0171289,0.0171289,3.50244,-3.52667
14.784,-4.98899,-4.98899,-0.00951902,-0.00951902,3.53448,-3.52102
14.817,-4.87795,-4.87795,-0.036038,-0.036038,3.47471,-3.42375
14.85,-4.64008,-4.64008,-0.061736,-0.061736,3.32469,-3.23738
14.883,-4.28159,-4.28159,-0.0859392,-0.0859392,3.08831,-2.96677
14.916,-3.81178,-3.81178,-0.10801,-0.10801,2.77171,-2.61896
14.949,-3.24287,-3.24287,-0.127363,-0.127363,2.38312,-2.203
14.982,-2.58966,-2.58966,-0.143482,-0.143482,1.93262,-1.72971
15.015,-1.86912,-1.86912,-0.155932,-0.155932,1.43193,-1.21141
15.048,-1.09999,-1.09999,-0.164373,-0.164373,0.894041,-0.661583
15.081,-0.302271,-0.302271,-0.168566,-0.168566,0.332932,-0.0945435
15.114,0.503306,0.503306,-0.168384,-0.168384,-0.236826,0.474956
15.147,1.29579,1.29579,-0.163812,-0.163812,-0.800431,1.0321
15.18,2.05459,2.05459,-0.154951,-0.154951,-1.34325,1.56238
15.213,2.75996,2.75996,-0.142012,-0.142012,-1.85117,2.05201
15.246,3.39358,3.39358,-0.125316,-0.125316,-2.31101,2.48823
15.279,3.93897,3.93897,-0.105281,-0.105281,-2.71082,2.85971
15.312,4.38194,4.38194,-0.0824152,-0.0824152,-3.04022,3.15678
15.345,4.71099,4.71099,-0.0573027,-0.0573027,-3.29066,3.37169
15.378,4.91756,4.91756,-0.0305886,-0.0305886,-3.45561,3.49887
15.411,4.99628,4.99628,-0.00296226,-0.00296226,-3.53081,3.535
15.444,4.94511,4.94511,0.0248598,0.0248598,-3.5143,3.47914
15.477,4.76537,4.76537,0.052153,0.052153,-3.4065,3.33275
15.51,4.46174,4.46174,0.0782035,0.0782035,-3.21022,3.09963
15.543,4.04211,4.04211,0.102327,0.102327,-2.93056,2.78585
15.576,3.5174,3.5174,0.123886,0.123886,-2.57478,2.39958
15.609,2.90124,2.90124,0.142308,0.142308,-2.15212,1.95086
15.642,2.20966,2.20966,0.157099,0.157099,-1.67355,1.45138
15.675,1.46064,1.46064,0.167858,0.167858,-1.15152,0.914132
15.708,0.673639,0.673639,0.174288,0.174288,-0.599575,0.353095
15.741,-0.130866,-0.130866,0.176202,0.176202,-0.0320572,-0.21713
15.774,-0.931965,-0.931965,0.173533,0.173533,0.536293,-0.781705
15.807,-1.70883,-1.70883,0.166329,0.166329,1.09071,-1.32594
15.84,-2.44126,-2.44126,0.154761,0.154761,1.6168,-1.83567
15.873,-3.11023,-3.11023,0.139112,0.139112,2.1009,-2.29763
15.906,-3.69832,-3.69832,0.119771,0.119771,2.53042,-2.6998
15.939,-4.19027,-4.19027,0.0972293,0.0972293,2.89421,-3.03172
15.972,-4.57327,-4.57327,0.0720599,0.0720599,3.18283,-3.28474
16.005,-4.83737,-4.83737,0.0449084,0.0449084,3.38878,-3.45229
16.038,-4.9757,-4.9757,0.0164744,0.0164744,3.50671,-3.53
16.071,-4.98468,-4.98468,-0.0125062,-0.0125062,3.53354,-3.51586
16.104,-4.86406,-4.86406,-0.04128,-0.04128,3.4686,-3.41022
16.137,-4.61698,-4.61698,-0.0690962,-0.0690962,3.31356,-3.21584
16.17,-4.24988,-4.24988,-0.0952257,-0.0952257,3.07245,-2.93778
16.203,-3.77228,-3.77228,-0.11898,-0.11898,2.75154,-2.58327
16.236,-3.19661,-3.19661,-0.139731,-0.139731,2.35915,-2.16154
16.269,-2.53784,-2.53784,-0.156926,-0.156926,1.90549,-1.68356
16.302,-1.81309,-1.81309,-0.1701,-0.1701,1.40233,-1.16177
16.335,-1.04121,-1.04121,-0.178896,-0.178896,0.862747,-0.60975
16.368,-0.242266,-0.242266,-0.183065,-0.183065,0.300754,-0.0418615
16.401,0.562975,0.562975,-0.18248,-0.18248,-0.26905,0.527116
16.434,1.35357,1.35357,-0.177138,-0.177138,-0.831866,1.08238
16.467,2.10898,2.10898,-0.167159,-0.167159,-1.37307,1.60947
16.5,2.80955,2.80955,-0.152783,-0.152783,-1.87862,2.09469
16.533,3.43707,3.43707,-0.134369,-0.134369,-2.33536,2.52539
16.566,3.97523,3.97523,-0.112379,-0.112379,-2.73145,2.89038
16.599,4.41004,4.41004,-0.0873737,-0.0873737,-3.05659,3.18015
16.632,4.7302,4.7302,-0.0599917,-0.0599917,-3.30233,3.38717
16.665,4.92737,4.92737,-0.0309376,-0.0309376,-3.4623,3.50605
16.698,4.99644,4.99644,-0.000962118,-0.000962118,-3.53233,3.53369
16.731,4.93561,4.93561,0.0291571,0.0291571,-3.51062,3.46938
16.764,4.74646,4.74646,0.0586355,0.0586355,-3.39771,3.31479
16.797,4.43391,4.43391,0.0867023,0.0867023,-3.19655,3.07394
16.83,4.00609,4.00609,0.11262,0.11262,-2.91237,2.7531
16.863,3.47412,3.47412,0.135706,0.135706,-2.55253,2.36061
16.896,2.85183,2.85183,0.155345,0.155345,-2.12639,1.9067
16.929,2.1554,2.1554,0.171014,0.171014,-1.64502,1.40317
16.962,1.40294,1.40294,0.182288,0.182288,-1.12093,0.863131
16.995,0.614009,0.614009,0.188856,0.188856,-0.567711,0.300629
17.028,-0.190881,-0.190881,0.190528,0.190528,0.000249607,-0.269697
17.061,-0.990804,-0.990804,0.187243,0.187243,0.568204,-0.833005
17.094,-1.76496,-1.76496,0.179066,0.179066,1.1214,-1.37464
17.127,-2.49323,-2.49323,0.166191,0.166191,1.64547,-1.8805
17.16,-3.15668,-3.15668,0.148937,0.148937,2.12679,-2.33742
17.193,-3.73805,-3.73805,0.127736,0.127736,2.55288,-2.73352
17.226,-4.22223,-4.22223,0.103124,0.103124,2.91265,-3.05849
17.259,-4.59664,-4.59664,0.0757319,0.0757319,3.19677,-3.30387
17.292,-4.85155,-4.85155,0.0462611,0.0462611,3.39785,-3.46327
17.325,-4.98032,-4.98032,0.0154724,0.0154724,3.51068,-3.53256
17.358,-4.97961,-4.97961,-0.0158369,-0.0158369,3.53231,-3.50992
17.391,-4.84944,-4.84944,-0.0468528,-0.0468528,3.4622,-3.39594
17.424,-4.59319,-4.59319,-0.0767658,-0.0767658,3.30215,-3.19359
17.457,-4.21752,-4.21752,-0.104792,-0.104792,3.05634,-2.90814
17.49,-3.73221,-3.73221,-0.130194,-0.130194,2.73113,-2.54701
17.523,-3.14987,-3.14987,-0.1523,-0.1523,2.33499,-2.1196
17.556,-2.48565,-2.48565,-0.170521,-0.170521,1.87819,-1.63704
17.589,-1.7568,-1.7568,-0.184368,-0.184368,1.37261,-1.11188
17.622,-0.982286,-0.982286,-0.193464,-0.193464,0.831381,-0.557782
17.655,-0.182237,-0.182237,-0.197553,-0.197553,0.268552,0.0108298
17.688,0.622545,0.622545,-0.19651,-0.19651,-0.301252,0.579159
17.721,1.41114,1.41114,-0.190344,-0.190344,-0.863231,1.13242
17.754,2.16304,2.16304,-0.179195,-0.179195,-1.40279,1.65621
17.787,2.8587,2.8587,-0.163336,-0.163336,-1.90591,2.1369
17.82,3.48003,3.48003,-0.143163,-0.143163,-2.35952,2.56199
17.853,4.01089,4.01089,-0.119185,-0.119185,-2.75185,2.9204
17.886,4.43746,4.43746,-0.0920131,-0.0920131,-3.0727,3.20282
17.919,4.74867,4.74867,-0.0623436,-0.0623436,-3.31373,3.4019
17.952,4.93642,4.93642,-0.0309404,-0.0309404,-3.4687,3.51245
17.985,4.99582,4.99582,0.00138446,0.00138446,-3.53356,3.5316
18.018,4.92535,4.92535,0.033792,0.033792,-3.50664,3.45885
18.051,4.72682,4.72682,0.0654381,0.0654381,-3.38864,3.2961
18.084,4.40541,4.40541,0.0954952,0.0954952,-3.18262,3.04757
18.117,3.96946,3.96946,0.123174,0.123174,-2.89393,2.71973
18.15,3.43031,3.43031,0.147745,0.147745,-2.53007,2.32113
18.183,2.80199,2.80199,0.168557,0.168557,-2.10049,1.86212
18.216,2.10082,2.10082,0.185052,0.185052,-1.61636,1.35465
18.249,1.34504,1.34504,0.196787,0.196787,-1.09024,0.811939
18.282,0.554298,0.554298,0.203437,0.203437,-0.5358,0.248096
18.315,-0.250853,-0.250853,0.204812,0.204812,0.0325564,-0.322204
18.348,-1.04948,-1.04948,0.200856,0.200856,0.600067,-0.884119
18.381,-1.82081,-1.82081,0.191652,0.191652,1.15199,-1.42303
18.414,-2.5448,-2.5448,0.177423,0.177423,1.67399,-1.92491
18.447,-3.20263,-3.20263,0.158521,0.158521,2.15251,-2.37669
18.48,-3.77719,-3.77719,0.135421,0.135421,2.57512,-2.76663
18.513,-4.25355,-4.25355,0.108711,0.108711,2.93084,-3.08458
18.546,-4.61931,-4.61931,0.0790737,0.0790737,3.21043,-3.32226
18.579,-4.86498,-4.86498,0.0472706,0.0472706,3.40664,-3.47349
18.612,-4.98417,-4.98417,0.0141229,0.0141229,3.51435,-3.53433
18.645,-4.97378,-4.97378,-0.0195103,-0.0195103,3.53079,-3.50319
18.678,-4.83407,-4.83407,-0.0527545,-0.0527545,3.45551,-3.3809
18.711,-4.56869,-4.56869,-0.084742,-0.084742,3.29047,-3.17063
18.744,-4.18453,-4.18453,-0.114635,-0.114635,3.03997,-2.87785
18.777,-3.69158,-3.69158,-0.141647,-0.141647,2.7105,-2.51019
18.81,-3.10267,-3.10267,-0.165064,-0.165064,2.31063,-2.0772
18.843,-2.43309,-2.43309,-0.184263,-0.184263,1.85075,-1.59016
18.876,-1.70025,-1.70025,-0.19873,-0.19873,1.34278,-1.06174
18.909,-0.923223,-0.923223,-0.20807,-0.20807,0.799945,-0.505689
18.942,-0.122194,-0.122194,-0.212023,-0.212023,0.236328,0.0635187
18.975,0.682006,0.682006,-0.210467,-0.210467,-0.333429,0.631074
19.008,1.46847,1.46847,-0.203422,-0.203422,-0.894524,1.18221
19.041,2.21675,2.21675,-0.191054,-0.191054,-1.43238,1.70258
19.074,2.9074,2.9074,-0.173666,-0.173666,-1.93304,2.17864
19.107,3.52245,3.52245,-0.151694,-0.151694,-2.38348,2.59801
19.14,4.04592,4.04592,-0.125695,-0.125695,-2.77202,2.94978
19.173,4.4642,4.4642,-0.096331,-0.096331,-3.08855,3.22478
19.206,4.76642,4.76642,-0.0643569,-0.0643569,-3.32486,3.41587
19.239,4.94471,4.94471,-0.0305964,-0.0305964,-3.4748,3.51807
19.272,4.99445,4.99445,0.00407707,0.00407707,-3.53449,3.52873
19.305,4.91434,4.91434,0.0387632,0.0387632,-3.50237,3.44755
19.338,4.70647,4.70647,0.0725583,0.0725583,-3.37928,3.27667
19.371,4.37624,4.37624,0.104579,0.104579,-3.16841,3.02052
19.404,3.93223,3.93223,0.133984,0.133984,-2.87525,2.68577
19.437,3.386,3.386,0.16,0.16,-2.5074,2.28112
19.47,2.75174,2.75174,0.181936,0.181936,-2.07442,1.81712
19.503,2.04594,2.04594,0.199208,0.199208,-1.58756,1.30584
19.536,1.28695,1.28695,0.211349,0.211349,-1.05946,0.760567
19.569,0.494516,0.494516,0.218026,0.218026,-0.503843,0.195508
19.602,-0.310773,-0.310773,0.219047,0.219047,0.0648605,-0.374639
19.635,-1.10798,-1.10798,0.214365,0.214365,0.63188,-0.935037
19.668,-1.87637,-1.87637,0.204083,0.204083,1.18249,-1.4711
19.701,-2.59598,-2.59598,0.188452,0.188452,1.70238,-1.96889
19.734,-3.24809,-3.24809,0.167859,0.167859,2.17805,-2.41544
19.767,-3.81575,-3.81575,0.142825,0.142825,2.59715,-2.79913
19.8,-4.2842,-4.2842,0.113987,0.113987,2.94879,-3.10999
19.833,-4.64127,-4.64127,0.0820833,0.0820833,3.22383,-3.33992
19.866,-4.87767,-4.87767,0.0479357,0.0479357,3.41514,-3.48293
19.899,-4.98726,-4.98726,0.0124259,0.0124259,3.51774,-3.53531
19.932,-4.96719,-4.96719,-0.0235255,-0.0235255,3.52897,-3.4957
19.965,-4.81797,-4.81797,-0.0589832,-0.0589832,3.44853,-3.36511
19.998,-4.5435,-4.5435,-0.0930219,-0.0930219,3.27852,-3.14696
20.031,-4.15091,-4.15091,-0.12475,-0.12475,3.02335,-2.84692
20.064,-3.6504,-3.6504,-0.153334,-0.153334,2.68965,-2.4728
20.097,-3.05499,-3.05499,-0.178018,-0.178018,2.28608,-2.03433
20.13,-2.38017,-2.38017,-0.198146,-0.198146,1.82314,-1.54292
20.163,-1.64346,-1.64346,-0.213179,-0.213179,1.31284,-1.01136
20.196,-0.864033,-0.864033,-0.222709,-0.222709,0.768443,-0.453484
20.229,-0.0621474,-0.0621474,-0.22647,-0.22647,0.204083,0.116193
20.262,0.741349,0.741349,-0.224344,-0.224344,-0.365578,0.682848
20.295,1.52557,1.52557,-0.216368,-0.216368,-0.925742,1.23173
20.328,2.27011,2.27011,-0.20273,-0.20273,-1.46186,1.74857
20.361,2.95564,2.95564,-0.183768,-0.183768,-1.96001,2.2199
20.394,3.56432,3.56432,-0.159958,-0.159958,-2.40725,2.63346
20.427,4.08033,4.08033,-0.131904,-0.131904,-2.79196,2.9785
20.46,4.49025,4.49025,-0.100325,-0.100325,-3.10414,3.24603
20.493,4.78343,4.78343,-0.06603,-0.06603,-3.3357,3.42909
20.526,4.95225,4.95225,-0.029905,-0.029905,-3.48062,3.52291
20.559,4.99231,4.99231,0.00711521,0.00711521,-3.53513,3.52507
20.592,4.90259,4.90259,0.044069,0.044069,-3.49781,3.43549
20.625,4.6854,4.6854,0.0799936,0.0799936,-3.36964,3.25651
20.658,4.3464,4.3464,0.11395,0.11395,-3.15395,2.9928
20.691,3.89441,3.89441,0.145047,0.145047,-2.85633,2.6512
20.724,3.34117,3.34117,0.172465,0.172465,-2.48452,2.24061
20.757,2.70107,2.70107,0.195479,0.195479,-2.04817,1.77172
20.79,1.99075,1.99075,0.213475,0.213475,-1.55862,1.25673
20.823,1.22868,1.22868,0.225969,0.225969,-1.02859,0.709026
20.856,0.434674,0.434674,0.232616,0.232616,-0.471845,0.142876
20.889,-0.37063,-0.37063,0.233227,0.233227,0.0971592,-0.426991
20.922,-1.16629,-1.16629,0.227765,0.227765,0.66364,-0.985748
20.955,-1.93163,-1.93163,0.216353,0.216353,1.21288,-1.51885
20.988,-2.64674,-2.64674,0.199271,0.199271,1.73062,-2.01243
21.021,-3.29304,-3.29304,0.176946,0.176946,2.20341,-2.45365
21.054,-3.85371,-3.85371,0.149942,0.149942,2.61896,-2.83101
21.087,-4.3142,-4.3142,0.118948,0.118948,2.96649,-3.13471
21.12,-4.66251,-4.66251,0.0847587,0.0847587,3.23696,-3.35683
21.153,-4.88961,-4.88961,0.0482553,0.0482553,3.42336,-3.4916
21.186,-4.98958,-4.98958,0.0103813,0.0103813,3.52083,-3.53551
21.219,-4.95984,-4.95984,-0.0278813,-0.0278813,3.52685,-3.48742
21.252,-4.80114,-4.80114,-0.0655368,-0.0655368,3.44126,-3.34858
21.285,-4.51763,-4.51763,-0.101602,-0.101602,3.26629,-3.1226
21.318,-4.11666,-4.11666,-0.135134,-0.135134,3.00647,-2.81537
21.351,-3.60867,-3.60867,-0.16525,-0.16525,2.66857,-2.43487
21.384,-3.00687,-3.00687,-0.191156,-0.191156,2.26134,-1.99101
21.417,-2.32689,-2.32689,-0.212163,-0.212163,1.79538,-1.49534
21.45,-1.58643,-1.58643,-0.22771,-0.22771,1.28279,-0.960761
21.483,-0.804726,-0.804726,-0.237374,-0.237374,0.736876,-0.401179
21.516,-0.00210663,-0.00210663,-0.240886,-0.240886,0.171822,0.168842
21.549,0.800562,0.800562,-0.238135,-0.238135,-0.397696,0.73447
21.582,1.58241,1.58241,-0.229175,-0.229175,-0.956883,1.28099
21.615,2.32312,2.32312,-0.214218,-0.214218,-1.49122,1.79417
21.648,3.00342,3.00342,-0.193637,-0.193637,-1.98682,2.26066
21.681,3.60563,3.60563,-0.16795,-0.16795,-2.43081,2.66832
21.714,4.1141,4.1141,-0.137811,-0.137811,-2.81166,3.00655
21.747,4.5156,4.5156,-0.103992,-0.103992,-3.11948,3.26655
21.78,4.79971,4.79971,-0.0673615,-0.0673615,-3.34627,3.44154
21.813,4.95902,4.95902,-0.0288657,-0.0288657,-3.48615,3.52697
21.846,4.98941,4.98941,0.0104983,0.0104983,-3.53547,3.52062
21.879,4.89008,4.89008,0.0497079,0.0497079,-3.49296,3.42266
21.912,4.66362,4.66362,0.0877414,0.0877414,-3.35972,3.23564
21.945,4.31592,4.31592,0.123605,0.123605,-3.13922,2.96441
21.978,3.85601,3.85601,0.156357,0.156357,-2.83717,2.61605
22.011,3.29585,3.29585,0.185135,0.185135,-2.46143,2.19961
22.044,2.65001,2.65001,0.209179,0.209179,-2.02175,1.72593
22.077,1.93528,1.93528,0.227848,0.227848,-1.52956,1.20734
22.11,1.17024,1.17024,0.240638,0.240638,-0.997642,0.657327
22.143,0.374781,0.374781,0.247201,0.247201,-0.439808,0.0902131
22.176,-0.430415,-0.430415,0.247345,0.247345,0.12945,-0.479249
22.209,-1.22441,-1.22441,0.241049,0.241049,0.695345,-1.03624
22.242,-1.98658,-1.98658,0.228456,0.228456,1.24318,-1.56626
22.275,-2.69708,-2.69708,0.209877,0.209877,1.75872,-2.05553
22.308,-3.33747,-3.33747,0.185778,0.185778,2.22858,-2.49131
22.341,-3.89108,-3.89108,0.156769,0.156769,2.64056,-2.86226
22.374,-4.34352,-4.34352,0.123591,0.123591,2.98394,-3.15873
22.407,-4.68304,-4.68304,0.0870979,0.0870979,3.24982,-3.373
22.44,-4.9008,-4.9008,0.0482287,0.0482287,3.43129,-3.49949
22.473,-4.99115,-4.99115,0.00798923,0.00798923,3.52363,-3.53492
22.506,-4.95173,-4.95173,-0.0325766,-0.0325766,3.52444,-3.47837
22.539,-4.78358,-4.78358,-0.0724131,-0.0724131,3.43371,-3.3313
22.572,-4.49107,-4.49107,-0.110481,-0.110481,3.25379,-3.09754
22.605,-4.08179,-4.08179,-0.145783,-0.145783,2.98935,-2.78318
22.638,-3.5664,-3.5664,-0.177391,-0.177391,2.64726,-2.39639
22.671,-2.9583,-2.9583,-0.204473,-0.204473,2.23642,-1.94725
22.704,-2.27328,-2.27328,-0.226309,-0.226309,1.76748,-1.44743
22.737,-1.52917,-1.52917,-0.242315,-0.242315,1.25263,-0.909946
22.77,-0.745313,-0.745313,-0.252058,-0.252058,0.705248,-0.348784
22.803,0.0579177,0.0579177,-0.255265,-0.255265,0.139546,0.221454
22.836,0.859637,0.859637,-0.251835,-0.251835,-0.429781,0.785929
22.869,1.639,1.639,-0.241837,-0.241837,-0.987945,1.32995
22.902,2.37575,2.37575,-0.225512,-0.225512,-1.52045,1.83937
22.935,3.05072,3.05072,-0.203268,-0.203268,-2.01346,2.30092
22.968,3.64638,3.64638,-0.175667,-0.175667,-2.45417,2.7026
23.001,4.14723,4.14723,-0.143412,-0.143412,-2.83113,3.03394
23.034,4.54026,4.54026,-0.10733,-0.10733,-3.13455,3.28634
23.067,4.81525,4.81525,-0.06835,-0.06835,-3.35656,3.45322
23.1,4.96504,4.96504,-0.0274784,-0.0274784,-3.49138,3.53024
23.133,4.98575,4.98575,0.0142255,0.0142255,-3.53552,3.5154
23.166,4.87684,4.87684,0.0556781,0.0556781,-3.48782,3.40908
23.199,4.64114,4.64114,0.095799,0.095799,-3.34952,3.21404
23.232,4.28478,4.28478,0.13354,0.13354,-3.12422,2.93537
23.265,3.81702,3.81702,0.16791,0.16791,-2.81777,2.58031
23.298,3.25004,3.25004,0.198006,0.198006,-2.43813,2.15811
23.331,2.59856,2.59856,0.223031,0.223031,-1.99516,1.67975
23.364,1.87953,1.87953,0.24232,0.24232,-1.50037,1.15768
23.397,1.11163,1.11163,0.255353,0.255353,-0.966606,0.605483
23.43,0.314849,0.314849,0.261774,0.261774,-0.407734,0.0375299
23.463,-0.490116,-0.490116,0.261396,0.261396,0.161729,-0.531399
23.496,-1.28233,-1.28233,0.254211,0.254211,0.726992,-1.0865
23.529,-2.0412,-2.0412,0.240387,0.240387,1.27337,-1.61333
23.562,-2.747,-2.747,0.220264,0.220264,1.78667,-2.09817
23.595,-3.38138,-3.38138,0.19435,0.19435,2.25357,-2.52842
23.628,-3.92784,-3.92784,0.163302,0.163302,2.66193,-2.89287
23.661,-4.37217,-4.37217,0.127915,0.127915,3.00114,-3.18204
23.694,-4.70284,-4.70284,0.0890993,0.0890993,3.26241,-3.38841
23.727,-4.91124,-4.91124,0.0478551,0.0478551,3.43893,-3.50661
23.76,-4.99195,-4.99195,0.00525007,0.00525007,3.52613,-3.53355
23.793,-4.94288,-4.94288,-0.0376101,-0.0376101,3.52173,-3.46855
23.826,-4.7653,-4.7653,-0.0796099,-0.0796099,3.42587,-3.31328
23.859,-4.46383,-4.46383,-0.119653,-0.119653,3.24101,-3.0718
23.892,-4.04631,-4.04631,-0.156692,-0.156692,2.97197,-2.75038
23.925,-3.5236,-3.5236,-0.189753,-0.189753,2.62574,-2.35739
23.958,-2.90929,-2.90929,-0.217964,-0.217964,2.2113,-1.90305
23.991,-2.21934,-2.21934,-0.240578,-0.240578,1.73942,-1.3992
24.024,-1.4717,-1.4717,-0.25699,-0.25699,1.22237,-0.85893
24.057,-0.685804,-0.685804,-0.266755,-0.266755,0.673561,-0.296312
24.09,0.117916,0.117916,-0.269602,-0.269602,0.107258,0.274016
24.123,0.918563,0.918563,-0.265436,-0.265436,-0.46183,0.837214
24.156,1.69532,1.69532,-0.254348,-0.254348,-1.01892,1.37863
24.189,2.428,2.428,-0.236607,-0.236607,-1.54955,1.88416
24.222,3.09755,3.09755,-0.212657,-0.212657,-2.03993,2.34067
24.255,3.68656,3.68656,-0.183104,-0.183104,-2.47732,2.73627
24.288,4.17972,4.17972,-0.148703,-0.148703,-2.85036,3.06066
24.321,4.56422,4.56422,-0.110337,-0.110337,-3.14937,3.30541
24.354,4.83004,4.83004,-0.0689944,-0.0689944,-3.36657,3.46414
24.387,4.9703,4.9703,-0.0257428,-0.0257428,-3.49633,3.53273
24.42,4.98133,4.98133,0.0182961,0.0182961,-3.53527,3.50939
24.453,4.86285,4.86285,0.0619778,0.0619778,-3.48238,3.39473
24.486,4.61795,4.61795,0.104164,0.104164,-3.33904,3.19173
24.519,4.25299,4.25299,0.143751,0.143751,-3.10897,2.90567
24.552,3.77747,3.77747,0.179702,0.179702,-2.79814,2.54401
24.585,3.20374,3.20374,0.211071,0.211071,-2.41464,2.11614
24.618,2.54672,2.54672,0.237029,0.237029,-1.96841,1.6332
24.651,1.8235,1.8235,0.256885,0.256885,-1.47105,1.10777
24.684,1.05288,1.05288,0.270105,0.270105,-0.93549,0.553503
24.717,0.254886,0.254886,0.276328,0.276328,-0.375625,-0.0151617
24.75,-0.549725,-0.549725,0.275373,0.275373,0.193996,-0.583432
24.783,-1.34004,-1.34004,0.267246,0.267246,0.758578,-1.13652
24.816,-2.0955,-2.0955,0.252139,0.252139,1.30346,-1.66003
24.849,-2.79649,-2.79649,0.230427,0.230427,1.81448,-2.14035
24.882,-3.42476,-3.42476,0.202658,0.202658,2.27837,-2.56497
24.915,-3.96398,-3.96398,0.169538,0.169538,2.68308,-2.92284
24.948,-4.40015,-4.40015,0.131917,0.131917,3.0181,-3.20466
24.981,-4.72192,-4.72192,0.0907612,0.0907612,3.27472,-3.40308
25.014,-4.92092,-4.92092,0.0471338,0.0471338,3.44629,-3.51294
25.047,-4.99198,-4.99198,0.00216412,0.00216412,3.52834,-3.5314
25.08,-4.93326,-4.93326,-0.0429805,-0.0429805,3.51874,-3.45795
25.113,-4.74629,-4.74629,-0.0871248,-0.0871248,3.41774,-3.29453
25.146,-4.43592,-4.43592,-0.129117,-0.129117,3.22797,-3.04537
25.179,-4.01022,-4.01022,-0.167857,-0.167857,2.95435,-2.71696
25.212,-3.48027,-3.48027,-0.202329,-0.202329,2.60399,-2.31786
25.245,-2.85985,-2.85985,-0.231624,-0.231624,2.186,-1.85844
25.278,-2.16507,-2.16507,-0.254964,-0.254964,1.71123,-1.35065
25.311,-1.41402,-1.41402,-0.271727,-0.271727,1.192,-0.807723
25.344,-0.626208,-0.626208,-0.281459,-0.281459,0.641818,-0.243774
25.377,0.177877,0.177877,-0.283889,-0.283889,0.074962,0.326518
25.41,0.97733,0.97733,-0.278934,-0.278934,-0.493841,0.888313
25.443,1.75137,1.75137,-0.266703,-0.266703,-1.04982,1.42699
25.476,2.47987,2.47987,-0.247498,-0.247498,-1.57852,1.92854
25.509,3.14389,3.14389,-0.221798,-0.221798,-2.06623,2.3799
25.542,3.72617,3.72617,-0.190258,-0.190258,-2.50026,2.76933
25.575,4.21157,4.21157,-0.153682,-0.153682,-2.86936,3.0867
25.608,4.58747,4.58747,-0.113011,-0.113011,-3.16392,3.32374
25.641,4.8441,4.8441,-0.0692934,-0.0692934,-3.3763,3.47429
25.674,4.97479,4.97479,-0.0236588,-0.0236588,-3.50098,3.53444
25.707,4.97614,4.97614,0.0227092,0.0227092,-3.53472,3.50261
25.74,4.84813,4.84813,0.068605,0.068605,-3.47665,3.37963
25.773,4.59407,4.59407,0.112832,0.112832,-3.32828,3.16871
25.806,4.22057,4.22057,0.154235,0.154235,-3.09345,2.87533
25.839,3.73735,3.73735,0.191729,0.191729,-2.77828,2.50713
25.872,3.15697,3.15697,0.224326,0.224326,-2.39094,2.07369
25.905,2.49452,2.49452,0.251167,0.251167,-1.94149,1.58629
25.938,1.76722,1.76722,0.271537,0.271537,-1.44162,1.0576
25.971,0.993978,0.993978,0.284889,0.284889,-0.904295,0.501401
26.004,0.194904,0.194904,0.290858,0.290858,-0.343486,-0.0678498
26.037,-0.60923,-0.60923,0.28927,0.28927,0.226246,-0.635335
26.07,-1.39752,-1.39752,0.280147,0.280147,0.7901,-1.18629
26.103,-2.14947,-2.14947,0.263707,0.263707,1.33343,-1.70637
26.136,-2.84552,-2.84552,0.240361,0.240361,1.84213,-2.18205
26.169,-3.4676,-3.4676,0.210697,0.210697,2.30298,-2.60095
26.202,-3.99952,-3.99952,0.175474,0.175474,2.70401,-2.95216
26.235,-4.42745,-4.42745,0.135593,0.135593,3.0348,-3.22656
26.268,-4.74027,-4.74027,0.0920819,0.0920819,3.28676,-3.41699
26.301,-4.92985,-4.92985,0.0460643,0.0460643,3.45336,-3.5185
26.334,-4.99126,-4.99126,-0.00126813,-0.00126813,3.53025,-3.52846
26.367,-4.9229,-4.9229,-0.0486861,-0.0486861,3.51544,-3.44659
26.4,-4.72656,-4.72656,-0.0949554,-0.0949554,3.40933,-3.27504
26.433,-4.40734,-4.40734,-0.138868,-0.138868,3.21465,-3.01826
26.466,-3.97353,-3.97353,-0.179275,-0.179275,2.93648,-2.68295
26.499,-3.43643,-3.43643,-0.215116,-0.215116,2.58203,-2.27781
26.532,-2.80999,-2.80999,-0.245446,-0.245446,2.16052,-1.8134
26.565,-2.1105,-2.1105,-0.269461,-0.269461,1.68288,-1.30181
26.598,-1.35614,-1.35614,-0.286521,-0.286521,1.16154,-0.756336
26.631,-0.566536,-0.566536,-0.296164,-0.296164,0.610021,-0.191182
26.664,0.237791,0.237791,-0.29812,-0.29812,0.0426593,0.378947
26.697,1.03593,1.03593,-0.292321,-0.292321,-0.525811,0.939214
26.73,1.80713,1.80713,-0.278896,-0.278896,-1.08062,1.47504
26.763,2.53134,2.53134,-0.258178,-0.258178,-1.60737,1.97249
26.796,3.18973,3.18973,-0.230688,-0.230688,-2.09236,2.4186
26.829,3.76519,3.76519,-0.197124,-0.197124,-2.523,2.80178
26.862,4.24275,4.24275,-0.158346,-0.158346,-2.88811,3.11205
26.895,4.61001,4.61001,-0.11535,-0.11535,-3.1782,3.34133
26.928,4.85741,4.85741,-0.0692462,-0.0692462,-3.38574,3.48367
26.961,4.97852,4.97852,-0.0212263,-0.0212263,-3.50534,3.53536
26.994,4.9702,4.9702,0.0274637,0.0274637,-3.53388,3.49504
27.027,4.83266,4.83266,0.0755578,0.0755578,-3.47064,3.36378
27.06,4.56949,4.56949,0.121802,0.121802,-3.31724,3.14499
27.093,4.18751,4.18751,0.164989,0.164989,-3.07768,2.84435
27.126,3.69667,3.69667,0.203985,0.203985,-2.75818,2.4697
27.159,3.10973,3.10973,0.237766,0.237766,-2.36704,2.03079
27.192,2.44195,2.44195,0.26544,0.26544,-1.91441,1.53902
27.225,1.71068,1.71068,0.28627,0.28627,-1.41206,1.00721
27.258,0.934946,0.934946,0.299698,0.299698,-0.873025,0.449188
27.291,0.134912,0.134912,0.305357,0.305357,-0.311317,-0.120523
27.324,-0.668622,-0.668622,0.303081,0.303081,0.258477,-0.687097
27.357,-1.45477,-1.45477,0.292908,0.292908,0.821557,-1.23579
27.39,-2.20308,-2.20308,0.275086,0.275086,1.3633,-1.75233
27.423,-2.89411,-2.89411,0.25006,0.25006,1.86963,-2.22327
27.456,-3.5099,-3.5099,0.218464,0.218464,2.32739,-2.63635
27.489,-4.03442,-4.03442,0.181105,0.181105,2.72471,-2.98083
27.522,-4.45406,-4.45406,0.138942,0.138942,3.05125,-3.24774
27.555,-4.75789,-4.75789,0.09306,0.09306,3.29853,-3.43014
27.588,-4.93802,-4.93802,0.044646,0.044646,3.46014,-3.52328
27.621,-4.98977,-4.98977,-0.00504612,-0.00504612,3.53187,-3.52473
27.654,-4.91179,-4.91179,-0.0547256,-0.0547256,3.51186,-3.43446
27.687,-4.70612,-4.70612,-0.103099,-0.103099,3.40063,-3.25483
27.72,-4.37809,-4.37809,-0.148904,-0.148904,3.20107,-2.99049
27.753,-3.93625,-3.93625,-0.190941,-0.190941,2.91836,-2.64833
27.786,-3.39207,-3.39207,-0.228108,-0.228108,2.55986,-2.23726
27.819,-2.75971,-2.75971,-0.259425,-0.259425,2.13485,-1.76797
27.852,-2.05561,-2.05561,-0.284063,-0.284063,1.6544,-1.25268
27.885,-1.29808,-1.29808,-0.301365,-0.301365,1.13098,-0.704782
27.918,-0.506798,-0.506798,-0.310862,-0.310862,0.578173,-0.138548
27.951,0.297648,0.297648,-0.31229,-0.31229,0.0103531,0.431291
27.984,1.09435,1.09435,-0.305591,-0.305591,-0.557736,0.989907
28.017,1.86259,1.86259,-0.290922,-0.290922,-1.11134,1.52276
28.05,2.5824,2.5824,-0.268644,-0.268644,-1.63607,2.01599
28.083,3.23507,3.23507,-0.239321,-0.239321,-2.11831,2.45676
28.116,3.80362,3.80362,-0.203699,-0.203699,-2.54553,2.8336
28.149,4.27328,4.27328,-0.162691,-0.162691,-2.90663,3.13671
28.182,4.63184,4.63184,-0.117352,-0.117352,-3.19222,3.35819
28.215,4.86997,4.86997,-0.0688517,-0.0688517,-3.39491,3.49228
28.248,4.98149,4.98149,-0.0184456,-0.0184456,-3.50941,3.53549
28.281,4.9635,4.9635,0.0325584,0.0325584,-3.53275,3.4867
28.314,4.81647,4.81647,0.0828339,0.0828339,-3.46433,3.34719
28.347,4.54422,4.54422,0.13107,0.13107,-3.30593,3.12057
28.38,4.15383,4.15383,0.176007,0.176007,-3.06165,2.81274
28.413,3.65545,3.65545,0.216467,0.216467,-2.73785,2.43172
28.446,3.06203,3.06203,0.251385,0.251385,-2.34294,1.98743
28.479,2.38902,2.38902,0.279841,0.279841,-1.88717,1.49141
28.512,1.6539,1.6539,0.301078,0.301078,-1.38238,0.956591
28.545,0.875792,0.875792,0.314527,0.314527,-0.841682,0.396875
28.578,0.0749206,0.0749206,0.319819,0.319819,-0.279123,-0.173169
28.611,-0.727891,-0.727891,0.316798,0.316798,0.290686,-0.738707
28.644,-1.51177,-1.51177,0.305524,0.305524,0.852945,-1.28502
28.677,-2.25634,-2.25634,0.286271,0.286271,1.39305,-1.7979
28.71,-2.94224,-2.94224,0.259521,0.259521,1.89697,-2.26399
28.743,-3.55164,-3.55164,0.225955,0.225955,2.35162,-2.67116
28.776,-4.0687,-4.0687,0.186429,0.186429,2.74518,-3.00883
28.809,-4.47997,-4.47997,0.14196,0.14196,3.06744,-3.2682
28.842,-4.77477,-4.77477,0.0936942,0.0936942,3.31002,-3.44253
28.875,-4.94543,-4.94543,0.0428786,0.0428786,3.46663,-3.52727
28.908,-4.98752,-4.98752,-0.00916917,-0.00916917,3.53319,-3.52022
28.941,-4.89993,-4.89993,-0.0610971,-0.0610971,3.50798,-3.42157
28.974,-4.68496,-4.68496,-0.111553,-0.111553,3.39165,-3.23389
29.007,-4.34819,-4.34819,-0.15922,-0.15922,3.18722,-2.96205
29.04,-3.89838,-3.89838,-0.202851,-0.202851,2.90001,-2.61313
29.073,-3.34722,-3.34722,-0.241301,-0.241301,2.53746,-2.19621
29.106,-2.70904,-2.70904,-0.273556,-0.273556,2.10901,-1.72215
29.139,-2.00044,-2.00044,-0.298764,-0.298764,1.62578,-1.20326
29.172,-1.23983,-1.23983,-0.316253,-0.316253,1.10032,-0.65307
29.205,-0.447005,-0.447005,-0.325548,-0.325548,0.546277,-0.0858825
29.238,0.357438,0.357438,-0.326391,-0.326391,-0.021954,0.48354
29.271,1.15258,1.15258,-0.318739,-0.318739,-0.589615,1.04038
29.304,1.91775,1.91775,-0.302773,-0.302773,-1.14196,1.57015
29.337,2.63305,2.63305,-0.27889,-0.27889,-1.66465,2.05906
29.37,3.2799,3.2799,-0.247694,-0.247694,-2.14409,2.49438
29.403,3.84146,3.84146,-0.20998,-0.20998,-2.56784,2.8648
29.436,4.30315,4.30315,-0.166716,-0.166716,-2.9249,3.16067
29.469,4.65295,4.65295,-0.119015,-0.119015,-3.20598,3.37429
29.502,4.88179,4.88179,-0.0681092,-0.0681092,-3.40379,3.50011
29.535,4.9837,4.9837,-0.0153168,-0.0153168,-3.51318,3.53484
29.568,4.95605,4.95605,0.0379922,0.0379922,-3.53132,3.47759
29.601,4.79954,4.79954,0.0904313,0.0904313,-3.45774,3.32985
29.634,4.51826,4.51826,0.140633,0.140633,-3.29434,3.09545
29.667,4.11952,4.11952,0.187286,0.187286,-3.04537,2.78051
29.7,3.61367,3.61367,0.229168,0.229168,-2.7173,2.39321
29.733,3.01389,3.01389,0.265178,0.265178,-2.31865,1.94363
29.766,2.33575,2.33575,0.294365,0.294365,-1.85977,1.44348
29.799,1.59689,1.59689,0.315954,0.315954,-1.35259,0.90576
29.832,0.816526,0.816526,0.329368,0.329368,-0.810269,0.344473
29.865,0.0149399,0.0149399,0.334237,0.334237,-0.246905,-0.225777
29.898,-0.787027,-0.787027,0.330417,0.330417,0.322872,-0.790152
29.931,-1.56852,-1.56852,0.317988,0.317988,0.884262,-1.33397
29.964,-2.30923,-2.30923,0.297255,0.297255,1.42268,-1.84307
29.997,-2.9899,-2.9899,0.268739,0.268739,1.92415,-2.30421
30.03,-3.59283,-3.59283,0.233165,0.233165,2.37564,-2.70539
30.063,-4.10234,-4.10234,0.191443,0.191443,2.76542,-3.03617
30.096,-4.5052,-4.5052,0.144647,0.144647,3.08338,-3.28794
30.129,-4.79092,-4.79092,0.0939831,0.0939831,3.32124,-3.45415
30.162,-4.95209,-4.95209,0.040762,0.040762,3.47283,-3.53048
30.195,-4.9845,-4.9845,-0.0136365,-0.0136365,3.53422,-3.51493
30.228,-4.88733,-4.88733,-0.0677989,-0.0677989,3.50381,-3.40792
30.261,-4.6631,-4.6631,-0.120315,-0.120315,3.38238,-3.21223
30.294,-4.31763,-4.31763,-0.169813,-0.169813,3.1731,-2.93295
30.327,-3.85992,-3.85992,-0.215,-0.215,2.8814,-2.57735
30.36,-3.30186,-3.30186,-0.254688,-0.254688,2.51486,-2.15468
30.393,-2.65797,-2.65797,-0.287833,-0.287833,2.083,-1.67594
30.426,-1.94497,-1.94497,-0.313559,-0.313559,1.59702,-1.15359
30.459,-1.18142,-1.18142,-0.331178,-0.331178,1.06957,-0.601214
30.492,-0.387165,-0.387165,-0.340216,-0.340216,0.514336,-0.0331982
30.525,0.417151,0.417151,-0.340417,-0.340417,-0.0542593,0.535682
30.558,1.21061,1.21061,-0.331758,-0.331758,-0.621445,1.09062
30.591,1.9726,1.9726,-0.314446,-0.314446,-1.17249,1.61718
30.624,2.68328,2.68328,-0.288911,-0.288911,-1.69308,2.10166
30.657,3.3242,3.3242,-0.255801,-0.255801,-2.16969,2.53145
30.69,3.8787,3.8787,-0.215962,-0.215962,-2.58994,2.89536
30.723,4.33234,4.33234,-0.170416,-0.170416,-2.94292,3.18393
30.756,4.67335,4.67335,-0.120337,-0.120337,-3.21946,3.38965
30.789,4.89285,4.89285,-0.0670179,-0.0670179,-3.41238,3.50716
30.822,4.98515,4.98515,-0.0118402,-0.0118402,-3.51666,3.5334
30.855,4.94784,4.94784,0.0437637,0.0437637,-3.5296,3.4677
30.888,4.78189,4.78189,0.0983474,0.0983474,-3.45085,3.31177
30.921,4.49163,4.49163,0.150488,0.150488,-3.28247,3.06965
30.954,4.08459,4.08459,0.198823,0.198823,-3.02883,2.74765
30.987,3.57137,3.57137,0.242085,0.242085,-2.69652,2.35416
31.02,2.9653,2.9653,0.279139,0.279139,-2.29416,1.8994
31.053,2.28214,2.28214,0.309006,0.309006,-1.83222,1.39522
31.086,1.53966,1.53966,0.330893,0.330893,-1.32268,0.854727
31.119,0.757159,0.757159,0.344215,0.344215,-0.778789,0.291995
31.152,-0.0450199,-0.0450199,0.348605,0.348605,-0.214667,-0.278335
31.185,-0.846019,-0.846019,0.343931,0.343931,0.35503,-0.841422
31.218,-1.62502,-1.62502,0.330295,0.330295,0.915506,-1.38261
31.251,-2.36176,-2.36176,0.308034,0.308034,1.4522,-1.88783
31.284,-3.03709,-3.03709,0.277708,0.277708,1.95118,-2.34391
31.317,-3.63345,-3.63345,0.24009,0.24009,2.39947,-2.73901
31.35,-4.13535,-4.13535,0.196143,0.196143,2.78544,-3.06283
31.383,-4.52973,-4.52973,0.146999,0.146999,3.09906,-3.30694
31.416,-4.80633,-4.80633,0.0939256,0.0939256,3.33218,-3.46501
31.449,-4.95798,-4.95798,0.0382959,0.0382959,3.47874,-3.5329
31.482,-4.98073,-4.98073,-0.0184472,-0.0184472,3.53495,-3.50886
31.515,-4.87399,-4.87399,-0.074829,-0.074829,3.49934,-3.39352
31.548,-4.64053,-4.64053,-0.129381,-0.129381,3.37284,-3.18986
31.581,-4.28643,-4.28643,-0.18068,-0.18068,3.15872,-2.9032
31.614,-3.82089,-3.82089,-0.227383,-0.227383,2.86256,-2.541
31.647,-3.25602,-3.25602,-0.268265,-0.268265,2.49205,-2.11266
31.68,-2.60651,-2.60651,-0.302251,-0.302251,2.0568,-1.62936
31.713,-1.88924,-1.88924,-0.32844,-0.32844,1.56813,-1.10365
31.746,-1.12286,-1.12286,-0.346135,-0.346135,1.03873,-0.549225
31.779,-0.32729,-0.32729,-0.354858,-0.354858,0.482351,0.0194935
31.812,0.476777,0.476777,-0.354363,-0.354363,-0.0865601,0.587704
31.845,1.26844,1.26844,-0.344643,-0.344643,-0.653223,1.14062
31.878,2.02712,2.02712,-0.325933,-0.325933,-1.20292,1.66386
31.911,2.73308,2.73308,-0.298702,-0.298702,-1.72137,2.1438
31.944,3.36799,3.36799,-0.263639,-0.263639,-2.19511,2.56795
31.977,3.91532,3.91532,-0.221643,-0.221643,-2.61183,2.92528
32.01,4.36086,4.36086,-0.173791,-0.173791,-2.96071,3.20648
32.043,4.69302,4.69302,-0.121317,-0.121317,-3.23268,3.40425
32.076,4.90316,4.90316,-0.0655773,-0.0655773,-3.42069,3.51343
32.109,4.98583,4.98583,-0.00801637,-0.00801637,-3.51985,3.53118
32.142,4.93888,4.93888,0.0498714,0.0498714,-3.52758,3.45705
32.175,4.76352,4.76352,0.10658,0.10658,-3.44368,3.29295
32.208,4.46432,4.46432,0.160631,0.160631,-3.27033,3.04317
32.241,4.04906,4.04906,0.210611,0.210611,-3.01204,2.71419
32.274,3.52853,3.52853,0.255213,0.255213,-2.67551,2.31458
32.307,2.91627,2.91627,0.293263,0.293263,-2.26948,1.85475
32.34,2.22821,2.22821,0.323758,0.323758,-1.80451,1.34665
32.373,1.48222,1.48222,0.345889,0.345889,-1.29267,0.803505
32.406,0.697699,0.697699,0.359062,0.359062,-0.747243,0.239453
32.439,-0.104949,-0.104949,0.362917,0.362917,-0.182411,-0.330831
32.472,-0.904859,-0.904859,0.357334,0.357334,0.387159,-0.892505
32.505,-1.68124,-1.68124,0.342439,0.342439,0.946672,-1.43095
32.538,-2.4139,-2.4139,0.318602,0.318602,1.4816,-1.93217
32.571,-3.08379,-3.08379,0.286424,0.286424,1.97804,-2.3831
32.604,-3.6735,-3.6735,0.246726,0.246726,2.4231,-2.77202
32.637,-4.16771,-4.16771,0.200527,0.200527,2.80522,-3.08881
32.67,-4.55355,-4.55355,0.149015,0.149015,3.11448,-3.32521
32.703,-4.821,-4.821,0.0935206,0.0935206,3.34284,-3.47509
32.736,-4.96312,-4.96312,0.0354804,0.0354804,3.48437,-3.53454
32.769,-4.9762,-4.9762,-0.0236002,-0.0236002,3.53539,-3.50202
32.802,-4.8599,-4.8599,-0.0821855,-0.0821855,3.49459,-3.37836
32.835,-4.61726,-4.61726,-0.13875,-0.13875,3.36301,-3.16679
32.868,-4.25458,-4.25458,-0.191816,-0.191816,3.14408,-2.87281
32.901,-3.7813,-3.7813,-0.239997,-0.239997,2.84348,-2.50408
32.934,-3.20971,-3.20971,-0.282028,-0.282028,2.46903,-2.07018
32.967,-2.55467,-2.55467,-0.316802,-0.316802,2.03044,-1.58241
33,-1.83323,-1.83323,-0.343402,-0.343402,1.53911,-1.05347
33.033,-1.06414,-1.06414,-0.361117,-0.361117,1.00781,-0.497113
33.066,-0.267389,-0.267389,-0.369468,-0.369468,0.450326,0.0721809
33.099,0.536305,0.536305,-0.368221,-0.368221,-0.118854,0.639596
33.132,1.32605,1.32605,-0.357387,-0.357387,-0.684946,1.19037
33.165,2.08131,2.08131,-0.337231,-0.337231,-1.23325,1.71016
33.198,2.78245,2.78245,-0.308257,-0.308257,-1.74952,2.18546
33.231,3.41124,3.41124,-0.271204,-0.271204,-2.22034,2.60388
33.264,3.95134,3.95134,-0.227018,-0.227018,-2.63349,2.95454
33.297,4.3887,4.3887,-0.176836,-0.176836,-2.97824,3.22832
33.33,4.71197,4.71197,-0.121953,-0.121953,-3.24563,3.4181
33.363,4.91272,4.91272,-0.0637868,-0.0637868,-3.42871,3.51892
33.396,4.98575,4.98575,-0.00384573,-0.00384573,-3.52274,3.52818
33.429,4.92916,4.92916,0.0563138,0.0563138,-3.52526,3.44562
33.462,4.74442,4.74442,0.115126,0.115126,-3.43622,3.2734
33.495,4.43633,4.43633,0.171058,0.171058,-3.25792,3.01601
33.528,4.01291,4.01291,0.222649,0.222649,-2.995,2.68012
33.561,3.48517,3.48517,0.268546,0.268546,-2.65428,2.2745
33.594,2.86682,2.86682,0.307544,0.307544,-2.24462,1.80968
33.627,2.17395,2.17395,0.338615,0.338615,-1.77665,1.29778
33.66,1.42457,1.42457,0.360934,0.360934,-1.26254,0.752104
33.693,0.638158,0.638158,0.373902,0.373902,-0.715635,0.186857
33.726,-0.164836,-0.164836,0.377166,0.377166,-0.15014,-0.383253
33.759,-0.963536,-0.963536,0.370619,0.370619,0.419255,-0.94339
33.792,-1.73718,-1.73718,0.354414,0.354414,0.97776,-1.47898
33.825,-2.46564,-2.46564,0.328954,0.328954,1.51087,-1.97608
33.858,-3.13,-3.13,0.294883,0.294883,2.00473,-2.42176
33.891,-3.71298,-3.71298,0.253071,0.253071,2.44652,-2.80442
33.924,-4.19941,-4.19941,0.204591,0.204591,2.82477,-3.1141
33.957,-4.57667,-4.57667,0.150692,0.150692,3.12964,-3.34275
33.99,-4.83493,-4.83493,0.0927672,0.0927672,3.35322,-3.48441
34.023,-4.96749,-4.96749,0.0323154,0.0323154,3.4897,-3.5354
34.056,-4.97091,-4.97091,-0.0290946,-0.0290946,3.53553,-3.49439
34.089,-4.84508,-4.84508,-0.0898663,-0.0898663,3.48954,-3.36245
34.122,-4.5933,-4.5933,-0.148417,-0.148417,3.3529,-3.14301
34.155,-4.2221,-4.2221,-0.203218,-0.203218,3.12917,-2.84178
34.188,-3.74114,-3.74114,-0.252836,-0.252836,2.82416,-2.4666
34.221,-3.16292,-3.16292,-0.295969,-0.295969,2.4458,-2.02724
34.254,-2.50247,-2.50247,-0.331483,-0.331483,2.00391,-1.53512
34.287,-1.77697,-1.77697,-0.358438,-0.358438,1.50996,-1.00306
34.32,-1.00529,-1.00529,-0.376117,-0.376117,0.9768,-0.444891
34.353,-0.207473,-0.207473,-0.384041,-0.384041,0.418264,0.124852
34.386,0.595726,0.595726,-0.381986,-0.381986,-0.151137,0.691346
34.419,1.38343,1.38343,-0.369985,-0.369985,-0.716612,1.23985
34.452,2.13515,2.13515,-0.348332,-0.348332,-1.26347,1.75609
34.485,2.83136,2.83136,-0.317573,-0.317573,-1.77752,2.22663
34.518,3.45395,3.45395,-0.27849,-0.27849,-2.24539,2.63923
34.551,3.98673,3.98673,-0.232085,-0.232085,-2.65494,2.98316
34.584,4.41586,4.41586,-0.179551,-0.179551,-2.99553,3.24945
34.617,4.73018,4.73018,-0.122244,-0.122244,-3.25831,3.43118
34.65,4.92152,4.92152,-0.0616461,-0.0616461,-3.43645,3.52363
34.683,4.98491,4.98491,0.000671049,0.000671049,-3.52534,3.52439
34.716,4.9187,4.9187,0.0630892,0.0630892,-3.52265,3.43343
34.749,4.72461,4.72461,0.123984,0.123984,-3.42847,3.25313
34.782,4.40769,4.40769,0.181768,0.181768,-3.24523,2.98818
34.815,3.97618,3.97618,0.23493,0.23493,-2.9777,2.64546
34.848,3.4413,3.4413,0.28208,0.28208,-2.63283,2.23391
34.881,2.81696,2.81696,0.321977,0.321977,-2.21956,1.76422
34.914,2.11939,2.11939,0.353571,0.353571,-1.74865,1.24862
34.947,1.36673,1.36673,0.376022,0.376022,-1.23231,0.700536
34.98,0.578545,0.578545,0.38873,0.38873,-0.683967,0.134219
35.013,-0.224672,-0.224672,0.391346,0.391346,-0.117856,-0.435591
35.046,-1.02204,-1.02204,0.383781,0.383781,0.451316,-0.994065
35.079,-1.79283,-1.79283,0.366215,0.366215,1.00877,-1.52667
35.112,-2.51699,-2.51699,0.339085,0.339085,1.54001,-2.01955
35.145,-3.17571,-3.17571,0.30308,0.30308,2.03126,-2.45988
35.178,-3.75186,-3.75186,0.259119,0.259119,2.46974,-2.83619
35.211,-4.23046,-4.23046,0.208333,0.208333,2.84408,-3.1387
35.244,-4.59907,-4.59907,0.15203,0.15203,3.14454,-3.35954
35.277,-4.84811,-4.84811,0.0916645,0.0916645,3.36332,-3.49295
35.31,-4.9711,-4.9711,0.0288012,0.0288012,3.49474,-3.53547
35.343,-4.96486,-4.96486,-0.034929,-0.034929,3.53538,-3.48598
35.376,-4.82953,-4.82953,-0.0978691,-0.0978691,3.4842,-3.34579
35.409,-4.56864,-4.56864,-0.158379,-0.158379,3.34251,-3.11853
35.442,-4.18898,-4.18898,-0.214881,-0.214881,3.114,-2.81012
35.475,-3.70042,-3.70042,-0.265895,-0.265895,2.80461,-2.42858
35.508,-3.11566,-3.11566,-0.310084,-0.310084,2.42237,-1.98384
35.541,-2.44991,-2.44991,-0.346286,-0.346286,1.97721,-1.48749
35.574,-1.72047,-1.72047,-0.373543,-0.373543,1.48069,-0.95242
35.607,-0.946307,-0.946307,-0.391129,-0.391129,0.94571,-0.39257
35.64,-0.147552,-0.147552,-0.398569,-0.398569,0.386166,0.177496
35.673,0.655029,0.655029,-0.395651,-0.395651,-0.183408,0.742943
35.706,1.44057,1.44057,-0.38243,-0.38243,-0.748219,1.28906
35.739,2.18865,2.18865,-0.359233,-0.359233,-1.29359,1.80163
35.772,2.87982,2.87982,-0.326644,-0.326644,-1.80537,2.26731
35.805,3.49611,3.49611,-0.285494,-0.285494,-2.27025,2.674
35.838,4.0215,4.0215,-0.236839,-0.236839,-2.67616,3.0111
35.871,4.44234,4.44234,-0.181931,-0.181931,-3.01256,3.26985
35.904,4.74767,4.74767,-0.122188,-0.122188,-3.27071,3.44351
35.937,4.92957,4.92957,-0.0591549,-0.0591549,-3.4439,3.52756
35.97,4.98331,4.98331,0.00553321,0.00553321,-3.52764,3.51982
36.003,4.90749,4.90749,0.0701958,0.0701958,-3.51975,3.42048
36.036,4.70408,4.70408,0.13315,0.13315,-3.42044,3.23214
36.069,4.37838,4.37838,0.192754,0.192754,-3.23228,2.95968
36.102,3.93885,3.93885,0.247451,0.247451,-2.96016,2.61021
36.135,3.39692,3.39692,0.295809,0.295809,-2.61115,2.19282
36.168,2.76669,2.76669,0.336556,0.336556,-2.19432,1.71836
36.201,2.06453,2.06453,0.368619,0.368619,-1.7205,1.19919
36.234,1.30871,1.30871,0.391148,0.391148,-1.20198,0.648813
36.267,0.51887,0.51887,0.403539,0.403539,-0.652242,0.0815518
36.3,-0.284447,-0.284447,0.40545,0.40545,-0.0855619,-0.487831
36.333,-1.08036,-1.08036,0.396814,0.396814,0.48334,-1.04452
36.366,-1.84818,-1.84818,0.377835,0.377835,1.03969,-1.57403
36.399,-2.56793,-2.56793,0.34899,0.34899,1.56903,-2.06258
36.432,-3.22092,-3.22092,0.31101,0.31101,2.05762,-2.49745
36.465,-3.79016,-3.79016,0.264868,0.264868,2.49276,-2.86734
36.498,-4.26085,-4.26085,0.211749,0.211749,2.86315,-3.16261
36.531,-4.62077,-4.62077,0.153025,0.153025,3.15917,-3.37558
36.564,-4.86055,-4.86055,0.0902118,0.0902118,3.37314,-3.50072
36.597,-4.97396,-4.97396,0.0249381,0.0249381,3.49948,-3.53475
36.63,-4.95805,-4.95805,-0.0411022,-0.0411022,3.53493,-3.47681
36.663,-4.81324,-4.81324,-0.106192,-0.106192,3.47857,-3.32839
36.696,-4.5433,-4.5433,-0.168635,-0.168635,3.33184,-3.09336
36.729,-4.15524,-4.15524,-0.226801,-0.226801,3.09857,-2.77783
36.762,-3.65916,-3.65916,-0.27917,-0.27917,2.78482,-2.39002
36.795,-3.06796,-3.06796,-0.324368,-0.324368,2.39874,-1.94001
36.828,-2.397,-2.397,-0.361206,-0.361206,1.95034,-1.43952
36.861,-1.66372,-1.66372,-0.38871,-0.38871,1.45129,-0.901572
36.894,-0.887209,-0.887209,-0.406148,-0.406148,0.914541,-0.340162
36.927,-0.0876364,-0.0876364,-0.413047,-0.413047,0.354037,0.2301
36.96,0.714205,0.714205,-0.40921,-0.40921,-0.215664,0.794374
36.993,1.49747,1.49747,-0.394717,-0.394717,-0.779762,1.33798
37.026,2.24179,2.24179,-0.369927,-0.369927,-1.32361,1.84676
37.059,2.92782,2.92782,-0.335465,-0.335465,-1.83307,2.30749
37.092,3.53772,3.53772,-0.292213,-0.292213,-2.29492,2.70817
37.125,4.05564,4.05564,-0.241279,-0.241279,-2.69716,3.03838
37.158,4.46812,4.46812,-0.183977,-0.183977,-3.02935,3.28953
37.191,4.76442,4.76442,-0.121784,-0.121784,-3.28284,3.45507
37.224,4.93686,4.93686,-0.0563129,-0.0563129,-3.45107,3.53071
37.257,4.98094,4.98094,0.0107399,0.0107399,-3.52965,3.51446
37.29,4.89553,4.89553,0.0776319,0.0776319,-3.51656,3.40677
37.323,4.68284,4.68284,0.142622,0.142622,-3.41212,3.21042
37.356,4.34841,4.34841,0.204015,0.204015,-3.21905,2.93053
37.389,3.90093,3.90093,0.260208,0.260208,-2.94237,2.57438
37.422,3.35204,3.35204,0.309728,0.309728,-2.58926,2.15124
37.455,2.71601,2.71601,0.351275,0.351275,-2.1689,1.67212
37.488,2.00938,2.00938,0.383755,0.383755,-1.6922,1.14949
37.521,1.25051,1.25051,0.406305,0.406305,-1.17155,0.596945
37.554,0.459145,0.459145,0.418321,0.418321,-0.620462,0.0288665
37.587,-0.34415,-0.34415,0.419473,0.419473,-0.053261,-0.539963
37.62,-1.13849,-1.13849,0.409711,0.409711,0.515323,-1.09474
37.653,-1.90322,-1.90322,0.38927,0.38927,1.07052,-1.62103
37.686,-2.61846,-2.61846,0.358663,0.358663,1.59792,-2.10514
37.719,-3.26561,-3.26561,0.318669,0.318669,2.0838,-2.53447
37.752,-3.82786,-3.82786,0.270313,0.270313,2.51556,-2.89784
37.785,-4.29058,-4.29058,0.214839,0.214839,2.88198,-3.18581
37.818,-4.64175,-4.64175,0.153676,0.153676,3.17354,-3.39088
37.851,-4.87223,-4.87223,0.0884085,0.0884085,3.38267,-3.5077
37.884,-4.97605,-4.97605,0.0207264,0.0207264,3.50394,-3.53325
37.917,-4.95049,-4.95049,-0.0476127,-0.0476127,3.53419,-3.46686
37.95,-4.79623,-4.79623,-0.114832,-0.114832,3.47264,-3.31025
37.983,-4.51728,-4.51728,-0.179179,-0.179179,3.3209,-3.0675
38.016,-4.12089,-4.12089,-0.238976,-0.238976,3.08289,-2.74493
38.049,-3.61736,-3.61736,-0.292657,-0.292657,2.7648,-2.35092
38.082,-3.0198,-3.0198,-0.338815,-0.338815,2.3749,-1.89575
38.115,-2.34374,-2.34374,-0.376237,-0.376237,1.92332,-1.39124
38.148,-1.60675,-1.60675,-0.403933,-0.403933,1.42177,-0.850523
38.181,-0.828003,-0.828003,-0.421165,-0.421165,0.883296,-0.287678
38.214,-0.0277358,-0.0277358,-0.427468,-0.427468,0.321877,0.282653
38.247,0.773243,0.773243,-0.422657,-0.422657,-0.247901,0.845629
38.28,1.55411,1.55411,-0.40684,-0.40684,-0.811241,1.3866
38.313,2.29456,2.29456,-0.380409,-0.380409,-1.35351,1.89149
38.346,2.97535,2.97535,-0.344033,-0.344033,-1.86062,2.34716
38.379,3.57877,3.57877,-0.298642,-0.298642,-2.3194,2.74174
38.412,4.08915,4.08915,-0.245401,-0.245401,-2.71794,3.06499
38.445,4.4932,4.4932,-0.185684,-0.185684,-3.04588,3.30847
38.478,4.78044,4.78044,-0.121032,-0.121032,-3.2947,3.46586
38.511,4.94339,4.94339,-0.0531203,-0.0531203,-3.45794,3.53307
38.544,4.97782,4.97782,0.0162902,0.0162902,-3.53137,3.50833
38.577,4.88283,4.88283,0.0853954,0.0853954,-3.51307,3.3923
38.61,4.6609,4.6609,0.152396,0.152396,-3.40351,3.18799
38.643,4.3178,4.3178,0.215546,0.215546,-3.20556,2.90073
38.676,3.86244,3.86244,0.273195,0.273195,-2.92434,2.53798
38.709,3.30668,3.30668,0.323832,0.323832,-2.56716,2.10919
38.742,2.66495,2.66495,0.366129,0.366129,-2.1433,1.62551
38.775,1.95395,1.95395,0.398971,0.398971,-1.66376,1.09953
38.808,1.19215,1.19215,0.421486,0.421486,-1.14102,0.544945
38.841,0.399378,0.399378,0.433072,0.433072,-0.588631,-0.0238253
38.874,-0.403772,-0.403772,0.433408,0.433408,-0.0209556,-0.591976
38.907,-1.19641,-1.19641,0.422466,0.422466,0.547264,-1.14472
38.94,-1.95794,-1.95794,0.400513,0.400513,1.10127,-1.66768
38.973,-2.66856,-2.66856,0.3681,0.3681,1.62667,-2.14724
39.006,-3.30978,-3.30978,0.326054,0.326054,2.10981,-2.57092
39.039,-3.86495,-3.86495,0.275452,0.275452,2.53816,-2.92771
39.072,-4.31963,-4.31963,0.217597,0.217597,2.90058,-3.20831
39.105,-4.662,-4.662,0.153983,0.153983,3.18765,-3.40542
39.138,-4.88317,-4.88317,0.086254,0.086254,3.39193,-3.51391
39.171,-4.97737,-4.97737,0.0161667,0.0161667,3.5081,-3.53097
39.204,-4.94218,-4.94218,-0.0544591,-0.0544591,3.53315,-3.45614
39.237,-4.77849,-4.77849,-0.123786,-0.123786,3.46643,-3.29137
39.27,-4.49057,-4.49057,-0.190009,-0.190009,3.30967,-3.04096
39.303,-4.08591,-4.08591,-0.251399,-0.251399,3.06694,-2.71141
39.336,-3.57503,-3.57503,-0.306349,-0.306349,2.74455,-2.31131
39.369,-2.97121,-2.97121,-0.35342,-0.35342,2.35087,-1.85106
39.402,-2.29016,-2.29016,-0.391373,-0.391373,1.89613,-1.34264
39.435,-1.54957,-1.54957,-0.419206,-0.419206,1.39213,-0.799286
39.468,-0.768701,-0.768701,-0.436176,-0.436176,0.851976,-0.23513
39.501,0.0321395,0.0321395,-0.441825,-0.441825,0.289691,0.335143
39.534,0.832133,0.832133,-0.435986,-0.435986,-0.280118,0.896696
39.567,1.61048,1.61048,-0.418793,-0.418793,-0.842652,1.43491
39.6,2.34695,2.34695,-0.390673,-0.390673,-1.3833,1.93579
39.633,3.0224,3.0224,-0.352341,-0.352341,-1.88801,2.3863
39.666,3.61925,3.61925,-0.304777,-0.304777,-2.34369,2.77471
39.699,4.12201,4.12201,-0.249202,-0.249202,-2.73849,3.09091
39.732,4.51759,4.51759,-0.187051,-0.187051,-3.06215,3.32668
39.765,4.79572,4.79572,-0.11993,-0.11993,-3.30628,3.47589
39.798,4.94916,4.94916,-0.0495768,-0.0495768,-3.46453,3.53464
39.831,4.97393,4.97393,0.022183,0.022183,-3.53279,3.50142
39.864,4.86939,4.86939,0.0934842,0.0934842,-3.50928,3.37708
39.897,4.63826,4.63826,0.162471,0.162471,-3.39463,3.16486
39.93,4.28654,4.28654,0.227343,0.227343,-3.1918,2.87028
39.963,3.82338,3.82338,0.286407,0.286407,-2.90606,2.50102
39.996,3.26083,3.26083,0.338116,0.338116,-2.54484,2.06667
40.029,2.6135,2.6135,0.381112,0.381112,-2.11751,1.57854
40.062,1.89824,1.89824,0.414261,0.414261,-1.63519,1.04933
40.095,1.13364,1.13364,0.436686,0.436686,-1.11039,0.492824
40.128,0.33958,0.33958,0.447784,0.447784,-0.55675,-0.0765119
40.161,-0.463302,-0.463302,0.447248,0.447248,0.0113515,-0.643856
40.194,-1.25413,-1.25413,0.435074,0.435074,0.579158,-1.19445
40.227,-2.01234,-2.01234,0.411559,0.411559,1.13192,-1.71395
40.26,-2.71822,-2.71822,0.377296,0.377296,1.65528,-2.18886
40.293,-3.35342,-3.35342,0.333159,0.333159,2.13565,-2.60681
40.326,-3.90144,-3.90144,0.280281,0.280281,2.56054,-2.95692
40.359,-4.34801,-4.34801,0.220024,0.220024,2.91893,-3.23009
40.392,-4.68154,-4.68154,0.153943,0.153943,3.20149,-3.4192
40.425,-4.89335,-4.89335,0.0837478,0.0837478,3.4009,-3.51934
40.458,-4.97794,-4.97794,0.0112596,0.0112596,3.51197,-3.5279
40.491,-4.93311,-4.93311,-0.0616397,-0.0616397,3.53182,-3.44465
40.524,-4.76003,-4.76003,-0.133054,-0.133054,3.45993,-3.27177
40.557,-4.4632,-4.4632,-0.201121,-0.201121,3.29817,-3.01374
40.59,-4.05033,-4.05033,-0.264066,-0.264066,3.05074,-2.6773
40.623,-3.53218,-3.53218,-0.320242,-0.320242,2.72407,-2.27118
40.656,-2.92219,-2.92219,-0.368176,-0.368176,2.32664,-1.80596
40.689,-2.23625,-2.23625,-0.406608,-0.406608,1.86878,-1.29375
40.722,-1.49217,-1.49217,-0.434521,-0.434521,1.36238,-0.747871
40.755,-0.709311,-0.709311,-0.451173,-0.451173,0.820586,-0.182531
40.788,0.0919792,0.0919792,-0.456112,-0.456112,0.257481,0.387559
40.821,0.890867,0.890867,-0.449191,-0.449191,-0.312312,0.947564
40.854,1.66658,1.66658,-0.43057,-0.43057,-0.873993,1.48291
40.887,2.39896,2.39896,-0.400716,-0.400716,-1.41297,1.97967
40.92,3.06896,3.06896,-0.360386,-0.360386,-1.91525,2.42491
40.953,3.65916,3.65916,-0.310614,-0.310614,-2.36778,2.80705
40.986,4.15422,4.15422,-0.25268,-0.25268,-2.75881,3.11615
41.019,4.54127,4.54127,-0.188077,-0.188077,-3.07817,3.34416
41.052,4.81025,4.81025,-0.118477,-0.118477,-3.31759,3.48514
41.085,4.95417,4.95417,-0.0456829,-0.0456829,-3.47083,3.53543
41.118,4.96929,4.96929,0.0284171,0.0284171,-3.53391,3.49373
41.151,4.85522,4.85522,0.101896,0.101896,-3.50521,3.36111
41.184,4.61492,4.61492,0.172842,0.172842,-3.38546,3.14102
41.217,4.25464,4.25464,0.239403,0.239403,-3.17777,2.8392
41.25,3.78375,3.78375,0.299842,0.299842,-2.88754,2.4635
41.283,3.2145,3.2145,0.352574,0.352574,-2.5223,2.02369
41.316,2.56169,2.56169,0.396217,0.396217,-2.09155,1.53122
41.349,1.84228,1.84228,0.42962,0.42962,-1.60648,0.998902
41.382,1.07499,1.07499,0.451897,0.451897,-1.07967,0.440593
41.415,0.279761,0.279761,0.462451,0.462451,-0.524823,-0.129181
41.448,-0.52273,-0.52273,0.460989,0.460989,0.0436577,-0.695594
41.481,-1.31162,-1.31162,0.447529,0.447529,0.611005,-1.24391
41.514,-2.0664,-2.0664,0.422403,0.422403,1.16248,-1.75985
41.547,-2.76744,-2.76744,0.386246,0.386246,1.68376,-2.23
41.58,-3.39653,-3.39653,0.339981,0.339981,2.16131,-2.64211
41.613,-3.93731,-3.93731,0.284797,0.284797,2.58271,-2.98548
41.646,-4.37571,-4.37571,0.222115,0.222115,2.93704,-3.25115
41.679,-4.70035,-4.70035,0.153554,0.153554,3.21507,-3.43223
41.712,-4.90278,-4.90278,0.0808898,0.0808898,3.40959,-3.52399
41.745,-4.97774,-4.97774,0.00600574,0.00600574,3.51555,-3.52404
41.778,-4.9233,-4.9233,-0.0691527,-0.0691527,3.53019,-3.4324
41.811,-4.74085,-4.74085,-0.14263,-0.14263,3.45314,-3.25143
41.844,-4.43515,-4.43515,-0.212512,-0.212512,3.2864,-2.98586
41.877,-4.01415,-4.01415,-0.276975,-0.276975,3.03429,-2.64259
41.91,-3.4888,-3.4888,-0.334332,-0.334332,2.70336,-2.23055
41.943,-2.87275,-2.87275,-0.383079,-0.383079,2.30222,-1.76046
41.976,-2.18202,-2.18202,-0.421936,-0.421936,1.84128,-1.24457
42.009,-1.43458,-1.43458,-0.449874,-0.449874,1.33251,-0.69629
42.042,-0.649844,-0.649844,-0.466151,-0.466151,0.789127,-0.12989
42.075,0.151773,0.151773,-0.470324,-0.470324,0.225249,0.439889
42.108,0.949433,0.949433,-0.462265,-0.462265,-0.344479,0.998222
42.141,1.7224,1.7224,-0.442166,-0.442166,-0.90526,1.53058
42.174,2.45057,2.45057,-0.410531,-0.410531,-1.44253,2.02311
42.207,3.11503,3.11503,-0.368164,-0.368164,-1.94233,2.46299
42.24,3.69849,3.69849,-0.316151,-0.316151,-2.39167,2.83878
42.273,4.18578,4.18578,-0.255831,-0.255831,-2.7789,3.14069
42.306,4.56425,4.56425,-0.18876,-0.18876,-3.09394,3.36088
42.339,4.82405,4.82405,-0.116673,-0.116673,-3.32862,3.49362
42.372,4.95843,4.95843,-0.0414385,-0.0414385,-3.47684,3.53544
42.405,4.96389,4.96389,0.0349913,0.0349913,-3.53474,3.48526
42.438,4.84031,4.84031,0.110629,0.110629,-3.50084,3.34439
42.471,4.59088,4.59088,0.183506,0.183506,-3.376,3.11648
42.504,4.2221,4.2221,0.251721,0.251721,-3.16347,2.80749
42.537,3.74357,3.74357,0.313492,0.313492,-2.86877,2.42543
42.57,3.16771,3.16771,0.367202,0.367202,-2.49956,1.98026
42.603,2.5095,2.5095,0.41144,0.41144,-2.06542,1.48355
42.636,1.78607,1.78607,0.445041,0.445041,-1.57763,0.948247
42.669,1.0162,1.0162,0.467114,0.467114,-1.04886,0.388264
42.702,0.219932,0.219932,0.477067,0.477067,-0.492852,-0.181822
42.735,-0.582046,-0.582046,0.474622,0.474622,0.0759602,-0.747177
42.768,-1.36888,-1.36888,0.459824,0.459824,0.6428,-1.29309
42.801,-2.12011,-2.12011,0.433039,0.433039,1.19294,-1.80535
42.834,-2.81622,-2.81622,0.394945,0.394945,1.7121,-2.27064
42.867,-3.4391,-3.4391,0.346516,0.346516,2.18678,-2.67683
42.9,-3.97255,-3.97255,0.288996,0.288996,2.60467,-3.01337
42.933,-4.40273,-4.40273,0.223869,0.223869,2.9549,-3.2715
42.966,-4.71843,-4.71843,0.152817,0.152817,3.22837,-3.44449
42.999,-4.91145,-4.91145,0.0776795,0.0776795,3.41799,-3.52785
43.032,-4.97679,-4.97679,0.000405966,0.000405966,3.51883,-3.51941
43.065,-4.91273,-4.91273,-0.0769964,-0.0769964,3.52827,-3.41938
43.098,-4.72096,-4.72096,-0.152514,-0.152514,3.44606,-3.23038
43.131,-4.40645,-4.40645,-0.224178,-0.224178,3.27435,-2.95731
43.164,-3.97738,-3.97738,-0.290119,-0.290119,3.01758,-2.60729
43.197,-3.44492,-3.44492,-0.348611,-0.348611,2.68243,-2.18942
43.23,-2.8229,-2.8229,-0.398123,-0.398123,2.2776,-1.71457
43.263,-2.1275,-2.1275,-0.43735,-0.43735,1.81362,-1.19511
43.296,-1.37679,-1.37679,-0.465258,-0.465258,1.30253,-0.644554
43.329,-0.590309,-0.590309,-0.481102,-0.481102,0.757603,-0.077221
43.362,0.211511,0.211511,-0.484453,-0.484453,0.192999,0.492121
43.395,1.00782,1.00782,-0.475203,-0.475203,-0.376618,1.04866
43.428,1.77792,1.77792,-0.453575,-0.453575,-0.936452,1.5779
43.461,2.50178,2.50178,-0.420113,-0.420113,-1.47196,2.06609
43.494,3.16059,3.16059,-0.375669,-0.375669,-1.96924,2.50051
43.527,3.73722,3.73722,-0.321383,-0.321383,-2.41537,2.86987
43.56,4.21669,4.21669,-0.258652,-0.258652,-2.79875,3.16454
43.593,4.58651,4.58651,-0.189097,-0.189097,-3.10944,3.37687
43.626,4.8371,4.8371,-0.114517,-0.114517,-3.33937,3.50132
43.659,4.96192,4.96192,-0.0368442,-0.0368442,-3.48255,3.53466
43.692,4.95774,4.95774,0.0419041,0.0419041,-3.53528,3.47602
43.725,4.82466,4.82466,0.119681,0.119681,-3.49618,3.32692
43.758,4.56616,4.56616,0.194461,0.194461,-3.36627,3.09126
43.791,4.18894,4.18894,0.264293,0.264293,-3.14891,2.77515
43.824,3.70283,3.70283,0.327354,0.327354,-2.84977,2.38682
43.857,3.12046,3.12046,0.381992,0.381992,-2.47661,1.93639
43.89,2.45697,2.45697,0.426773,0.426773,-2.03911,1.43556
43.923,1.72961,1.72961,0.460518,0.460518,-1.54865,0.897382
43.956,0.957293,0.957293,0.48233,0.48233,-1.01797,0.33585
43.989,0.160102,0.160102,0.491625,0.491625,-0.46084,-0.234423
44.022,-0.64124,-0.64124,0.488143,0.488143,0.108256,-0.798595
44.055,-1.4259,-1.4259,0.471954,0.471954,0.674541,-1.34199
44.088,-2.17348,-2.17348,0.443462,0.443462,1.22331,-1.85045
44.121,-2.86454,-2.86454,0.403388,0.403388,1.74029,-2.31077
44.154,-3.48111,-3.48111,0.352759,0.352759,2.21208,-2.71096
44.187,-4.00718,-4.00718,0.292876,0.292876,2.62641,-3.0406
44.22,-4.42905,-4.42905,0.225284,0.225284,2.97251,-3.29111
44.253,-4.73578,-4.73578,0.151729,0.151729,3.24141,-3.45599
44.286,-4.91937,-4.91937,0.074117,0.074117,3.42611,-3.53093
44.319,-4.97507,-4.97507,-0.0055388,-0.0055388,3.52182,-3.51399
44.352,-4.90143,-4.90143,-0.0851688,-0.0851688,3.52605,-3.40561
44.385,-4.70035,-4.70035,-0.162701,-0.162701,3.4387,-3.2086
44.418,-4.37708,-4.37708,-0.236115,-0.236115,3.26202,-2.92811
44.451,-3.94002,-3.94002,-0.303494,-0.303494,3.00062,-2.57141
44.484,-3.40053,-3.40053,-0.363077,-0.363077,2.66127,-2.1478
44.517,-2.77264,-2.77264,-0.413301,-0.413301,2.2528,-1.6683
44.55,-2.07267,-2.07267,-0.452845,-0.452845,1.78581,-1.14539
44.583,-1.31883,-1.31883,-0.480666,-0.480666,1.27244,-0.592675
44.616,-0.530718,-0.530718,-0.496021,-0.496021,0.726015,-0.0245347
44.649,0.271184,0.271184,-0.498493,-0.498493,0.160732,0.544244
44.682,1.06602,1.06602,-0.487999,-0.487999,-0.408725,1.09886
44.715,1.83314,1.83314,-0.464792,-0.464792,-0.967566,1.62488
44.748,2.55258,2.55258,-0.429458,-0.429458,-1.50127,2.10862
44.781,3.20565,3.20565,-0.382897,-0.382897,-1.99599,2.53749
44.814,3.77537,3.77537,-0.326306,-0.326306,-2.43886,2.90032
44.847,4.24693,4.24693,-0.261142,-0.261142,-2.81838,3.18769
44.88,4.60807,4.60807,-0.189088,-0.189088,-3.12469,3.3921
44.913,4.8494,4.8494,-0.112008,-0.112008,-3.34984,3.50824
44.946,4.96465,4.96465,-0.0319003,-0.0319003,-3.48798,3.53309
44.979,4.95083,4.95083,0.0491542,0.0491542,-3.53552,3.466
45.012,4.80829,4.80829,0.129048,0.129048,-3.49123,3.30872
45.045,4.54075,4.54075,0.205702,0.205702,-3.35625,3.06534
45.078,4.15516,4.15516,0.277115,0.277115,-3.13409,2.74219
45.111,3.66155,3.66155,0.341423,0.341423,-2.83053,2.34769
45.144,3.07276,3.07276,0.396941,0.396941,-2.45345,1.89209
45.177,2.40408,2.40408,0.442212,0.442212,-2.01263,1.38725
45.21,1.67292,1.67292,0.476044,0.476044,-1.51955,0.846318
45.243,0.89827,0.89827,0.497538,0.497538,-0.986986,0.28336
45.276,0.100281,0.100281,0.506119,0.506119,-0.42879,-0.286971
45.309,-0.700303,-0.700303,0.501545,0.501545,0.140543,-0.849835
45.342,-1.48267,-1.48267,0.483914,0.483914,0.706226,-1.39058
45.375,-2.22648,-2.22648,0.453666,0.453666,1.25357,-1.89515
45.408,-2.91239,-2.91239,0.411572,0.411572,1.76834,-2.35039
45.441,-3.52257,-3.52257,0.358707,0.358707,2.23719,-2.74448
45.474,-4.04116,-4.04116,0.296434,0.296434,2.64792,-3.06715
45.507,-4.45469,-4.45469,0.226357,0.226357,2.98988,-3.31
45.54,-4.75239,-4.75239,0.15029,0.15029,3.25418,-3.46672
45.573,-4.92653,-4.92653,0.0702022,0.0702022,3.43395,-3.53323
45.606,-4.97259,-4.97259,-0.0118275,-0.0118275,3.52452,-3.50779
45.639,-4.88937,-4.88937,-0.0936679,-0.0936679,3.52354,-3.39108
45.672,-4.67904,-4.67904,-0.173189,-0.173189,3.43105,-3.18612
45.705,-4.34706,-4.34706,-0.248319,-0.248319,3.24943,-2.89825
45.738,-3.90208,-3.90208,-0.317096,-0.317096,2.98341,-2.53496
45.771,-3.35565,-3.35565,-0.377722,-0.377722,2.63989,-2.10571
45.804,-2.72199,-2.72199,-0.428608,-0.428608,2.22781,-1.62166
45.837,-2.01757,-2.01757,-0.468415,-0.468415,1.75785,-1.09542
45.87,-1.26071,-1.26071,-0.496092,-0.496092,1.24224,-0.540664
45.903,-0.471081,-0.471081,-0.510901,-0.510901,0.694366,0.0281571
45.936,0.33078,0.33078,-0.512439,-0.512439,0.128452,0.596246
45.969,1.12403,1.12403,-0.500646,-0.500646,-0.440799,1.14882
46.002,1.88804,1.88804,-0.475811,-0.475811,-0.998599,1.6715
46.035,2.60296,2.60296,-0.43856,-0.43856,-1.53046,2.15068
46.068,3.25019,3.25019,-0.389846,-0.389846,-2.02257,2.5739
46.101,3.81292,3.81292,-0.330919,-0.330919,-2.46214,2.93013
46.134,4.2765,4.2765,-0.263298,-0.263298,-2.83776,3.21012
46.167,4.6289,4.6289,-0.18873,-0.18873,-3.13967,3.40658
46.2,4.86095,4.86095,-0.109145,-0.109145,-3.36003,3.51439
46.233,4.96662,4.96662,-0.0266075,-0.0266075,-3.49311,3.53074
46.266,4.94316,4.94316,0.0567399,0.0567399,-3.53546,3.45522
46.299,4.79119,4.79119,0.13873,0.13873,-3.48598,3.28979
46.332,4.51466,4.51466,0.217226,0.217226,-3.34595,3.03875
46.365,4.12076,4.12076,0.290183,0.290183,-3.11901,2.70863
46.398,3.61974,3.61974,0.355693,0.355693,-2.81105,2.30803
46.431,3.02461,3.02461,0.412042,0.412042,-2.43008,1.84737
46.464,2.35086,2.35086,0.45775,0.45775,-1.98599,1.33863
46.497,1.616,1.616,0.491613,0.491613,-1.49031,0.795065
46.53,0.839145,0.839145,0.512733,0.512733,-0.955922,0.230808
46.563,0.0404806,0.0404806,0.520543,0.520543,-0.396704,-0.339456
46.596,-0.759224,-0.759224,0.514821,0.514821,0.172819,-0.900886
46.629,-1.53918,-1.53918,0.495696,0.495696,0.737853,-1.43887
46.662,-2.2791,-2.2791,0.463647,0.463647,1.28372,-1.93942
46.695,-2.95976,-2.95976,0.41949,0.41949,1.79625,-2.38949
46.728,-3.56347,-3.56347,0.364357,0.364357,2.26211,-2.77739
46.761,-4.07451,-4.07451,0.299666,0.299666,2.66922,-3.09301
46.794,-4.47963,-4.47963,0.227087,0.227087,3.007,-3.32815
46.827,-4.76827,-4.76827,0.148498,0.148498,3.26667,-3.47668
46.86,-4.93294,-4.93294,0.0659353,0.0659353,3.44149,-3.53474
46.893,-4.96936,-4.96936,-0.0184591,-0.0184591,3.52692,-3.50081
46.926,-4.87658,-4.87658,-0.102492,-0.102492,3.52074,-3.37579
46.959,-4.65703,-4.65703,-0.183975,-0.183975,3.42311,-3.16293
46.992,-4.3164,-4.3164,-0.260787,-0.260787,3.23656,-2.86775
47.025,-3.86356,-3.86356,-0.330921,-0.330921,2.96594,-2.49795
47.058,-3.31028,-3.31028,-0.392543,-0.392543,2.61829,-2.06315
47.091,-2.67095,-2.67095,-0.444038,-0.444038,2.20263,-1.57466
47.124,-1.96218,-1.96218,-0.484053,-0.484053,1.72975,-1.0452
47.157,-1.20242,-1.20242,-0.511529,-0.511529,1.21195,-0.488534
47.19,-0.411406,-0.411406,-0.525735,-0.525735,0.662659,0.0808427
47.223,0.390291,0.390291,-0.526283,-0.526283,0.0961611,0.648115
47.256,1.18183,1.18183,-0.513139,-0.513139,-0.472835,1.19852
47.289,1.94263,1.94263,-0.486626,-0.486626,-1.02955,1.71774
47.322,2.65291,2.65291,-0.447415,-0.447415,-1.55952,2.19226
47.355,3.29421,3.29421,-0.396509,-0.396509,-2.04898,2.60973
47.388,3.84986,3.84986,-0.335216,-0.335216,-2.48523,2.95929
47.421,4.30541,4.30541,-0.265117,-0.265117,-2.85692,3.23185
47.454,4.64901,4.64901,-0.188022,-0.188022,-3.1544,3.4203
47.487,4.87175,4.87175,-0.105929,-0.105929,-3.36994,3.51975
47.52,4.96783,4.96783,-0.0209664,-0.0209664,-3.49796,3.52761
47.553,4.93475,4.93475,0.0646595,0.0646595,-3.53511,3.44367
47.586,4.77337,4.77337,0.148722,0.148722,-3.48045,3.27012
47.619,4.4879,4.4879,0.229031,0.229031,-3.33537,3.01148
47.652,4.08576,4.08576,0.303492,0.303492,-3.10367,2.67446
47.685,3.5774,3.5774,0.37016,0.37016,-2.79134,2.26786
47.718,2.97604,2.97604,0.427289,0.427289,-2.40651,1.80224
47.751,2.29732,2.29732,0.47338,0.47338,-1.95918,1.28972
47.784,1.55888,1.55888,0.507219,0.507219,-1.46095,0.743636
47.817,0.779927,0.779927,0.527908,0.527908,-0.924779,0.178204
47.85,-0.0192901,-0.0192901,0.53489,0.53489,-0.364584,-0.391865
47.883,-0.817993,-0.817993,0.527966,0.527966,0.20508,-0.951737
47.916,-1.59542,-1.59542,0.507296,0.507296,0.769417,-1.48684
47.949,-2.33135,-2.33135,0.473399,0.473399,1.31377,-1.98326
47.982,-3.00666,-3.00666,0.427139,0.427139,1.824,-2.42806
48.015,-3.60379,-3.60379,0.369703,0.369703,2.28685,-2.80969
48.048,-4.10722,-4.10722,0.30257,0.30257,2.6903,-3.11819
48.081,-4.50386,-4.50386,0.227472,0.227472,3.02387,-3.34556
48.114,-4.78341,-4.78341,0.146353,0.146353,3.27889,-3.48587
48.147,-4.93858,-4.93858,0.0613164,0.0613164,3.44875,-3.53546
48.18,-4.96536,-4.96536,-0.0254322,-0.0254322,3.52903,-3.49306
48.213,-4.86305,-4.86305,-0.111638,-0.111638,3.51764,-3.35976
48.246,-4.63431,-4.63431,-0.195056,-0.195056,3.41488,-3.13903
48.279,-4.28509,-4.28509,-0.273514,-0.273514,3.22342,-2.83662
48.312,-3.82447,-3.82447,-0.344962,-0.344962,2.94824,-2.46039
48.345,-3.26443,-3.26443,-0.407533,-0.407533,2.59647,-2.02013
48.378,-2.61953,-2.61953,-0.459586,-0.459586,2.17726,-1.52731
48.411,-1.90654,-1.90654,-0.499752,-0.499752,1.7015,-0.994746
48.444,-1.14399,-1.14399,-0.526972,-0.526972,1.18155,-0.436294
48.477,-0.351706,-0.351706,-0.540518,-0.540518,0.630897,0.13351
48.51,0.449705,0.449705,-0.54002,-0.54002,0.0638622,0.699841
48.543,1.23941,1.23941,-0.525471,-0.525471,-0.504832,1.24796
48.576,1.99688,1.99688,-0.497231,-0.497231,-1.06041,1.7636
48.609,2.70242,2.70242,-0.456017,-0.456017,-1.58845,2.23336
48.642,3.3377,3.3377,-0.402883,-0.402883,-2.07523,2.64499
48.675,3.88619,3.88619,-0.339195,-0.339195,-2.5081,2.9878
48.708,4.33363,4.33363,-0.266597,-0.266597,-2.87583,3.25285
48.741,4.6684,4.6684,-0.186964,-0.186964,-3.16886,3.43326
48.774,4.8818,4.8818,-0.102359,-0.102359,-3.37958,3.52433
48.807,4.96827,4.96827,-0.0149778,-0.0149778,-3.50251,3.52369
48.84,4.92558,4.92558,0.0729112,0.0729112,-3.53447,3.43136
48.873,4.75483,4.75483,0.159022,0.159022,-3.47462,3.24973
48.906,4.46047,4.46047,0.241111,0.241111,-3.32452,2.98354
48.939,4.05014,4.05014,0.317038,0.317038,-3.08806,2.63971
48.972,3.53453,3.53453,0.384818,0.384818,-2.7714,2.22718
49.005,2.92703,2.92703,0.442678,0.442678,-2.38275,1.75671
49.038,2.24345,2.24345,0.489098,0.489098,-1.9322,1.24051
49.071,1.50155,1.50155,0.522856,0.522856,-1.43147,0.692042
49.104,0.720626,0.720626,0.543056,0.543056,-0.893558,0.125561
49.137,-0.0790209,-0.0790209,0.549154,0.549154,-0.332435,-0.444187
49.17,-0.8766,-0.8766,0.540974,0.540974,0.237324,-1.00238
49.203,-1.65138,-1.65138,0.518708,0.518708,0.800918,-1.53448
49.236,-2.38321,-2.38321,0.482917,0.482917,1.34371,-2.02666
49.269,-3.05307,-3.05307,0.434515,0.434515,1.8516,-2.46609
49.302,-3.64354,-3.64354,0.374743,0.374743,2.31139,-2.84136
49.335,-4.13928,-4.13928,0.305142,0.305142,2.71115,-3.14268
49.368,-4.5274,-4.5274,0.22751,0.22751,3.04048,-3.36223
49.401,-4.7978,-4.7978,0.143855,0.143855,3.29084,-3.49428
49.434,-4.94347,-4.94347,0.0563458,0.0563458,3.45572,-3.5354
49.467,-4.96061,-4.96061,-0.0327456,-0.0327456,3.53084,-3.48453
49.5,-4.84879,-4.84879,-0.121104,-0.121104,3.51424,-3.34298
49.533,-4.61091,-4.61091,-0.206428,-0.206428,3.40637,-3.11444
49.566,-4.25315,-4.25315,-0.286496,-0.286496,3.21002,-2.80485
49.599,-3.78483,-3.78483,-0.359216,-0.359216,2.93028,-2.42227
49.632,-3.21812,-3.21812,-0.422686,-0.422686,2.57444,-1.97667
49.665,-2.56775,-2.56775,-0.475245,-0.475245,2.15172,-1.47962
49.698,-1.85063,-1.85063,-0.515508,-0.515508,1.67311,-0.944073
49.731,-1.08541,-1.08541,-0.542413,-0.542413,1.15105,-0.383958
49.764,-0.291989,-0.291989,-0.555242,-0.555242,0.599083,0.186148
49.797,0.509013,0.509013,-0.553643,-0.553643,0.031558,0.751411
49.83,1.29677,1.29677,-0.537637,-0.537637,-0.536786,1.29712
49.863,2.0508,2.0508,-0.507623,-0.507623,-1.09119,1.80908
49.896,2.75149,2.75149,-0.464363,-0.464363,-1.61725,2.27395
49.929,3.38065,3.38065,-0.408965,-0.408965,-2.1013,2.67966
49.962,3.9219,3.9219,-0.342854,-0.342854,-2.53077,3.01564
49.995,4.36118,4.36118,-0.267736,-0.267736,-2.8945,3.27314
50.028,4.68707,4.68707,-0.185553,-0.185553,-3.18305,3.44546
50.061,4.8911,4.8911,-0.0984357,-0.0984357,-3.38892,3.52813
50.094,4.96796,4.96796,-0.00864261,-0.00864261,-3.50677,3.51899
50.127,4.91567,4.91567,0.0814932,0.0814932,-3.53353,3.41828
50.16,4.73558,4.73558,0.169627,0.169627,-3.4685,3.22861
50.193,4.43237,4.43237,0.253464,0.253464,-3.31339,2.95493
50.226,4.01394,4.01394,0.330816,0.330816,-3.0722,2.60436
50.259,3.49115,3.49115,0.399662,0.399662,-2.75122,2.18601
50.292,2.87762,2.87762,0.458201,0.458201,-2.35878,1.71078
50.325,2.18928,2.18928,0.504896,0.504896,-1.90507,1.19104
50.358,1.44403,1.44403,0.538517,0.538517,-1.40187,0.640294
50.391,0.661253,0.661253,0.558171,0.558171,-0.862263,0.0728901
50.424,-0.138701,-0.138701,0.563329,0.563329,-0.300257,-0.496411
50.457,-0.935036,-0.935036,0.553838,0.553838,0.269548,-1.05279
50.49,-1.70705,-1.70705,0.529926,0.529926,0.832351,-1.58178
50.523,-2.43467,-2.43467,0.492197,0.492197,1.37353,-2.06961
50.556,-3.09898,-3.09898,0.441613,0.441613,1.87904,-2.50358
50.589,-3.68271,-3.68271,0.379474,0.379474,2.33574,-2.8724
50.622,-4.17069,-4.17069,0.307382,0.307382,2.73177,-3.16647
50.655,-4.55022,-4.55022,0.227199,0.227199,3.05684,-3.37815
50.688,-4.81146,-4.81146,0.141002,0.141002,3.30251,-3.50192
50.721,-4.9476,-4.9476,0.051024,0.051024,3.4624,-3.53456
50.754,-4.95511,-4.95511,-0.0403978,-0.0403978,3.53236,-3.47522
50.787,-4.83379,-4.83379,-0.130887,-0.130887,3.51056,-3.32546
50.82,-4.58681,-4.58681,-0.218088,-0.218088,3.39758,-3.08915
50.853,-4.22058,-4.22058,-0.299729,-0.299729,3.19634,-2.77246
50.886,-3.74463,-3.74463,-0.373677,-0.373677,2.91208,-2.38362
50.919,-3.17134,-3.17134,-0.437999,-0.437999,2.55219,-1.93276
50.952,-2.5156,-2.5156,-0.491009,-0.491009,2.12599,-1.4316
50.985,-1.79448,-1.79448,-0.531313,-0.531313,1.64458,-0.893192
51.018,-1.02671,-1.02671,-0.557847,-0.557847,1.12045,-0.331537
51.051,-0.232266,-0.232266,-0.569902,-0.569902,0.567218,0.238745
51.084,0.568205,0.568205,-0.567146,-0.567146,-0.00074882,0.802814
51.117,1.35389,1.35389,-0.549631,-0.549631,-0.568696,1.34599
51.15,2.10436,2.10436,-0.517795,-0.517795,-1.12187,1.85414
51.183,2.80011,2.80011,-0.472447,-0.472447,-1.64591,2.31405
51.216,3.42305,3.42305,-0.414749,-0.414749,-2.12719,2.71373
51.249,3.95699,3.95699,-0.346188,-0.346188,-2.55322,3.0428
51.282,4.38804,4.38804,-0.268531,-0.268531,-2.91293,3.29269
51.315,4.705,4.705,-0.18379,-0.18379,-3.19698,3.4569
51.348,4.89964,4.89964,-0.0941579,-0.0941579,-3.39799,3.53115
51.381,4.96689,4.96689,-0.00196175,-0.00196175,-3.51074,3.51351
51.414,4.90501,4.90501,0.0904034,0.0904034,-3.53229,3.40444
51.447,4.71561,4.71561,0.180535,0.180535,-3.4621,3.20678
51.48,4.40361,4.40361,0.266085,0.266085,-3.30198,2.92568
51.513,3.97714,3.97714,0.344821,0.344821,-3.05609,2.56844
51.546,3.44727,3.44727,0.414688,0.414688,-2.73082,2.14436
51.579,2.82779,2.82779,0.473855,0.473855,-2.33461,1.66448
51.612,2.1348,2.1348,0.520769,0.520769,-1.87777,1.14129
51.645,1.38632,1.38632,0.554195,0.554195,-1.37215,0.588404
51.678,0.601817,0.601817,0.573246,0.573246,-0.830896,0.0202028
51.711,-0.198322,-0.198322,0.577408,0.577408,-0.268054,-0.548524
51.744,-0.993291,-0.993291,0.566553,0.566553,0.301749,-1.10298
51.777,-1.76242,-1.76242,0.540945,0.540945,0.863715,-1.62873
51.81,-2.48572,-2.48572,0.501232,0.501232,1.40325,-2.1121
51.843,-3.14438,-3.14438,0.448428,0.448428,1.90633,-2.5405
51.876,-3.72129,-3.72129,0.383891,0.383891,2.35989,-2.9028
51.909,-4.20143,-4.20143,0.309285,0.309285,2.75216,-3.18956
51.942,-4.57234,-4.57234,0.226539,0.226539,3.07294,-3.39332
51.975,-4.82437,-4.82437,0.137794,0.137794,3.31391,-3.50878
52.008,-4.95097,-4.95097,0.0453515,0.0453515,3.46879,-3.53293
52.041,-4.94885,-4.94885,-0.0483872,-0.0483872,3.53358,-3.46515
52.074,-4.81806,-4.81806,-0.140986,-0.140986,3.50658,-3.30719
52.107,-4.56202,-4.56202,-0.230033,-0.230033,3.3885,-3.06318
52.14,-4.18738,-4.18738,-0.313208,-0.313208,3.1824,-2.73946
52.173,-3.70389,-3.70389,-0.38834,-0.38834,2.89364,-2.34445
52.206,-3.1241,-3.1241,-0.453464,-0.453464,2.52972,-1.88843
52.239,-2.46311,-2.46311,-0.506872,-0.506872,2.10009,-1.38327
52.272,-1.73809,-1.73809,-0.547161,-0.547161,1.61591,-0.842111
52.305,-0.967892,-0.967892,-0.573267,-0.573267,1.08976,-0.279042
52.338,-0.172547,-0.172547,-0.584491,-0.584491,0.535306,0.291288
52.371,0.62727,0.62727,-0.580523,-0.580523,-0.0330556,0.854039
52.404,1.41077,1.41077,-0.561447,-0.561447,-0.600559,1.39457
52.437,2.15757,2.15757,-0.527742,-0.527742,-1.15246,1.8988
52.47,2.84827,2.84827,-0.480264,-0.480264,-1.67443,2.35363
52.503,3.4649,3.4649,-0.420233,-0.420233,-2.15291,2.74721
52.536,3.99145,3.99145,-0.349194,-0.349194,-2.57546,3.0693
52.569,4.41421,4.41421,-0.268982,-0.268982,-2.93112,3.31152
52.602,4.72221,4.72221,-0.181672,-0.181672,-3.21064,3.46757
52.635,4.90743,4.90743,-0.0895262,-0.0895262,-3.40677,3.53338
52.668,4.96506,4.96506,0.00506366,0.00506366,-3.51441,3.50725
52.701,4.89361,4.89361,0.0996398,0.0996398,-3.53076,3.38985
52.734,4.69493,4.69493,0.191742,0.191742,-3.4554,3.18424
52.767,4.3742,4.3742,0.27897,0.27897,-3.29029,2.89577
52.8,3.93976,3.93976,0.35905,0.35905,-3.03971,2.53194
52.833,3.40289,3.40289,0.429888,0.429888,-2.71018,2.10223
52.866,2.77756,2.77756,0.489631,0.489631,-2.31026,1.61781
52.899,2.08004,2.08004,0.53671,0.53671,-1.85032,1.0913
52.932,1.32845,1.32845,0.569885,0.569885,-1.34232,0.536383
52.965,0.54233,0.54233,0.588276,0.588276,-0.799459,-0.0324889
52.998,-0.257872,-0.257872,0.591385,0.591385,-0.235829,-0.600515
53.031,-1.05135,-1.05135,0.579113,0.579113,0.333926,-1.15291
53.064,-1.81749,-1.81749,0.55176,0.55176,0.895007,-1.67531
53.097,-2.53636,-2.53636,0.510018,0.510018,1.43284,-2.15412
53.13,-3.18928,-3.18928,0.454957,0.454957,1.93346,-2.57686
53.163,-3.75927,-3.75927,0.387992,0.387992,2.38385,-2.93256
53.196,-4.23151,-4.23151,0.31085,0.31085,2.77233,-3.21194
53.229,-4.59374,-4.59374,0.225526,0.225526,3.08879,-3.40774
53.262,-4.83653,-4.83653,0.13423,0.13423,3.32503,-3.51486
53.295,-4.95357,-4.95357,0.039329,0.039329,3.4749,-3.53052
53.328,-4.94183,-4.94183,-0.0567123,-0.0567123,3.5345,-3.4543
53.361,-4.80161,-4.80161,-0.151396,-0.151396,3.50231,-3.2882
53.394,-4.53656,-4.53656,-0.242259,-0.242259,3.37914,-3.03653
53.427,-4.15357,-4.15357,-0.32693,-0.32693,3.16819,-2.70584
53.46,-3.6626,-3.6626,-0.403201,-0.403201,2.87496,-2.30474
53.493,-3.07642,-3.07642,-0.469076,-0.469076,2.50705,-1.84367
53.526,-2.41027,-2.41027,-0.522829,-0.522829,2.07401,-1.33462
53.559,-1.68147,-1.68147,-0.563047,-0.563047,1.58711,-0.790844
53.592,-0.908964,-0.908964,-0.588666,-0.588666,1.05898,-0.226485
53.625,-0.112842,-0.112842,-0.599002,-0.599002,0.503349,0.343767
53.658,0.6862,0.6862,-0.593768,-0.593768,-0.0653596,0.905074
53.691,1.46739,1.46739,-0.57308,-0.57308,-0.632371,1.44283
53.724,2.21041,2.21041,-0.537459,-0.537459,-1.18296,1.94304
53.757,2.89596,2.89596,-0.487811,-0.487811,-1.70282,2.39268
53.79,3.5062,3.5062,-0.425413,-0.425413,-2.17844,2.78007
53.823,4.02527,4.02527,-0.351871,-0.351871,-2.59749,3.09511
53.856,4.43969,4.43969,-0.269086,-0.269086,-2.94906,3.32961
53.889,4.73868,4.73868,-0.179199,-0.179199,-3.22404,3.47746
53.922,4.91446,4.91446,-0.0845406,-0.0845406,-3.41527,3.53483
53.955,4.96247,4.96247,0.0124324,0.0124324,-3.51779,3.50021
53.988,4.88147,4.88147,0.1092,0.1092,-3.52893,3.3745
54.021,4.67356,4.67356,0.203245,0.203245,-3.44842,3.16099
54.054,4.34414,4.34414,0.292116,0.292116,-3.27833,2.86522
54.087,3.9018,3.9018,0.373497,0.373497,-3.02309,2.49489
54.12,3.35802,3.35802,0.445259,0.445259,-2.68932,2.05963
54.153,2.72695,2.72695,0.505526,0.505526,-2.2857,1.57078
54.186,2.02499,2.02499,0.552714,0.552714,-1.82271,1.04106
54.219,1.2704,1.2704,0.585581,0.585581,-1.31238,0.484243
54.252,0.4828,0.4828,0.603253,0.603253,-0.767956,-0.0851734
54.285,-0.317341,-0.317341,0.605254,0.605254,-0.203585,-0.652373
54.318,-1.10922,-1.10922,0.591511,0.591511,0.366074,-1.2026
54.351,-1.87224,-1.87224,0.562364,0.562364,0.926224,-1.72153
54.384,-2.58658,-2.58658,0.518551,0.518551,1.46232,-2.19566
54.417,-3.23365,-3.23365,0.461196,0.461196,1.96042,-2.61265
54.45,-3.79665,-3.79665,0.391773,0.391773,2.40761,-2.96166
54.483,-4.26093,-4.26093,0.312074,0.312074,2.79226,-3.2336
54.516,-4.61442,-4.61442,0.224161,0.224161,3.10438,-3.4214
54.549,-4.84794,-4.84794,0.130311,0.130311,3.33587,-3.52016
54.582,-4.95542,-4.95542,0.0329571,0.0329571,3.48071,-3.52732
54.615,-4.93407,-4.93407,-0.0653711,-0.0653711,3.53514,-3.44269
54.648,-4.78443,-4.78443,-0.162117,-0.162117,3.49774,-3.26847
54.681,-4.51042,-4.51042,-0.254762,-0.254762,3.36949,-3.0092
54.714,-4.11914,-4.11914,-0.34089,-0.34089,3.15372,-2.67163
54.747,-3.62079,-3.62079,-0.418254,-0.418254,2.85603,-2.26453
54.78,-3.0283,-3.0283,-0.48483,-0.48483,2.48416,-1.79851
54.813,-2.3571,-2.3571,-0.538873,-0.538873,2.04776,-1.28568
54.846,-1.62463,-1.62463,-0.578962,-0.578962,1.55818,-0.739401
54.879,-0.849938,-0.849938,-0.604038,-0.604038,1.02812,-0.173878
54.912,-0.0531609,-0.0531609,-0.61343,-0.61343,0.471351,0.39617
54.945,0.744984,0.744984,-0.606874,-0.606874,-0.0976582,0.955908
54.978,1.52375,1.52375,-0.584524,-0.584524,-0.66413,1.49077
55.011,2.26288,2.26288,-0.54694,-0.54694,-1.21335,1.98684
55.044,2.94317,2.94317,-0.495083,-0.495083,-1.73106,2.43121
55.077,3.54693,3.54693,-0.430285,-0.430285,-2.2038,2.81231
55.11,4.05846,4.05846,-0.354215,-0.354215,-2.6193,3.12023
55.143,4.46447,4.46447,-0.26884,-0.26884,-2.96676,3.34696
55.176,4.75441,4.75441,-0.17637,-0.17637,-3.23716,3.48659
55.209,4.92073,4.92073,-0.0792015,-0.0792015,-3.42348,3.53549
55.242,4.95912,4.95912,0.0201432,0.0201432,-3.52087,3.49239
55.275,4.86859,4.86859,0.119082,0.119082,-3.52681,3.35841
55.308,4.65148,4.65148,0.215041,0.215041,-3.44115,3.13703
55.341,4.31344,4.31344,0.305519,0.305519,-3.2661,2.83403
55.374,3.86327,3.86327,0.388157,0.388157,-3.00621,2.45727
55.407,3.31267,3.31267,0.460795,0.460795,-2.66824,2.01658
55.44,2.67595,2.67595,0.521532,0.521532,-2.26096,1.5234
55.473,1.96968,1.96968,0.568773,0.568773,-1.79495,0.990588
55.506,1.21221,1.21221,0.601274,0.601274,-1.28233,0.431995
55.539,0.423238,0.423238,0.618172,0.618172,-0.736388,-0.137839
55.572,-0.376721,-0.376721,0.619008,0.619008,-0.171323,-0.704086
55.605,-1.16687,-1.16687,0.603742,0.603742,0.398192,-1.25201
55.638,-1.92667,-1.92667,0.572752,0.572752,0.957364,-1.76736
55.671,-2.63636,-2.63636,0.526825,0.526825,1.49167,-2.23671
55.704,-3.2775,-3.2775,0.467139,0.467139,1.98723,-2.64786
55.737,-3.83342,-3.83342,0.395231,0.395231,2.43117,-2.99011
55.77,-4.28967,-4.28967,0.312956,0.312956,2.81196,-3.25455
55.803,-4.63439,-4.63439,0.222442,0.222442,3.11971,-3.4343
55.836,-4.85861,-4.85861,0.126036,0.126036,3.34643,-3.52468
55.869,-4.95651,-4.95651,0.0262367,0.0262367,3.48623,-3.52333
55.902,-4.92555,-4.92555,-0.074362,-0.074362,3.53547,-3.43031
55.935,-4.76654,-4.76654,-0.173144,-0.173144,3.49288,-3.24802
55.968,-4.48361,-4.48361,-0.267539,-0.267539,3.35957,-2.98121
56.001,-4.08411,-4.08411,-0.355084,-0.355084,3.13899,-2.63682
56.034,-3.57845,-3.57845,-0.433494,-0.433494,2.83687,-2.22382
56.067,-2.97976,-2.97976,-0.50072,-0.50072,2.46107,-1.75294
56.1,-2.30361,-2.30361,-0.554998,-0.554998,2.02134,-1.23646
56.133,-1.56759,-1.56759,-0.594902,-0.594902,1.52911,-0.687793
56.166,-0.790824,-0.790824,-0.619377,-0.619377,0.997163,-0.121232
56.199,0.00648542,0.00648542,-0.627767,-0.627767,0.439313,0.448484
56.232,0.803612,0.803612,-0.619837,-0.619837,-0.129949,1.00653
56.265,1.57983,1.57983,-0.595772,-0.595772,-0.695834,1.53838
56.298,2.31496,2.31496,-0.556181,-0.556181,-1.24365,2.0302
56.331,2.98989,2.98989,-0.502075,-0.502075,-1.75915,2.4692
56.364,3.58708,3.58708,-0.434845,-0.434845,-2.22897,2.84393
56.397,4.091,4.091,-0.356224,-0.356224,-2.64089,3.14466
56.43,4.48855,4.48855,-0.268245,-0.268245,-2.98421,3.36356
56.463,4.7694,4.7694,-0.173185,-0.173185,-3.25002,3.49494
56.496,4.92625,4.92625,-0.0735093,-0.0735093,-3.43141,3.53536
56.529,4.95502,4.95502,0.0281946,0.0281946,-3.52367,3.48379
56.562,4.85497,4.85497,0.129283,0.129283,-3.5244,3.34157
56.595,4.6287,4.6287,0.227126,0.227126,-3.43359,3.11238
56.628,4.2821,4.2821,0.319174,0.319174,-3.25359,2.80221
56.661,3.82417,3.82417,0.403025,0.403025,-2.98908,2.41912
56.694,3.26684,3.26684,0.47649,0.47649,-2.64693,1.97307
56.727,2.62458,2.62458,0.537644,0.537644,-2.23603,1.47569
56.76,1.9141,1.9141,0.584882,0.584882,-1.76705,0.939898
56.793,1.15387,1.15387,0.61696,0.61696,-1.25216,0.379652
56.826,0.363654,0.363654,0.633025,0.633025,-0.704759,-0.190474
56.859,-0.435999,-0.435999,0.632642,0.632642,-0.139047,-0.755643
56.892,-1.2243,-1.2243,0.6158,0.6158,0.430277,-1.30115
56.925,-1.98076,-1.98076,0.582919,0.582919,0.988424,-1.8128
56.958,-2.68571,-2.68571,0.534836,0.534836,1.5209,-2.27727
56.991,-3.32082,-3.32082,0.472785,0.472785,2.01387,-2.68248
57.024,-3.86958,-3.86958,0.398363,0.398363,2.45452,-3.01789
57.057,-4.31774,-4.31774,0.313492,0.313492,2.83143,-3.27477
57.09,-4.65362,-4.65362,0.220368,0.220368,3.13479,-3.44643
57.123,-4.86852,-4.86852,0.121404,0.121404,3.35672,-3.52841
57.156,-4.95684,-4.95684,0.0191688,0.0191688,3.49146,-3.51857
57.189,-4.91629,-4.91629,-0.0836829,-0.0836829,3.53551,-3.41717
57.222,-4.74793,-4.74793,-0.184476,-0.184476,3.48773,-3.22685
57.255,-4.45613,-4.45613,-0.280585,-0.280585,3.34936,-2.95255
57.288,-4.04848,-4.04848,-0.369506,-0.369506,3.12399,-2.60143
57.321,-3.53559,-3.53559,-0.448916,-0.448916,2.81747,-2.18261
57.354,-2.93079,-2.93079,-0.516739,-0.516739,2.43777,-1.70699
57.387,-2.24981,-2.24981,-0.571198,-0.571198,1.99475,-1.18696
57.42,-1.51035,-1.51035,-0.610859,-0.610859,1.49992,-0.636033
57.453,-0.731633,-0.731633,-0.634675,-0.634675,0.966126,-0.068559
57.486,0.0660872,0.0660872,-0.642008,-0.642008,0.407238,0.500699
57.519,0.862074,0.862074,-0.632648,-0.632648,-0.162228,1.05693
57.552,1.63563,1.63563,-0.60682,-0.60682,-0.72748,1.58565
57.585,2.36665,2.36665,-0.565177,-0.565177,-1.27384,2.07312
57.618,3.03613,3.03613,-0.508783,-0.508783,-1.7871,2.50663
57.651,3.62666,3.62666,-0.43909,-0.43909,-2.25395,2.87492
57.684,4.12289,4.12289,-0.357895,-0.357895,-2.66226,3.1684
57.717,4.51193,4.51193,-0.267297,-0.267297,-3.00141,3.37942
57.75,4.78366,4.78366,-0.169643,-0.169643,-3.2626,3.50251
57.783,4.93101,4.93101,-0.0674644,-0.0674644,-3.43905,3.53445
57.816,4.95016,4.95016,0.0365851,0.0365851,-3.52616,3.47442
57.849,4.84062,4.84062,0.139801,0.139801,-3.52169,3.32398
57.882,4.60523,4.60523,0.239497,0.239497,-3.42574,3.08704
57.915,4.25012,4.25012,0.333077,0.333077,-3.24081,2.76977
57.948,3.78452,3.78452,0.418097,0.418097,-2.9717,2.38042
57.981,3.22054,3.22054,0.492338,0.492338,-2.6254,1.92913
58.014,2.57284,2.57284,0.553855,0.553855,-2.21091,1.42764
58.047,1.85827,1.85827,0.601034,0.601034,-1.73899,0.888999
58.08,1.0954,1.0954,0.632631,0.632631,-1.2219,0.327224
58.113,0.304059,0.304059,0.647807,0.647807,-0.673071,-0.243067
58.146,-0.495168,-0.495168,0.646148,0.646148,-0.106759,-0.807032
58.179,-1.28151,-1.28151,0.627679,0.627679,0.462325,-1.35
58.212,-2.03451,-2.03451,0.59286,0.59286,1.0194,-1.85783
58.245,-2.73461,-2.73461,0.542579,0.542579,1.55,-2.31732
58.278,-3.3636,-3.3636,0.478128,0.478128,2.04034,-2.71651
58.311,-3.90513,-3.90513,0.401165,0.401165,2.47767,-3.04501
58.344,-4.34512,-4.34512,0.313681,0.313681,2.85066,-3.29427
58.377,-4.67214,-4.67214,0.217937,0.217937,3.14959,-3.4578
58.41,-4.87768,-4.87768,0.116417,0.116417,3.36672,-3.53136
58.443,-4.95641,-4.95641,0.0117545,0.0117545,3.4964,-3.51302
58.476,-4.90628,-4.90628,-0.0933317,-0.0933317,3.53526,-3.40327
58.509,-4.7286,-4.7286,-0.196108,-0.196108,3.48229,-3.20496
58.542,-4.42799,-4.42799,-0.293898,-0.293898,3.33888,-2.92324
58.575,-4.01226,-4.01226,-0.384152,-0.384152,3.10873,-2.56546
58.608,-3.49223,-3.49223,-0.464515,-0.464515,2.79784,-2.14091
58.641,-2.88141,-2.88141,-0.532883,-0.532883,2.41427,-1.66066
58.674,-2.1957,-2.1957,-0.587466,-0.587466,1.968,-1.13719
58.707,-1.45292,-1.45292,-0.626828,-0.626828,1.4706,-0.584132
58.74,-0.672373,-0.672373,-0.649928,-0.649928,0.935008,-0.015871
58.773,0.125634,0.125634,-0.656147,-0.656147,0.375129,0.552803
58.806,0.92036,0.92036,-0.645304,-0.645304,-0.194494,1.10709
58.839,1.69114,1.69114,-0.617662,-0.617662,-0.759065,1.63257
58.872,2.41794,2.41794,-0.573922,-0.573922,-1.30392,2.11557
58.905,3.08187,3.08187,-0.515203,-0.515203,-1.81491,2.54351
58.938,3.66566,3.66566,-0.443016,-0.443016,-2.27875,2.90527
58.971,4.15413,4.15413,-0.359225,-0.359225,-2.6834,3.19142
59.004,4.5346,4.5346,-0.265996,-0.265996,-3.01836,3.39453
59.037,4.79717,4.79717,-0.165743,-0.165743,-3.27491,3.50931
59.07,4.93501,4.93501,-0.0610674,-0.0610674,-3.4464,3.53276
59.103,4.94455,4.94455,0.0453131,0.0453131,-3.52837,3.46428
59.136,4.82554,4.82554,0.150633,0.150633,-3.51869,3.30566
59.169,4.58108,4.58108,0.252151,0.252151,-3.41761,3.06102
59.202,4.21752,4.21752,0.347223,0.347223,-3.22776,2.73672
59.235,3.74433,3.74433,0.433368,0.433368,-2.95408,2.3412
59.268,3.17379,3.17379,0.508334,0.508334,-2.60366,1.88476
59.301,2.52076,2.52076,0.570161,0.570161,-2.18561,1.37928
59.334,1.8022,1.8022,0.617223,0.617223,-1.71079,0.837903
59.367,1.0368,1.0368,0.648282,0.648282,-1.19153,0.274723
59.4,0.244462,0.244462,0.662511,0.662511,-0.641327,-0.295605
59.433,-0.554215,-0.554215,0.659522,0.659522,-0.0744629,-0.858242
59.466,-1.33847,-1.33847,0.639373,0.639373,0.494335,-1.39854
59.499,-2.08791,-2.08791,0.602569,0.602569,1.05029,-1.90245
59.532,-2.78305,-2.78305,0.55005,0.55005,1.57897,-2.35686
59.565,-3.40583,-3.40583,0.483164,0.483164,2.06663,-2.74993
59.598,-3.94004,-3.94004,0.403636,0.403636,2.50062,-3.07145
59.631,-4.37182,-4.37182,0.31352,0.31352,2.86965,-3.31303
59.664,-4.68992,-4.68992,0.21515,0.21515,3.16414,-3.46841
59.697,-4.88609,-4.88609,0.111074,0.111074,3.37645,-3.53353
59.73,-4.95522,-4.95522,0.00399479,0.00399479,3.50105,-3.5067
59.763,-4.89553,-4.89553,-0.103306,-0.103306,3.53471,-3.38862
59.796,-4.70857,-4.70857,-0.208038,-0.208038,3.47656,-3.18235
59.829,-4.39919,-4.39919,-0.307473,-0.307473,3.32811,-2.89328
59.862,-3.97545,-3.97545,-0.399018,-0.399018,3.09321,-2.52892
59.895,-3.44836,-3.44836,-0.480284,-0.480284,2.77797,-2.09875
59.928,-2.83163,-2.83163,-0.549146,-0.549146,2.39057,-1.61396
59.961,-2.1413,-2.1413,-0.603797,-0.603797,1.94107,-1.08718
59.994,-1.39531,-1.39531,-0.642802,-0.642802,1.44116,-0.532101
60.027,-0.613056,-0.613056,-0.665128,-0.665128,0.903813,0.0368206
60.06,0.185117,0.185117,-0.670176,-0.670176,0.342989,0.604784
60.093,0.978461,0.978461,-0.657797,-0.657797,-0.226744,1.15701
60.126,1.74635,1.74635,-0.628292,-0.628292,-0.790587,1.67913
60.159,2.46882,2.46882,-0.582412,-0.582412,-1.33389,2.15755
60.192,3.1271,3.1271,-0.52133,-0.52133,-1.84256,2.57983
60.225,3.70406,3.70406,-0.446621,-0.446621,-2.30336,2.93497
60.258,4.18471,4.18471,-0.360212,-0.360212,-2.70433,3.21374
60.291,4.55656,4.55656,-0.264339,-0.264339,-3.03505,3.40889
60.324,4.80993,4.80993,-0.161486,-0.161486,-3.28695,3.51532
60.357,4.93825,4.93825,-0.0543191,-0.0543191,-3.45346,3.53028
60.39,4.93819,4.93819,0.0543769,0.0543769,-3.53028,3.45338
60.423,4.80974,4.80974,0.161776,0.161776,-3.51539,3.2866
60.456,4.55624,4.55624,0.265084,0.265084,-3.40919,3.03431
60.489,4.1843,4.1843,0.361609,0.361609,-3.21445,2.70305
60.522,3.70358,3.70358,0.448831,0.448831,-2.9362,2.30146
60.555,3.12659,3.12659,0.524473,0.524473,-2.58169,1.83997
60.588,2.46832,2.46832,0.586554,0.586554,-2.16012,1.33061
60.621,1.74589,1.74589,0.633443,0.633443,-1.68244,0.786621
60.654,0.97809,0.97809,0.663906,0.663906,-1.16107,0.222162
60.687,0.184874,0.184874,0.677131,0.677131,-0.609529,-0.348078
60.72,-0.613133,-0.613133,0.672756,0.672756,-0.0421601,-0.909261
60.753,-1.39518,-1.39518,0.650876,0.650876,0.526304,-1.44678
60.786,-2.14094,-2.14094,0.612041,0.612041,1.0811,-1.94666
60.819,-2.83103,-2.83103,0.557244,0.557244,1.60781,-2.39587
60.852,-3.4475,-3.4475,0.487891,0.487891,2.09276,-2.78274
60.885,-3.97433,-3.97433,0.405772,0.405772,2.52335,-3.0972
60.918,-4.39782,-4.39782,0.313009,0.313009,2.8884,-3.33106
60.951,-4.70697,-4.70697,0.212004,0.212004,3.17842,-3.47824
60.984,-4.89374,-4.89374,0.105376,0.105376,3.38589,-3.53491
61.017,-4.95328,-4.95328,-0.00410893,-0.00410893,3.5054,-3.49959
61.05,-4.88404,-4.88404,-0.113604,-0.113604,3.53387,-3.37321
61.083,-4.68783,-4.68783,-0.220262,-0.220262,3.47054,-3.15904
61.116,-4.36974,-4.36974,-0.321305,-0.321305,3.31707,-2.86268
61.149,-3.93806,-3.93806,-0.414098,-0.414098,3.07744,-2.49181
61.182,-3.404,-3.404,-0.496219,-0.496219,2.75787,-2.05611
61.215,-2.78145,-2.78145,-0.56552,-0.56552,2.36667,-1.5669
61.248,-2.08661,-2.08661,-0.620184,-0.620184,1.91399,-1.03692
61.281,-1.33753,-1.33753,-0.658774,-0.658774,1.4116,-0.479951
61.314,-0.553691,-0.553691,-0.680269,-0.680269,0.872541,0.089504
61.347,0.244525,0.244525,-0.684091,-0.684091,0.31082,0.65663
61.38,1.03637,1.03637,-0.670122,-0.670122,-0.258975,1.20667
61.413,1.80125,1.80125,-0.638706,-0.638706,-0.822043,1.72531
61.446,2.51929,2.51929,-0.590641,-0.590641,-1.36376,2.19905
61.479,3.17181,3.17181,-0.527162,-0.527162,-1.87005,2.61557
61.512,3.74186,3.74186,-0.449901,-0.449901,-2.32777,2.96403
61.545,4.21462,4.21462,-0.360855,-0.360855,-2.72502,3.23535
61.578,4.5778,4.5778,-0.262327,-0.262327,-3.0515,3.42248
61.611,4.82195,4.82195,-0.15687,-0.15687,-3.29871,3.52056
61.644,4.94074,4.94074,-0.0472203,-0.0472203,-3.46024,3.52702
61.677,4.93107,4.93107,0.0637746,0.0637746,-3.53189,3.4417
61.71,4.79321,4.79321,0.173229,0.173229,-3.5118,3.26682
61.743,4.53073,4.53073,0.278293,0.278293,-3.40049,3.00693
61.776,4.15047,4.15047,0.376229,0.376229,-3.20086,2.66879
61.809,3.66231,3.66231,0.464483,0.464483,-2.91808,2.2612
61.842,3.07895,3.07895,0.540748,0.540748,-2.55951,1.79478
61.875,2.41555,2.41555,0.603028,0.603028,-2.13446,1.28165
61.908,1.68937,1.68937,0.649687,0.649687,-1.65396,0.735164
61.941,0.919277,0.919277,0.679496,0.679496,-1.1305,0.169551
61.974,0.125304,0.125304,0.69166,0.69166,-0.577681,-0.400474
62.007,-0.67191,-0.67191,0.685845,0.685845,-0.00985385,-0.960078
62.04,-1.45164,-1.45164,0.662184,0.662184,0.558229,-1.4947
62.073,-2.19361,-2.19361,0.621272,0.621272,1.11181,-1.99042
62.106,-2.87854,-2.87854,0.564156,0.564156,1.63652,-2.43435
62.139,-3.48862,-3.48862,0.492304,0.492304,2.11871,-2.81494
62.172,-4.00798,-4.00798,0.407571,0.407571,2.54588,-3.12227
62.205,-4.42314,-4.42314,0.312146,0.312146,2.90691,-3.34835
62.238,-4.72329,-4.72329,0.2085,0.2085,3.19244,-3.4873
62.271,-4.90064,-4.90064,0.0993217,0.0993217,3.39505,-3.53551
62.304,-4.95058,-4.95058,-0.0125553,-0.0125553,3.50947,-3.49171
62.337,-4.87181,-4.87181,-0.124224,-0.124224,3.53273,-3.35705
62.37,-4.66638,-4.66638,-0.232778,-0.232778,3.46423,-3.13503
62.403,-4.33965,-4.33965,-0.335391,-0.335391,3.30575,-2.83144
62.436,-3.90009,-3.90009,-0.429388,-0.429388,3.0614,-2.45416
62.469,-3.35915,-3.35915,-0.512314,-0.512314,2.73754,-2.01302
62.502,-2.73089,-2.73089,-0.582001,-0.582001,2.34257,-1.51949
62.535,-2.03164,-2.03164,-0.636621,-0.636621,1.88675,-0.986429
62.568,-1.27959,-1.27959,-0.674738,-0.674738,1.38192,-0.427696
62.601,-0.494289,-0.494289,-0.695344,-0.695344,0.841198,0.142168
62.634,0.303848,0.303848,-0.697884,-0.697884,0.278625,0.708331
62.667,1.09407,1.09407,-0.682272,-0.682272,-0.291184,1.25606
62.7,1.85583,1.85583,-0.648896,-0.648896,-0.85343,1.77111
62.733,2.56932,2.56932,-0.598606,-0.598606,-1.39351,2.24007
62.766,3.21601,3.21601,-0.532692,-0.532692,-1.89739,2.65073
62.799,3.77907,3.77907,-0.452853,-0.452853,-2.35199,2.99242
62.832,4.24387,4.24387,-0.36115,-0.36115,-2.74549,3.25624
62.865,4.59832,4.59832,-0.259957,-0.259957,-3.06769,3.43532
62.898,4.83322,4.83322,-0.151896,-0.151896,-3.3102,3.52501
62.931,4.94246,4.94246,-0.0397718,-0.0397718,-3.46673,3.52297
62.964,4.92321,4.92321,0.0735043,0.0735043,-3.53321,3.42926
62.997,4.77596,4.77596,0.184986,0.184986,-3.50792,3.24631
63.03,4.50454,4.50454,0.291772,0.291772,-3.39151,2.97888
63.063,4.11602,4.11602,0.39108,0.39108,-3.187,2.63393
63.096,3.62051,3.62051,0.480318,0.480318,-2.89972,2.22045
63.129,3.03087,3.03087,0.557154,0.557154,-2.53712,1.74918
63.162,2.36245,2.36245,0.619578,0.619578,-2.10861,1.2324
63.195,1.63263,1.63263,0.665949,0.665949,-1.62534,0.683544
63.228,0.86037,0.86037,0.695045,0.695045,-1.09984,0.116902
63.261,0.0657632,0.0657632,0.706092,0.706092,-0.545784,-0.452781
63.294,-0.730537,-0.730537,0.698783,0.698783,0.0224532,-1.01068
63.327,-1.50783,-1.50783,0.673289,0.673289,0.590107,-1.54228
63.36,-2.2459,-2.2459,0.630256,0.630256,1.14243,-2.03375
63.393,-2.92557,-2.92557,0.570783,0.570783,1.66509,-2.47229
63.426,-3.52916,-3.52916,0.496401,0.496401,2.14449,-2.8465
63.459,-4.04099,-4.04099,0.409029,0.409029,2.56819,-3.14664
63.492,-4.44775,-4.44775,0.310928,0.310928,2.92518,-3.3649
63.525,-4.73887,-4.73887,0.204637,0.204637,3.20619,-3.49559
63.558,-4.90678,-4.90678,0.092913,0.092913,3.40392,-3.53532
63.591,-4.94712,-4.94712,-0.0213429,-0.0213429,3.51324,-3.48305
63.624,-4.85884,-4.85884,-0.135161,-0.135161,3.5313,-3.34015
63.657,-4.64425,-4.64425,-0.245582,-0.245582,3.45763,-3.11033
63.69,-4.30891,-4.30891,-0.349727,-0.349727,3.29416,-2.79957
63.723,-3.86156,-3.86156,-0.444883,-0.444883,3.04512,-2.41596
63.756,-3.31383,-3.31383,-0.528564,-0.528564,2.71698,-1.96948
63.789,-2.67995,-2.67995,-0.598582,-0.598582,2.31827,-1.47175
63.822,-1.97641,-1.97641,-0.653102,-0.653102,1.85935,-0.935721
63.855,-1.22151,-1.22151,-0.690688,-0.690688,1.35213,-0.375345
63.888,-0.434859,-0.434859,-0.710347,-0.710347,0.809783,0.194799
63.921,0.363076,0.363076,-0.711549,-0.711549,0.246407,0.759874
63.954,1.15155,1.15155,-0.694242,-0.694242,-0.323369,1.30518
63.987,1.91008,1.91008,-0.658859,-0.658859,-0.884746,1.81651
64.02,2.61893,2.61893,-0.606302,-0.606302,-1.42314,2.28058
64.053,3.25967,3.25967,-0.537919,-0.537919,-1.92457,2.6853
64.086,3.81566,3.81566,-0.455474,-0.455474,-2.37601,3.02015
64.119,4.27244,4.27244,-0.361096,-0.361096,-2.76574,3.2764
64.152,4.61813,4.61813,-0.257229,-0.257229,-3.08362,3.4474
64.185,4.84375,4.84375,-0.146565,-0.146565,-3.32141,3.52868
64.218,4.94343,4.94343,-0.0319746,-0.0319746,-3.47292,3.51814
64.251,4.9146,4.9146,0.083564,0.083564,-3.53423,3.41606
64.284,4.75799,4.75799,0.197047,0.197047,-3.50374,3.22507
64.317,4.47769,4.47769,0.30552,0.30552,-3.38224,2.95017
64.35,4.08098,4.08098,0.406156,0.406156,-3.17288,2.59849
64.383,3.57818,3.57818,0.49633,0.49633,-2.88112,2.1792
64.416,2.98237,2.98237,0.573685,0.573685,-2.51451,1.7032
64.449,2.30903,2.30903,0.636196,0.636196,-2.08259,1.18287
64.482,1.57568,1.57568,0.682222,0.682222,-1.59658,0.631771
64.515,0.80138,0.80138,0.710548,0.710548,-1.0691,0.0642279
64.548,0.00626121,0.00626121,0.720421,0.720421,-0.513842,-0.504987
64.581,-0.789004,-0.789004,0.711563,0.711563,0.0547585,-1.06106
64.614,-1.56374,-1.56374,0.684188,0.684188,0.621936,-1.58952
64.647,-2.2978,-2.2978,0.638987,0.638987,1.17296,-2.07662
64.68,-2.97211,-2.97211,0.577119,0.577119,1.69352,-2.50969
64.713,-3.56914,-3.56914,0.500177,0.500177,2.17008,-2.87744
64.746,-4.07336,-4.07336,0.410145,0.410145,2.59028,-3.17032
64.779,-4.47167,-4.47167,0.309354,0.309354,2.9432,-3.38069
64.812,-4.75372,-4.75372,0.200414,0.200414,3.21967,-3.5031
64.845,-4.91217,-4.91217,0.08615,0.08615,3.41251,-3.53435
64.878,-4.94291,-4.94291,-0.0304701,-0.0304701,3.51671,-3.47362
64.911,-4.84515,-4.84515,-0.146415,-0.146415,3.52957,-3.3225
64.944,-4.62142,-4.62142,-0.258669,-0.258669,3.45074,-3.08493
64.977,-4.27755,-4.27755,-0.364308,-0.364308,3.28229,-2.76708
65.01,-3.82247,-3.82247,-0.460577,-0.460577,3.02857,-2.37722
65.043,-3.26803,-3.26803,-0.544963,-0.544963,2.69619,-1.9255
65.076,-2.62864,-2.62864,-0.615257,-0.615257,2.29378,-1.42368
65.109,-1.92092,-1.92092,-0.669619,-0.669619,1.83179,-0.884806
65.142,-1.16328,-1.16328,-0.706617,-0.706617,1.32222,-0.32291
65.175,-0.375412,-0.375412,-0.725272,-0.725272,0.778302,0.247388
65.208,0.422199,0.422199,-0.72508,-0.72508,0.214169,0.811249
65.241,1.20882,1.20882,-0.706027,-0.706027,-0.355527,1.354
65.274,1.96399,1.96399,-0.668589,-0.668589,-0.915988,1.86152
65.307,2.66809,2.66809,-0.613723,-0.613723,-1.45266,2.32059
65.34,3.30281,3.30281,-0.542837,-0.542837,-1.95159,2.71928
65.373,3.85164,3.85164,-0.45776,-0.45776,-2.39984,3.04721
65.406,4.30033,4.30033,-0.36069,-0.36069,-2.78575,3.29584
65.439,4.63721,4.63721,-0.254141,-0.254141,-3.0993,3.45871
65.472,4.85352,4.85352,-0.140875,-0.140875,-3.33234,3.53157
65.505,4.94364,4.94364,-0.02383,-0.02383,-3.47883,3.51253
65.538,4.90524,4.90524,0.0939516,0.0939516,-3.53496,3.40209
65.571,4.73931,4.73931,0.209407,0.209407,-3.49927,3.20312
65.604,4.45017,4.45017,0.319531,0.319531,-3.37269,2.9208
65.637,4.04534,4.04534,0.421453,0.421453,-3.1585,2.56247
65.67,3.53535,3.53535,0.512514,0.512514,-2.86227,2.13747
65.703,2.93345,2.93345,0.590335,0.590335,-2.49169,1.65683
65.736,2.25531,2.25531,0.652878,0.652878,-2.0564,1.13309
65.769,1.51854,1.51854,0.6985,0.6985,-1.56769,0.579859
65.802,0.742317,0.742317,0.725999,0.725999,-1.03826,0.0115391
65.835,-0.0531918,-0.0531918,0.73464,0.73464,-0.481857,-0.557081
65.868,-0.847301,-0.847301,0.72418,0.72418,0.0870591,-1.1112
65.901,-1.61936,-1.61936,0.694873,0.694873,0.653713,-1.63641
65.934,-2.34931,-2.34931,0.647462,0.647462,1.20339,-2.11904
65.967,-3.01816,-3.01816,0.583162,0.583162,1.7218,-2.54652
66,-3.60853,-3.60853,0.503629,0.503629,2.1955,-2.90774
66.033,-4.10507,-4.10507,0.410916,0.410916,2.61216,-3.19329
66.066,-4.49488,-4.49488,0.307423,0.307423,2.96098,-3.39574
66.099,-4.76782,-4.76782,0.195831,0.195831,3.23288,-3.50983
66.132,-4.9168,-4.9168,0.0790334,0.0790334,3.42082,-3.53259
66.165,-4.93795,-4.93795,-0.0399352,-0.0399352,3.51989,-3.46342
66.198,-4.83072,-4.83072,-0.157983,-0.157983,3.52754,-3.30412
66.231,-4.5979,-4.5979,-0.272038,-0.272038,3.44357,-3.05885
66.264,-4.24555,-4.24555,-0.37913,-0.37913,3.27014,-2.73397
66.297,-3.78283,-3.78283,-0.476466,-0.476466,3.01178,-2.33795
66.33,-3.22178,-3.22178,-0.561504,-0.561504,2.67518,-1.8811
66.363,-2.57697,-2.57697,-0.632021,-0.632021,2.2691,-1.37529
66.396,-1.86519,-1.86519,-0.686167,-0.686167,1.80408,-0.833694
66.429,-1.10493,-1.10493,-0.722519,-0.722519,1.2922,-0.270404
66.462,-0.315959,-0.315959,-0.740112,-0.740112,0.746755,0.299922
66.495,0.481208,0.481208,-0.738471,-0.738471,0.181912,0.862443
66.528,1.26585,1.26585,-0.71762,-0.71762,-0.387655,1.40252
66.561,2.01756,2.01756,-0.678081,-0.678081,-0.947153,1.9061
66.594,2.7168,2.7168,-0.620865,-0.620865,-1.48205,2.36009
66.627,3.34539,3.34539,-0.547444,-0.547444,-1.97845,2.75265
66.66,3.887,3.887,-0.45971,-0.45971,-2.42346,3.07359
66.693,4.32754,4.32754,-0.359932,-0.359932,-2.80552,3.31454
66.726,4.65556,4.65556,-0.250693,-0.250693,-3.11471,3.46925
66.759,4.86254,4.86254,-0.134827,-0.134827,-3.343,3.53367
66.792,4.9431,4.9431,-0.0153391,-0.0153391,-3.48445,3.50614
66.825,4.89514,4.89514,0.104665,0.104665,-3.5354,3.38738
66.858,4.71992,4.71992,0.222064,0.222064,-3.49451,3.18046
66.891,4.42199,4.42199,0.333802,0.333802,-3.36285,2.89079
66.924,4.00911,4.00911,0.436966,0.436966,-3.14385,2.52589
66.957,3.49201,3.49201,0.528865,0.528865,-2.84319,2.09526
66.99,2.88413,2.88413,0.607098,0.607098,-2.46867,1.6101
67.023,2.20128,2.20128,0.669616,0.669616,-2.03003,1.08305
67.056,1.46122,1.46122,0.714777,0.714777,-1.53866,0.527818
67.089,0.683191,0.683191,0.741389,0.741389,-1.00733,-0.0411523
67.122,-0.112586,-0.112586,0.748743,0.748743,-0.449831,-0.609051
67.155,-0.905418,-0.905418,0.736628,0.736628,0.119352,-1.1611
67.188,-1.67469,-1.67469,0.70534,0.70534,0.685436,-1.68294
67.221,-2.40041,-2.40041,0.655675,0.655675,1.23372,-2.16098
67.254,-3.06371,-3.06371,0.588906,0.588906,1.74995,-2.58279
67.287,-3.64734,-3.64734,0.506754,0.506754,2.22073,-2.93739
67.32,-4.13613,-4.13613,0.41134,0.41134,2.63383,-3.21555
67.353,-4.51738,-4.51738,0.305134,0.305134,2.97851,-3.41003
67.386,-4.78118,-4.78118,0.190887,0.190887,3.24583,-3.51578
67.419,-4.92067,-4.92067,0.071564,0.071564,3.42884,-3.53004
67.452,-4.93223,-4.93223,-0.0497364,-0.0497364,3.52278,-3.45244
67.485,-4.81556,-4.81556,-0.169861,-0.169861,3.52522,-3.28501
67.518,-4.5737,-4.5737,-0.285684,-0.285684,3.4361,-3.03208
67.551,-4.21293,-4.21293,-0.394188,-0.394188,3.25772,-2.70026
67.584,-3.74264,-3.74264,-0.492544,-0.492544,2.99473,-2.29817
67.617,-3.17507,-3.17507,-0.578184,-0.578184,2.65395,-1.83627
67.65,-2.52496,-2.52496,-0.648867,-0.648867,2.24423,-1.3266
67.683,-1.80922,-1.80922,-0.70274,-0.70274,1.77622,-0.782397
67.716,-1.04646,-1.04646,-0.738387,-0.738387,1.26207,-0.217838
67.749,-0.256508,-0.256508,-0.754861,-0.754861,0.715146,0.352389
67.782,0.540092,0.540092,-0.751716,-0.751716,0.149641,0.913446
67.815,1.32263,1.32263,-0.729015,-0.729015,-0.419751,1.45073
67.848,2.07077,2.07077,-0.687329,-0.687329,-0.97824,1.95027
67.881,2.76505,2.76505,-0.627725,-0.627725,-1.51132,2.39906
67.914,3.38743,3.38743,-0.551735,-0.551735,-2.00514,2.78541
67.947,3.92173,3.92173,-0.46132,-0.46132,-2.44688,3.09929
67.98,4.35406,4.35406,-0.358818,-0.358818,-2.82507,3.33251
68.013,4.67319,4.67319,-0.246885,-0.246885,-3.12987,3.47902
68.046,4.87081,4.87081,-0.128421,-0.128421,-3.35337,3.53499
68.079,4.94179,4.94179,-0.00650324,-0.00650324,-3.48978,3.49897
68.112,4.8843,4.8843,0.115701,0.115701,-3.53553,3.37191
68.145,4.69982,4.69982,0.235014,0.235014,-3.48946,3.1571
68.178,4.39316,4.39316,0.348328,0.348328,-3.35274,2.86013
68.211,3.9723,3.9723,0.45269,0.45269,-3.12894,2.48874
68.244,3.44817,3.44817,0.545378,0.545378,-2.82386,2.05258
68.277,2.83441,2.83441,0.623968,0.623968,-2.44544,1.56302
68.31,2.14697,2.14697,0.686404,0.686404,-2.0035,1.03278
68.343,1.40373,1.40373,0.731045,0.731045,-1.50951,0.475659
68.376,0.624012,0.624012,0.756714,0.756714,-0.976321,-0.0938345
68.409,-0.171911,-0.171911,0.762724,0.762724,-0.417768,-0.660886
68.442,-0.963346,-0.963346,0.7489,0.7489,0.151636,-1.21074
68.475,-1.72972,-1.72972,0.715583,0.715583,0.717101,-1.72909
68.508,-2.4511,-2.4511,0.663621,0.663621,1.26394,-2.20244
68.541,-3.10875,-3.10875,0.594348,0.594348,1.77795,-2.61848
68.574,-3.68555,-3.68555,0.509548,0.509548,2.24577,-2.96638
68.607,-4.16653,-4.16653,0.411414,0.411414,2.65527,-3.2371
68.64,-4.53917,-4.53917,0.302484,0.302484,2.99579,-3.42357
68.673,-4.7938,-4.7938,0.185583,0.185583,3.2585,-3.52095
68.706,-4.92379,-4.92379,0.0637426,0.0637426,3.43657,-3.52672
68.739,-4.92576,-4.92576,-0.0598719,-0.0598719,3.52538,-3.4407
68.772,-4.79968,-4.79968,-0.182047,-0.182047,3.52261,-3.26516
68.805,-4.54881,-4.54881,-0.299603,-0.299603,3.42835,-3.00465
68.838,-4.1797,-4.1797,-0.409478,-0.409478,3.24504,-2.66595
68.871,-3.70192,-3.70192,-0.508806,-0.508806,2.97743,-2.25787
68.904,-3.12791,-3.12791,-0.594995,-0.594995,2.63249,-1.79104
68.937,-2.4726,-2.4726,-0.665788,-0.665788,2.21917,-1.27761
68.97,-1.75302,-1.75302,-0.719331,-0.719331,1.74821,-0.730926
69.003,-0.987876,-0.987876,-0.754214,-0.754214,1.23184,-0.165224
69.036,-0.19707,-0.19707,-0.769512,-0.769512,0.683477,0.404778
69.069,0.598841,0.598841,-0.764809,-0.764809,0.117357,0.964246
69.102,1.37917,1.37917,-0.740207,-0.740207,-0.451812,1.49862
69.135,2.12362,2.12362,-0.696329,-0.696329,-1.00924,1.994
69.168,2.81284,2.81284,-0.634297,-0.634297,-1.54046,2.43749
69.201,3.42892,3.42892,-0.555707,-0.555707,-2.03167,2.81755
69.234,3.95584,3.95584,-0.462588,-0.462588,-2.4701,3.1243
69.267,4.3799,4.3799,-0.357348,-0.357348,-2.84437,3.34974
69.3,4.69008,4.69008,-0.242714,-0.242714,-3.14476,3.48801
69.333,4.87832,4.87832,-0.121658,-0.121658,-3.36347,3.53552
69.366,4.93973,4.93973,0.00267609,0.00267609,-3.49481,3.49103
69.399,4.87272,4.87272,0.127058,0.127058,-3.53538,3.35569
69.432,4.67902,4.67902,0.248253,0.248253,-3.48411,3.13303
69.465,4.36369,4.36369,0.363105,0.363105,-3.34235,2.82884
69.498,3.93491,3.93491,0.46862,0.46862,-3.11377,2.45104
69.531,3.40384,3.40384,0.562046,0.562046,-2.80431,2.00945
69.564,2.78429,2.78429,0.64094,0.64094,-2.42201,1.51558
69.597,2.09237,2.09237,0.703236,0.703236,-1.97679,0.982268
69.63,1.34607,1.34607,0.7473,0.7473,-1.48024,0.423395
69.663,0.56479,0.56479,0.771966,0.771966,-0.945229,-0.146496
69.696,-0.231156,-0.231156,0.776576,0.776576,-0.38567,-0.712575
69.729,-1.02107,-1.02107,0.760991,0.760991,0.183907,-1.26011
69.762,-1.78443,-1.78443,0.725597,0.725597,0.748706,-1.77486
69.795,-2.50137,-2.50137,0.671296,0.671296,1.29406,-2.24342
69.828,-3.15327,-3.15327,0.599483,0.599483,1.8058,-2.6536
69.861,-3.72317,-3.72317,0.51201,0.51201,2.27063,-2.99472
69.894,-4.19626,-4.19626,0.411137,0.411137,2.67649,-3.25792
69.927,-4.56025,-4.56025,0.299474,0.299474,3.01282,-3.43634
69.96,-4.80567,-4.80567,0.179918,0.179918,3.2709,-3.52534
69.993,-4.92615,-4.92615,0.0555702,0.0555702,3.44402,-3.52261
70.026,-4.91855,-4.91855,-0.0703397,-0.0703397,3.52768,-3.4282
70.059,-4.78308,-4.78308,-0.194538,-0.194538,3.51971,-3.24459
70.092,-4.52326,-4.52326,-0.313792,-0.313792,3.42031,-2.97654
70.125,-4.14585,-4.14585,-0.424995,-0.424995,3.23208,-2.63104
70.158,-3.66067,-3.66067,-0.525247,-0.525247,2.95989,-2.21708
70.191,-3.08032,-3.08032,-0.611931,-0.611931,2.61082,-1.74542
70.224,-2.41991,-2.41991,-0.682779,-0.682779,2.19393,-1.22834
70.257,-1.6966,-1.6966,-0.735933,-0.735933,1.72006,-0.679293
70.29,-0.929197,-0.929197,-0.769995,-0.769995,1.20151,-0.112573
70.323,-0.137655,-0.137655,-0.78406,-0.78406,0.651751,0.457077
70.356,0.657446,0.657446,-0.777743,-0.777743,0.0850629,1.01483
70.389,1.43544,1.43544,-0.751191,-0.751191,-0.483835,1.54618
70.422,2.17609,2.17609,-0.705075,-0.705075,-1.04016,2.03729
70.455,2.86015,2.86015,-0.640577,-0.640577,-1.56948,2.47539
70.488,3.46984,3.46984,-0.559356,-0.559356,-2.05802,2.84907
70.521,3.9893,3.9893,-0.463511,-0.463511,-2.49311,3.14861
70.554,4.40504,4.40504,-0.35552,-0.35552,-2.86344,3.36622
70.587,4.70624,4.70624,-0.238182,-0.238182,-3.1594,3.49624
70.62,4.88509,4.88509,-0.114539,-0.114539,-3.37329,3.53527
70.653,4.93692,4.93692,0.0121974,0.0121974,-3.49956,3.48231
70.686,4.86041,4.86041,0.138734,0.138734,-3.53493,3.33873
70.719,4.65753,4.65753,0.261779,0.261779,-3.47848,3.10826
70.752,4.33357,4.33357,0.378129,0.378129,-3.33167,2.79692
70.785,3.89695,3.89695,0.484752,0.484752,-3.09833,2.41279
70.818,3.35904,3.35904,0.578864,0.578864,-2.78452,1.96588
70.851,2.7338,2.7338,0.658006,0.658006,-2.39837,1.46781
70.884,2.03751,2.03751,0.720106,0.720106,-1.94993,0.931543
70.917,1.28826,1.28826,0.763533,0.763533,-1.45084,0.371037
70.95,0.505535,0.505535,0.78714,0.78714,-0.914059,-0.199125
70.983,-0.290313,-0.290313,0.790294,0.790294,-0.35354,-0.764105
71.016,-1.07859,-1.07859,0.772895,0.772895,0.216162,-1.3092
71.049,-1.83882,-1.83882,0.735376,0.735376,0.780249,-1.82023
71.082,-2.55121,-2.55121,0.678695,0.678695,1.32407,-2.28389
71.115,-3.19727,-3.19727,0.604309,0.604309,1.8335,-2.68812
71.148,-3.76018,-3.76018,0.514135,0.514135,2.2953,-3.0224
71.181,-4.22533,-4.22533,0.410505,0.410505,2.69749,-3.27803
71.214,-4.58061,-4.58061,0.296103,0.296103,3.0296,-3.44836
71.247,-4.8168,-4.8168,0.173893,0.173893,3.28303,-3.52895
71.28,-4.92775,-4.92775,0.0470479,0.0470479,3.45118,-3.51771
71.313,-4.91059,-4.91059,-0.0811375,-0.0811375,3.52968,-3.41494
71.346,-4.76576,-4.76576,-0.20733,-0.20733,3.51651,-3.2233
71.379,-4.49703,-4.49703,-0.328246,-0.328246,3.41199,-2.94778
71.412,-4.1114,-4.1114,-0.440734,-0.440734,3.21885,-2.59555
71.445,-3.61889,-3.61889,-0.541862,-0.541862,2.94209,-2.17579
71.478,-3.0323,-3.0323,-0.628988,-0.628988,2.58892,-1.6994
71.511,-2.3669,-2.3669,-0.699834,-0.699834,2.16851,-1.17879
71.544,-1.63997,-1.63997,-0.752541,-0.752541,1.69176,-0.627509
71.577,-0.870429,-0.870429,-0.785722,-0.785722,1.17108,-0.0598966
71.61,-0.0782741,-0.0782741,-0.798497,-0.798497,0.619971,0.509274
71.643,0.715897,0.715897,-0.790513,-0.790513,0.0527618,1.06519
71.676,1.49144,1.49144,-0.761961,-0.761961,-0.515817,1.59339
71.709,2.22818,2.22818,-0.713563,-0.713563,-1.071,2.08013
71.742,2.90698,2.90698,-0.64656,-0.64656,-1.59836,2.51273
71.775,3.51019,3.51019,-0.562679,-0.562679,-2.08421,2.87995
71.808,4.02213,4.02213,-0.464086,-0.464086,-2.51591,3.17223
71.841,4.42948,4.42948,-0.353332,-0.353332,-2.88227,3.38196
71.874,4.72167,4.72167,-0.233286,-0.233286,-3.17376,3.50368
71.907,4.89109,4.89109,-0.107064,-0.107064,-3.38282,3.53423
71.94,4.93335,4.93335,0.022059,0.022059,-3.50401,3.47281
71.973,4.84736,4.84736,0.150725,0.150725,-3.53418,3.32102
72.006,4.63534,4.63534,0.275588,0.275588,-3.47255,3.08281
72.039,4.30282,4.30282,0.393396,0.393396,-3.32072,2.76438
72.072,3.85844,3.85844,0.501079,0.501079,-3.08264,2.37401
72.105,3.31376,3.31376,0.595826,0.595826,-2.76449,1.92187
72.138,2.68294,2.68294,0.675161,0.675161,-2.37453,1.41971
72.171,1.98238,1.98238,0.737007,0.737007,-1.9229,0.880611
72.204,1.2303,1.2303,0.779739,0.779739,-1.42131,0.318596
72.237,0.446257,0.446257,0.802228,0.802228,-0.882812,-0.251709
72.27,-0.34937,-0.34937,0.803871,0.803871,-0.32138,-0.815465
72.303,-1.1359,-1.1359,0.784606,0.784606,0.248399,-1.358
72.336,-1.89287,-1.89287,0.744916,0.744916,0.811727,-1.8652
72.369,-2.60062,-2.60062,0.685814,0.685814,1.35397,-2.32386
72.402,-3.24073,-3.24073,0.60882,0.60882,1.86104,-2.72205
72.435,-3.79658,-3.79658,0.515921,0.515921,2.31978,-3.0494
72.468,-4.25372,-4.25372,0.409519,0.409519,2.71826,-3.2974
72.501,-4.60025,-4.60025,0.292368,0.292368,3.04613,-3.4596
72.534,-4.82717,-4.82717,0.167507,0.167507,3.29488,-3.53177
72.567,-4.92859,-4.92859,0.0381768,0.0381768,3.45805,-3.51204
72.6,-4.90188,-4.90188,-0.0922633,-0.0922633,3.53139,-3.40091
72.633,-4.74773,-4.74773,-0.220421,-0.220421,3.51301,-3.20129
72.666,-4.47014,-4.47014,-0.342961,-0.342961,3.40338,-2.91836
72.699,-4.07635,-4.07635,-0.456691,-0.456691,3.20535,-2.55949
72.732,-3.5766,-3.5766,-0.558645,-0.558645,2.92406,-2.13401
72.765,-2.98386,-2.98386,-0.646159,-0.646159,2.56681,-1.65301
72.798,-2.31357,-2.31357,-0.716945,-0.716945,2.1429,-1.12899
72.831,-1.58315,-1.58315,-0.769147,-0.769147,1.66332,-0.575585
72.864,-0.811582,-0.811582,-0.80139,-0.80139,1.14054,-0.0072072
72.897,-0.0189363,-0.0189363,-0.812817,-0.812817,0.588138,0.561358
72.93,0.774183,0.774183,-0.803113,-0.803113,0.0204564,1.11532
72.963,1.54716,1.54716,-0.77251,-0.77251,-0.547757,1.64025
72.996,2.27989,2.27989,-0.721787,-0.721787,-1.10174,2.1225
73.029,2.95333,2.95333,-0.652244,-0.652244,-1.62711,2.54952
73.062,3.54997,3.54997,-0.565674,-0.565674,-2.11021,2.9102
73.095,4.0543,4.0543,-0.464312,-0.464312,-2.53851,3.19514
73.128,4.45322,4.45322,-0.350783,-0.350783,-2.90086,3.39694
73.161,4.73636,4.73636,-0.228028,-0.228028,-3.18787,3.51035
73.194,4.89635,4.89635,-0.0992328,-0.0992328,-3.39207,3.53241
73.227,4.92904,4.92904,0.0322591,0.0322591,-3.50817,3.46254
73.26,4.83358,4.83358,0.163029,0.163029,-3.53314,3.30258
73.293,4.61246,4.61246,0.289676,0.289676,-3.46633,3.05667
73.326,4.27143,4.27143,0.408901,0.408901,-3.3095,2.73122
73.359,3.81936,3.81936,0.517597,0.517597,-3.06669,2.3347
73.392,3.26801,3.26801,0.612927,0.612927,-2.74424,1.87743
73.425,2.63171,2.63171,0.692399,0.692399,-2.3505,1.3713
73.458,1.927,1.927,0.753933,0.753933,-1.89571,0.829484
73.491,1.17221,1.17221,0.795911,0.795911,-1.39167,0.266085
73.524,0.386967,0.386967,0.817224,0.817224,-0.851492,-0.304238
73.557,-0.408319,-0.408319,0.817301,0.817301,-0.289194,-0.866644
73.59,-1.19297,-1.19297,0.796119,0.796119,0.280616,-1.4065
73.623,-1.94659,-1.94659,0.75421,0.75421,0.843137,-1.90975
73.656,-2.64958,-2.64958,0.692648,0.692648,1.38376,-2.36331
73.689,-3.28367,-3.28367,0.613014,0.613014,1.88844,-2.75537
73.722,-3.83237,-3.83237,0.517365,0.517365,2.34406,-3.07573
73.755,-4.28143,-4.28143,0.408175,0.408175,2.7388,-3.31605
73.788,-4.61916,-4.61916,0.28827,0.28827,3.0624,-3.47008
73.821,-4.8368,-4.8368,0.160762,0.160762,3.30646,-3.53381
73.854,-4.92868,-4.92868,0.0289584,0.0289584,3.46463,-3.50558
73.887,-4.89243,-4.89243,-0.103715,-0.103715,3.53281,-3.38613
73.92,-4.72898,-4.72898,-0.233808,-0.233808,3.50922,-3.17857
73.953,-4.4426,-4.4426,-0.357934,-0.357934,3.39449,-2.88829
73.986,-4.04072,-4.04072,-0.472861,-0.472861,3.19158,-2.52285
74.019,-3.53379,-3.53379,-0.57559,-0.57559,2.90577,-2.09177
74.052,-2.93501,-2.93501,-0.663438,-0.663438,2.54449,-1.60625
74.085,-2.25994,-2.25994,-0.734108,-0.734108,2.11711,-1.07893
74.118,-1.52613,-1.52613,-0.785746,-0.785746,1.63475,-0.523534
74.151,-0.752668,-0.752668,-0.816991,-0.816991,1.10992,0.0454838
74.184,0.0403481,0.0403481,-0.827015,-0.827015,0.556257,0.613318
74.217,0.832295,0.832295,-0.815536,-0.815536,-0.0118507,1.16519
74.25,1.60258,1.60258,-0.782834,-0.782834,-0.579651,1.68675
74.283,2.33119,2.33119,-0.729743,-0.729743,-1.13239,2.16441
74.316,2.99917,2.99917,-0.657623,-0.657623,-1.65572,2.58574
74.349,3.58916,3.58916,-0.568335,-0.568335,-2.13605,2.9398
74.382,4.08583,4.08583,-0.464186,-0.464186,-2.56089,3.21735
74.415,4.47626,4.47626,-0.347872,-0.347872,-2.91921,3.41118
74.448,4.7503,4.7503,-0.222407,-0.222407,-3.20171,3.51624
74.481,4.90084,4.90084,-0.0910475,-0.0910475,-3.40104,3.5298
74.514,4.92397,4.92397,0.0427959,0.0427959,-3.51203,3.45151
74.547,4.81907,4.81907,0.175644,0.175644,-3.5318,3.2834
74.58,4.5889,4.5889,0.304039,0.304039,-3.45983,3.02985
74.613,4.23942,4.23942,0.42464,0.42464,-3.29799,2.69746
74.646,3.77974,3.77974,0.534301,0.534301,-3.05049,2.29487
74.679,3.22181,3.22181,0.63016,0.63016,-2.72375,1.83257
74.712,2.58012,2.58012,0.709714,0.709714,-2.32627,1.32258
74.745,1.87138,1.87138,0.770877,0.770877,-1.86836,0.778172
74.778,1.114,1.114,0.812043,0.812043,-1.36192,0.213514
74.811,0.327674,0.327674,0.832123,0.832123,-0.820101,-0.356699
74.844,-0.467148,-0.467148,0.830577,0.830577,-0.256983,-0.917631
74.877,-1.24981,-1.24981,0.807427,0.807427,0.312809,-1.45468
74.91,-1.99995,-1.99995,0.763255,0.763255,0.874476,-1.95388
74.943,-2.69808,-2.69808,0.699192,0.699192,1.41343,-2.40224
74.976,-3.32605,-3.32605,0.616887,0.616887,1.91567,-2.78808
75.009,-3.86753,-3.86753,0.518465,0.518465,2.36815,-3.10137
75.042,-4.30845,-4.30845,0.406471,0.406471,2.75912,-3.33396
75.075,-4.63735,-4.63735,0.283808,0.283808,3.07842,-3.47978
75.108,-4.84568,-4.84568,0.153656,0.153656,3.31776,-3.53506
75.141,-4.92802,-4.92802,0.0193939,0.0193939,3.47092,-3.49835
75.174,-4.88224,-4.88224,-0.115489,-0.115489,3.53393,-3.3706
75.207,-4.70953,-4.70953,-0.247486,-0.247486,3.50514,-3.15514
75.24,-4.41439,-4.41439,-0.373161,-0.373161,3.38531,-2.85758
75.273,-4.00449,-4.00449,-0.489238,-0.489238,3.17755,-2.48566
75.306,-3.49049,-3.49049,-0.592692,-0.592692,2.88725,-2.04906
75.339,-2.88576,-2.88576,-0.680819,-0.680819,2.52195,-1.55913
75.372,-2.20602,-2.20602,-0.751315,-0.751315,2.09115,-1.02863
75.405,-1.46894,-1.46894,-0.80233,-0.80233,1.60603,-0.471366
75.438,-0.693694,-0.693694,-0.83252,-0.83252,1.0792,0.0981648
75.471,0.0995691,0.0995691,-0.841083,-0.841083,0.52433,0.665141
75.504,0.890224,0.890224,-0.827777,-0.827777,-0.0441568,1.21481
75.537,1.65771,1.65771,-0.792928,-0.792928,-0.611496,1.73287
75.57,2.38209,2.38209,-0.737425,-0.737425,-1.16295,2.20583
75.603,3.04451,3.04451,-0.662694,-0.662694,-1.6842,2.62139
75.636,3.62777,3.62777,-0.570661,-0.570661,-2.1617,2.96874
75.669,4.1167,4.1167,-0.463706,-0.463706,-2.58306,3.23883
75.702,4.49859,4.49859,-0.344597,-0.344597,-2.93731,3.42465
75.735,4.76351,4.76351,-0.216423,-0.216423,-3.21528,3.52134
75.768,4.90458,4.90458,-0.0825086,-0.0825086,-3.40972,3.52641
75.801,4.91815,4.91815,0.0536675,0.0536675,-3.5156,3.43971
75.834,4.80384,4.80384,0.188565,0.188565,-3.53017,3.2635
75.867,4.56465,4.56465,0.318674,0.318674,-3.45303,3.00236
75.9,4.2068,4.2068,0.440607,0.440607,-3.28621,2.6631
75.933,3.73958,3.73958,0.551185,0.551185,-3.03403,2.25454
75.966,3.17516,3.17516,0.647521,0.647521,-2.70304,1.78731
75.999,2.5282,2.5282,0.727099,0.727099,-2.30184,1.27357
76.032,1.81552,1.81552,0.787833,0.787833,-1.84085,0.726687
76.065,1.05567,1.05567,0.828127,0.828127,-1.33205,0.160897
76.098,0.268389,0.268389,0.846917,0.846917,-0.788641,-0.409081
76.131,-0.525849,-0.525849,0.843695,0.843695,-0.224751,-0.968413
76.164,-1.3064,-1.3064,0.818525,0.818525,0.344976,-1.50255
76.197,-2.05296,-2.05296,0.772044,0.772044,0.905743,-1.99758
76.23,-2.74613,-2.74613,0.705442,0.705442,1.44298,-2.44063
76.263,-3.36789,-3.36789,0.620435,0.620435,1.94274,-2.82017
76.296,-3.90207,-3.90207,0.519217,0.519217,2.39204,-3.12632
76.329,-4.3348,-4.3348,0.404407,0.404407,2.7792,-3.35112
76.362,-4.65481,-4.65481,0.278981,0.278981,3.09418,-3.48872
76.395,-4.8538,-4.8538,0.146191,0.146191,3.32878,-3.53553
76.428,-4.9266,-4.9266,0.00948492,0.00948492,3.47693,-3.49034
76.461,-4.87131,-4.87131,-0.127585,-0.127585,3.53475,-3.35432
76.494,-4.68938,-4.68938,-0.261453,-0.261453,3.50077,-3.13102
76.527,-4.38554,-4.38554,-0.388636,-0.388636,3.37585,-2.82624
76.56,-3.96769,-3.96769,-0.505819,-0.505819,3.16325,-2.44791
76.593,-3.4467,-3.4467,-0.609945,-0.609945,2.86848,-2.00589
76.626,-2.83611,-2.83611,-0.698296,-0.698296,2.49921,-1.51167
76.659,-2.15181,-2.15181,-0.76856,-0.76856,2.06501,-0.978106
76.692,-1.41158,-1.41158,-0.818893,-0.818893,1.57718,-0.419094
76.725,-0.634673,-0.634673,-0.84797,-0.84797,1.04839,0.150824
76.758,0.158716,0.158716,-0.855016,-0.855016,0.492358,0.716817
76.791,0.947959,0.947959,-0.839829,-0.839829,-0.0764593,1.26416
76.824,1.71254,1.71254,-0.802786,-0.802786,-0.643291,1.7786
76.857,2.43257,2.43257,-0.74483,-0.74483,-1.19341,2.24676
76.89,3.08934,3.08934,-0.667453,-0.667453,-1.71254,2.65646
76.923,3.66578,3.66578,-0.572649,-0.572649,-2.18718,2.99702
76.956,4.14691,4.14691,-0.46287,-0.46287,-2.60501,3.2596
76.989,4.5202,4.5202,-0.340958,-0.340958,-2.95517,3.43736
77.022,4.77597,4.77597,-0.210075,-0.210075,-3.22858,3.52567
77.055,4.90757,4.90757,-0.0736171,-0.0736171,-3.41812,3.52223
77.088,4.91158,4.91158,0.0648717,0.0648717,-3.51888,3.42714
77.121,4.78789,4.78789,0.201791,0.201791,-3.52824,3.24286
77.154,4.53974,4.53974,0.333577,0.333577,-3.44595,2.9742
77.187,4.17356,4.17356,0.456799,0.456799,-3.27416,2.62815
77.22,3.69889,3.69889,0.568244,0.568244,-3.01732,2.2137
77.253,3.12806,3.12806,0.665003,0.665003,-2.6821,1.74165
77.286,2.47593,2.47593,0.744548,0.744548,-2.27722,1.22427
77.319,1.75945,1.75945,0.804794,0.804794,-1.81319,0.675041
77.352,0.997237,0.997237,0.844159,0.844159,-1.30206,0.108243
77.385,0.209122,0.209122,0.8616,0.8616,-0.757115,-0.461372
77.418,-0.58441,-0.58441,0.856647,0.856647,-0.1925,-1.01898
77.451,-1.36273,-1.36273,0.829408,0.829408,0.377114,-1.55007
77.484,-2.1056,-2.1056,0.780573,0.780573,0.936934,-2.04083
77.517,-2.79371,-2.79371,0.711394,0.711394,1.47242,-2.47848
77.55,-3.40917,-3.40917,0.623654,0.623654,1.96965,-2.85163
77.583,-3.93598,-3.93598,0.519619,0.519619,2.41573,-3.15058
77.616,-4.36045,-4.36045,0.401981,0.401981,2.79906,-3.36755
77.649,-4.67154,-4.67154,0.273789,0.273789,3.10968,-3.49688
77.682,-4.86118,-4.86118,0.138367,0.138367,3.33953,-3.53521
77.715,-4.92443,-4.92443,-0.000766958,-0.000766958,3.48264,-3.48155
77.748,-4.85965,-4.85965,-0.139998,-0.139998,3.53529,-3.3373
77.781,-4.66853,-4.66853,-0.275705,-0.275705,3.4961,-3.1062
77.814,-4.35605,-4.35605,-0.404356,-0.404356,3.36611,-2.79427
77.847,-3.93032,-3.93032,-0.522597,-0.522597,3.14869,-2.40962
77.88,-3.40242,-3.40242,-0.627344,-0.627344,2.84948,-1.96228
77.913,-2.78608,-2.78608,-0.715863,-0.715863,2.47625,-1.46387
77.946,-2.09733,-2.09733,-0.785836,-0.785836,2.0387,-0.927364
77.979,-1.35406,-1.35406,-0.835429,-0.835429,1.5482,-0.366729
78.012,-0.575613,-0.575613,-0.863334,-0.863334,1.01749,0.20345
78.045,0.21778,0.21778,-0.868807,-0.868807,0.460346,0.768334
78.078,1.00549,1.00549,-0.851688,-0.851688,-0.108755,1.31322
78.111,1.76704,1.76704,-0.812402,-0.812402,-0.675031,1.82394
78.144,2.48263,2.48263,-0.751953,-0.751953,-1.22377,2.2872
78.177,3.13366,3.13366,-0.671895,-0.671895,-1.74073,2.69093
78.21,3.7032,3.7032,-0.574295,-0.574295,-2.21247,3.02464
78.243,4.17645,4.17645,-0.461675,-0.461675,-2.62674,3.27965
78.276,4.54111,4.54111,-0.336954,-0.336954,-2.97278,3.44931
78.309,4.78769,4.78769,-0.203365,-0.203365,-3.24161,3.52921
78.342,4.9098,4.9098,-0.0643743,-0.0643743,-3.42624,3.51728
78.375,4.90427,4.90427,0.0764064,0.0764064,-3.52187,3.41381
78.408,4.77123,4.77123,0.215317,0.215317,-3.52602,3.22151
78.441,4.51415,4.51415,0.348743,0.348743,-3.43858,2.94538
78.474,4.13971,4.13971,0.47321,0.47321,-3.26183,2.59261
78.507,3.65767,3.65767,0.585472,0.585472,-3.00035,2.17237
78.54,3.08054,3.08054,0.6826,0.6826,-2.66094,1.6956
78.573,2.42334,2.42334,0.762055,0.762055,-2.25241,1.17471
78.606,1.70316,1.70316,0.821754,0.821754,-1.78538,0.623245
78.639,0.938711,0.938711,0.86013,0.86013,-1.27197,0.0555653
78.672,0.149882,0.149882,0.876166,0.876166,-0.725526,-0.513561
78.705,-0.642823,-0.642823,0.869427,0.869427,-0.160233,-1.06932
78.738,-1.4188,-1.4188,0.840069,0.840069,0.409221,-1.59726
78.771,-2.15786,-2.15786,0.788836,0.788836,0.968046,-2.08363
78.804,-2.84081,-2.84081,0.717044,0.717044,1.50173,-2.51578
78.837,-3.44988,-3.44988,0.626542,0.626542,1.9964,-2.88247
78.87,-3.96924,-3.96924,0.519669,0.519669,2.43922,-3.17414
78.903,-4.3854,-4.3854,0.399191,0.399191,2.81868,-3.38322
78.936,-4.68754,-4.68754,0.268231,0.268231,3.12492,-3.50426
78.969,-4.8678,-4.8678,0.130186,0.130186,3.35,-3.53411
79.002,-4.9215,-4.9215,-0.01136,-0.01136,3.48806,-3.472
79.035,-4.84725,-4.84725,-0.152727,-0.152727,3.53552,-3.31953
79.068,-4.64699,-4.64699,-0.290239,-0.290239,3.49115,-3.08069
79.101,-4.32591,-4.32591,-0.420315,-0.420315,3.35609,-2.76168
79.134,-3.89238,-3.89238,-0.539567,-0.539567,3.13386,-2.3708
79.167,-3.35767,-3.35767,-0.644883,-0.644883,2.83023,-1.91823
79.2,-2.73568,-2.73568,-0.733513,-0.733513,2.45309,-1.41574
79.233,-2.04258,-2.04258,-0.803138,-0.803138,2.01222,-0.876415
79.266,-1.29639,-1.29639,-0.851931,-0.851931,1.51909,-0.314282
79.299,-0.516525,-0.516525,-0.878606,-0.878606,0.986507,0.25603
79.332,0.276751,0.276751,-0.882451,-0.882451,0.428295,0.819679
79.365,1.06281,1.06281,-0.863347,-0.863347,-0.141042,1.362
79.398,1.82122,1.82122,-0.821771,-0.821771,-0.706716,1.86888
79.431,2.53226,2.53226,-0.758788,-0.758788,-1.25403,2.32712
79.464,3.17744,3.17744,-0.676018,-0.676018,-1.76878,2.72481
79.497,3.74001,3.74001,-0.575596,-0.575596,-2.23758,3.05159
79.53,4.20532,4.20532,-0.460121,-0.460121,-2.64826,3.29896
79.563,4.56129,4.56129,-0.332584,-0.332584,-2.99015,3.46049
79.596,4.79867,4.79867,-0.196291,-0.196291,-3.25437,3.53197
79.629,4.91128,4.91128,-0.0547814,-0.0547814,-3.43406,3.51154
79.662,4.89621,4.89621,0.0882693,0.0882693,-3.52456,3.39973
79.695,4.75384,4.75384,0.229141,0.229141,-3.5235,3.19945
79.728,4.48789,4.48789,0.364169,0.364169,-3.43092,2.91591
79.761,4.10527,4.10527,0.489836,0.489836,-3.24923,2.5565
79.794,3.61593,3.61593,0.602865,0.602865,-2.98314,2.13056
79.827,3.03259,3.03259,0.700306,0.700306,-2.63956,1.64918
79.86,2.37043,2.37043,0.779613,0.779613,-2.22742,1.12488
79.893,1.64666,1.64666,0.838707,0.838707,-1.75742,0.571311
79.926,0.880102,0.880102,0.876035,0.876035,-1.24178,0.00287529
79.959,0.0906804,0.0906804,0.890609,0.890609,-0.693876,-0.565635
79.992,-0.701077,-0.701077,0.88203,0.88203,-0.127953,-1.11943
80.025,-1.47459,-1.47459,0.850504,0.850504,0.441294,-1.64409
80.058,-2.20974,-2.20974,0.79683,0.79683,0.999078,-2.12597
80.091,-2.88742,-2.88742,0.722387,0.722387,1.53091,-2.55252
80.124,-3.49002,-3.49002,0.629095,0.629095,2.02298,-2.91266
80.157,-4.00187,-4.00187,0.519365,0.519365,2.4625,-3.197
80.19,-4.40966,-4.40966,0.396037,0.396037,2.83806,-3.39814
80.223,-4.7028,-4.7028,0.262307,0.262307,3.1399,-3.51086
80.256,-4.87367,-4.87367,0.121647,0.121647,3.36019,-3.53222
80.289,-4.91783,-4.91783,-0.0222924,-0.0222924,3.49319,-3.46167
80.322,-4.83413,-4.83413,-0.165769,-0.165769,3.53546,-3.30103
80.355,-4.62475,-4.62475,-0.30505,-0.30505,3.4859,-3.05449
80.388,-4.29515,-4.29515,-0.436511,-0.436511,3.34579,-2.72847
80.421,-3.85389,-3.85389,-0.556725,-0.556725,3.11877,-2.33145
80.454,-3.31245,-3.31245,-0.662557,-0.662557,2.81075,-1.87375
80.487,-2.6849,-2.6849,-0.751241,-0.751241,2.42972,-1.3673
80.52,-1.98757,-1.98757,-0.820459,-0.820459,1.98558,-0.825272
80.553,-1.23858,-1.23858,-0.868393,-0.868393,1.48986,-0.261765
80.586,-0.457419,-0.457419,-0.89378,-0.89378,0.955442,0.308554
80.619,0.335618,0.335618,-0.89594,-0.89594,0.396208,0.870843
80.652,1.11991,1.11991,-0.8748,-0.8748,-0.173318,1.41047
80.685,1.87506,1.87506,-0.830889,-0.830889,-0.738341,1.9134
80.718,2.58145,2.58145,-0.765332,-0.765332,-1.28419,2.36653
80.751,3.2207,3.2207,-0.679817,-0.679817,-1.79667,2.75808
80.784,3.7762,3.7762,-0.57655,-0.57655,-2.2625,3.07786
80.817,4.23352,4.23352,-0.458205,-0.458205,-2.66955,3.31755
80.85,4.58076,4.58076,-0.327846,-0.327846,-3.00726,3.47091
80.883,4.80889,4.80889,-0.188855,-0.188855,-3.26686,3.53394
80.916,4.912,4.912,-0.0448397,-0.0448397,-3.4416,3.50502
80.949,4.88741,4.88741,0.100458,0.100458,-3.52695,3.38489
80.982,4.73575,4.73575,0.24326,0.24326,-3.52069,3.17667
81.015,4.46098,4.46098,0.37985,0.37985,-3.42298,2.88579
81.048,4.07023,4.07023,0.506671,0.506671,-3.23636,2.51982
81.081,3.57368,3.57368,0.620416,0.620416,-2.96567,2.08827
81.114,2.98423,2.98423,0.718116,0.718116,-2.61796,1.60239
81.147,2.31722,2.31722,0.797217,0.797217,-2.20224,1.0748
81.18,1.58998,1.58998,0.855646,0.855646,-1.72932,0.519249
81.213,0.821418,0.821418,0.891868,0.891868,-1.21148,-0.0498154
81.246,0.0315264,0.0315264,0.904922,0.904922,-0.662169,-0.617584
81.279,-0.759164,-0.759164,0.89445,0.89445,-0.0956621,-1.16928
81.312,-1.5301,-1.5301,0.860706,0.860706,0.47333,-1.69055
81.345,-2.26123,-2.26123,0.804549,0.804549,1.03003,-2.16783
81.378,-2.93355,-2.93355,0.72742,0.72742,1.55997,-2.5887
81.411,-3.52959,-3.52959,0.631311,0.631311,2.04939,-2.9422
81.444,-4.03385,-4.03385,0.518704,0.518704,2.48558,-3.21914
81.477,-4.43322,-4.43322,0.392516,0.392516,2.85721,-3.41231
81.51,-4.71733,-4.71733,0.256018,0.256018,3.15462,-3.51669
81.543,-4.87879,-4.87879,0.112751,0.112751,3.3701,-3.52955
81.576,-4.9134,-4.9134,-0.0335623,-0.0335623,3.49803,-3.45057
81.609,-4.82027,-4.82027,-0.17912,-0.17912,3.53511,-3.28179
81.642,-4.60183,-4.60183,-0.320136,-0.320136,3.48036,-3.02762
81.675,-4.26376,-4.26376,-0.452937,-0.452937,3.33521,-2.69466
81.708,-3.81484,-3.81484,-0.574065,-0.574065,3.10343,-2.29158
81.741,-3.26676,-3.26676,-0.680358,-0.680358,2.79104,-1.82886
81.774,-2.63377,-2.63377,-0.769041,-0.769041,2.40615,-1.31856
81.807,-1.93232,-1.93232,-0.837792,-0.837792,1.95876,-0.773946
81.84,-1.18065,-1.18065,-0.884808,-0.884808,1.4605,-0.20919
81.873,-0.398305,-0.398305,-0.908848,-0.908848,0.924297,0.361009
81.906,0.394371,0.394371,-0.909269,-0.909269,0.364088,0.921813
81.939,1.17677,1.17677,-0.886042,-0.886042,-0.205578,1.45863
81.972,1.92856,1.92856,-0.83975,-0.83975,-0.769905,1.95749
82.005,2.63019,2.63019,-0.771581,-0.771581,-1.31423,2.40541
82.038,3.26341,3.26341,-0.683289,-0.683289,-1.82442,2.79074
82.071,3.81178,3.81178,-0.577155,-0.577155,-2.28723,3.10345
82.104,4.26104,4.26104,-0.455925,-0.455925,-2.69062,3.33539
82.137,4.5995,4.5995,-0.322741,-0.322741,-3.02412,3.48055
82.17,4.81837,4.81837,-0.181057,-0.181057,-3.27908,3.53513
82.203,4.91197,4.91197,-0.0345507,-0.0345507,-3.44886,3.49772
82.236,4.87787,4.87787,0.11297,0.11297,-3.52906,3.36929
82.269,4.71695,4.71695,0.25767,0.25767,-3.51759,3.15319
82.302,4.4334,4.4334,0.395783,0.395783,-3.41475,2.85503
82.335,4.03461,4.03461,0.523711,0.523711,-3.22322,2.48258
82.368,3.53093,3.53093,0.63812,0.63812,-2.94796,2.04552
82.401,2.93546,2.93546,0.736022,0.736022,-2.59613,1.55524
82.434,2.2637,2.2637,0.814859,0.814859,-2.17687,1.02449
82.467,1.5331,1.5331,0.872564,0.872564,-1.70106,0.467073
82.5,0.762671,0.762671,0.907621,0.907621,-1.18107,-0.102495
82.533,-0.0275697,-0.0275697,0.919099,0.919099,-0.630406,-0.669396
82.566,-0.817072,-0.817072,0.906681,0.906681,-0.0633631,-1.21888
82.599,-1.58531,-1.58531,0.870671,0.870671,0.505326,-1.73664
82.632,-2.31231,-2.31231,0.811988,0.811988,1.06089,-2.20921
82.665,-2.97918,-2.97918,0.732139,0.732139,1.5889,-2.6243
82.698,-3.56857,-3.56857,0.633185,0.633185,2.07563,-2.97109
82.731,-4.06517,-4.06517,0.517684,0.517684,2.50845,-3.24057
82.764,-4.45607,-4.45607,0.388628,0.388628,2.87612,-3.42572
82.797,-4.73112,-4.73112,0.249362,0.249362,3.16908,-3.52173
82.83,-4.88315,-4.88315,0.103501,0.103501,3.37972,-3.52609
82.863,-4.90823,-4.90823,-0.0451675,-0.0451675,3.50258,-3.4387
82.896,-4.8057,-4.8057,-0.192778,-0.192778,3.53446,-3.26183
82.929,-4.57823,-4.57823,-0.335491,-0.335491,3.47453,-3.00007
82.962,-4.23175,-4.23175,-0.46959,-0.46959,3.32435,-2.66025
82.995,-3.77526,-3.77526,-0.591581,-0.591581,3.08782,-2.2512
83.028,-3.22063,-3.22063,-0.698282,-0.698282,2.77109,-1.78357
83.061,-2.58229,-2.58229,-0.786905,-0.786905,2.38238,-1.26953
83.094,-1.87683,-1.87683,-0.855131,-0.855131,1.93179,-0.722447
83.127,-1.12259,-1.12259,-0.90117,-0.90117,1.43102,-0.156569
83.16,-0.339193,-0.339193,-0.923806,-0.923806,0.893075,0.413383
83.193,0.453002,0.453002,-0.922432,-0.922432,0.331938,0.972579
83.226,1.2334,1.2334,-0.897067,-0.897067,-0.237822,1.50647
83.259,1.98171,1.98171,-0.848349,-0.848349,-0.801404,2.00115
83.292,2.67847,2.67847,-0.777529,-0.777529,-1.34417,2.44376
83.325,3.30558,3.30558,-0.68643,-0.68643,-1.85202,2.82278
83.358,3.84674,3.84674,-0.577407,-0.577407,-2.31177,3.12834
83.391,4.28787,4.28787,-0.453281,-0.453281,-2.71147,3.3525
83.424,4.61752,4.61752,-0.317268,-0.317268,-3.04073,3.48942
83.457,4.8271,4.8271,-0.172897,-0.172897,-3.29102,3.53553
83.49,4.91119,4.91119,-0.023916,-0.023916,-3.45582,3.48965
83.523,4.86759,4.86759,0.125803,0.125803,-3.53086,3.35295
83.556,4.69745,4.69745,0.272367,0.272367,-3.51419,3.129
83.589,4.40518,4.40518,0.411962,0.411962,-3.40624,2.82363
83.622,3.9984,3.9984,0.540951,0.540951,-3.20981,2.44479
83.655,3.48768,3.48768,0.655971,0.655971,-2.93,2.00232
83.688,2.8863,2.8863,0.75402,0.75402,-2.57409,1.50775
83.721,2.2099,2.2099,0.832534,0.832534,-2.15132,0.973943
83.754,1.47606,1.47606,0.889455,0.889455,-1.67267,0.414792
83.787,0.70387,0.70387,0.923288,0.923288,-1.15057,-0.155152
83.82,-0.0865978,-0.0865978,0.933133,0.933133,-0.598591,-0.721059
83.853,-0.874792,-0.874792,0.918716,0.918716,-0.0310588,-1.2682
83.886,-1.64022,-1.64022,0.880393,0.880393,0.53728,-1.78234
83.919,-2.36299,-2.36299,0.819142,0.819142,1.09166,-2.2501
83.952,-3.0243,-3.0243,0.736539,0.736539,1.61769,-2.65931
83.985,-3.60697,-3.60697,0.634715,0.634715,2.1017,-2.99932
84.018,-4.09584,-4.09584,0.516303,0.516303,2.53112,-3.26128
84.051,-4.47822,-4.47822,0.384371,0.384371,2.89479,-3.43837
84.084,-4.74416,-4.74416,0.24234,0.24234,3.18327,-3.52599
84.117,-4.88676,-4.88676,0.0938957,0.0938957,3.38907,-3.52185
84.15,-4.9023,-4.9023,-0.0571061,-0.0571061,3.50683,-3.42607
84.183,-4.7904,-4.7904,-0.20674,-0.20674,3.53351,-3.24114
84.216,-4.55396,-4.55396,-0.351112,-0.351112,3.46841,-2.97186
84.249,-4.19912,-4.19912,-0.486464,-0.486464,3.31321,-2.62525
84.282,-3.73513,-3.73513,-0.609269,-0.609269,3.07196,-2.21032
84.315,-3.17405,-3.17405,-0.716323,-0.716323,2.75091,-1.73788
84.348,-2.53046,-2.53046,-0.804828,-0.804828,2.35841,-1.22021
84.381,-1.82111,-1.82111,-0.872469,-0.872469,1.90465,-0.670788
84.414,-1.06443,-1.06443,-0.917471,-0.917471,1.40141,-0.103913
84.447,-0.280094,-0.280094,-0.938646,-0.938646,0.861779,0.465667
84.48,0.511499,0.511499,-0.935423,-0.935423,0.29976,1.02313
84.513,1.28977,1.28977,-0.907869,-0.907869,-0.270046,1.55397
84.546,2.03449,2.03449,-0.856681,-0.856681,-0.832836,2.04437
84.579,2.72629,2.72629,-0.783172,-0.783172,-1.37399,2.48157
84.612,3.3472,3.3472,-0.689238,-0.689238,-1.87946,2.85419
84.645,3.88107,3.88107,-0.577304,-0.577304,-2.33611,3.15255
84.678,4.31402,4.31402,-0.450269,-0.450269,-2.73208,3.36886
84.711,4.6348,4.6348,-0.311426,-0.311426,-3.05709,3.49751
84.744,4.83508,4.83508,-0.164376,-0.164376,-3.30269,3.53515
84.777,4.90965,4.90965,-0.0129373,-0.0129373,-3.4625,3.4808
84.81,4.85658,4.85658,0.138954,0.138954,-3.53238,3.33587
84.843,4.67725,4.67725,0.287349,0.287349,-3.5105,3.10413
84.876,4.37632,4.37632,0.428384,0.428384,-3.39744,2.79161
84.909,3.96162,3.96162,0.558385,0.558385,-3.19613,2.40645
84.942,3.44394,3.44394,0.673964,0.673964,-2.9118,1.95867
84.975,2.83674,2.83674,0.772102,0.772102,-2.55184,1.45992
85.008,2.15581,2.15581,0.850234,0.850234,-2.1256,0.923183
85.041,1.41885,1.41885,0.906313,0.906313,-1.64414,0.36242
85.074,0.645026,0.645026,0.938863,0.938863,-1.11998,-0.207774
85.107,-0.145548,-0.145548,0.947019,0.947019,-0.566725,-0.772561
85.14,-0.932315,-0.932315,0.93055,0.93055,0.00124803,-1.31724
85.173,-1.69482,-1.69482,0.889867,0.889867,0.569189,-1.82765
85.206,-2.41324,-2.41324,0.826008,0.826008,1.12235,-2.2905
85.239,-3.06891,-3.06891,0.740617,0.740617,1.64635,-2.69374
85.272,-3.64476,-3.64476,0.635898,0.635898,2.12759,-3.02688
85.305,-4.12585,-4.12585,0.51456,0.51456,2.55357,-3.28126
85.338,-4.49965,-4.49965,0.379746,0.379746,2.91322,-3.45026
85.371,-4.75647,-4.75647,0.234953,0.234953,3.19719,-3.52947
85.404,-4.88961,-4.88961,0.0839377,0.0839377,3.39813,-3.51683
85.437,-4.89564,-4.89564,-0.0693756,-0.0693756,3.51079,-3.41268
85.47,-4.77438,-4.77438,-0.221002,-0.221002,3.53227,-3.21973
85.503,-4.52901,-4.52901,-0.366995,-0.366995,3.462,-2.94299
85.536,-4.16589,-4.16589,-0.503555,-0.503555,3.3018,-2.58966
85.569,-3.69448,-3.69448,-0.627123,-0.627123,3.05584,-2.16895
85.602,-3.12704,-3.12704,-0.734474,-0.734474,2.7305,-1.6918
85.635,-2.47831,-2.47831,-0.822804,-0.822804,2.33424,-1.17062
85.668,-1.76517,-1.76517,-0.889801,-0.889801,1.87735,-0.618981
85.701,-1.00616,-1.00616,-0.933707,-0.933707,1.37169,-0.0512339
85.734,-0.221016,-0.221016,-0.953361,-0.953361,0.83041,0.517846
85.767,0.569853,0.569853,-0.948235,-0.948235,0.267557,1.07345
85.8,1.34588,1.34588,-0.918443,-0.918443,-0.302247,1.60112
85.833,2.0869,2.0869,-0.864741,-0.864741,-0.864199,2.08713
85.866,2.77365,2.77365,-0.788507,-0.788507,-1.4037,2.51882
85.899,3.38826,3.38826,-0.691708,-0.691708,-1.90675,2.88497
85.932,3.91476,3.91476,-0.576844,-0.576844,-2.36027,3.17605
85.965,4.33948,4.33948,-0.446891,-0.446891,-2.75248,3.38448
85.998,4.65136,4.65136,-0.305216,-0.305216,-3.07319,3.50483
86.031,4.84231,4.84231,-0.155495,-0.155495,-3.31408,3.53398
86.064,4.90737,4.90737,-0.00161632,-0.00161632,-3.46889,3.47118
86.097,4.84484,4.84484,0.152421,0.152421,-3.53359,3.31804
86.13,4.65635,4.65635,0.30261,0.30261,-3.50651,3.07856
86.163,4.34681,4.34681,0.445043,0.445043,-3.38835,2.75897
86.196,3.92428,3.92428,0.576008,0.576008,-3.18218,2.36758
86.229,3.39973,3.39973,0.692092,0.692092,-2.89335,1.91459
86.262,2.78681,2.78681,0.790263,0.790263,-2.52937,1.41177
86.295,2.10146,2.10146,0.867954,0.867954,-2.09969,0.872218
86.328,1.36149,1.36149,0.92313,0.92313,-1.61547,0.309967
86.361,0.586148,0.586148,0.954339,0.954339,-1.08929,-0.26035
86.394,-0.20441,-0.20441,0.96075,0.96075,-0.534813,-0.823893
86.427,-0.989631,-0.989631,0.942178,0.942178,0.0335548,-1.366
86.46,-1.7491,-1.7491,0.899087,0.899087,0.601051,-1.87255
86.493,-2.46308,-2.46308,0.83258,0.83258,1.15293,-2.33038
86.526,-3.11299,-3.11299,0.744369,0.744369,1.67487,-2.72757
86.559,-3.68196,-3.68196,0.636731,0.636731,2.1533,-3.05378
86.592,-4.15519,-4.15519,0.512452,0.512452,2.5758,-3.30052
86.625,-4.52038,-4.52038,0.374751,0.374751,2.9314,-3.46138
86.658,-4.76803,-4.76803,0.227199,0.227199,3.21085,-3.53216
86.691,-4.89172,-4.89172,0.073628,0.073628,3.4069,-3.51103
86.724,-4.88823,-4.88823,-0.0819739,-0.0819739,3.51446,-3.39853
86.757,-4.75765,-4.75765,-0.235561,-0.235561,3.53073,-3.1976
86.79,-4.50339,-4.50339,-0.383136,-0.383136,3.4553,-2.91346
86.823,-4.13206,-4.13206,-0.520858,-0.520858,3.29011,-2.5535
86.856,-3.65331,-3.65331,-0.645136,-0.645136,3.03946,-2.1271
86.889,-3.0796,-3.0796,-0.752729,-0.752729,2.70986,-1.64534
86.922,-2.42584,-2.42584,-0.840825,-0.840825,2.30988,-1.12077
86.955,-1.70903,-1.70903,-0.907118,-0.907118,1.84989,-0.567035
86.988,-0.947809,-0.947809,-0.949869,-0.949869,1.34186,0.00145663
87.021,-0.161971,-0.161971,-0.967947,-0.967947,0.798973,0.569911
87.054,0.628054,0.628054,-0.960863,-0.960863,0.235331,1.12353
87.087,1.40173,1.40173,-0.928784,-0.928784,-0.334423,1.64792
87.12,2.13894,2.13894,-0.872524,-0.872524,-0.89549,2.12943
87.153,2.82052,2.82052,-0.793529,-0.793529,-1.4333,2.55552
87.186,3.42875,3.42875,-0.693837,-0.693837,-1.93388,2.91511
87.219,3.94782,3.94782,-0.576025,-0.576025,-2.38422,3.19884
87.252,4.36424,4.36424,-0.443143,-0.443143,-2.77264,3.39934
87.285,4.66719,4.66719,-0.298636,-0.298636,-3.08904,3.51137
87.318,4.84879,4.84879,-0.146254,-0.146254,-3.3252,3.53203
87.351,4.90433,4.90433,0.010045,0.010045,-3.47499,3.46078
87.384,4.83236,4.83236,0.1662,0.1662,-3.53452,3.29947
87.417,4.63476,4.63476,0.318148,0.318148,-3.50224,3.05231
87.45,4.31668,4.31668,0.461936,0.461936,-3.37899,2.72571
87.483,3.88637,3.88637,0.593816,0.593816,-3.16797,2.32819
87.516,3.35504,3.35504,0.71035,0.71035,-2.87467,1.87008
87.549,2.7365,2.7365,0.808496,0.808496,-2.50669,1.36331
87.582,2.04684,2.04684,0.885688,0.885688,-2.07361,0.821059
87.615,1.30398,1.30398,0.939901,0.939901,-1.58667,0.257445
87.648,0.527246,0.527246,0.96971,0.96971,-1.05851,-0.312869
87.681,-0.263175,-0.263175,0.97432,0.97432,-0.502855,-0.875041
87.714,-1.04673,-1.04673,0.953593,0.953593,0.0658587,-1.41444
87.747,-1.80305,-1.80305,0.908049,0.908049,0.632862,-1.91704
87.78,-2.51247,-2.51247,0.838854,0.838854,1.18343,-2.36975
87.813,-3.15655,-3.15655,0.747791,0.747791,1.70325,-2.76079
87.846,-3.71855,-3.71855,0.637212,0.637212,2.17884,-3.07999
87.879,-4.18386,-4.18386,0.509977,0.509977,2.59783,-3.31904
87.912,-4.54038,-4.54038,0.369385,0.369385,2.94934,-3.47173
87.945,-4.77885,-4.77885,0.219081,0.219081,3.22424,-3.53407
87.978,-4.89307,-4.89307,0.062968,0.062968,3.4154,-3.50445
88.011,-4.88008,-4.88008,-0.0948984,-0.0948984,3.51784,-3.38363
88.044,-4.74021,-4.74021,-0.250414,-0.250414,3.5289,-3.17477
88.077,-4.47711,-4.47711,-0.399531,-0.399531,3.44831,-2.88329
88.11,-4.09763,-4.09763,-0.538368,-0.538368,3.27814,-2.51678
88.143,-3.61162,-3.61162,-0.663305,-0.663305,3.02283,-2.08478
88.176,-3.03174,-3.03174,-0.771083,-0.771083,2.689,-1.59852
88.209,-2.37305,-2.37305,-0.858886,-0.858886,2.28532,-1.07067
88.242,-1.65269,-1.65269,-0.924416,-0.924416,1.82229,-0.514964
88.275,-0.889377,-0.889377,-0.965952,-0.965952,1.31192,0.0541468
88.308,-0.102969,-0.102969,-0.982395,-0.982395,0.767468,0.621849
88.341,0.686093,0.686093,-0.973301,-0.973301,0.203086,1.17337
88.374,1.45729,1.45729,-0.938885,-0.938885,-0.366571,1.69436
88.407,2.19059,2.19059,-0.880026,-0.880026,-0.926706,2.17125
88.44,2.8669,2.8669,-0.798235,-0.798235,-1.46277,2.59165
88.473,3.46867,3.46867,-0.695623,-0.695623,-1.96084,2.9446
88.506,3.98024,3.98024,-0.574844,-0.574844,-2.40798,3.22093
88.539,4.38831,4.38831,-0.439025,-0.439025,-2.79257,3.41344
88.572,4.68229,4.68229,-0.291687,-0.291687,-3.10462,3.51713
88.605,4.85452,4.85452,-0.136655,-0.136655,-3.33604,3.5293
88.638,4.90054,4.90054,0.0220447,0.0220447,-3.4808,3.44962
88.671,4.81916,4.81916,0.180288,0.180288,-3.53514,3.28018
88.704,4.61249,4.61249,0.333959,0.333959,-3.49767,3.02538
88.737,4.28591,4.28591,0.479057,0.479057,-3.36934,2.69185
88.77,3.84791,3.84791,0.611802,0.611802,-3.1535,2.28828
88.803,3.30989,3.30989,0.728732,0.728732,-2.85574,1.82516
88.836,2.68584,2.68584,0.826796,0.826796,-2.48381,1.31454
88.869,1.99197,1.99197,0.903427,0.903427,-2.04736,0.769718
88.902,1.24634,1.24634,0.956618,0.956618,-1.55773,0.204866
88.935,0.468332,0.468332,0.984969,0.984969,-1.02764,-0.365318
88.968,-0.321832,-0.321832,0.987722,0.987722,-0.470856,-0.925995
89.001,-1.1036,-1.1036,0.964789,0.964789,0.0981572,-1.46258
89.034,-1.85666,-1.85666,0.916747,0.916747,0.664621,-1.9611
89.067,-2.56143,-2.56143,0.844826,0.844826,1.21382,-2.40859
89.1,-3.19958,-3.19958,0.750881,0.750881,1.73149,-2.7934
89.133,-3.75453,-3.75453,0.637337,0.637337,2.20419,-3.10552
89.166,-4.21185,-4.21185,0.507135,0.507135,2.61963,-3.33683
89.199,-4.55966,-4.55966,0.363648,0.363648,2.96703,-3.48131
89.232,-4.78892,-4.78892,0.210598,0.210598,3.23736,-3.53519
89.265,-4.89367,-4.89367,0.0519593,0.0519593,3.4236,-3.49709
89.298,-4.87119,-4.87119,-0.108147,-0.108147,3.52092,-3.36798
89.331,-4.72206,-4.72206,-0.265557,-0.265557,3.52678,-3.15123
89.364,-4.45018,-4.45018,-0.416175,-0.416175,3.44103,-2.85247
89.397,-4.06261,-4.06261,-0.556079,-0.556079,3.26591,-2.47949
89.43,-3.56943,-3.56943,-0.681622,-0.681622,3.00595,-2.04199
89.463,-2.98347,-2.98347,-0.789529,-0.789529,2.66791,-1.55135
89.496,-2.31996,-2.31996,-0.876981,-0.876981,2.26058,-1.02034
89.529,-1.59615,-1.59615,-0.941687,-0.941687,1.79452,-0.462778
89.562,-0.830875,-0.830875,-0.981949,-0.981949,1.28186,0.106825
89.595,-0.0440182,-0.0440182,-0.996701,-0.996701,0.7359,0.673649
89.628,0.74396,0.74396,-0.985542,-0.985542,0.170824,1.22294
89.661,1.51257,1.51257,-0.948742,-0.948742,-0.398688,1.74041
89.694,2.24184,2.24184,-0.887241,-0.887241,-0.957845,2.21259
89.727,2.9128,2.9128,-0.80262,-0.80262,-1.49212,2.6272
89.76,3.50801,3.50801,-0.697062,-0.697062,-1.98764,2.97344
89.793,4.012,4.012,-0.573299,-0.573299,-2.43153,3.2423
89.826,4.41168,4.41168,-0.434535,-0.434535,-2.81226,3.42679
89.859,4.69665,4.69665,-0.28437,-0.28437,-3.11995,3.52211
89.892,4.8595,4.8595,-0.126699,-0.126699,-3.3466,3.52577
89.925,4.89601,4.89601,0.0343807,0.0343807,-3.48631,3.43769
89.958,4.80524,4.80524,0.194683,0.194683,-3.53548,3.26015
89.991,4.58954,4.58954,0.350038,0.350038,-3.49281,2.99778
90.024,4.25452,4.25452,0.496402,0.496402,-3.35941,2.65739
90.057,3.80891,3.80891,0.629961,0.629961,-3.13876,2.24786
90.09,3.26429,3.26429,0.747233,0.747233,-2.83657,1.77983
90.123,2.63482,2.63482,0.845155,0.845155,-2.46071,1.26548
90.156,1.93686,1.93686,0.921167,0.921167,-2.02093,0.718206
90.189,1.18858,1.18858,0.973276,0.973276,-1.52866,0.152241
90.222,0.409414,0.409414,1.00011,1.00011,-0.996684,-0.417685
90.255,-0.380371,-0.380371,1.00095,1.00095,-0.438817,-0.976743
90.288,-1.16024,-1.16024,0.975762,0.975762,0.130447,-1.51038
90.321,-1.90993,-1.90993,0.925176,0.925176,0.696324,-2.00472
90.354,-2.60993,-2.60993,0.850492,0.850492,1.24411,-2.44689
90.387,-3.24207,-3.24207,0.753634,0.753634,1.75959,-2.82539
90.42,-3.78989,-3.78989,0.637105,0.637105,2.22936,-3.13036
90.453,-4.23917,-4.23917,0.503923,0.503923,2.64122,-3.35387
90.486,-4.57823,-4.57823,0.357539,0.357539,2.98448,-3.49011
90.519,-4.79825,-4.79825,0.201751,0.201751,3.25021,-3.53553
90.552,-4.89351,-4.89351,0.0406034,0.0406034,3.43153,-3.48895
90.585,-4.86156,-4.86156,-0.121716,-0.121716,3.52371,-3.35157
90.618,-4.70321,-4.70321,-0.280987,-0.280987,3.52436,-3.12699
90.651,-4.4226,-4.4226,-0.433064,-0.433064,3.43347,-2.82102
90.684,-4.02701,-4.02701,-0.573987,-0.573987,3.2534,-2.44166
90.717,-3.52674,-3.52674,-0.700083,-0.700083,2.98881,-1.99875
90.75,-2.9348,-2.9348,-0.808062,-0.808062,2.6466,-1.50383
90.783,-2.26657,-2.26657,-0.895102,-0.895102,2.23564,-0.969778
90.816,-1.53944,-1.53944,-0.958924,-0.958924,1.76661,-0.41049
90.849,-0.772315,-0.772315,-0.997853,-0.997853,1.2517,0.159479
90.882,0.0148698,0.0148698,-1.01086,-1.01086,0.70427,0.725299
90.915,0.801644,0.801644,-0.997581,-0.997581,0.138548,1.27224
90.948,1.56755,1.56755,-0.95835,-0.95835,-0.430772,1.78608
90.981,2.29269,2.29269,-0.894166,-0.894166,-0.988903,2.25344
91.014,2.95819,2.95819,-0.80668,-0.80668,-1.52135,2.66217
91.047,3.54677,3.54677,-0.698152,-0.698152,-2.01428,3.00161
91.08,4.04312,4.04312,-0.571389,-0.571389,-2.45488,3.26295
91.113,4.43434,4.43434,-0.429674,-0.429674,-2.83173,3.43938
91.146,4.71027,4.71027,-0.276683,-0.276683,-3.13502,3.52631
91.179,4.86373,4.86373,-0.116387,-0.116387,-3.35688,3.52147
91.212,4.89073,4.89073,0.0470508,0.0470508,-3.49154,3.425
91.245,4.79059,4.79059,0.209381,0.209381,-3.53551,3.2394
91.278,4.5659,4.5659,0.366382,0.366382,-3.48765,2.96951
91.311,4.22252,4.22252,0.513966,0.513966,-3.3492,2.62234
91.344,3.76937,3.76937,0.648288,0.648288,-3.12375,2.20694
91.377,3.21824,3.21824,0.765845,0.765845,-2.81717,1.7341
91.41,2.58345,2.58345,0.863567,0.863567,-2.43741,1.21614
91.443,1.88152,1.88152,0.9389,0.9389,-1.99434,0.666535
91.476,1.1307,1.1307,0.989867,0.989867,-1.49947,0.0995829
91.509,0.350502,0.350502,1.01513,1.01513,-0.965646,-0.46996
91.542,-0.438783,-0.438783,1.014,1.014,-0.406742,-1.02727
91.575,-1.21664,-1.21664,0.986505,0.986505,0.162727,-1.55786
91.608,-1.96283,-1.96283,0.933332,0.933332,0.727969,-2.0479
91.641,-2.65798,-2.65798,0.855846,0.855846,1.2743,-2.48465
91.674,-3.284,-3.284,0.756047,0.756047,1.78754,-2.85675
91.707,-3.82463,-3.82463,0.636513,0.636513,2.25434,-3.1545
91.74,-4.2658,-4.2658,0.500341,0.500341,2.66259,-3.37017
91.773,-4.59606,-4.59606,0.351059,0.351059,3.00167,-3.49814
91.806,-4.80683,-4.80683,0.19254,0.19254,3.26279,-3.53509
91.839,-4.89261,-4.89261,0.0289022,0.0289022,3.43916,-3.48004
91.872,-4.8512,-4.8512,-0.135604,-0.135604,3.5262,-3.33443
91.905,-4.68366,-4.68366,-0.296699,-0.296699,3.52165,-3.10205
91.938,-4.39436,-4.39436,-0.450193,-0.450193,3.42562,-2.78895
91.971,-3.99083,-3.99083,-0.592086,-0.592086,3.24061,-2.40328
92.004,-3.48356,-3.48356,-0.718681,-0.718681,2.97143,-1.95506
92.037,-2.88573,-2.88573,-0.826674,-0.826674,2.62507,-1.45598
92.07,-2.21291,-2.21291,-0.913243,-0.913243,2.21052,-0.919
92.103,-1.48257,-1.48257,-0.976122,-0.976122,1.73856,-0.35811
92.136,-0.713706,-0.713706,-1.01366,-1.01366,1.22143,0.212098
92.169,0.0736855,0.0736855,-1.02486,-1.02486,0.672581,0.776788
92.202,0.859137,0.859137,-1.00941,-1.00941,0.10626,1.32126
92.235,1.62223,1.62223,-0.967702,-0.967702,-0.46282,1.83136
92.268,2.34312,2.34312,-0.900795,-0.900795,-1.01988,2.2938
92.301,3.00308,3.00308,-0.810412,-0.810412,-1.55045,2.69654
92.334,3.58494,3.58494,-0.698889,-0.698889,-2.04074,3.02912
92.367,4.07358,4.07358,-0.569111,-0.569111,-2.47803,3.28287
92.4,4.45629,4.45629,-0.424439,-0.424439,-2.85095,3.4512
92.433,4.72315,4.72315,-0.268628,-0.268628,-3.14982,3.52972
92.466,4.8672,4.8672,-0.10572,-0.10572,-3.36688,3.51639
92.499,4.88471,4.88471,0.0600526,0.0600526,-3.49647,3.41155
92.532,4.77523,4.77523,0.22438,0.22438,-3.53526,3.21793
92.565,4.5416,4.5416,0.382986,0.382986,-3.48221,2.94058
92.598,4.18991,4.18991,0.531744,0.531744,-3.33871,2.58671
92.631,3.7293,3.7293,0.666777,0.666777,-3.10849,2.16553
92.664,3.17175,3.17175,0.784563,0.784563,-2.79753,1.68799
92.697,2.53175,2.53175,0.882027,0.882027,-2.41391,1.16653
92.73,1.82596,1.82596,0.95662,0.95662,-1.96758,0.614715
92.763,1.07272,1.07272,1.00639,1.00639,-1.47015,0.0469024
92.796,0.291608,0.291608,1.03001,1.03001,-0.934527,-0.522131
92.829,-0.497057,-0.497057,1.02687,1.02687,-0.374633,-1.07758
92.862,-1.27277,-1.27277,0.997013,0.997013,0.194993,-1.60498
92.895,-2.01538,-2.01538,0.941208,0.941208,0.759553,-2.09062
92.928,-2.70556,-2.70556,0.860886,0.860886,1.30438,-2.52186
92.961,-3.32539,-3.32539,0.758117,0.758117,1.81533,-2.88747
92.994,-3.85874,-3.85874,0.635559,0.635559,2.27913,-3.17795
93.027,-4.29175,-4.29175,0.496386,0.496386,2.68373,-3.38573
93.06,-4.61318,-4.61318,0.344206,0.344206,3.01862,-3.5054
93.093,-4.81466,-4.81466,0.182967,0.182967,3.2751,-3.53385
93.126,-4.89096,-4.89096,0.0168575,0.0168575,3.44651,-3.47035
93.159,-4.8401,-4.8401,-0.149807,-0.149807,3.5284,-3.31654
93.192,-4.66342,-4.66342,-0.312691,-0.312691,3.51864,-3.07643
93.225,-4.36549,-4.36549,-0.467557,-0.467557,3.41748,-2.75626
93.258,-3.95409,-3.95409,-0.610371,-0.610371,3.22756,-2.36436
93.291,-3.4399,-3.4399,-0.73741,-0.73741,2.9538,-1.91095
93.324,-2.83629,-2.83629,-0.84536,-0.84536,2.60332,-1.4078
93.357,-2.15896,-2.15896,-0.931398,-0.931398,2.18522,-0.868019
93.39,-1.42553,-1.42553,-0.993273,-0.993273,1.71035,-0.305651
93.423,-0.655058,-0.655058,-1.02936,-1.02936,1.19106,0.26467
93.456,0.132419,0.132419,-1.0387,-1.0387,0.640836,0.828105
93.489,0.916429,0.916429,-1.02103,-1.02103,0.0739638,1.36999
93.522,1.67659,1.67659,-0.976794,-0.976794,-0.49483,1.87622
93.555,2.39314,2.39314,-0.907123,-0.907123,-1.05077,2.33364
93.588,3.04745,3.04745,-0.813812,-0.813812,-1.57942,2.73032
93.621,3.62251,3.62251,-0.699271,-0.699271,-2.06704,3.05596
93.654,4.10337,4.10337,-0.566463,-0.566463,-2.50097,3.30207
93.687,4.47754,4.47754,-0.418831,-0.418831,-2.86994,3.46226
93.72,4.73529,4.73529,-0.260204,-0.260204,-3.16436,3.53235
93.753,4.86992,4.86992,-0.0946988,-0.0946988,-3.37659,3.51052
93.786,4.87794,4.87794,0.0733838,0.0733838,-3.50112,3.39734
93.819,4.75915,4.75915,0.239674,0.239674,-3.5347,3.19575
93.852,4.51663,4.51663,0.399847,0.399847,-3.47647,2.911
93.885,4.15669,4.15669,0.549731,0.549731,-3.32794,2.55051
93.918,3.6887,3.6887,0.685423,0.685423,-3.09297,2.12364
93.951,3.12482,3.12482,0.803381,0.803381,-2.77766,1.64151
93.984,2.47973,2.47973,0.900528,0.900528,-2.3902,1.11666
94.017,1.77018,1.77018,0.974321,0.974321,-1.94066,0.562759
94.05,1.01464,1.01464,1.02282,1.02282,-1.4407,-0.00578854
94.083,0.23274,0.23274,1.04476,1.04476,-0.90333,-0.574186
94.116,-0.555184,-0.555184,1.03954,1.03954,-0.342492,-1.12764
94.149,-1.32865,-1.32865,1.00728,1.00728,0.227242,-1.65175
94.182,-2.06755,-2.06755,0.948802,0.948802,0.791074,-2.13288
94.215,-2.75267,-2.75267,0.865606,0.865606,1.33436,-2.55851
94.248,-3.36621,-3.36621,0.759841,0.759841,1.84298,-2.91756
94.281,-3.89221,-3.89221,0.63424,0.63424,2.30373,-3.20069
94.314,-4.31701,-4.31701,0.492058,0.492058,2.70465,-3.40052
94.347,-4.62956,-4.62956,0.336981,0.336981,3.03531,-3.51187
94.38,-4.82174,-4.82174,0.173033,0.173033,3.28713,-3.53184
94.413,-4.88856,-4.88856,0.00447126,0.00447126,3.45357,-3.45989
94.446,-4.82828,-4.82828,-0.164323,-0.164323,3.5303,-3.29792
94.479,-4.64248,-4.64248,-0.328959,-0.328959,3.51534,-3.05012
94.512,-4.33599,-4.33599,-0.485153,-0.485153,3.40906,-2.72295
94.545,-3.91678,-3.91678,-0.628837,-0.628837,3.21424,-2.32493
94.578,-3.39576,-3.39576,-0.756266,-0.756266,2.93592,-1.8664
94.611,-2.78647,-2.78647,-0.864113,-0.864113,2.58135,-1.35931
94.644,-2.10475,-2.10475,-0.949561,-0.949561,2.15973,-0.816845
94.677,-1.36834,-1.36834,-1.01037,-1.01037,1.68201,-0.253124
94.71,-0.596382,-0.596382,-1.04495,-1.04495,1.16059,0.317183
94.743,0.19106,0.19106,-1.05237,-1.05237,0.609038,0.879237
94.776,0.97351,0.97351,-1.03243,-1.03243,0.0416609,1.41841
94.809,1.73062,1.73062,-0.98562,-0.98562,-0.526798,1.92068
94.842,2.44272,2.44272,-0.913148,-0.913148,-1.08157,2.37296
94.875,3.09129,3.09129,-0.816877,-0.816877,-1.60826,2.76349
94.908,3.65947,3.65947,-0.699295,-0.699295,-2.09316,3.08212
94.941,4.1325,4.1325,-0.563445,-0.563445,-2.5237,3.32053
94.974,4.49807,4.49807,-0.412849,-0.412849,-2.88869,3.47254
95.007,4.74669,4.74669,-0.251412,-0.251412,-3.17864,3.53419
95.04,4.8719,4.8719,-0.0833261,-0.0833261,-3.38603,3.50387
95.073,4.87044,4.87044,0.0870418,0.0870418,-3.50547,3.38237
95.106,4.74236,4.74236,0.255263,0.255263,-3.53385,3.17286
95.139,4.49099,4.49099,0.41696,0.41696,-3.47045,2.88078
95.172,4.12288,4.12288,0.567923,0.567923,-3.3169,2.51373
95.205,3.64759,3.64759,0.704219,0.704219,-3.07719,2.08128
95.238,3.07748,3.07748,0.822293,0.822293,-2.75756,1.59466
95.271,2.42739,2.42739,0.919062,0.919062,-2.3663,1.06655
95.304,1.7142,1.7142,0.991995,0.991995,-1.91357,0.510678
95.337,0.956477,0.956477,1.03918,1.03918,-1.41114,-0.0584782
95.37,0.173909,0.173909,1.05937,1.05937,-0.872058,-0.626113
95.403,-0.613154,-0.613154,1.05202,1.05202,-0.310323,-1.17745
95.436,-1.38425,-1.38425,1.0173,1.0173,0.259473,-1.69816
95.469,-2.11934,-2.11934,0.956107,0.956107,0.822528,-2.17467
95.502,-2.7993,-2.7993,0.870003,0.870003,1.36422,-2.59459
95.535,-3.40647,-3.40647,0.761215,0.761215,1.87047,-2.947
95.568,-3.92505,-3.92505,0.632555,0.632555,2.32815,-3.22271
95.601,-4.34157,-4.34157,0.487356,0.487356,2.72534,-3.41457
95.634,-4.64521,-4.64521,0.329384,0.329384,3.05175,-3.51757
95.667,-4.82807,-4.82807,0.162737,0.162737,3.29889,-3.52904
95.7,-4.88541,-4.88541,-0.00825449,-0.00825449,3.46034,-3.44867
95.733,-4.81573,-4.81573,-0.179148,-0.179148,3.53191,-3.27856
95.766,-4.62086,-4.62086,-0.345498,-0.345498,3.51174,-3.02313
95.799,-4.30585,-4.30585,-0.502976,-0.502976,3.40036,-2.68904
95.832,-3.87892,-3.87892,-0.647479,-0.647479,3.20065,-2.28497
95.865,-3.35115,-3.35115,-0.775241,-0.775241,2.9178,-1.82144
95.898,-2.73628,-2.73628,-0.882928,-0.882928,2.55917,-1.31052
95.931,-2.05029,-2.05029,-0.967724,-0.967724,2.13406,-0.76549
95.964,-1.31102,-1.31102,-1.02741,-1.02741,1.65352,-0.200541
95.997,-0.537687,-0.537687,-1.06042,-1.06042,1.13003,0.369626
96.03,0.249599,0.249599,-1.06587,-1.06587,0.577188,0.930175
96.063,1.03037,1.03037,-1.0436,-1.0436,0.00935464,1.46652
96.096,1.78433,1.78433,-0.994176,-0.994176,-0.558722,1.9647
96.129,2.49187,2.49187,-0.918863,-0.918863,-1.11229,2.41175
96.162,3.13461,3.13461,-0.819602,-0.819602,-1.63696,2.79605
96.195,3.69584,3.69584,-0.698958,-0.698958,-2.11911,3.10759
96.228,4.16096,4.16096,-0.560054,-0.560054,-2.54622,3.33826
96.261,4.51789,4.51789,-0.406491,-0.406491,-2.90719,3.48206
96.294,4.75735,4.75735,-0.242253,-0.242253,-3.19265,3.53525
96.327,4.87312,4.87312,-0.071603,-0.071603,-3.39518,3.49645
96.36,4.8622,4.8622,0.101024,0.101024,-3.50953,3.36666
96.393,4.72487,4.72487,0.27114,0.27114,-3.53271,3.14926
96.426,4.4647,4.4647,0.43432,0.43432,-3.46413,2.84991
96.459,4.08847,4.08847,0.586313,0.586313,-3.30557,2.4764
96.492,3.60597,3.60597,0.723161,0.723161,-3.06115,2.03845
96.525,3.02972,3.02972,0.841293,0.841293,-2.73722,1.54746
96.558,2.37474,2.37474,0.937625,0.937625,-2.34219,1.01619
96.591,1.65803,1.65803,1.00964,1.00964,-1.88632,0.458483
96.624,0.898242,0.898242,1.05544,1.05544,-1.38146,-0.111155
96.657,0.115125,0.115125,1.07382,1.07382,-0.840713,-0.677901
96.69,-0.670958,-0.670958,1.06429,1.06429,-0.278128,-1.22701
96.723,-1.43957,-1.43957,1.02707,1.02707,0.291681,-1.74418
96.756,-2.17074,-2.17074,0.963119,0.963119,0.853914,-2.21597
96.789,-2.84544,-2.84544,0.874074,0.874074,1.39397,-2.63009
96.822,-3.44615,-3.44615,0.762237,0.762237,1.89781,-2.97578
96.855,-3.95724,-3.95724,0.630501,0.630501,2.35236,-3.24402
96.888,-4.36544,-4.36544,0.482278,0.482278,2.74581,-3.42785
96.921,-4.66013,-4.66013,0.321414,0.321414,3.06794,-3.52248
96.954,-4.83366,-4.83366,0.152083,0.152083,3.31037,-3.52545
96.987,-4.88151,-4.88151,-0.0213176,-0.0213176,3.46682,-3.43668
97.02,-4.80246,-4.80246,-0.194279,-0.194279,3.53323,-3.25847
97.053,-4.59855,-4.59855,-0.362305,-0.362305,3.50785,-2.99548
97.086,-4.2751,-4.2751,-0.52102,-0.52102,3.39137,-2.65453
97.119,-3.84051,-3.84051,-0.66629,-0.66629,3.18679,-2.24451
97.152,-3.30609,-3.30609,-0.79433,-0.79433,2.89943,-1.77608
97.185,-2.68574,-2.68574,-0.901797,-0.901797,2.53677,-1.26144
97.218,-1.99558,-1.99558,-0.985882,-0.985882,2.10821,-0.713964
97.251,-1.25356,-1.25356,-1.04438,-1.04438,1.62489,-0.147913
97.284,-0.478983,-0.478983,-1.07576,-1.07576,1.09937,0.421987
97.317,0.308026,0.308026,-1.07918,-1.07918,0.545291,0.980905
97.35,1.087,1.087,-1.05454,-1.05454,-0.0229525,1.5143
97.383,1.83769,1.83769,-1.00246,-1.00246,-0.5906,2.00829
97.416,2.54058,2.54058,-0.924266,-0.924266,-1.14291,2.45002
97.449,3.17739,3.17739,-0.821985,-0.821985,-1.66553,2.82799
97.482,3.73158,3.73158,-0.698259,-0.698259,-2.14488,3.13237
97.515,4.18874,4.18874,-0.55629,-0.55629,-2.56853,3.35524
97.548,4.53698,4.53698,-0.399759,-0.399759,-2.92546,3.4908
97.581,4.76726,4.76726,-0.232727,-0.232727,-3.2064,3.53552
97.614,4.87359,4.87359,-0.0595312,-0.0595312,-3.40406,3.48824
97.647,4.85322,4.85322,0.115328,0.115328,-3.51329,3.35019
97.68,4.70667,4.70667,0.287304,0.287304,-3.53127,3.12496
97.713,4.43776,4.43776,0.451923,0.451923,-3.45753,2.81841
97.746,4.05349,4.05349,0.604897,0.604897,-3.29397,2.43852
97.779,3.56384,3.56384,0.742242,0.742242,-3.04486,1.99517
97.812,2.98156,2.98156,0.860374,0.860374,-2.71666,1.49991
97.845,2.32179,2.32179,0.956209,0.956209,-2.31789,0.965611
97.878,1.60167,1.60167,1.02724,1.02724,-1.85892,0.406187
97.911,0.839942,0.839942,1.0716,1.0716,-1.35166,-0.163807
97.944,0.0563984,0.0563984,1.08812,1.08812,-0.809297,-0.729538
97.977,-0.728586,-0.728586,1.07635,1.07635,-0.245909,-1.27629
98.01,-1.4946,-1.4946,1.03659,1.03659,0.323866,-1.78982
98.043,-2.22174,-2.22174,0.969833,0.969833,0.885229,-2.25678
98.076,-2.89109,-2.89109,0.877814,0.877814,1.4236,-2.66501
98.109,-3.48525,-3.48525,0.762903,0.762903,1.92499,-3.0039
98.142,-3.98879,-3.98879,0.628076,0.628076,2.37638,-3.26461
98.175,-4.38861,-4.38861,0.476824,0.476824,2.76605,-3.44038
98.208,-4.67432,-4.67432,0.313072,0.313072,3.08386,-3.52662
98.241,-4.83849,-4.83849,0.14107,0.14107,3.32158,-3.52108
98.274,-4.87687,-4.87687,-0.0347157,-0.0347157,3.47302,-3.42392
98.307,-4.78846,-4.78846,-0.209714,-0.209714,3.53425,-3.23767
98.34,-4.57557,-4.57557,-0.379374,-0.379374,3.50367,-2.96716
98.373,-4.24372,-4.24372,-0.53928,-0.53928,3.38209,-2.61944
98.406,-3.80156,-3.80156,-0.685266,-0.685266,3.17266,-2.20355
98.439,-3.26058,-3.26058,-0.813527,-0.813527,2.88083,-1.73033
98.472,-2.63484,-2.63484,-0.920714,-0.920714,2.51416,-1.21207
98.505,-1.94063,-1.94063,-1.00403,-1.00403,2.08219,-0.66228
98.538,-1.19599,-1.19599,-1.06128,-1.06128,1.59613,-0.0952526
98.571,-0.42028,-0.42028,-1.09098,-1.09098,1.06862,0.474253
98.604,0.366331,0.366331,-1.09231,-1.09231,0.513348,1.03142
98.637,1.14339,1.14339,-1.06525,-1.06525,-0.0552576,1.56174
98.67,1.8907,1.8907,-1.01046,-1.01046,-0.622428,2.05143
98.703,2.58883,2.58883,-0.929351,-0.929351,-1.17343,2.48773
98.736,3.21963,3.21963,-0.824022,-0.824022,-1.69395,2.8593
98.769,3.76671,3.76671,-0.697194,-0.697194,-2.17048,3.15646
98.802,4.21584,4.21584,-0.55215,-0.55215,-2.59062,3.37148
98.835,4.55536,4.55536,-0.392651,-0.392651,-2.94348,3.49877
98.868,4.77643,4.77643,-0.222835,-0.222835,-3.21988,3.53501
98.901,4.87332,4.87332,-0.0471126,-0.0471126,-3.41264,3.47927
98.934,4.8435,4.8435,0.129951,0.129951,-3.51676,3.33298
98.967,4.68777,4.68777,0.30375,0.30375,-3.52954,3.09997
99,4.41017,4.41017,0.469764,0.469764,-3.45063,2.78629
99.033,4.01792,4.01792,0.62367,0.62367,-3.2821,2.4001
99.066,3.52123,3.52123,0.761457,0.761457,-3.02832,1.95145
99.099,2.93301,2.93301,0.87953,0.87953,-2.69587,1.45203
99.132,2.26855,2.26855,0.974807,0.974807,-2.2934,0.914817
99.165,1.54514,1.54514,1.04479,1.04479,-1.83136,0.353801
99.198,0.781588,0.781588,1.08766,1.08766,-1.32176,-0.216422
99.231,-0.00226194,-0.00226194,1.10226,1.10226,-0.777815,-0.781013
99.264,-0.786027,-0.786027,1.0882,1.0882,-0.213671,-1.32528
99.297,-1.54933,-1.54933,1.04584,1.04584,0.356023,-1.83506
99.33,-2.27233,-2.27233,0.976246,0.976246,0.91647,-2.29709
99.363,-2.93623,-2.93623,0.881219,0.881219,1.45311,-2.69934
99.396,-3.52377,-3.52377,0.763212,0.763212,1.95201,-3.03135
99.429,-4.01968,-4.01968,0.625278,0.625278,2.4002,-3.28448
99.462,-4.41107,-4.41107,0.470994,0.470994,2.78605,-3.45214
99.495,-4.68776,-4.68776,0.304359,0.304359,3.09954,-3.52996
99.528,-4.84258,-4.84258,0.1297,0.1297,3.33251,-3.51593
99.561,-4.87149,-4.87149,-0.0484466,-0.0484466,3.47892,-3.41041
99.594,-4.77375,-4.77375,-0.225449,-0.225449,3.53497,-3.21614
99.627,-4.55191,-4.55191,-0.396703,-0.396703,3.4992,-2.93818
99.66,-4.21174,-4.21174,-0.557752,-0.557752,3.37254,-2.58376
99.693,-3.76207,-3.76207,-0.704401,-0.704401,3.15828,-2.1621
99.726,-3.21462,-3.21462,-0.832825,-0.832825,2.86198,-1.68418
99.759,-2.58361,-2.58361,-0.939674,-0.939674,2.49134,-1.16244
99.792,-1.88546,-1.88546,-1.02215,-1.02215,2.05599,-0.610449
99.825,-1.13831,-1.13831,-1.0781,-1.0781,1.56724,-0.0425708
99.858,-0.361589,-0.361589,-1.10605,-1.10605,1.03778,0.526415
99.891,0.424505,0.424505,-1.10525,-1.10525,0.481362,1.0817
99.924,1.19954,1.19954,-1.07571,-1.07571,-0.0875582,1.60884
99.957,1.94335,1.94335,-1.01817,-1.01817,-0.654204,2.09411
99.99,2.63663,2.63663,-0.934114,-0.934114,-1.20386,2.52489
100.023,3.26133,3.26133,-0.82571,-0.82571,-1.72224,2.88997
100.056,3.80122,3.80122,-0.695761,-0.695761,-2.19589,3.17984
100.089,4.24227,4.24227,-0.547633,-0.547633,-2.6125,3.38697
100.122,4.57301,4.57301,-0.385167,-0.385167,-2.96125,3.50596
100.155,4.78485,4.78485,-0.212578,-0.212578,-3.23309,3.53372
100.188,4.87229,4.87229,-0.0343489,-0.0343489,-3.42094,3.46952
100.221,4.83306,4.83306,0.144889,0.144889,-3.51994,3.31504
100.254,4.66818,4.66818,0.320475,0.320475,-3.52751,3.07429
100.287,4.38194,4.38194,0.48784,0.48784,-3.44345,2.75354
100.32,3.98178,3.98178,0.642626,0.642626,-3.26995,2.36114
100.353,3.47813,3.47813,0.780799,0.780799,-3.01152,1.9073
100.386,2.88406,2.88406,0.898756,0.898756,-2.67486,1.40382
100.419,2.21504,2.21504,0.993414,0.993414,-2.26872,0.863819
100.452,1.48845,1.48845,1.0623,1.0623,-1.80365,0.301335
100.485,0.723191,0.723191,1.1036,1.1036,-1.29174,-0.26899
100.518,-0.0608455,-0.0608455,1.11623,1.11623,-0.746267,-0.832315
100.551,-0.843273,-0.843273,1.09983,1.09983,-0.181414,-1.37398
100.584,-1.60375,-1.60375,1.05482,1.05482,0.388151,-1.8799
100.617,-2.32251,-2.32251,0.982351,0.982351,0.947634,-2.33689
100.65,-2.98086,-2.98086,0.884286,0.884286,1.4825,-2.73307
100.683,-3.56169,-3.56169,0.763159,0.763159,1.97886,-3.05813
100.716,-4.04991,-4.04991,0.622107,0.622107,2.42382,-3.30362
100.749,-4.43282,-4.43282,0.464785,0.464785,2.80583,-3.46313
100.782,-4.70048,-4.70048,0.295274,0.295274,3.11495,-3.53253
100.815,-4.84592,-4.84592,0.117974,0.117974,3.34316,-3.51
100.848,-4.86537,-4.86537,-0.0625076,-0.0625076,3.48453,-3.39614
100.881,-4.75833,-4.75833,-0.24148,-0.24148,3.5354,-3.1939
100.914,-4.52759,-4.52759,-0.414287,-0.414287,3.49443,-2.90854
100.947,-4.17915,-4.17915,-0.576431,-0.576431,3.3627,-2.5475
100.98,-3.72206,-3.72206,-0.723688,-0.723688,3.14362,-2.12017
101.013,-3.16823,-3.16823,-0.852219,-0.852219,2.84289,-1.63767
101.046,-2.53205,-2.53205,-0.958668,-0.958668,2.46831,-1.11255
101.079,-1.83007,-1.83007,-1.04025,-1.04025,2.02962,-0.558482
101.112,-1.08053,-1.08053,-1.09484,-1.09484,1.53822,0.0101204
101.145,-0.302919,-0.302919,-1.12098,-1.12098,1.00685,0.57846
101.178,0.482537,0.482537,-1.11799,-1.11799,0.449336,1.13175
101.211,1.25542,1.25542,-1.08593,-1.08593,-0.119851,1.65558
101.244,1.99564,1.99564,-1.02559,-1.02559,-0.685926,2.13634
101.277,2.68395,2.68395,-0.938553,-0.938553,-1.23418,2.5615
101.31,3.30246,3.30246,-0.827046,-0.827046,-1.75038,2.92
101.343,3.83509,3.83509,-0.693959,-0.693959,-2.22112,3.20252
101.376,4.268,4.268,-0.542739,-0.542739,-2.63416,3.40171
101.409,4.58994,4.58994,-0.377307,-0.377307,-2.97878,3.51237
101.442,4.79253,4.79253,-0.201957,-0.201957,-3.24603,3.53164
101.475,4.87052,4.87052,-0.0212424,-0.0212424,-3.42896,3.459
101.508,4.82189,4.82189,0.16014,0.16014,-3.52282,3.29635
101.541,4.64789,4.64789,0.337474,0.337474,-3.52519,3.04793
101.574,4.35307,4.35307,0.506145,0.506145,-3.43598,2.72019
101.607,3.94508,3.94508,0.66176,0.66176,-3.25753,2.32166
101.64,3.43455,3.43455,0.800263,0.800263,-2.99447,1.86272
101.673,2.83474,2.83474,0.918043,0.918043,-2.65362,1.35531
101.706,2.16126,2.16126,1.01202,1.01202,-2.24385,0.81263
101.739,1.4316,1.4316,1.07974,1.07974,-1.77579,0.248803
101.772,0.664759,0.664759,1.11943,1.11943,-1.26161,-0.321498
101.805,-0.119342,-0.119342,1.13002,1.13002,-0.714657,-0.883432
101.838,-0.900314,-0.900314,1.11123,1.11123,-0.149142,-1.42238
101.871,-1.65785,-1.65785,1.06353,1.06353,0.420246,-1.92431
101.904,-2.37226,-2.37226,0.988146,0.988146,0.978719,-2.37617
101.937,-3.02498,-3.02498,0.887011,0.887011,1.51177,-2.76619
101.97,-3.59902,-3.59902,0.762743,0.762743,2.00555,-3.08424
102.003,-4.07948,-4.07948,0.61856,0.61856,2.44724,-3.32202
102.036,-4.45387,-4.45387,0.458198,0.458198,2.82537,-3.47336
102.069,-4.71245,-4.71245,0.285818,0.285818,3.1301,-3.53431
102.102,-4.84851,-4.84851,0.105895,0.105895,3.35353,-3.50329
102.135,-4.85851,-4.85851,-0.0768964,-0.0768964,3.48986,-3.38111
102.168,-4.7422,-4.7422,-0.257804,-0.257804,3.53553,-3.17094
102.201,-4.5026,-4.5026,-0.432122,-0.432122,3.48938,-2.87826
102.234,-4.14596,-4.14596,-0.595312,-0.595312,3.35258,-2.51068
102.267,-3.68154,-3.68154,-0.743123,-0.743123,3.12871,-2.07777
102.3,-3.12142,-3.12142,-0.871702,-0.871702,2.82356,-1.59079
102.333,-2.48017,-2.48017,-0.977692,-0.977692,2.44508,-1.06241
102.366,-1.77447,-1.77447,-1.05832,-1.05832,2.00309,-0.506391
102.399,-1.02265,-1.02265,-1.11148,-1.11148,1.50906,0.0628095
102.432,-0.244281,-0.244281,-1.13577,-1.13577,0.975841,0.630376
102.465,0.540417,0.540417,-1.13053,-1.13053,0.417272,1.18154
102.498,1.31104,1.31104,-1.09589,-1.09589,-0.152135,1.70195
102.531,2.04755,2.04755,-1.03272,-1.03272,-0.71759,2.17808
102.564,2.7308,2.7308,-0.942661,-0.942661,-1.26441,2.59753
102.597,3.34304,3.34304,-0.828027,-0.828027,-1.77838,2.94939
102.63,3.86834,3.86834,-0.691785,-0.691785,-2.24616,3.22449
102.663,4.29305,4.29305,-0.537466,-0.537466,-2.6556,3.41569
102.696,4.60614,4.60614,-0.369072,-0.369072,-2.99606,3.518
102.729,4.79946,4.79946,-0.190973,-0.190973,-3.25869,3.52877
102.762,4.86801,4.86801,-0.00779503,-0.00779503,-3.43669,3.44771
102.795,4.80999,4.80999,0.175701,0.175701,-3.52541,3.27694
102.828,4.62692,4.62692,0.354744,0.354744,-3.52257,3.02089
102.861,4.32357,4.32357,0.524674,0.524674,-3.42823,2.68623
102.894,3.90783,3.90783,0.681065,0.681065,-3.24484,2.28167
102.927,3.3905,3.3905,0.819843,0.819843,-2.97716,1.81773
102.96,2.78505,2.78505,0.937387,0.937387,-2.63216,1.30649
102.993,2.10721,2.10721,1.03063,1.03063,-2.21879,0.76126
103.026,1.37461,1.37461,1.09712,1.09712,-1.74778,0.196216
103.059,0.606303,0.606303,1.13513,1.13513,-1.23138,-0.373934
103.092,-0.177743,-0.177743,1.14363,1.14363,-0.682987,-0.934353
103.125,-0.95714,-0.95714,1.1224,1.1224,-0.116858,-1.47046
103.158,-1.71163,-1.71163,1.07197,1.07197,0.452307,-1.9683
103.191,-2.42159,-2.42159,0.993625,0.993625,1.00972,-2.41492
103.224,-3.06857,-3.06857,0.889391,0.889391,1.54091,-2.7987
103.257,-3.63575,-3.63575,0.761961,0.761961,2.03208,-3.10965
103.29,-4.10839,-4.10839,0.614636,0.614636,2.47046,-3.33968
103.323,-4.4742,-4.4742,0.451232,0.451232,2.84467,-3.48281
103.356,-4.72368,-4.72368,0.275992,0.275992,3.14499,-3.5353
103.389,-4.85035,-4.85035,0.0934634,0.0934634,3.36362,-3.4958
103.422,-4.85091,-4.85091,-0.0916101,-0.0916101,3.49489,-3.36533
103.455,-4.72535,-4.72535,-0.274417,-0.274417,3.53537,-3.14729
103.488,-4.47696,-4.47696,-0.450202,-0.450202,3.48403,-2.84735
103.521,-4.11217,-4.11217,-0.614389,-0.614389,3.34218,-2.47331
103.554,-3.6405,-3.6405,-0.7627,-0.7627,3.11353,-2.03491
103.587,-3.07419,-3.07419,-0.891269,-0.891269,2.804,-1.54356
103.62,-2.42798,-2.42798,-0.996739,-0.996739,2.42164,-1.01204
103.653,-1.71867,-1.71867,-1.07635,-1.07635,1.97638,-0.454188
103.686,-0.964705,-0.964705,-1.12802,-1.12802,1.47978,0.115485
103.719,-0.185684,-0.185684,-1.15039,-1.15039,0.944748,0.682152
103.752,0.598137,0.598137,-1.14286,-1.14286,0.385174,1.23107
103.785,1.36638,1.36638,-1.10559,-1.10559,-0.184405,1.74795
103.818,2.09907,2.09907,-1.03955,-1.03955,-0.749194,2.21934
103.851,2.77717,2.77717,-0.946437,-0.946437,-1.29452,2.63299
103.884,3.38304,3.38304,-0.828649,-0.828649,-1.80623,2.97811
103.917,3.90094,3.90094,-0.689237,-0.689237,-2.27102,3.24574
103.95,4.3174,4.3174,-0.531813,-0.531813,-2.67681,3.42891
103.983,4.62161,4.62161,-0.360461,-0.360461,-3.01308,3.52285
104.016,4.80565,4.80565,-0.179627,-0.179627,-3.27109,3.52512
104.049,4.86474,4.86474,0.00599091,0.00599091,-3.44413,3.43566
104.082,4.79737,4.79737,0.191569,0.191569,-3.52771,3.25679
104.115,4.60527,4.60527,0.37228,0.37228,-3.51966,2.99317
104.148,4.29345,4.29345,0.543422,0.543422,-3.42018,2.65167
104.181,3.87002,3.87002,0.700538,0.700538,-3.23187,2.24116
104.214,3.34599,3.34599,0.839533,0.839533,-2.95961,1.77234
104.247,2.735,2.735,0.956781,0.956781,-2.61048,1.25739
104.28,2.05292,2.05292,1.04922,1.04922,-2.19354,0.709721
104.313,1.31749,1.31749,1.11443,1.11443,-1.71962,0.143585
104.346,0.547833,0.547833,1.15069,1.15069,-1.20104,-0.426287
104.379,-0.236037,-0.236037,1.15706,1.15706,-0.65126,-0.985067
104.412,-1.01374,-1.01374,1.13333,1.13333,-0.0845638,-1.51821
104.445,-1.76507,-1.76507,1.08012,1.08012,0.484329,-2.01185
104.478,-2.47047,-2.47047,0.998785,0.998785,1.04064,-2.45314
104.511,-3.11163,-3.11163,0.891423,0.891423,1.56992,-2.83059
104.544,-3.67187,-3.67187,0.760811,0.760811,2.05843,-3.13438
104.577,-4.13662,-4.13662,0.610332,0.610332,2.49347,-3.35661
104.61,-4.49382,-4.49382,0.443888,0.443888,2.86373,-3.49149
104.643,-4.73417,-4.73417,0.265796,0.265796,3.15962,-3.53551
104.676,-4.85144,-4.85144,0.0806815,0.0806815,3.37344,-3.48754
104.709,-4.84257,-4.84257,-0.106646,-0.106646,3.49963,-3.34881
104.742,-4.70781,-4.70781,-0.291316,-0.291316,3.53492,-3.12293
104.775,-4.45066,-4.45066,-0.468524,-0.468524,3.47839,-2.81579
104.808,-4.07781,-4.07781,-0.633657,-0.633657,3.33151,-2.43538
104.841,-3.59895,-3.59895,-0.782412,-0.782412,3.09809,-1.9916
104.874,-3.02655,-3.02655,-0.910912,-0.910912,2.78421,-1.49598
104.907,-2.37549,-2.37549,-1.0158,-1.0158,2.398,-0.961443
104.94,-1.66269,-1.66269,-1.09434,-1.09434,1.94951,-0.401884
104.973,-0.906685,-0.906685,-1.14446,-1.14446,1.45038,0.168134
105.006,-0.127138,-0.127138,-1.16485,-1.16485,0.913577,0.733776
105.039,0.655687,0.655687,-1.15497,-1.15497,0.353043,1.28032
105.072,1.42144,1.42144,-1.11503,-1.11503,-0.21666,1.79355
105.105,2.15021,2.15021,-1.04608,-1.04608,-0.780736,2.26011
105.138,2.82305,2.82305,-0.949875,-0.949875,-1.32453,2.66786
105.171,3.42247,3.42247,-0.82891,-0.82891,-1.83392,3.00618
105.204,3.9329,3.9329,-0.686314,-0.686314,-2.29568,3.26628
105.237,4.34106,4.34106,-0.52578,-0.52578,-2.69781,3.44137
105.27,4.63634,4.63634,-0.351474,-0.351474,-3.02986,3.52692
105.303,4.81108,4.81108,-0.167921,-0.167921,-3.28321,3.52069
105.336,4.86074,4.86074,0.0201131,0.0201131,-3.45128,3.42284
105.369,4.78403,4.78403,0.207739,0.207739,-3.52971,3.23592
105.402,4.58294,4.58294,0.390079,0.390079,-3.51645,2.9648
105.435,4.26271,4.26271,0.562385,0.562385,-3.41186,2.61652
105.468,3.83167,3.83167,0.720172,0.720172,-3.21864,2.20016
105.501,3.30103,3.30103,0.859326,0.859326,-2.94182,1.72655
105.534,2.68459,2.68459,0.976218,0.976218,-2.58858,1.208
105.567,1.99838,1.99838,1.06779,1.06779,-2.16811,0.658024
105.6,1.26024,1.26024,1.13166,1.13166,-1.69132,0.0909222
105.633,0.489359,0.489359,1.16613,1.16613,-1.1706,-0.478546
105.666,-0.294214,-0.294214,1.17029,1.17029,-0.619479,-1.03556
105.699,-1.07011,-1.07011,1.14402,1.14402,-0.0522627,-1.56563
105.732,-1.81816,-1.81816,1.08799,1.08799,0.516311,-2.05496
105.765,-2.51891,-2.51891,1.00362,1.00362,1.07147,-2.49081
105.798,-3.15415,-3.15415,0.893102,0.893102,1.59881,-2.86184
105.831,-3.70737,-3.70737,0.75929,0.75929,2.08461,-3.15841
105.864,-4.16419,-4.16419,0.605649,0.605649,2.51626,-3.37278
105.897,-4.51272,-4.51272,0.436164,0.436164,2.88256,-3.49939
105.93,-4.74392,-4.74392,0.255232,0.255232,3.17398,-3.53494
105.963,-4.85179,-4.85179,0.0675509,0.0675509,3.38296,-3.4785
105.996,-4.83351,-4.83351,-0.122001,-0.122001,3.50407,-3.33154
106.029,-4.68957,-4.68957,-0.308496,-0.308496,3.53416,-3.09788
106.062,-4.42371,-4.42371,-0.487083,-0.487083,3.47246,-2.78362
106.095,-4.04286,-4.04286,-0.65311,-0.65311,3.32055,-2.39692
106.128,-3.55692,-3.55692,-0.802254,-0.802254,3.0824,-1.94784
106.161,-2.97852,-2.97852,-0.930626,-0.930626,2.76418,-1.44808
106.194,-2.3227,-2.3227,-1.03487,-1.03487,2.37416,-0.910632
106.227,-1.60652,-1.60652,-1.11227,-1.11227,1.92248,-0.34949
106.26,-0.848606,-0.848606,-1.16079,-1.16079,1.42086,0.220746
106.293,-0.0686538,-0.0686538,-1.17915,-1.17915,0.882329,0.785238
106.326,0.713056,0.713056,-1.16685,-1.16685,0.320883,1.3293
106.359,1.4762,1.4762,-1.1242,-1.1242,-0.248897,1.83876
106.392,2.20094,2.20094,-1.05229,-1.05229,-0.812213,2.30038
106.425,2.86843,2.86843,-0.952973,-0.952973,-1.35443,2.70214
106.458,3.46132,3.46132,-0.828808,-0.828808,-1.86147,3.03358
106.491,3.96421,3.96421,-0.683013,-0.683013,-2.32016,3.28608
106.524,4.36401,4.36401,-0.519366,-0.519366,-2.71858,3.45307
106.557,4.65035,4.65035,-0.342113,-0.342113,-3.04638,3.5302
106.59,4.81578,4.81578,-0.155855,-0.155855,-3.29506,3.51547
106.623,4.856,4.856,0.0345691,0.0345691,-3.45815,3.40926
106.656,4.76997,4.76997,0.22421,0.22421,-3.53142,3.21434
106.689,4.55993,4.55993,0.408135,0.408135,-3.51295,2.93576
106.722,4.23136,4.23136,0.581558,0.581558,-3.40324,2.5808
106.755,3.79279,3.79279,0.739961,0.739961,-3.20514,2.15867
106.788,3.25563,3.25563,0.879217,0.879217,-2.92378,1.68037
106.821,2.63385,2.63385,0.995692,0.995692,-2.56647,1.15835
106.854,1.94361,1.94361,1.08634,1.08634,-2.1425,0.606181
106.887,1.20288,1.20288,1.1488,1.1488,-1.66288,0.0382392
106.92,0.430892,0.430892,1.18141,1.18141,-1.14007,-0.530698
106.953,-0.352266,-0.352266,1.18332,1.18332,-0.587646,-1.08583
106.986,-1.12624,-1.12624,1.15446,1.15446,-0.0199572,-1.6127
107.019,-1.8709,-1.8709,1.09556,1.09556,0.54825,-2.0976
107.052,-2.5669,-2.5669,1.00813,1.00813,1.10222,-2.52792
107.085,-3.19614,-3.19614,0.894427,0.894427,1.62755,-2.89246
107.118,-3.74226,-3.74226,0.757396,0.757396,2.11062,-3.18174
107.151,-4.19107,-4.19107,0.600585,0.600585,2.53885,-3.38821
107.184,-4.5309,-4.5309,0.428061,0.428061,2.90115,-3.50652
107.217,-4.75293,-4.75293,0.244299,0.244299,3.18808,-3.53358
107.25,-4.85139,-4.85139,0.0540739,0.0540739,3.39221,-3.46868
107.283,-4.82371,-4.82371,-0.137673,-0.137673,3.50823,-3.31353
107.316,-4.67063,-4.67063,-0.325955,-0.325955,3.53312,-3.07215
107.349,-4.39612,-4.39612,-0.505873,-0.505873,3.46624,-2.75082
107.382,-4.00734,-4.00734,-0.672745,-0.672745,3.30932,-2.35792
107.415,-3.51439,-3.51439,-0.822221,-0.822221,3.06645,-1.90365
107.448,-2.93009,-2.93009,-0.950404,-0.950404,2.74392,-1.39985
107.481,-2.26963,-2.26963,-1.05395,-1.05395,2.35012,-0.859618
107.514,-1.55019,-1.55019,-1.13014,-1.13014,1.89528,-0.297019
107.547,-0.790478,-0.790478,-1.177,-1.177,1.39121,0.273309
107.58,-0.0102407,-0.0102407,-1.19327,-1.19327,0.851007,0.836525
107.613,0.770235,0.770235,-1.17851,-1.17851,0.288696,1.37797
107.646,1.53066,1.53066,-1.1331,-1.1331,-0.281114,1.88356
107.679,2.25126,2.25126,-1.0582,-1.0582,-0.843622,2.34014
107.712,2.9133,2.9133,-0.955726,-0.955726,-1.38422,2.73582
107.745,3.49959,3.49959,-0.828338,-0.828338,-1.88886,3.06031
107.778,3.99487,3.99487,-0.679332,-0.679332,-2.34444,3.30516
107.811,4.38627,4.38627,-0.51257,-0.51257,-2.73912,3.464
107.844,4.66362,4.66362,-0.332377,-0.332377,-3.06265,3.5327
107.877,4.81972,4.81972,-0.143432,-0.143432,-3.30664,3.50948
107.91,4.85051,4.85051,0.0493563,0.0493563,-3.46473,3.39493
107.943,4.7552,4.7552,0.240977,0.240977,-3.53283,3.19204
107.976,4.53626,4.53626,0.426445,0.426445,-3.50916,2.90608
108.009,4.1994,4.1994,0.600935,0.600935,-3.39435,2.5445
108.042,3.75337,3.75337,0.7599,0.7599,-3.19137,2.1167
108.075,3.20978,3.20978,0.899199,0.899199,-2.90549,1.63383
108.108,2.58277,2.58277,1.0152,1.0152,-2.54414,1.10844
108.141,1.88862,1.88862,1.10486,1.10486,-2.11671,0.554204
108.174,1.14541,1.14541,1.16585,1.16585,-1.6343,-0.0144523
108.207,0.37244,0.37244,1.19655,1.19655,-1.10944,-0.582733
108.24,-0.410182,-0.410182,1.19615,1.19615,-0.555764,-1.13585
108.273,-1.18211,-1.18211,1.16465,1.16465,0.0123499,-1.65941
108.306,-1.92328,-1.92328,1.10283,1.10283,0.580143,-2.13979
108.339,-2.61442,-2.61442,1.0123,1.0123,1.13287,-2.56448
108.372,-3.23757,-3.23757,0.895393,0.895393,1.65617,-2.92244
108.405,-3.77652,-3.77652,0.755127,0.755127,2.13645,-3.20436
108.438,-4.21727,-4.21727,0.595139,0.595139,2.56123,-3.40289
108.471,-4.54836,-4.54836,0.419578,0.419578,2.91949,-3.51286
108.504,-4.7612,-4.7612,0.233,0.233,3.20192,-3.53143
108.537,-4.85024,-4.85024,0.0402523,0.0402523,3.40118,-3.4581
108.57,-4.81318,-4.81318,-0.153658,-0.153658,3.51209,-3.29478
108.603,-4.651,-4.651,-0.343687,-0.343687,3.53178,-3.04573
108.636,-4.3679,-4.3679,-0.524892,-0.524892,3.45973,-2.71742
108.669,-3.97126,-3.97126,-0.692554,-0.692554,3.29781,-2.31839
108.702,-3.47138,-3.47138,-0.842305,-0.842305,3.05024,-1.85904
108.735,-2.88128,-2.88128,-0.97024,-0.97024,2.72343,-1.35131
108.768,-2.21629,-2.21629,-1.07302,-1.07302,2.32589,-0.808413
108.801,-1.4937,-1.4937,-1.14795,-1.14795,1.86793,-0.244482
108.834,-0.732311,-0.732311,-1.19308,-1.19308,1.36146,0.325811
108.867,0.0480913,0.0480913,-1.2072,-1.2072,0.819615,0.887626
108.9,0.827214,0.827214,-1.18994,-1.18994,0.256485,1.42634
108.933,1.5848,1.5848,-1.14172,-1.14172,-0.313306,1.92794
108.966,2.30116,2.30116,-1.06378,-1.06378,-0.87496,2.37937
108.999,2.95767,2.95767,-0.958131,-0.958131,-1.41389,2.76889
109.032,3.53726,3.53726,-0.8275,-0.8275,-1.91609,3.08635
109.065,4.02487,4.02487,-0.675272,-0.675272,-2.36852,3.3235
109.098,4.40782,4.40782,-0.505391,-0.505391,-2.75943,3.47416
109.131,4.67616,4.67616,-0.322267,-0.322267,-3.07867,3.53442
109.164,4.82292,4.82292,-0.130653,-0.130653,-3.31793,3.5027
109.197,4.84429,4.84429,0.0644722,0.0644722,-3.47102,3.37984
109.23,4.73972,4.73972,0.258036,0.258036,-3.53394,3.16903
109.263,4.51192,4.51192,0.445005,0.445005,-3.50508,2.87575
109.296,4.16684,4.16684,0.620511,0.620511,-3.38517,2.50763
109.329,3.71344,3.71344,0.779984,0.779984,-3.17733,2.07427
109.362,3.16351,3.16351,0.919266,0.919266,-2.88696,1.58692
109.395,2.53136,2.53136,1.03472,1.03472,-2.5216,1.05828
109.428,1.83342,1.83342,1.12334,1.12334,-2.09075,0.502103
109.461,1.08785,1.08785,1.1828,1.1828,-1.60559,-0.0671406
109.494,0.314014,0.314014,1.21153,1.21153,-1.07872,-0.634638
109.527,-0.467952,-0.467952,1.20877,1.20877,-0.523836,-1.18562
109.56,-1.23772,-1.23772,1.17457,1.17457,0.044656,-1.70575
109.593,-1.97529,-1.97529,1.10981,1.10981,0.611988,-2.18149
109.626,-2.66147,-2.66147,1.01614,1.01614,1.16342,-2.60047
109.659,-3.27844,-3.27844,0.895998,0.895998,1.68464,-2.95177
109.692,-3.81015,-3.81015,0.752481,0.752481,2.1621,-3.22627
109.725,-4.24278,-4.24278,0.589309,0.589309,2.5834,-3.41681
109.758,-4.5651,-4.5651,0.410716,0.410716,2.93759,-3.51843
109.791,-4.76872,-4.76872,0.221336,0.221336,3.21548,-3.5285
109.824,-4.84835,-4.84835,0.0260884,0.0260884,3.40985,-3.44675
109.857,-4.80194,-4.80194,-0.169953,-0.169953,3.51566,-3.27531
109.89,-4.63068,-4.63068,-0.361689,-0.361689,3.53014,-3.01863
109.923,-4.33904,-4.33904,-0.544133,-0.544133,3.45293,-2.68341
109.956,-3.93461,-3.93461,-0.712532,-0.712532,3.28603,-2.27835
109.989,-3.4279,-3.4279,-0.862501,-0.862501,3.03377,-1.81401
110.022,-2.83209,-2.83209,-0.990127,-0.990127,2.70272,-1.30247
110.055,-2.16268,-2.16268,-1.09208,-1.09208,2.30146,-0.757029
110.088,-1.43706,-1.43706,-1.16569,-1.16569,1.84042,-0.191891
110.121,-0.674114,-0.674114,-1.20903,-1.20903,1.33158,0.378241
110.154,0.106332,0.106332,-1.22095,-1.22095,0.788154,0.93853
110.187,0.883985,0.883985,-1.20113,-1.20113,0.224253,1.4744
110.22,1.63863,1.63863,-1.15006,-1.15006,-0.345473,1.9719
110.253,2.35064,2.35064,-1.06904,-1.06904,-0.906225,2.41808
110.286,3.00152,3.00152,-0.960185,-0.960185,-1.44344,2.80135
110.319,3.57433,3.57433,-0.82629,-0.82629,-1.94316,3.11171
110.352,4.0542,4.0542,-0.670829,-0.670829,-2.39241,3.3411
110.385,4.42865,4.42865,-0.49783,-0.49783,-2.77951,3.48355
110.418,4.68796,4.68796,-0.311784,-0.311784,-3.09442,3.53535
110.451,4.82537,4.82537,-0.11752,-0.11752,-3.32895,3.49515
110.484,4.83733,4.83733,0.079914,0.079914,-3.47702,3.364
110.517,4.72353,4.72353,0.275385,0.275385,-3.53477,3.14531
110.55,4.48693,4.48693,0.463809,0.463809,-3.5007,2.84477
110.583,4.13369,4.13369,0.640281,0.640281,-3.3757,2.47021
110.616,3.67299,3.67299,0.800205,0.800205,-3.16303,2.03137
110.649,3.11682,3.11682,0.939412,0.939412,-2.86819,1.53966
110.682,2.47964,2.47964,1.05427,1.05427,-2.49885,1.00789
110.715,1.77802,1.77802,1.14178,1.14178,-2.06461,0.449891
110.748,1.0302,1.0302,1.19964,1.19964,-1.57674,-0.119814
110.781,0.255625,0.255625,1.22634,1.22634,-1.04791,-0.686402
110.814,-0.525567,-0.525567,1.22117,1.22117,-0.491864,-1.23513
110.847,-1.29307,-1.29307,1.18423,1.18423,0.0769584,-1.75171
110.88,-2.02692,-2.02692,1.11647,1.11647,0.643781,-2.22271
110.913,-2.70805,-2.70805,1.01964,1.01964,1.19388,-2.63588
110.946,-3.31875,-3.31875,0.896239,0.896239,1.71297,-2.98045
110.979,-3.84315,-3.84315,0.749455,0.749455,2.18757,-3.24746
111.012,-4.26761,-4.26761,0.583095,0.583095,2.60534,-3.42997
111.045,-4.58111,-4.58111,0.401475,0.401475,2.95545,-3.52322
111.078,-4.77549,-4.77549,0.209307,0.209307,3.22878,-3.52479
111.111,-4.84572,-4.84572,0.0115845,0.0115845,3.41825,-3.43463
111.144,-4.78996,-4.78996,-0.186554,-0.186554,3.51893,-3.2551
111.177,-4.60968,-4.60968,-0.379957,-0.379957,3.52821,-2.99087
111.21,-4.30956,-4.30956,-0.563591,-0.563591,3.44584,-2.6488
111.243,-3.89742,-3.89742,-0.732675,-0.732675,3.27397,-2.23781
111.276,-3.38396,-3.38396,-0.882803,-0.882803,3.01706,-1.76859
111.309,-2.78255,-2.78255,-1.01006,-1.01006,2.68178,-1.25334
111.342,-2.10882,-2.10882,-1.11112,-1.11112,2.27684,-0.705477
111.375,-1.38029,-1.38029,-1.18335,-1.18335,1.81276,-0.139257
111.408,-0.615899,-0.615899,-1.22484,-1.22484,1.3016,0.430587
111.441,0.164472,0.164472,-1.2345,-1.2345,0.756627,0.989226
111.474,0.940538,0.940538,-1.21207,-1.21207,0.192002,1.52212
111.507,1.69212,1.69212,-1.1581,-1.1581,-0.377611,2.01541
111.54,2.39969,2.39969,-1.07398,-1.07398,-0.937415,2.45625
111.573,3.04484,3.04484,-0.961884,-0.961884,-1.47287,2.83318
111.606,3.6108,3.6108,-0.824706,-0.824706,-1.97007,3.13638
111.639,4.08288,4.08288,-0.666002,-0.666002,-2.41609,3.35796
111.672,4.44878,4.44878,-0.489886,-0.489886,-2.79936,3.49217
111.705,4.69902,4.69902,-0.300928,-0.300928,-3.10992,3.53549
111.738,4.82708,4.82708,-0.104034,-0.104034,-3.3397,3.48682
111.771,4.82964,4.82964,0.0956789,0.0956789,-3.48272,3.34741
111.804,4.70664,4.70664,0.293019,0.293019,-3.53529,3.1209
111.837,4.46128,4.46128,0.482853,0.482853,-3.49603,2.81317
111.87,4.09995,4.09995,0.66024,0.66024,-3.36596,2.43224
111.903,3.63204,3.63204,0.820558,0.820558,-3.14846,1.98802
111.936,3.06972,3.06972,0.95963,0.95963,-2.84918,1.49206
111.969,2.42762,2.42762,1.07383,1.07383,-2.47589,0.957274
112.002,1.72242,1.72242,1.16016,1.16016,-2.0383,0.397579
112.035,0.97248,0.97248,1.21638,1.21638,-1.54775,-0.172461
112.068,0.197281,0.197281,1.24099,1.24099,-1.01701,-0.738013
112.101,-0.583017,-0.583017,1.23334,1.23334,-0.459851,-1.28436
112.134,-1.34813,-1.34813,1.19362,1.19362,0.109254,-1.79729
112.167,-2.07816,-2.07816,1.12283,1.12283,0.675521,-2.26344
112.2,-2.75414,-2.75414,1.0228,1.0228,1.22424,-2.6707
112.233,-3.35849,-3.35849,0.896113,0.896113,1.74116,-3.00846
112.266,-3.8755,-3.8755,0.746049,0.746049,2.21286,-3.26793
112.299,-4.29174,-4.29174,0.576497,0.576497,2.62707,-3.44236
112.332,-4.59639,-4.59639,0.391854,0.391854,2.97305,-3.52722
112.365,-4.78153,-4.78153,0.196915,0.196915,3.24181,-3.52029
112.398,-4.84235,-4.84235,-0.00325707,-0.00325707,3.42636,-3.42175
112.431,-4.77727,-4.77727,-0.20346,-0.20346,3.52191,-3.23418
112.464,-4.588,-4.588,-0.398486,-0.398486,3.52598,-2.96244
112.497,-4.27946,-4.27946,-0.583262,-0.583262,3.43847,-2.61361
112.53,-3.85968,-3.85968,-0.752975,-0.752975,3.26164,-2.19677
112.563,-3.33956,-3.33956,-0.903204,-0.903204,3.00009,-1.72277
112.596,-2.73265,-2.73265,-1.03003,-1.03003,2.66061,-1.20393
112.629,-2.05471,-2.05471,-1.13014,-1.13014,2.25203,-0.653768
112.662,-1.32338,-1.32338,-1.20092,-1.20092,1.78495,-0.0865917
112.695,-0.557674,-0.557674,-1.24051,-1.24051,1.27151,0.482838
112.728,0.222502,0.222502,-1.24786,-1.24786,0.725037,1.0397
112.761,0.996863,0.996863,-1.22276,-1.22276,0.159735,1.56951
112.794,1.74528,1.74528,-1.16585,-1.16585,-0.409717,2.05848
112.827,2.44829,2.44829,-1.07859,-1.07859,-0.968527,2.49388
112.86,3.08763,3.08763,-0.963225,-0.963225,-1.50218,2.86438
112.893,3.64667,3.64667,-0.822746,-0.822746,-1.99681,3.16035
112.926,4.11088,4.11088,-0.660791,-0.660791,-2.43958,3.37408
112.959,4.4682,4.4682,-0.481559,-0.481559,-2.81898,3.50001
112.992,4.70934,4.70934,-0.2897,-0.2897,-3.12516,3.53485
113.025,4.82804,4.82804,-0.090198,-0.090198,-3.35016,3.47772
113.058,4.82121,4.82121,0.111764,0.111764,-3.48814,3.33008
113.091,4.68905,4.68905,0.310934,0.310934,-3.53552,3.09579
113.124,4.43498,4.43498,0.502133,0.502133,-3.49107,2.78094
113.157,4.06563,4.06563,0.680382,0.680382,-3.35593,2.39373
113.19,3.59058,3.59058,0.841038,0.841038,-3.13363,1.94422
113.223,3.02221,3.02221,0.979915,0.979915,-2.82993,1.44412
113.256,2.37529,2.37529,1.09339,1.09339,-2.45273,0.906445
113.289,1.66665,1.66665,1.17849,1.17849,-2.01181,0.345179
113.322,0.914695,0.914695,1.23299,1.23299,-1.51864,-0.225069
113.355,0.138993,0.138993,1.25546,1.25546,-0.986027,-0.789461
113.388,-0.640292,-0.640292,1.24529,1.24529,-0.427799,-1.33331
113.421,-1.4029,-1.4029,1.20273,1.20273,0.141541,-1.84246
113.454,-2.12901,-2.12901,1.12887,1.12887,0.707205,-2.30367
113.487,-2.79974,-2.79974,1.02561,1.02561,1.2545,-2.70493
113.52,-3.39766,-3.39766,0.895618,0.895618,1.76921,-3.0358
113.553,-3.90722,-3.90722,0.74226,0.74226,2.23796,-3.28768
113.586,-4.31518,-4.31518,0.569513,0.569513,2.64859,-3.454
113.619,-4.61094,-4.61094,0.381856,0.381856,2.99041,-3.53044
113.652,-4.78681,-4.78681,0.184162,0.184162,3.25457,-3.51501
113.685,-4.83823,-4.83823,-0.0184337,-0.0184337,3.43418,-3.40811
113.718,-4.76387,-4.76387,-0.220665,-0.220665,3.5246,-3.21253
113.751,-4.56565,-4.56565,-0.417273,-0.417273,3.52346,-2.93335
113.784,-4.24875,-4.24875,-0.60314,-0.60314,3.4308,-2.57783
113.817,-3.8214,-3.8214,-0.773428,-0.773428,3.24903,-2.15524
113.85,-3.29472,-3.29472,-0.923699,-0.923699,2.98287,-1.67656
113.883,-2.6824,-2.6824,-1.05003,-1.05003,2.63923,-1.15426
113.916,-2.00037,-2.00037,-1.14913,-1.14913,2.22703,-0.601913
113.949,-1.26635,-1.26635,-1.2184,-1.2184,1.75699,-0.0339075
113.982,-0.49945,-0.49945,-1.25603,-1.25603,1.24131,0.534981
114.015,0.280411,0.280411,-1.26101,-1.26101,0.693387,1.08995
114.048,1.05295,1.05295,-1.2332,-1.2332,0.127454,1.61655
114.081,1.79809,1.79809,-1.1733,-1.1733,-0.441789,2.10109
114.114,2.49645,2.49645,-1.08286,-1.08286,-0.999557,2.53095
114.147,3.12988,3.12988,-0.964205,-0.964205,-1.53136,2.89495
114.18,3.68191,3.68191,-0.820408,-0.820408,-2.02339,3.18362
114.213,4.13821,4.13821,-0.655194,-0.655194,-2.46286,3.38945
114.246,4.4869,4.4869,-0.472848,-0.472848,-2.83836,3.50707
114.279,4.71892,4.71892,-0.278102,-0.278102,-3.14013,3.53343
114.312,4.82826,4.82826,-0.0760135,-0.0760135,-3.36034,3.46784
114.345,4.81206,4.81206,0.128166,0.128166,-3.49327,3.31201
114.378,4.67076,4.67076,0.329127,0.329127,-3.53546,3.07
114.411,4.40804,4.40804,0.521643,0.521643,-3.48581,2.7481
114.444,4.03073,4.03073,0.700702,0.700702,-3.34563,2.35469
114.477,3.54864,3.54864,0.861639,0.861639,-3.11854,1.9
114.51,2.97432,2.97432,1.00026,1.00026,-2.81045,1.39587
114.543,2.32268,2.32268,1.11294,1.11294,-2.42936,0.855415
114.576,1.61069,1.61069,1.19675,1.19675,-1.98516,0.292702
114.609,0.856856,0.856856,1.24948,1.24948,-1.48941,-0.277628
114.642,0.0807712,0.0807712,1.26975,1.26975,-0.954961,-0.840733
114.675,-0.697384,-0.697384,1.257,1.257,-0.395712,-1.38196
114.708,-1.45738,-1.45738,1.21156,1.21156,0.173816,-1.88723
114.741,-2.17945,-2.17945,1.13459,1.13459,0.738829,-2.34338
114.774,-2.84484,-2.84484,1.02807,1.02807,1.28465,-2.73856
114.807,-3.43624,-3.43624,0.89475,0.89475,1.7971,-3.06247
114.84,-3.93828,-3.93828,0.738087,0.738087,2.26288,-3.30669
114.873,-4.33792,-4.33792,0.562142,0.562142,2.66988,-3.46487
114.906,-4.62476,-4.62476,0.371479,0.371479,3.00752,-3.53287
114.939,-4.79136,-4.79136,0.171049,0.171049,3.26705,-3.50895
114.972,-4.83338,-4.83338,-0.0339428,-0.0339428,3.44172,-3.39372
115.005,-4.74975,-4.74975,-0.238167,-0.238167,3.52699,-3.19017
115.038,-4.54263,-4.54263,-0.436312,-0.436312,3.52065,-2.90361
115.071,-4.21743,-4.21743,-0.623221,-0.623221,3.42286,-2.54149
115.104,-3.78259,-3.78259,-0.794028,-0.794028,3.23616,-2.11323
115.137,-3.24943,-3.24943,-0.944281,-0.944281,2.9654,-1.62999
115.17,-2.63181,-2.63181,-1.07006,-1.07006,2.61762,-1.10432
115.203,-1.9458,-1.9458,-1.16808,-1.16808,2.20185,-0.549925
115.236,-1.20922,-1.20922,-1.23579,-1.23579,1.72888,0.0187842
115.269,-0.441236,-0.441236,-1.27139,-1.27139,1.21101,0.587005
115.302,0.338189,0.338189,-1.27394,-1.27394,0.661679,1.13995
115.335,1.10879,1.10879,-1.24337,-1.24337,0.095163,1.66323
115.368,1.85054,1.85054,-1.18045,-1.18045,-0.473824,2.14323
115.401,2.54415,2.54415,-1.08679,-1.08679,-1.0305,2.56746
115.434,3.17158,3.17158,-0.96482,-0.96482,-1.56042,2.92488
115.467,3.71654,3.71654,-0.817689,-0.817689,-2.0498,3.20618
115.5,4.16486,4.16486,-0.64921,-0.64921,-2.48594,3.40406
115.533,4.50488,4.50488,-0.463754,-0.463754,-2.8575,3.51335
115.566,4.72776,4.72776,-0.266134,-0.266134,-3.15485,3.53122
115.599,4.82773,4.82773,-0.0614827,-0.0614827,-3.37025,3.4572
115.632,4.80218,4.80218,0.144882,0.144882,-3.4981,3.29321
115.665,4.65179,4.65179,0.347594,0.347594,-3.5351,3.04353
115.698,4.38047,4.38047,0.541379,0.541379,-3.48027,2.71464
115.731,3.99527,3.99527,0.721194,0.721194,-3.33504,2.31512
115.764,3.50622,3.50622,0.882353,0.882353,-3.10319,1.85535
115.797,2.92603,2.92603,1.02066,1.02066,-2.79073,1.3473
115.83,2.2698,2.2698,1.13249,1.13249,-2.40578,0.804196
115.863,1.55458,1.55458,1.21494,1.21494,-1.95835,0.24016
115.896,0.798973,0.798973,1.26584,1.26584,-1.46004,-0.330125
115.929,0.0226248,0.0226248,1.28385,1.28385,-0.923815,-0.891819
115.962,-0.754281,-0.754281,1.26848,1.26848,-0.363591,-1.43031
115.995,-1.51155,-1.51155,1.22011,1.22011,0.206077,-1.93157
116.028,-2.22949,-2.22949,1.13999,1.13999,0.770392,-2.38258
116.061,-2.88943,-2.88943,1.03017,1.03017,1.3147,-2.77158
116.094,-3.47424,-3.47424,0.893507,0.893507,1.82485,-3.08846
116.127,-3.96869,-3.96869,0.733529,0.733529,2.28761,-3.32497
116.16,-4.35995,-4.35995,0.554386,0.554386,2.69094,-3.47496
116.193,-4.63785,-4.63785,0.360726,0.360726,3.02438,-3.53453
116.226,-4.79516,-4.79516,0.157577,0.157577,3.27926,-3.50211
116.259,-4.8278,-4.8278,-0.0497818,-0.0497818,3.44897,-3.37857
116.292,-4.73492,-4.73492,-0.255961,-0.255961,3.52909,-3.1671
116.325,-4.51895,-4.51895,-0.455599,-0.455599,3.51754,-2.87322
116.358,-4.18551,-4.18551,-0.643499,-0.643499,3.41462,-2.50458
116.391,-3.74326,-3.74326,-0.814768,-0.814768,3.22301,-2.07076
116.424,-3.20371,-3.20371,-0.964944,-0.964944,2.94769,-1.58305
116.457,-2.5809,-2.5809,-1.09011,-1.09011,2.59579,-1.05415
116.49,-1.89101,-1.89101,-1.18699,-1.18699,2.17648,-0.497815
116.523,-1.15199,-1.15199,-1.25306,-1.25306,1.70063,0.0714717
116.556,-0.383043,-0.383043,-1.28658,-1.28658,1.1806,0.638899
116.589,0.395828,0.395828,-1.28666,-1.28666,0.629915,1.1897
116.622,1.16438,1.16438,-1.25328,-1.25328,0.062864,1.70954
116.655,1.90263,1.90263,-1.18729,-1.18729,-0.50582,2.1849
116.688,2.59138,2.59138,-1.09038,-1.09038,-1.06137,2.6034
116.721,3.21274,3.21274,-0.965069,-0.965069,-1.58934,2.95415
116.754,3.75054,3.75054,-0.814587,-0.814587,-2.07604,3.22804
116.787,4.19082,4.19082,-0.642838,-0.642838,-2.50881,3.41792
116.82,4.52213,4.52213,-0.454277,-0.454277,-2.87641,3.51885
116.853,4.73586,4.73586,-0.253798,-0.253798,-3.1693,3.52822
116.886,4.82646,4.82646,-0.046608,-0.046608,-3.37987,3.44578
116.919,4.79158,4.79158,0.161908,0.161908,-3.50265,3.27367
116.952,4.63213,4.63213,0.366329,0.366329,-3.53444,3.01638
116.985,4.35226,4.35226,0.561336,0.561336,-3.47443,2.68059
117.018,3.95925,3.95925,0.741853,0.741853,-3.32418,2.27504
117.051,3.46332,3.46332,0.903176,0.903176,-3.08758,1.81029
117.084,2.87737,2.87737,1.0411,1.0411,-2.77078,1.29844
117.117,2.21664,2.21664,1.15203,1.15203,-2.38201,0.752797
117.15,1.49831,1.49831,1.23305,1.23305,-1.93137,0.187565
117.183,0.741055,0.741055,1.28206,1.28206,-1.43056,-0.382548
117.216,-0.0354361,-0.0354361,1.29775,1.29775,-0.892592,-0.942706
117.249,-0.810975,-0.810975,1.2797,1.2797,-0.331441,-1.47833
117.282,-1.5654,-1.5654,1.22837,1.22837,0.23832,-1.97549
117.315,-2.2791,-2.2791,1.14505,1.14505,0.80189,-2.42124
117.348,-2.93352,-2.93352,1.03192,1.03192,1.34463,-2.80399
117.381,-3.51164,-3.51164,0.891887,0.891887,1.85245,-3.11376
117.414,-3.99845,-3.99845,0.728583,0.728583,2.31214,-3.34252
117.447,-4.38129,-4.38129,0.546242,0.546242,2.71179,-3.48429
117.48,-4.6502,-4.6502,0.349595,0.349595,3.04099,-3.53539
117.513,-4.79821,-4.79821,0.143749,0.143749,3.2912,-3.4945
117.546,-4.82147,-4.82147,-0.0659477,-0.0659477,3.45593,-3.36267
117.579,-4.71939,-4.71939,-0.274045,-0.274045,3.53089,-3.14333
117.612,-4.49461,-4.49461,-0.475129,-0.475129,3.51414,-2.8422
117.645,-4.15299,-4.15299,-0.663968,-0.663968,3.4061,-2.46711
117.678,-3.70341,-3.70341,-0.835643,-0.835643,3.2096,-2.02782
117.711,-3.15757,-3.15757,-0.985681,-0.985681,2.92972,-1.53576
117.744,-2.52967,-2.52967,-1.11017,-1.11017,2.57375,-1.00374
117.777,-1.83602,-1.83602,-1.20585,-1.20585,2.15093,-0.445594
117.81,-1.09466,-1.09466,-1.27023,-1.27023,1.67223,0.124143
117.843,-0.324881,-0.324881,-1.30161,-1.30161,1.1501,0.690651
117.876,0.453317,0.453317,-1.29916,-1.29916,0.598099,1.23919
117.909,1.2197,1.2197,-1.26292,-1.26292,0.0305596,1.75547
117.942,1.95434,1.95434,-1.19381,-1.19381,-0.537773,2.22608
117.975,2.63814,2.63814,-1.09363,-1.09363,-1.09214,2.63876
118.008,3.25333,3.25333,-0.964947,-0.964947,-1.61813,2.98277
118.041,3.78392,3.78392,-0.811101,-0.811101,-2.1021,3.24917
118.074,4.21611,4.21611,-0.636078,-0.636078,-2.53146,3.43101
118.107,4.53867,4.53867,-0.444417,-0.444417,-2.89507,3.52358
118.14,4.74322,4.74322,-0.241095,-0.241095,-3.18349,3.52445
118.173,4.82446,4.82446,-0.0313916,-0.0313916,-3.38921,3.4336
118.206,4.78026,4.78026,0.179242,0.179242,-3.5069,3.25341
118.239,4.61178,4.61178,0.38533,0.38533,-3.53349,2.98855
118.272,4.32342,4.32342,0.581509,0.581509,-3.46831,2.64593
118.305,3.92267,3.92267,0.762672,0.762672,-3.31304,2.23446
118.338,3.41995,3.41995,0.924101,0.924101,-3.07171,1.76483
118.371,2.82834,2.82834,1.06159,1.06159,-2.7506,1.24929
118.404,2.16323,2.16323,1.17154,1.17154,-2.35804,0.701231
118.437,1.4419,1.4419,1.25108,1.25108,-1.90423,0.134928
118.47,0.683114,0.683114,1.29814,1.29814,-1.40095,-0.434887
118.503,-0.0934016,-0.0934016,1.31146,1.31146,-0.861295,-0.993384
118.536,-0.867457,-0.867457,1.29068,1.29068,-0.299262,-1.52603
118.569,-1.61893,-1.61893,1.23632,1.23632,0.270543,-2.01897
118.602,-2.32828,-2.32828,1.14979,1.14979,0.833322,-2.45937
118.635,-2.97708,-2.97708,1.03331,1.03331,1.37445,-2.83577
118.668,-3.54845,-3.54845,0.889887,0.889887,1.87989,-3.13838
118.701,-4.02754,-4.02754,0.723248,0.723248,2.33649,-3.35932
118.734,-4.40191,-4.40191,0.537711,0.537711,2.7324,-3.49284
118.767,-4.66182,-4.66182,0.338089,0.338089,3.05734,-3.53547
118.8,-4.80053,-4.80053,0.129567,0.129567,3.30287,-3.4861
118.833,-4.81442,-4.81442,-0.0824377,-0.0824377,3.4626,-3.34602
118.866,-4.70315,-4.70315,-0.292414,-0.292414,3.5324,-3.11886
118.899,-4.46961,-4.46961,-0.494899,-0.494899,3.51044,-2.81055
118.932,-4.11988,-4.11988,-0.684624,-0.684624,3.3973,-2.42909
118.965,-3.66306,-3.66306,-0.856648,-0.856648,3.19591,-1.98443
118.998,-3.11102,-3.11102,-1.00649,-1.00649,2.91152,-1.48813
119.031,-2.47812,-2.47812,-1.13023,-1.13023,2.55149,-0.953103
119.064,-1.78083,-1.78083,-1.22465,-1.22465,2.1252,-0.393275
119.097,-1.03726,-1.03726,-1.28728,-1.28728,1.6437,0.176787
119.13,-0.26676,-0.26676,-1.31646,-1.31646,1.1195,0.742249
119.163,0.510647,0.510647,-1.31142,-1.31142,0.566233,1.2884
119.196,1.27475,1.27475,-1.27227,-1.27227,-0.00174725,1.80102
119.229,2.00567,2.00567,-1.20002,-1.20002,-0.569682,2.26677
119.262,2.68443,2.68443,-1.09652,-1.09652,-1.12282,2.67354
119.295,3.29337,3.29337,-0.964452,-0.964452,-1.64679,3.01073
119.328,3.81666,3.81666,-0.807228,-0.807228,-2.12799,3.26958
119.361,4.2407,4.2407,-0.628928,-0.628928,-2.55391,3.44335
119.394,4.55448,4.55448,-0.434175,-0.434175,-2.9135,3.52751
119.427,4.74984,4.74984,-0.228026,-0.228026,-3.19741,3.51988
119.46,4.82171,4.82171,-0.0158361,-0.0158361,-3.39826,3.42066
119.493,4.76822,4.76822,0.19688,0.19688,-3.51085,3.23242
119.526,4.59076,4.59076,0.404591,0.404591,-3.53225,2.96007
119.559,4.29397,4.29397,0.601893,0.601893,-3.46189,2.61069
119.592,3.88555,3.88555,0.783648,0.783648,-3.30162,2.19337
119.625,3.37613,3.37613,0.945121,0.945121,-3.05558,1.71898
119.658,2.77896,2.77896,1.0821,1.0821,-2.73018,1.19986
119.691,2.10956,2.10956,1.19102,1.19102,-2.33387,0.64951
119.724,1.38535,1.38535,1.26902,1.26902,-1.87693,0.082261
119.757,0.625157,0.625157,1.31406,1.31406,-1.37123,-0.487129
119.79,-0.151262,-0.151262,1.32495,1.32495,-0.829925,-1.04384
119.823,-0.923717,-0.923717,1.3014,1.3014,-0.267059,-1.57339
119.856,-1.67213,-1.67213,1.24398,1.24398,0.302744,-2.062
119.889,-2.37703,-2.37703,1.15419,1.15419,0.864683,-2.49695
119.922,-3.02011,-3.02011,1.03433,1.03433,1.40416,-2.86692
119.955,-3.58465,-3.58465,0.887505,0.887505,1.90717,-3.16229
119.988,-4.05597,-4.05597,0.717524,0.717524,2.36064,-3.37537
120.021,-4.42183,-4.42183,0.528793,0.528793,2.75279,-3.50062
120.054,-4.67271,-4.67271,0.326209,0.326209,3.07344,-3.53477
120.087,-4.8021,-4.8021,0.115032,0.115032,3.31426,-3.47694
120.12,-4.80664,-4.80664,-0.0992488,-0.0992488,3.46899,-3.32863
120.153,-4.68622,-4.68622,-0.311064,-0.311064,3.53361,-3.0937
120.186,-4.44397,-4.44397,-0.514903,-0.514903,3.50645,-2.77827
120.219,-4.08619,-4.08619,-0.705461,-0.705461,3.38821,-2.39054
120.252,-3.6222,-3.6222,-0.877775,-0.877775,3.18196,-1.9406
120.285,-3.06406,-3.06406,-1.02735,-1.02735,2.89307,-1.44017
120.318,-2.42628,-2.42628,-1.1503,-1.1503,2.52902,-0.902257
120.351,-1.72545,-1.72545,-1.24339,-1.24339,2.09929,-0.340868
120.384,-0.979791,-0.979791,-1.3042,-1.3042,1.61503,0.229392
120.417,-0.208689,-0.208689,-1.33113,-1.33113,1.08881,0.793683
120.45,0.567807,0.567807,-1.32345,-1.32345,0.534319,1.33732
120.483,1.32951,1.32951,-1.28135,-1.28135,-0.034054,1.84616
120.516,2.05662,2.05662,-1.20591,-1.20591,-0.601543,2.30695
120.549,2.73023,2.73023,-1.09906,-1.09906,-1.15341,2.70772
120.582,3.33283,3.33283,-0.963582,-0.963582,-1.67531,3.03802
120.615,3.84876,3.84876,-0.802968,-0.802968,-2.1537,3.28927
120.648,4.26461,4.26461,-0.621388,-0.621388,-2.57615,3.45492
120.681,4.56957,4.56957,-0.423551,-0.423551,-2.93168,3.53067
120.714,4.75572,4.75572,-0.214593,-0.214593,-3.21106,3.51454
120.747,4.81822,4.81822,5.60857e-05,5.60857e-05,-3.40704,3.40696
120.78,4.75546,4.75546,0.214819,0.214819,-3.51452,3.21072
120.813,4.56907,4.56907,0.424109,0.424109,-3.53071,2.93093
120.846,4.2639,4.2639,0.622482,0.622482,-3.45519,2.57487
120.879,3.84788,3.84788,0.804772,0.804772,-3.28993,2.15181
120.912,3.33185,3.33185,0.966232,0.966232,-3.0392,1.67275
120.945,2.72922,2.72922,1.10265,1.10265,-2.70954,1.15016
120.978,2.05566,2.05566,1.21046,1.21046,-2.3095,0.597644
121.011,1.32869,1.32869,1.28686,1.28686,-1.84947,0.0295758
121.044,0.567196,0.567196,1.32983,1.32983,-1.3414,-0.539262
121.077,-0.209007,-0.209007,1.33824,1.33824,-0.798486,-1.09407
121.11,-0.979745,-0.979745,1.31185,1.31185,-0.234833,-1.6204
121.143,-1.72498,-1.72498,1.25133,1.25133,0.33492,-2.10457
121.176,-2.42534,-2.42534,1.15824,1.15824,0.895973,-2.53397
121.209,-3.06261,-3.06261,1.03498,1.03498,1.43375,-2.89744
121.242,-3.62024,-3.62024,0.884739,0.884739,1.93429,-3.1855
121.275,-4.08373,-4.08373,0.71141,0.71141,2.38459,-3.39068
121.308,-4.44103,-4.44103,0.519488,0.519488,2.77295,-3.50761
121.341,-4.68285,-4.68285,0.313954,0.313954,3.08928,-3.53328
121.374,-4.80293,-4.80293,0.100147,0.100147,3.32537,-3.467
121.407,-4.79813,-4.79813,-0.116378,-0.116378,3.47508,-3.3105
121.44,-4.66859,-4.66859,-0.329991,-0.329991,3.53453,-3.06785
121.473,-4.41768,-4.41768,-0.535136,-0.535136,3.50217,-2.74537
121.506,-4.05193,-4.05193,-0.726473,-0.726473,3.37884,-2.35145
121.539,-3.58085,-3.58085,-0.899019,-0.899019,3.16775,-1.89634
121.572,-3.0167,-3.0167,-1.04828,-1.04828,2.87438,-1.39189
121.605,-2.37415,-2.37415,-1.17035,-1.17035,2.50634,-0.851212
121.638,-1.6699,-1.6699,-1.26206,-1.26206,2.07321,-0.288385
121.671,-0.922261,-0.922261,-1.32099,-1.32099,1.58622,0.281946
121.704,-0.150678,-0.150678,-1.3456,-1.3456,1.05803,0.84494
121.737,0.62479,0.62479,-1.33524,-1.33524,0.502361,1.38595
121.77,1.38398,1.38398,-1.29014,-1.29014,-0.0663579,1.89089
121.803,2.10716,2.10716,-1.21147,-1.21147,-0.633353,2.34663
121.836,2.77553,2.77553,-1.10125,-1.10125,-1.1839,2.7413
121.869,3.37171,3.37171,-0.962333,-0.962333,-1.70369,3.06463
121.902,3.88022,3.88022,-0.798319,-0.798319,-2.17923,3.30822
121.935,4.28782,4.28782,-0.613457,-0.613457,-2.59817,3.46572
121.968,4.58393,4.58393,-0.412545,-0.412545,-2.94961,3.53304
122.001,4.76085,4.76085,-0.200798,-0.200798,-3.22445,3.50842
122.034,4.814,4.814,0.0162822,0.0162822,-3.41553,3.3925
122.067,4.74199,4.74199,0.233054,0.233054,-3.51789,3.1883
122.1,4.5467,4.5467,0.443879,0.443879,-3.52887,2.90113
122.133,4.23322,4.23322,0.643271,0.643271,-3.4482,2.53847
122.166,3.80969,3.80969,0.826041,0.826041,-3.27796,2.10976
122.199,3.28714,3.28714,0.987425,0.987425,-3.02257,1.62614
122.232,2.67915,2.67915,1.12322,1.12322,-2.68868,1.10021
122.265,2.00153,2.00153,1.22987,1.22987,-2.28494,0.545646
122.298,1.2719,1.2719,1.30459,1.30459,-1.82186,-0.023116
122.331,0.509241,0.509241,1.34543,1.34543,-1.31145,-0.591276
122.364,-0.266628,-0.266628,1.3513,1.3513,-0.766981,-1.14405
122.397,-1.03553,-1.03553,1.32204,1.32204,-0.202588,-1.66705
122.43,-1.77748,-1.77748,1.25837,1.25837,0.367067,-2.14668
122.463,-2.47319,-2.47319,1.16195,1.16195,0.927188,-2.57044
122.496,-3.10458,-3.10458,1.03526,1.03526,1.46322,-2.92731
122.529,-3.65522,-3.65522,0.881587,0.881587,1.96126,-3.20801
122.562,-4.11081,-4.11081,0.704903,0.704903,2.40834,-3.40523
122.595,-4.45952,-4.45952,0.509795,0.509795,2.79287,-3.51383
122.628,-4.69226,-4.69226,0.301327,0.301327,3.10486,-3.531
122.661,-4.80301,-4.80301,0.0849136,0.0849136,3.3362,-3.45629
122.694,-4.78889,-4.78889,-0.133822,-0.133822,3.48088,-3.29163
122.727,-4.65027,-4.65027,-0.349192,-0.349192,3.53515,-3.04132
122.76,-4.39075,-4.39075,-0.555594,-0.555594,3.49759,-2.71187
122.793,-4.0171,-4.0171,-0.747655,-0.747655,3.36919,-2.31184
122.826,-3.53902,-3.53902,-0.920374,-0.920374,3.15327,-1.85166
122.859,-2.96896,-2.96896,-1.06925,-1.06925,2.85544,-1.3433
122.892,-2.32173,-2.32173,-1.1904,-1.1904,2.48345,-0.799977
122.925,-1.61418,-1.61418,-1.28065,-1.28065,2.04695,-0.235838
122.958,-0.864681,-0.864681,-1.33765,-1.33765,1.55728,0.334437
122.991,-0.0927377,-0.0927377,-1.35989,-1.35989,1.02716,0.89601
123.024,0.681584,0.681584,-1.34678,-1.34678,0.470361,1.43427
123.057,1.43815,1.43815,-1.29863,-1.29863,-0.0986562,1.9352
123.09,2.1573,2.1573,-1.21669,-1.21669,-0.665111,2.38578
123.123,2.82034,2.82034,-1.10307,-1.10307,-1.21429,2.77427
123.156,3.41002,3.41002,-0.960704,-0.960704,-1.73193,3.09057
123.189,3.91102,3.91102,-0.793278,-0.793278,-2.20458,3.32644
123.222,4.31033,4.31033,-0.605136,-0.605136,-2.61997,3.47576
123.255,4.59756,4.59756,-0.401158,-0.401158,-2.9673,3.53463
123.288,4.76525,4.76525,-0.186642,-0.186642,-3.23756,3.50152
123.321,4.80905,4.80905,0.0328394,0.0328394,-3.42373,3.37729
123.354,4.72781,4.72781,0.251582,0.251582,-3.52096,3.16517
123.387,4.52367,4.52367,0.463895,0.463895,-3.52674,2.8707
123.42,4.20194,4.20194,0.664256,0.664256,-3.44092,2.50152
123.453,3.77097,3.77097,0.847447,0.847447,-3.26571,2.06724
123.486,3.24199,3.24199,1.0087,1.0087,-3.00569,1.57917
123.519,2.62874,2.62874,1.1438,1.1438,-2.66758,1.05001
123.552,1.94717,1.94717,1.24922,1.24922,-2.26019,0.493526
123.585,1.21502,1.21502,1.32222,1.32222,-1.79409,-0.0758027
123.618,0.451301,0.451301,1.36087,1.36087,-1.28139,-0.643159
123.651,-0.324114,-0.324114,1.36414,1.36414,-0.735411,-1.19378
123.684,-1.09107,-1.09107,1.33195,1.33195,-0.170326,-1.71333
123.717,-1.82963,-1.82963,1.2651,1.2651,0.399184,-2.1883
123.75,-2.52059,-2.52059,1.16531,1.16531,0.958325,-2.60633
123.783,-3.14599,-3.14599,1.03517,1.03517,1.49257,-2.95653
123.816,-3.68958,-3.68958,0.878047,0.878047,1.98805,-3.2298
123.849,-4.13722,-4.13722,0.698004,0.698004,2.43189,-3.41902
123.882,-4.47729,-4.47729,0.499716,0.499716,2.81257,-3.51927
123.915,-4.70094,-4.70094,0.288329,0.288329,3.12018,-3.52794
123.948,-4.80236,-4.80236,0.0693343,0.0693343,3.34676,-3.44481
123.981,-4.77893,-4.77893,-0.151577,-0.151577,3.4864,-3.27203
124.014,-4.63126,-4.63126,-0.368661,-0.368661,3.53548,-3.01411
124.047,-4.36319,-4.36319,-0.57627,-0.57627,3.49273,-2.67776
124.08,-3.9817,-3.9817,-0.769001,-0.769001,3.35926,-2.27172
124.113,-3.49671,-3.49671,-0.941834,-0.941834,3.13853,-1.80657
124.146,-2.92084,-2.92084,-1.09026,-1.09026,2.83628,-1.29441
124.179,-2.26905,-2.26905,-1.21042,-1.21042,2.46035,-0.748564
124.212,-1.5583,-1.5583,-1.29916,-1.29916,2.02052,-0.183239
124.245,-0.807061,-0.807061,-1.35416,-1.35416,1.52821,0.386854
124.278,-0.0348773,-0.0348773,-1.37397,-1.37397,0.996205,0.946881
124.311,0.738181,0.738181,-1.35806,-1.35806,0.438322,1.48227
124.344,1.49202,1.49202,-1.30683,-1.30683,-0.130946,1.97908
124.377,2.20703,2.20703,-1.22159,-1.22159,-0.696813,2.4244
124.41,2.86463,2.86463,-1.10453,-1.10453,-1.24458,2.80662
124.443,3.44774,3.44774,-0.958691,-0.958691,-1.76002,3.11581
124.476,3.94118,3.94118,-0.787845,-0.787845,-2.22974,3.34393
124.509,4.33214,4.33214,-0.596423,-0.596423,-2.64155,3.48502
124.542,4.61046,4.61046,-0.389392,-0.389392,-2.98474,3.53543
124.575,4.7689,4.7689,-0.172128,-0.172128,-3.25041,3.49384
124.608,4.80336,4.80336,0.0497249,0.0497249,-3.43165,3.36133
124.641,4.71293,4.71293,0.270399,0.270399,-3.52375,3.14135
124.674,4.49999,4.49999,0.484155,0.484155,-3.52432,2.83962
124.707,4.17006,4.17006,0.685431,0.685431,-3.43335,2.464
124.74,3.73173,3.73173,0.868985,0.868985,-3.2532,2.02427
124.773,3.19641,3.19641,1.03004,1.03004,-2.98855,1.53186
124.806,2.57801,2.57801,1.16438,1.16438,-2.64627,0.999582
124.839,1.89261,1.89261,1.26852,1.26852,-2.23526,0.441297
124.872,1.15804,1.15804,1.33972,1.33972,-1.76618,-0.128473
124.905,0.393387,0.393387,1.37612,1.37612,-1.25123,-0.694899
124.938,-0.381457,-0.381457,1.37675,1.37675,-0.703781,-1.24324
124.971,-1.14635,-1.14635,1.34158,1.34158,-0.138049,-1.75923
125.004,-1.88141,-1.88141,1.2715,1.2715,0.431268,-2.22945
125.037,-2.56752,-2.56752,1.16832,1.16832,0.989382,-2.64164
125.07,-3.18686,-3.18686,1.03471,1.03471,1.5218,-2.9851
125.103,-3.72331,-3.72331,0.874117,0.874117,2.01469,-3.25087
125.136,-4.16295,-4.16295,0.690712,0.690712,2.45524,-3.43206
125.169,-4.49434,-4.49434,0.489249,0.489249,2.83203,-3.52393
125.202,-4.70887,-4.70887,0.274961,0.274961,3.13525,-3.5241
125.235,-4.80097,-4.80097,0.0534115,0.0534115,3.35703,-3.43257
125.268,-4.76825,-4.76825,-0.16964,-0.16964,3.49162,-3.25171
125.301,-4.61157,-4.61157,-0.388395,-0.388395,3.53551,-2.98624
125.334,-4.33501,-4.33501,-0.597162,-0.597162,3.48757,-2.64306
125.367,-3.94575,-3.94575,-0.790506,-0.790506,3.34904,-2.2311
125.4,-3.45393,-3.45393,-0.963392,-0.963392,3.12352,-1.76108
125.433,-2.87234,-2.87234,-1.11131,-1.11131,2.81687,-1.24523
125.466,-2.2161,-2.2161,-1.23041,-1.23041,2.43705,-0.696985
125.499,-1.50227,-1.50227,-1.31757,-1.31757,1.99393,-0.130599
125.532,-0.749413,-0.749413,-1.37051,-1.37051,1.49901,0.439185
125.565,0.0228931,0.0228931,-1.38784,-1.38784,0.965165,0.997541
125.598,0.794571,0.794571,-1.36909,-1.36909,0.406246,1.52994
125.631,1.54556,1.54556,-1.31472,-1.31472,-0.163226,2.02252
125.664,2.25633,2.25633,-1.22614,-1.22614,-0.728457,2.46248
125.697,2.90842,2.90842,-1.10562,-1.10562,-1.27477,2.83835
125.73,3.48486,3.48486,-0.956293,-0.956293,-1.78797,3.14037
125.763,3.97068,3.97068,-0.782019,-0.782019,-2.25472,3.36066
125.796,4.35325,4.35325,-0.587319,-0.587319,-2.66291,3.49351
125.829,4.62263,4.62263,-0.377247,-0.377247,-3.00194,3.53544
125.862,4.77181,4.77181,-0.157256,-0.157256,-3.26298,3.48538
125.895,4.79694,4.79694,0.0669357,0.0669357,-3.43928,3.34462
125.928,4.69735,4.69735,0.289502,0.289502,-3.52624,3.11682
125.961,4.47565,4.47565,0.504652,0.504652,-3.5216,2.80792
125.994,4.13759,4.13759,0.706789,0.706789,-3.4255,2.42594
126.027,3.69199,3.69199,0.890649,0.890649,-3.24041,1.98084
126.06,3.15042,3.15042,1.05144,1.05144,-2.97116,1.4842
126.093,2.52696,2.52696,1.18497,1.18497,-2.62473,0.948931
126.126,1.83784,1.83784,1.28776,1.28776,-2.21013,0.388969
126.159,1.10097,1.10097,1.3571,1.3571,-1.73812,-0.181114
126.192,0.335507,0.335507,1.3912,1.3912,-1.22096,-0.746484
126.225,-0.438645,-0.438645,1.38913,1.38913,-0.672091,-1.29243
126.258,-1.20136,-1.20136,1.35093,1.35093,-0.105761,-1.80474
126.291,-1.93281,-1.93281,1.27758,1.27758,0.463315,-2.27009
126.324,-2.61398,-2.61398,1.17098,1.17098,1.02036,-2.67637
126.357,-3.22716,-3.22716,1.03386,1.03386,1.5509,-3.013
126.39,-3.75642,-3.75642,0.869796,0.869796,2.04115,-3.27123
126.423,-4.18799,-4.18799,0.683025,0.683025,2.47839,-3.44433
126.456,-4.51067,-4.51067,0.478397,0.478397,2.85125,-3.5278
126.489,-4.71607,-4.71607,0.261224,0.261224,3.15005,-3.51948
126.522,-4.79884,-4.79884,0.0371479,0.0371479,3.36703,-3.41956
126.555,-4.75686,-4.75686,-0.188008,-0.188008,3.49655,-3.23067
126.588,-4.59121,-4.59121,-0.408389,-0.408389,3.53525,-2.9577
126.621,-4.3062,-4.3062,-0.618262,-0.618262,3.48212,-2.60777
126.654,-3.90926,-3.90926,-0.812163,-0.812163,3.33855,-2.18997
126.687,-3.41069,-3.41069,-0.985043,-0.985043,3.10826,-1.71519
126.72,-2.82348,-2.82348,-1.13239,-1.13239,2.79723,-1.19578
126.753,-2.16289,-2.16289,-1.25037,-1.25037,2.41354,-0.645251
126.786,-1.4461,-1.4461,-1.33589,-1.33589,1.96717,-0.0779302
126.819,-0.691744,-0.691744,-1.38672,-1.38672,1.46969,0.491419
126.852,0.0805639,0.0805639,-1.4015,-1.4015,0.934045,1.04798
126.885,0.850744,0.850744,-1.37985,-1.37985,0.374136,1.57727
126.918,1.59877,1.59877,-1.32231,-1.32231,-0.195491,2.06552
126.951,2.30521,2.30521,-1.23035,-1.23035,-0.76004,2.50001
126.984,2.95168,2.95168,-1.10634,-1.10634,-1.30485,2.86945
127.017,3.52138,3.52138,-0.953508,-0.953508,-1.81576,3.16423
127.05,3.99952,3.99952,-0.775798,-0.775798,-2.27951,3.37666
127.083,4.37365,4.37365,-0.577824,-0.577824,-2.68405,3.50122
127.116,4.63406,4.63406,-0.364723,-0.364723,-3.01888,3.53467
127.149,4.77398,4.77398,-0.14203,-0.14203,-3.27529,3.47615
127.182,4.78979,4.78979,0.0844688,0.0844688,-3.44662,3.32716
127.215,4.68107,4.68107,0.308885,0.308885,-3.52843,3.0916
127.248,4.45066,4.45066,0.525383,0.525383,-3.51859,2.77559
127.281,4.10454,4.10454,0.728327,0.728327,-3.41736,2.38735
127.314,3.65174,3.65174,0.912433,0.912433,-3.22736,1.93698
127.347,3.10401,3.10401,1.0729,1.0729,-2.95353,1.43621
127.38,2.47562,2.47562,1.20556,1.20556,-2.60298,0.898068
127.413,1.78288,1.78288,1.30692,1.30692,-2.18482,0.336556
127.446,1.04383,1.04383,1.37435,1.37435,-1.70992,-0.233715
127.479,0.277673,0.277673,1.40608,1.40608,-1.19059,-0.797904
127.512,-0.495671,-0.495671,1.40126,1.40126,-0.640345,-1.34133
127.545,-1.25609,-1.25609,1.35999,1.35999,-0.0734647,-1.84985
127.578,-1.98383,-1.98383,1.28334,1.28334,0.495324,-2.31023
127.611,-2.65996,-2.65996,1.17327,1.17327,1.05125,-2.7105
127.644,-3.2669,-3.2669,1.03264,1.03264,1.57986,-3.04023
127.677,-3.78889,-3.78889,0.865081,0.865081,2.06744,-3.29085
127.71,-4.21235,-4.21235,0.674944,0.674944,2.50132,-3.45584
127.743,-4.52628,-4.52628,0.467159,0.467159,2.87023,-3.53089
127.776,-4.72252,-4.72252,0.247121,0.247121,3.16459,-3.51407
127.809,-4.79598,-4.79598,0.020546,0.020546,3.37674,-3.4058
127.842,-4.74475,-4.74475,-0.206677,-0.206677,3.50119,-3.2089
127.875,-4.57017,-4.57017,-0.42864,-0.42864,3.53469,-2.9285
127.908,-4.27678,-4.27678,-0.639567,-0.639567,3.47638,-2.5719
127.941,-3.87222,-3.87222,-0.833968,-0.833968,3.32777,-2.14837
127.974,-3.367,-3.367,-1.00678,-1.00678,3.09273,-1.66893
128.007,-2.77427,-2.77427,-1.1535,-1.1535,2.77735,-1.14606
128.04,-2.10945,-2.10945,-1.27029,-1.27029,2.38983,-0.593374
128.073,-1.38981,-1.38981,-1.35411,-1.35411,1.94024,-0.025244
128.106,-0.634066,-0.634066,-1.40275,-1.40275,1.44025,0.543543
128.139,0.138125,0.138125,-1.41494,-1.41494,0.902847,1.09819
128.172,0.906692,0.906692,-1.39035,-1.39035,0.341995,1.62425
128.205,1.65165,1.65165,-1.32958,-1.32958,-0.22774,2.10805
128.238,2.35364,2.35364,-1.23421,-1.23421,-0.79156,2.53699
128.271,2.99441,2.99441,-1.10669,-1.10669,-1.33482,2.89992
128.304,3.5573,3.5573,-0.950332,-0.950332,-1.84341,3.18738
128.337,4.02769,4.02769,-0.769181,-0.769181,-2.30411,3.3919
128.37,4.39334,4.39334,-0.567937,-0.567937,-2.70497,3.50815
128.403,4.64476,4.64476,-0.351823,-0.351823,-3.03557,3.53312
128.436,4.77542,4.77542,-0.126451,-0.126451,-3.28732,3.46614
128.469,4.78192,4.78192,0.102321,0.102321,-3.45368,3.30897
128.502,4.66409,4.66409,0.328547,0.328547,-3.53033,3.06569
128.535,4.42502,4.42502,0.546342,0.546342,-3.51528,2.74264
128.568,4.07092,4.07092,0.750038,0.750038,-3.40893,2.34822
128.601,3.61099,3.61099,0.934331,0.934331,-3.21403,1.89269
128.634,3.05721,3.05721,1.09442,1.09442,-2.93565,1.3879
128.667,2.42397,2.42397,1.22613,1.22613,-2.58101,0.847006
128.7,1.72774,1.72774,1.32601,1.32601,-2.15933,0.284067
128.733,0.986628,0.986628,1.39147,1.39147,-1.68157,-0.286264
128.766,0.219894,0.219894,1.42077,1.42077,-1.16012,-0.849146
128.799,-0.552523,-0.552523,1.41314,1.41314,-0.608546,-1.38993
128.832,-1.31054,-1.31054,1.36875,1.36875,-0.0411618,-1.89455
128.865,-2.03446,-2.03446,1.28875,1.28875,0.527291,-2.34986
128.898,-2.70545,-2.70545,1.1752,1.1752,1.08205,-2.74403
128.931,-3.30607,-3.30607,1.03103,1.03103,1.6087,-3.06679
128.964,-3.82072,-3.82072,0.859972,0.859972,2.09357,-3.30975
128.997,-4.23602,-4.23602,0.666468,0.666468,2.52405,-3.46658
129.03,-4.54116,-4.54116,0.455536,0.455536,2.88898,-3.5332
129.063,-4.72824,-4.72824,0.232653,0.232653,3.17886,-3.50788
129.096,-4.79238,-4.79238,0.00360857,0.00360857,3.38617,-3.39128
129.129,-4.73193,-4.73193,-0.225643,-0.225643,3.50553,-3.18643
129.162,-4.54846,-4.54846,-0.449141,-0.449141,3.53384,-2.89866
129.195,-4.24675,-4.24675,-0.66107,-0.66107,3.47035,-2.53546
129.228,-3.83464,-3.83464,-0.855913,-0.855913,3.31672,-2.10628
129.261,-3.32286,-3.32286,-1.02859,-1.02859,3.07695,-1.62229
129.294,-2.72472,-2.72472,-1.17461,-1.17461,2.75724,-1.09609
129.327,-2.05576,-2.05576,-1.29016,-1.29016,2.36592,-0.541365
129.36,-1.33339,-1.33339,-1.37221,-1.37221,1.91315,0.0274478
129.393,-0.576389,-0.576389,-1.41862,-1.41862,1.41068,0.595547
129.426,0.195567,0.195567,-1.42816,-1.42816,0.871574,1.14815
129.459,0.962405,0.962405,-1.40056,-1.40056,0.309826,1.67087
129.492,1.70419,1.70419,-1.33653,-1.33653,-0.25997,2.15012
129.525,2.40163,2.40163,-1.23772,-1.23772,-0.823014,2.57341
129.558,3.03661,3.03661,-1.10666,-1.10666,-1.36468,2.92974
129.591,3.59262,3.59262,-0.946765,-0.946765,-1.8709,3.20983
129.624,4.05519,4.05519,-0.762168,-0.762168,-2.32852,3.40639
129.657,4.41233,4.41233,-0.557659,-0.557659,-2.72566,3.51431
129.69,4.65473,4.65473,-0.338547,-0.338547,-3.052,3.53078
129.723,4.77611,4.77611,-0.110522,-0.110522,-3.29907,3.45537
129.756,4.77332,4.77332,0.120489,0.120489,-3.46044,3.29005
129.789,4.64643,4.64643,0.348481,0.348481,-3.53193,3.03911
129.822,4.39875,4.39875,0.567523,0.567523,-3.51168,2.70909
129.855,4.03672,4.03672,0.771916,0.771916,-3.40022,2.30857
129.888,3.56976,3.56976,0.956335,0.956335,-3.20043,1.84797
129.921,3.01002,3.01002,1.11598,1.11598,-2.91752,1.33929
129.954,2.37205,2.37205,1.24668,1.24668,-2.55882,0.795756
129.987,1.67243,1.67243,1.34502,1.34502,-2.13366,0.231516
130.02,0.92937,0.92937,1.40843,1.40843,-1.65308,-0.33875
130.053,0.16218,0.16218,1.43525,1.43525,-1.12956,-0.9002
130.086,-0.609193,-0.609193,1.42476,1.42476,-0.576696,-1.43822
130.119,-1.36469,-1.36469,1.37722,1.37722,-0.00885542,-1.93882
130.152,-2.08468,-2.08468,1.29383,1.29383,0.559215,-2.38897
130.185,-2.75044,-2.75044,1.17676,1.17676,1.11276,-2.77695
130.218,-3.34466,-3.34466,1.02903,1.02903,1.6374,-3.09267
130.251,-3.85191,-3.85191,0.854466,0.854466,2.11951,-3.32791
130.284,-4.25899,-4.25899,0.657596,0.657596,2.54657,-3.47655
130.317,-4.55532,-4.55532,0.443528,0.443528,2.90748,-3.53472
130.35,-4.73322,-4.73322,0.217821,0.217821,3.19287,-3.50091
130.383,-4.78805,-4.78805,-0.0136616,-0.0136616,3.39532,-3.376
130.416,-4.7184,-4.7184,-0.244903,-0.244903,3.50959,-3.16324
130.449,-4.52609,-4.52609,-0.469889,-0.469889,3.53269,-2.86817
130.482,-4.21611,-4.21611,-0.682766,-0.682766,3.46403,-2.49845
130.515,-3.79654,-3.79654,-0.877993,-0.877993,3.3054,-2.06373
130.548,-3.27829,-3.27829,-1.05048,-1.05048,3.0609,-1.5753
130.581,-2.67483,-2.67483,-1.19574,-1.19574,2.73691,-1.04587
130.614,-2.00186,-2.00186,-1.30997,-1.30997,2.34182,-0.489236
130.647,-1.27687,-1.27687,-1.3902,-1.3902,1.8859,0.0801335
130.68,-0.518721,-0.518721,-1.43431,-1.43431,1.381,0.647418
130.713,0.252881,0.252881,-1.44114,-1.44114,0.840228,1.19786
130.746,1.01787,1.01787,-1.4105,-1.4105,0.27763,1.71712
130.779,1.75637,1.75637,-1.34317,-1.34317,-0.292179,2.1917
130.812,2.44917,2.44917,-1.24087,-1.24087,-0.854399,2.60925
130.845,3.07827,3.07827,-1.10625,-1.10625,-1.39443,2.95891
130.878,3.62731,3.62731,-0.942804,-0.942804,-1.89823,3.23156
130.911,4.08203,4.08203,-0.754757,-0.754757,-2.35273,3.42012
130.944,4.4306,4.4306,-0.54699,-0.54699,-2.74612,3.51968
130.977,4.66396,4.66396,-0.324896,-0.324896,-3.06818,3.52766
131.01,4.77607,4.77607,-0.0942456,-0.0942456,-3.31055,3.44383
131.043,4.764,4.764,0.138969,0.138969,-3.46692,3.27039
131.076,4.62808,4.62808,0.368684,0.368684,-3.53324,3.01185
131.109,4.37184,4.37184,0.588923,0.588923,-3.50779,2.67493
131.142,4.00196,4.00196,0.793956,0.793956,-3.39122,2.2684
131.175,3.52805,3.52805,0.978442,0.978442,-3.18657,1.80285
131.208,2.96244,2.96244,1.13757,1.13757,-2.89915,1.29038
131.241,2.31984,2.31984,1.2672,1.2672,-2.53642,0.74433
131.274,1.61696,1.61696,1.36394,1.36394,-2.10781,0.178913
131.307,0.872068,0.872068,1.42525,1.42525,-1.62445,-0.39116
131.34,0.10454,0.10454,1.44953,1.44953,-1.0989,-0.951054
131.373,-0.665671,-0.665671,1.43613,1.43613,-0.544798,-1.4862
131.406,-1.41854,-1.41854,1.38538,1.38538,0.0234517,-1.98267
131.439,-2.1345,-2.1345,1.29857,1.29857,0.591092,-2.42755
131.472,-2.79493,-2.79493,1.17795,1.17795,1.14338,-2.80925
131.505,-3.38268,-3.38268,1.02664,1.02664,1.66597,-3.11786
131.538,-3.88245,-3.88245,0.848563,0.848563,2.14528,-3.34533
131.571,-4.28126,-4.28126,0.648328,0.648328,2.56887,-3.48575
131.604,-4.56876,-4.56876,0.431137,0.431137,2.92574,-3.53546
131.637,-4.73746,-4.73746,0.202628,0.202628,3.20661,-3.49317
131.67,-4.78299,-4.78299,-0.0312615,-0.0312615,3.40419,-3.35998
131.703,-4.70417,-4.70417,-0.264452,-0.264452,3.51335,-3.13936
131.736,-4.50306,-4.50306,-0.490879,-0.490879,3.53125,-2.83704
131.769,-4.18488,-4.18488,-0.70465,-0.70465,3.45742,-2.4609
131.802,-3.75793,-3.75793,-0.900202,-0.900202,3.29379,-2.02072
131.835,-3.23329,-3.23329,-1.07244,-1.07244,3.04461,-1.52795
131.868,-2.62462,-2.62462,-1.21687,-1.21687,2.71634,-0.995426
131.901,-1.94774,-1.94774,-1.32973,-1.32973,2.31752,-0.436998
131.934,-1.22025,-1.22025,-1.40806,-1.40806,1.8585,0.132801
131.967,-0.461074,-0.461074,-1.44982,-1.44982,1.3512,0.699145
132,0.310056,0.310056,-1.45389,-1.45389,0.808811,1.2473
132.033,1.07309,1.07309,-1.42015,-1.42015,0.245411,1.76299
132.066,1.80819,1.80819,-1.34947,-1.34947,-0.324363,2.23281
132.099,2.49625,2.49625,-1.24366,-1.24366,-0.885712,2.64452
132.132,3.11938,3.11938,-1.10546,-1.10546,-1.42406,2.98742
132.165,3.66139,3.66139,-0.938448,-0.938448,-1.92541,3.25258
132.198,4.10818,4.10818,-0.746948,-0.746948,-2.37675,3.43309
132.231,4.44815,4.44815,-0.53593,-0.53593,-2.76636,3.52428
132.264,4.67246,4.67246,-0.310873,-0.310873,-3.08411,3.52375
132.297,4.77529,4.77529,-0.0776232,-0.0776232,-3.32175,3.43153
132.33,4.75396,4.75396,0.157758,0.157758,-3.47311,3.25001
132.363,4.60905,4.60905,0.389151,0.389151,-3.53426,2.98392
132.396,4.34431,4.34431,0.610537,0.610537,-3.50361,2.64018
132.429,3.96664,3.96664,0.816152,0.816152,-3.38195,2.22773
132.462,3.48587,3.48587,1.00064,1.00064,-3.17244,1.75732
132.495,2.91449,2.91449,1.1592,1.1592,-2.88054,1.24118
132.528,2.26737,2.26737,1.28769,1.28769,-2.51381,0.692738
132.561,1.56133,1.56133,1.38276,1.38276,-2.08179,0.12627
132.594,0.814732,0.814732,1.44191,1.44191,-1.59569,-0.443483
132.627,0.0469852,0.0469852,1.4636,1.4636,-1.06814,-1.0017
132.66,-0.721948,-0.721948,1.44723,1.44723,-0.512854,-1.53384
132.693,-1.47208,-1.47208,1.39323,1.39323,0.0557568,-2.02608
132.726,-2.1839,-2.1839,1.30296,1.30296,0.622919,-2.46558
132.759,-2.83892,-2.83892,1.17877,1.17877,1.1739,-2.84093
132.792,-3.4201,-3.4201,1.02387,1.02387,1.69439,-3.14236
132.825,-3.91234,-3.91234,0.842261,0.842261,2.17087,-3.36201
132.858,-4.30284,-4.30284,0.638665,0.638665,2.59096,-3.49417
132.891,-4.58146,-4.58146,0.418363,0.418363,2.94375,-3.53541
132.924,-4.74096,-4.74096,0.187076,0.187076,3.22008,-3.48465
132.957,-4.7772,-4.7772,-0.0491881,-0.0491881,3.41277,-3.34321
132.99,-4.68924,-4.68924,-0.284287,-0.284287,3.51681,-3.11477
133.023,-4.47937,-4.47937,-0.512106,-0.512106,3.52951,-2.80528
133.056,-4.15306,-4.15306,-0.726717,-0.726717,3.45052,-2.42279
133.089,-3.71879,-3.71879,-0.922534,-0.922534,3.28191,-1.97726
133.122,-3.18787,-3.18787,-1.09445,-1.09445,3.02806,-1.48027
133.155,-2.57408,-2.57408,-1.238,-1.238,2.69555,-0.944757
133.188,-1.89341,-1.89341,-1.34941,-1.34941,2.29302,-0.384663
133.221,-1.16354,-1.16354,-1.42579,-1.42579,1.83094,0.18544
133.254,-0.403457,-0.403457,-1.46513,-1.46513,1.32129,0.750718
133.287,0.367082,0.367082,-1.46639,-1.46639,0.777328,1.29646
133.32,1.12804,1.12804,-1.42951,-1.42951,0.213172,1.80847
133.353,1.85964,1.85964,-1.35545,-1.35545,-0.35652,2.27341
133.386,2.54286,2.54286,-1.2461,-1.2461,-0.916952,2.6792
133.419,3.15994,3.15994,-1.10429,-1.10429,-1.45357,3.01526
133.452,3.69484,3.69484,-0.933695,-0.933695,-1.95242,3.27287
133.485,4.13366,4.13366,-0.73874,-0.73874,-2.40057,3.4453
133.518,4.46499,4.46499,-0.52448,-0.52448,-2.78636,3.52809
133.551,4.68022,4.68022,-0.296479,-0.296479,-3.09978,3.51906
133.584,4.77377,4.77377,-0.060658,-0.060658,-3.33268,3.41846
133.617,4.74321,4.74321,0.176853,0.176853,-3.47901,3.2289
133.65,4.58934,4.58934,0.409879,0.409879,-3.53498,2.95532
133.683,4.31616,4.31616,0.632357,0.632357,-3.49913,2.60484
133.716,3.93078,3.93078,0.838498,0.838498,-3.37239,2.18657
133.749,3.44323,3.44323,1.02293,1.02293,-3.15805,1.71141
133.782,2.86618,2.86618,1.18085,1.18085,-2.86168,1.1917
133.815,2.21464,2.21464,1.30814,1.30814,-2.49099,0.640992
133.848,1.50556,1.50556,1.40148,1.40148,-2.05559,0.0735993
133.881,0.757371,0.757371,1.45841,1.45841,-1.56679,-0.495708
133.914,-0.0104756,-0.0104756,1.47744,1.47744,-1.0373,-1.05212
133.947,-0.778014,-0.778014,1.45806,1.45806,-0.480867,-1.58115
133.98,-1.52529,-1.52529,1.40076,1.40076,0.0880572,-2.06903
134.013,-2.23288,-2.23288,1.307,1.307,0.654695,-2.50307
134.046,-2.88239,-2.88239,1.17921,1.17921,1.20433,-2.87198
134.079,-3.45693,-3.45693,1.02069,1.02069,1.72268,-3.16616
134.112,-3.94157,-3.94157,0.835559,0.835559,2.19628,-3.37794
134.145,-4.32371,-4.32371,0.628606,0.628606,2.61284,-3.50182
134.178,-4.59344,-4.59344,0.405208,0.405208,2.96152,-3.53458
134.211,-4.74373,-4.74373,0.171166,0.171166,3.23329,-3.47535
134.244,-4.77068,-4.77068,-0.0674382,-0.0674382,3.42107,-3.3257
134.277,-4.67361,-4.67361,-0.304403,-0.304403,3.51999,-3.0895
134.31,-4.45504,-4.45504,-0.533565,-0.533565,3.52748,-2.7729
134.343,-4.12066,-4.12066,-0.748961,-0.748961,3.44334,-2.38415
134.376,-3.67916,-3.67916,-0.944982,-0.944982,3.26976,-1.93336
134.409,-3.14203,-3.14203,-1.11652,-1.11652,3.01125,-1.43225
134.442,-2.52325,-2.52325,-1.25911,-1.25911,2.67453,-0.893878
134.475,-1.83889,-1.83889,-1.36902,-1.36902,2.26834,-0.332243
134.508,-1.10675,-1.10675,-1.44339,-1.44339,1.80322,0.238037
134.541,-0.34588,-0.34588,-1.48025,-1.48025,1.29127,0.802123
134.574,0.423951,0.423951,-1.47864,-1.47864,0.745779,1.34534
134.607,1.18272,1.18272,-1.43858,-1.43858,0.180915,1.85354
134.64,1.91072,1.91072,-1.36108,-1.36108,-0.388647,2.31351
134.673,2.589,2.589,-1.24816,-1.24816,-0.948115,2.71328
134.706,3.19994,3.19994,-1.10272,-1.10272,-1.48296,3.04244
134.739,3.72766,3.72766,-0.928543,-0.928543,-1.97928,3.29243
134.772,4.15845,4.15845,-0.730132,-0.730132,-2.42419,3.45675
134.805,4.48111,4.48111,-0.51264,-0.51264,-2.80613,3.53111
134.838,4.68725,4.68725,-0.281714,-0.281714,-3.11518,3.51359
134.871,4.77153,4.77153,-0.0433528,-0.0433528,-3.34332,3.40463
134.904,4.73175,4.73175,0.196249,0.196249,-3.48462,3.20708
134.937,4.56895,4.56895,0.430862,0.430862,-3.5354,2.92607
134.97,4.28739,4.28739,0.654381,0.654381,-3.49436,2.56892
135.003,3.89437,3.89437,0.860989,0.860989,-3.36255,2.14492
135.036,3.40013,3.40013,1.0453,1.0453,-3.14339,1.66511
135.069,2.81751,2.81751,1.20253,1.20253,-2.84259,1.14196
135.102,2.16167,2.16167,1.32855,1.32855,-2.46796,0.589103
135.135,1.44966,1.44966,1.42008,1.42008,-2.02921,0.0209122
135.168,0.699995,0.699995,1.47473,1.47473,-1.53777,-0.547823
135.201,-0.0678324,-0.0678324,1.49106,1.49106,-1.00637,-1.1023
135.234,-0.833861,-0.833861,1.46862,1.46862,-0.448841,-1.6281
135.267,-1.57818,-1.57818,1.40797,1.40797,0.12035,-2.11153
135.3,-2.28143,-2.28143,1.31069,1.31069,0.686415,-2.54001
135.333,-2.92533,-2.92533,1.17927,1.17927,1.23465,-2.90239
135.366,-3.49316,-3.49316,1.01713,1.01713,1.75082,-3.18925
135.399,-3.97014,-3.97014,0.828456,0.828456,2.22151,-3.39312
135.432,-4.34389,-4.34389,0.618152,0.618152,2.63449,-3.50869
135.465,-4.60468,-4.60468,0.391673,0.391673,2.97905,-3.53296
135.498,-4.74576,-4.74576,0.154902,0.154902,3.24622,-3.46529
135.531,-4.76344,-4.76344,-0.0860088,-0.0860088,3.42908,-3.30745
135.564,-4.65729,-4.65729,-0.324797,-0.324797,3.52287,-3.06353
135.597,-4.43006,-4.43006,-0.555251,-0.555251,3.52515,-2.7399
135.63,-4.08767,-4.08767,-0.771375,-0.771375,3.43587,-2.34498
135.663,-3.63903,-3.63903,-0.967542,-0.967542,3.25734,-1.88903
135.696,-3.0958,-3.0958,-1.13864,-1.13864,2.9942,-1.38392
135.729,-2.47211,-2.47211,-1.28021,-1.28021,2.65329,-0.8428
135.762,-1.78418,-1.78418,-1.38855,-1.38855,2.24346,-0.279749
135.795,-1.0499,-1.0499,-1.46084,-1.46084,1.77536,0.290581
135.828,-0.288352,-0.288352,-1.49517,-1.49517,1.26114,0.85335
135.861,0.480653,0.480653,-1.49064,-1.49064,0.714168,1.39391
135.894,1.23713,1.23713,-1.44734,-1.44734,0.148643,1.8982
135.927,1.9614,1.9614,-1.36638,-1.36638,-0.420742,2.3531
135.96,2.63465,2.63465,-1.24985,-1.24985,-0.979199,2.74676
135.993,3.23937,3.23937,-1.10077,-1.10077,-1.51222,3.06895
136.026,3.75985,3.75985,-0.92299,-0.92299,-2.00596,3.31127
136.059,4.18256,4.18256,-0.721125,-0.721125,-2.4476,3.46743
136.092,4.49651,4.49651,-0.500412,-0.500412,-2.82567,3.53336
136.125,4.69354,4.69354,-0.266582,-0.266582,-3.13033,3.50734
136.158,4.76854,4.76854,-0.0257101,-0.0257101,-3.35369,3.39005
136.191,4.71957,4.71957,0.215944,0.215944,-3.48994,3.18455
136.224,4.5479,4.5479,0.452095,0.452095,-3.53553,2.89617
136.257,4.25801,4.25801,0.676601,0.676601,-3.4893,2.53244
136.29,3.85743,3.85743,0.883618,0.883618,-3.35242,2.1028
136.323,3.35658,3.35658,1.06775,1.06775,-3.12847,1.61844
136.356,2.76849,2.76849,1.22421,1.22421,-2.82326,1.09197
136.389,2.10845,2.10845,1.3489,1.3489,-2.44472,0.537084
136.422,1.39363,1.39363,1.43858,1.43858,-2.00267,-0.0317796
136.455,0.642615,0.642615,1.49088,1.49088,-1.50861,-0.599816
136.488,-0.125075,-0.125075,1.50444,1.50444,-0.975361,-1.15224
136.521,-0.889478,-0.889478,1.47889,1.47889,-0.416777,-1.67469
136.554,-1.63072,-1.63072,1.41486,1.41486,0.152633,-2.15355
136.587,-2.32953,-2.32953,1.31402,1.31402,0.718079,-2.57638
136.62,-2.96775,-2.96775,1.17895,1.17895,1.26487,-2.93216
136.653,-3.52878,-3.52878,1.01316,1.01316,1.77881,-3.21164
136.686,-3.99805,-3.99805,0.820952,0.820952,2.24655,-3.40755
136.719,-4.36335,-4.36335,0.607301,0.607301,2.65593,-3.51478
136.752,-4.6152,-4.6152,0.377759,0.377759,2.99632,-3.53055
136.785,-4.74705,-4.74705,0.138285,0.138285,3.25889,-3.45445
136.818,-4.75548,-4.75548,-0.104896,-0.104896,3.4368,-3.28846
136.851,-4.64028,-4.64028,-0.345464,-0.345464,3.52545,-3.03689
136.884,-4.40445,-4.40445,-0.57716,-0.57716,3.52253,-2.7063
136.917,-4.05412,-4.05412,-0.793955,-0.793955,3.42811,-2.30528
136.95,-3.59841,-3.59841,-0.990205,-0.990205,3.24464,-1.84428
136.983,-3.04917,-3.04917,-1.1608,-1.1608,2.97689,-1.33528
137.016,-2.42068,-2.42068,-1.30128,-1.30128,2.63183,-0.791535
137.049,-1.72929,-1.72929,-1.40799,-1.40799,2.2184,-0.227193
137.082,-0.992979,-0.992979,-1.47814,-1.47814,1.74735,0.343061
137.115,-0.230884,-0.230884,-1.50988,-1.50988,1.23091,0.904388
137.148,0.537178,0.537178,-1.50237,-1.50237,0.682497,1.44218
137.181,1.29124,1.29124,-1.45579,-1.45579,0.116359,1.94245
137.214,2.01169,2.01169,-1.37133,-1.37133,-0.452802,2.39216
137.247,2.67982,2.67982,-1.25118,-1.25118,-1.0102,2.77963
137.28,3.27824,3.27824,-1.09842,-1.09842,-1.54136,3.09477
137.313,3.7914,3.7914,-0.917036,-0.917036,-2.03248,3.32937
137.346,4.20598,4.20598,-0.711718,-0.711718,-2.47081,3.47733
137.379,4.51118,4.51118,-0.487795,-0.487795,-2.84497,3.53481
137.412,4.6991,4.6991,-0.251084,-0.251084,-3.14522,3.50031
137.445,4.76483,4.76483,-0.0077331,-0.0077331,-3.36378,3.37471
137.478,4.70669,4.70669,0.235932,0.235932,-3.49496,3.1613
137.511,4.52619,4.52619,0.473575,0.473575,-3.53537,2.86563
137.544,4.22802,4.22802,0.699013,0.699013,-3.48394,2.49539
137.577,3.81995,3.81995,0.906379,0.906379,-3.34202,2.06021
137.61,3.31259,3.31259,1.09027,1.09027,-3.11329,1.57142
137.643,2.71913,2.71913,1.2459,1.2459,-2.8037,1.04174
137.676,2.05501,2.05501,1.36919,1.36919,-2.42128,0.484946
137.709,1.33749,1.33749,1.45694,1.45694,-1.97597,-0.0844643
137.742,0.585239,0.585239,1.50685,1.50685,-1.47933,-0.651676
137.775,-0.182195,-0.182195,1.51759,1.51759,-0.944267,-1.20193
137.808,-0.944857,-0.944857,1.48887,1.48887,-0.384678,-1.72091
137.841,-1.68292,-1.68292,1.42142,1.42142,0.184904,-2.1951
137.874,-2.37719,-2.37719,1.31698,1.31698,0.749682,-2.61218
137.907,-3.00963,-3.00963,1.17824,1.17824,1.29499,-2.96127
137.94,-3.5638,-3.5638,1.0088,1.0088,1.80666,-3.23331
137.973,-4.02529,-4.02529,0.813045,0.813045,2.2714,-3.42122
138.006,-4.3821,-4.3821,0.596056,0.596056,2.67714,-3.52009
138.039,-4.62498,-4.62498,0.363467,0.363467,3.01335,-3.52737
138.072,-4.74761,-4.74761,0.121318,0.121318,3.27128,-3.44285
138.105,-4.7468,-4.7468,-0.124097,-0.124097,3.44424,-3.26874
138.138,-4.62258,-4.62258,-0.366399,-0.366399,3.52774,-3.00958
138.171,-4.3782,-4.3782,-0.599285,-0.599285,3.51961,-2.67209
138.204,-4.02,-4.02,-0.816695,-0.816695,3.42006,-2.26508
138.237,-3.55731,-3.55731,-1.01297,-1.01297,3.23167,-1.79912
138.27,-3.00215,-3.00215,-1.18299,-1.18299,2.95934,-1.28634
138.303,-2.36898,-2.36898,-1.32232,-1.32232,2.61014,-0.740094
138.336,-1.67424,-1.67424,-1.42734,-1.42734,2.19315,-0.174586
138.369,-0.936013,-0.936013,-1.49529,-1.49529,1.71919,0.395465
138.402,-0.173486,-0.173486,-1.52438,-1.52438,1.20057,0.955225
138.435,0.593516,0.593516,-1.51384,-1.51384,0.65077,1.49013
138.468,1.34505,1.34505,-1.46394,-1.46394,0.0840647,1.98626
138.501,2.06158,2.06158,-1.37594,-1.37594,-0.484824,2.43069
138.534,2.72448,2.72448,-1.25212,-1.25212,-1.04112,2.81188
138.567,3.31652,3.31652,-1.09568,-1.09568,-1.57037,3.1199
138.6,3.82231,3.82231,-0.910679,-0.910679,-2.05883,3.34673
138.633,4.2287,4.2287,-0.70191,-0.70191,-2.49382,3.48647
138.666,4.52514,4.52514,-0.474791,-0.474791,-2.86403,3.53548
138.699,4.70392,4.70392,-0.235222,-0.235222,-3.15984,3.4925
138.732,4.76039,4.76039,0.0105754,0.0105754,-3.37358,3.35863
138.765,4.69311,4.69311,0.256211,0.256211,-3.4997,3.13736
138.798,4.50382,4.50382,0.495296,0.495296,-3.53491,2.83445
138.831,4.19744,4.19744,0.721612,0.721612,-3.4783,2.45778
138.864,3.78196,3.78196,0.929266,0.929266,-3.33134,2.01716
138.897,3.26817,3.26817,1.11285,1.11285,-3.09785,1.52404
138.93,2.66945,2.66945,1.26758,1.26758,-2.7839,0.991269
138.963,2.00135,2.00135,1.38942,1.38942,-2.39764,0.432699
138.996,1.28125,1.28125,1.47518,1.47518,-1.94909,-0.13713
139.029,0.527879,0.527879,1.52262,1.52262,-1.44992,-0.703391
139.062,-0.239182,-0.239182,1.53049,1.53049,-0.913094,-1.25135
139.095,-0.999988,-0.999988,1.49856,1.49856,-0.352547,-1.76674
139.128,-1.73476,-1.73476,1.42765,1.42765,0.217159,-2.23616
139.161,-2.4244,-2.4244,1.31958,1.31958,0.781223,-2.64739
139.194,-3.05097,-3.05097,1.17715,1.17715,1.325,-2.98973
139.227,-3.5982,-3.5982,1.00403,1.00403,1.83435,-3.25427
139.26,-4.05185,-4.05185,0.804734,0.804734,2.29606,-3.43413
139.293,-4.40015,-4.40015,0.584416,0.584416,2.69813,-3.52462
139.326,-4.63403,-4.63403,0.348799,0.348799,3.03012,-3.52339
139.359,-4.74743,-4.74743,0.104004,0.104004,3.2834,-3.43048
139.392,-4.7374,-4.7374,-0.143608,-0.143608,3.45139,-3.2483
139.425,-4.60421,-4.60421,-0.387599,-0.387599,3.52974,-2.98159
139.458,-4.35132,-4.35132,-0.621623,-0.621623,3.5164,-2.63729
139.491,-3.98532,-3.98532,-0.839588,-0.839588,3.41173,-2.22437
139.524,-3.51573,-3.51573,-1.03582,-1.03582,3.21843,-1.75356
139.557,-2.95476,-2.95476,-1.20521,-1.20521,2.94154,-1.23712
139.59,-2.317,-2.317,-1.34333,-1.34333,2.58824,-0.688489
139.623,-1.61903,-1.61903,-1.44658,-1.44658,2.16772,-0.121941
139.656,-0.879008,-0.879008,-1.51227,-1.51227,1.69089,0.447781
139.689,-0.116166,-0.116166,-1.53865,-1.53865,1.17013,1.00585
139.722,0.649659,0.649659,-1.52504,-1.52504,0.618988,1.53774
139.755,1.39856,1.39856,-1.47176,-1.47176,0.0517635,2.02962
139.788,2.11106,2.11106,-1.38019,-1.38019,-0.516805,2.46869
139.821,2.76865,2.76865,-1.25268,-1.25268,-1.07195,2.84351
139.854,3.35422,3.35422,-1.09254,-1.09254,-1.59925,3.14434
139.887,3.85257,3.85257,-0.903918,-0.903918,-2.08501,3.36335
139.92,4.25073,4.25073,-0.691702,-0.691702,-2.51662,3.49483
139.953,4.53837,4.53837,-0.461402,-0.461402,-2.88285,3.53537
139.986,4.708,4.708,-0.218997,-0.218997,-3.1742,3.48391
140.019,4.75523,4.75523,0.0292121,0.0292121,-3.38311,3.3418
140.052,4.67883,4.67883,0.276775,0.276775,-3.50414,3.11272
140.085,4.48079,4.48079,0.517254,0.517254,-3.53415,2.80264
140.118,4.16627,4.16627,0.744391,0.744391,-3.47236,2.41963
140.151,3.74345,3.74345,0.952274,0.952274,-3.32038,1.97366
140.184,3.22334,3.22334,1.13549,1.13549,-3.08215,1.47633
140.217,2.61944,2.61944,1.28926,1.28926,-2.76387,0.940582
140.25,1.94748,1.94748,1.40957,1.40957,-2.37379,0.380357
140.283,1.22492,1.22492,1.49329,1.49329,-1.92206,-0.189766
140.316,0.470543,0.470543,1.5382,1.5382,-1.4204,-0.75495
140.349,-0.296026,-0.296026,1.54314,1.54314,-0.881845,-1.30049
140.382,-1.05486,-1.05486,1.50796,1.50796,-0.320386,-1.81219
140.415,-1.78624,-1.78624,1.43354,1.43354,0.249395,-2.27673
140.448,-2.47114,-2.47114,1.32181,1.32181,0.812699,-2.68202
140.481,-3.09177,-3.09177,1.17566,1.17566,1.35489,-3.01752
140.514,-3.63198,-3.63198,0.998867,0.998867,1.86189,-3.2745
140.547,-4.07775,-4.07775,0.79602,0.79602,2.32053,-3.44627
140.58,-4.41748,-4.41748,0.572381,0.572381,2.7189,-3.52837
140.613,-4.64235,-4.64235,0.333756,0.333756,3.04664,-3.51864
140.646,-4.74652,-4.74652,0.086344,0.086344,3.29524,-3.41735
140.679,-4.72729,-4.72729,-0.163426,-0.163426,3.45826,-3.22714
140.712,-4.58515,-4.58515,-0.409059,-0.409059,3.53144,-2.95294
140.745,-4.32382,-4.32382,-0.644167,-0.644167,3.5129,-2.60191
140.778,-3.95009,-3.95009,-0.86263,-0.86263,3.40311,-2.18317
140.811,-3.47369,-3.47369,-1.05876,-1.05876,3.20493,-1.70761
140.844,-2.907,-2.907,-1.22745,-1.22745,2.92349,-1.18762
140.877,-2.26476,-2.26476,-1.36429,-1.36429,2.56613,-0.636731
140.91,-1.56368,-1.56368,-1.46572,-1.46572,2.14211,-0.0692682
140.943,-0.821973,-0.821973,-1.52908,-1.52908,1.66244,0.499997
140.976,-0.0589355,-0.0589355,-1.5527,-1.5527,1.1396,1.05625
141.009,0.705597,0.705597,-1.53596,-1.53596,0.587154,1.58502
141.042,1.45175,1.45175,-1.47927,-1.47927,0.019458,2.07254
141.075,2.16012,2.16012,-1.38408,-1.38408,-0.548743,2.50613
141.108,2.8123,2.8123,-1.25286,-1.25286,-1.10269,2.87451
141.141,3.39134,3.39134,-1.089,-1.089,-1.628,3.16808
141.174,3.88218,3.88218,-0.896752,-0.896752,-2.11102,3.37922
141.207,4.27207,4.27207,-0.681094,-0.681094,-2.5392,3.50241
141.24,4.55087,4.55087,-0.447626,-0.447626,-2.90143,3.53447
141.273,4.71135,4.71135,-0.202413,-0.202413,-3.1883,3.47456
141.306,4.74934,4.74934,0.048174,0.048174,-3.39235,3.32422
141.339,4.66385,4.66385,0.297622,0.297622,-3.50829,3.08739
141.372,4.45711,4.45711,0.539443,0.539443,-3.5331,2.77021
141.405,4.13451,4.13451,0.767345,0.767345,-3.46614,2.38095
141.438,3.70444,3.70444,0.975396,0.975396,-3.30914,1.92973
141.471,3.17808,3.17808,1.15818,1.15818,-3.0662,1.42829
141.504,2.56913,2.56913,1.31092,1.31092,-2.74361,0.889686
141.537,1.89341,1.89341,1.42964,1.42964,-2.34975,0.32793
141.57,1.1685,1.1685,1.51124,1.51124,-1.89486,-0.242359
141.603,0.413243,0.413243,1.55358,1.55358,-1.39075,-0.806342
141.636,-0.352718,-0.352718,1.55554,1.55554,-0.850523,-1.34934
141.669,-1.10947,-1.10947,1.51705,1.51705,-0.288199,-1.85723
141.702,-1.83734,-1.83734,1.43909,1.43909,0.281611,-2.31679
141.735,-2.51741,-2.51741,1.32367,1.32367,0.844107,-2.71606
141.768,-3.132,-3.132,1.17378,1.17378,1.38468,-3.04465
141.801,-3.66514,-3.66514,0.993295,0.993295,1.88928,-3.29401
141.834,-4.10296,-4.10296,0.786902,0.786902,2.34481,-3.45766
141.867,-4.4341,-4.4341,0.559953,0.559953,2.73943,-3.53133
141.9,-4.64994,-4.64994,0.318341,0.318341,3.0629,-3.5131
141.933,-4.74488,-4.74488,0.0683423,0.0683423,3.30681,-3.40346
141.966,-4.71646,-4.71646,-0.183546,-0.183546,3.46483,-3.20526
141.999,-4.56543,-4.56543,-0.430775,-0.430775,3.53285,-2.92364
142.032,-4.29571,-4.29571,-0.666912,-0.666912,3.5091,-2.56595
142.065,-3.91432,-3.91432,-0.885813,-0.885813,3.39421,-2.14148
142.098,-3.43119,-3.43119,-1.08178,-1.08178,3.19115,-1.66129
142.131,-2.85888,-2.85888,-1.2497,-1.2497,2.9052,-1.13786
142.164,-2.21227,-2.21227,-1.3852,-1.3852,2.5438,-0.584831
142.197,-1.50818,-1.50818,-1.48474,-1.48474,2.11631,-0.0165803
142.23,-0.764919,-0.764919,-1.54571,-1.54571,1.63386,0.552102
142.263,-0.00180355,-0.00180355,-1.56651,-1.56651,1.10897,1.10642
142.296,0.761321,0.761321,-1.54659,-1.54659,0.555271,1.63194
142.329,1.50462,1.50462,-1.48644,-1.48644,-0.0128491,2.115
142.362,2.20876,2.20876,-1.38762,-1.38762,-0.580636,2.54302
142.395,2.85544,2.85544,-1.25266,-1.25266,-1.13334,2.90487
142.428,3.42786,3.42786,-1.08506,-1.08506,-1.65661,3.19112
142.461,3.91113,3.91113,-0.88918,-0.88918,-2.13684,3.39433
142.494,4.2927,4.2927,-0.670085,-0.670085,-2.56158,3.50922
142.527,4.56265,4.56265,-0.433468,-0.433468,-2.91977,3.53279
142.56,4.71397,4.71397,-0.185472,-0.185472,-3.20213,3.46443
142.593,4.74272,4.74272,0.0674577,0.0674577,-3.40131,3.30591
142.626,4.64818,4.64818,0.318746,0.318746,-3.51215,3.06137
142.659,4.43279,4.43279,0.561858,0.561858,-3.53175,2.73716
142.692,4.10218,4.10218,0.790468,0.790468,-3.45962,2.34173
142.725,3.66493,3.66493,0.998625,0.998625,-3.29763,1.88536
142.758,3.13242,3.13242,1.18091,1.18091,-3.04998,1.37993
142.791,2.51851,2.51851,1.33256,1.33256,-2.72312,0.838592
142.824,1.83915,1.83915,1.44963,1.44963,-2.32551,0.275431
142.857,1.112,1.112,1.52905,1.52905,-1.86751,-0.294899
142.89,0.355986,0.355986,1.56875,1.56875,-1.36099,-0.857554
142.923,-0.409248,-0.409248,1.56767,1.56767,-0.819129,-1.39789
142.956,-1.16381,-1.16381,1.52583,1.52583,-0.255987,-1.90186
142.989,-1.88807,-1.88807,1.44428,1.44428,0.313804,-2.35633
143.022,-2.56321,-2.56321,1.32515,1.32515,0.875444,-2.74949
143.055,-3.17168,-3.17168,1.1715,1.1715,1.41434,-3.07109
143.088,-3.69767,-3.69767,0.987317,0.987317,1.91651,-3.31279
143.121,-4.1275,-4.1275,0.777379,0.777379,2.36889,-3.46827
143.154,-4.45,-4.45,0.547132,0.547132,2.75974,-3.5335
143.187,-4.65679,-4.65679,0.302555,0.302555,3.07891,-3.50679
143.22,-4.74251,-4.74251,0.0500013,0.0500013,3.31811,-3.38882
143.253,-4.70493,-4.70493,-0.203965,-0.203965,3.47111,-3.18266
143.286,-4.54503,-4.54503,-0.452741,-0.452741,3.53396,-2.89369
143.319,-4.26698,-4.26698,-0.689853,-0.689853,3.50501,-2.52941
143.352,-3.87801,-3.87801,-0.909133,-0.909133,3.38502,-2.09932
143.385,-3.38824,-3.38824,-1.10487,-1.10487,3.17711,-1.61459
143.418,-2.81041,-2.81041,-1.27196,-1.27196,2.88667,-1.08785
143.451,-2.15954,-2.15954,-1.40605,-1.40605,2.52125,-0.532802
143.484,-1.45256,-1.45256,-1.50363,-1.50363,2.09035,0.0361113
143.517,-0.707854,-0.707854,-1.56216,-1.56216,1.60514,0.604085
143.55,0.0552201,0.0552201,-1.58009,-1.58009,1.07825,1.15634
143.583,0.816822,0.816822,-1.55694,-1.55694,0.523342,1.6785
143.616,1.55715,1.55715,-1.49329,-1.49329,-0.0451552,2.15699
143.649,2.25696,2.25696,-1.39078,-1.39078,-0.61248,2.57934
143.682,2.89806,2.89806,-1.25206,-1.25206,-1.1639,2.93458
143.715,3.46378,3.46378,-1.08072,-1.08072,-1.68508,3.21345
143.748,3.93943,3.93943,-0.881201,-0.881201,-2.16249,3.4087
143.781,4.31263,4.31263,-0.658677,-0.658677,-2.58374,3.51525
143.814,4.5737,4.5737,-0.418926,-0.418926,-2.93787,3.53032
143.847,4.71585,4.71585,-0.168175,-0.168175,-3.21569,3.45353
143.88,4.73539,4.73539,0.0870598,0.0870598,-3.40999,3.28687
143.913,4.63182,4.63182,0.340144,0.340144,-3.51571,3.03467
143.946,4.40784,4.40784,0.584495,0.584495,-3.53011,2.70351
143.979,4.06927,4.06927,0.813755,0.813755,-3.45282,2.302
144.012,3.62493,3.62493,1.02196,1.02196,-3.28584,1.84058
144.045,3.08637,3.08637,1.20367,1.20367,-3.03352,1.33127
144.078,2.4676,2.4676,1.35417,1.35417,-2.7024,0.787312
144.111,1.7847,1.7847,1.46952,1.46952,-2.30108,0.22287
144.144,1.05545,1.05545,1.5467,1.5467,-1.84,-0.347372
144.177,0.298785,0.298785,1.5837,1.5837,-1.33112,-0.908575
144.21,-0.465607,-0.465607,1.57954,1.57954,-0.787667,-1.44614
144.243,-1.21786,-1.21786,1.53429,1.53429,-0.223755,-1.94606
144.276,-1.93841,-1.93841,1.44913,1.44913,0.34597,-2.39535
144.309,-2.60853,-2.60853,1.32625,1.32625,0.906708,-2.78231
144.342,-3.2108,-3.2108,1.16882,1.16882,1.44389,-3.09686
144.375,-3.72956,-3.72956,0.980932,0.980932,1.94358,-3.33082
144.408,-4.15135,-4.15135,0.767451,0.767451,2.39277,-3.47811
144.441,-4.46518,-4.46518,0.533919,0.533919,2.77982,-3.5349
144.474,-4.66291,-4.66291,0.2864,0.2864,3.09466,-3.49969
144.507,-4.73941,-4.73941,0.031324,0.031324,3.32912,-3.37342
144.54,-4.69269,-4.69269,-0.224679,-0.224679,3.47711,-3.15936
144.573,-4.52398,-4.52398,-0.474952,-0.474952,3.53478,-2.86309
144.606,-4.23765,-4.23765,-0.712985,-0.712985,3.50063,-2.49232
144.639,-3.84118,-3.84118,-0.932582,-0.932582,3.37556,-2.05669
144.672,-3.34486,-3.34486,-1.12802,-1.12802,3.1628,-1.56754
144.705,-2.7616,-2.7616,-1.29422,-1.29422,2.8679,-1.0376
144.738,-2.10658,-2.10658,-1.42683,-1.42683,2.4985,-0.480654
144.771,-1.39682,-1.39682,-1.5224,-1.5224,2.0642,0.0887949
144.804,-0.65079,-0.65079,-1.57842,-1.57842,1.57629,0.655933
144.837,0.112126,0.112126,-1.59342,-1.59342,1.04743,1.206
144.87,0.872089,0.872089,-1.56699,-1.56699,0.491369,1.72469
144.903,1.60934,1.60934,-1.4998,-1.4998,-0.0774575,2.1985
144.936,2.30472,2.30472,-1.39358,-1.39358,-0.644272,2.61509
144.969,2.94014,2.94014,-1.25107,-1.25107,-1.19435,2.96364
145.002,3.4991,3.4991,-1.07597,-1.07597,-1.71341,3.23506
145.035,3.96706,3.96706,-0.872814,-0.872814,-2.18796,3.42231
145.068,4.33186,4.33186,-0.646869,-0.646869,-2.60568,3.52049
145.101,4.58402,4.58402,-0.404004,-0.404004,-2.95572,3.52707
145.134,4.717,4.717,-0.150526,-0.150526,-3.22898,3.44186
145.167,4.72734,4.72734,0.106977,0.106977,-3.41838,3.26709
145.2,4.61478,4.61478,0.361811,0.361811,-3.51898,3.0073
145.233,4.38224,4.38224,0.607348,0.607348,-3.52818,2.66925
145.266,4.0358,4.0358,0.8372,0.8372,-3.44573,2.26175
145.299,3.58444,3.58444,1.04538,1.04538,-3.27378,1.79539
145.332,3.03993,3.03993,1.22647,1.22647,-3.0168,1.28231
145.365,2.4164,2.4164,1.37574,1.37574,-2.68145,0.735858
145.398,1.73009,1.73009,1.48931,1.48931,-2.27646,0.170259
145.431,0.998834,0.998834,1.56419,1.56419,-1.81233,-0.399769
145.464,0.241647,0.241647,1.59844,1.59844,-1.30114,-0.959395
145.497,-0.521785,-0.521785,1.59113,1.59113,-0.75614,-1.49406
145.53,-1.27161,-1.27161,1.54244,1.54244,-0.191503,-1.98984
145.563,-1.98835,-1.98835,1.45362,1.45362,0.378107,-2.43384
145.596,-2.65335,-2.65335,1.32696,1.32696,0.937896,-2.81451
145.629,-3.24934,-3.24934,1.16574,1.16574,1.47332,-3.12193
145.662,-3.76082,-3.76082,0.974139,0.974139,1.97048,-3.34812
145.695,-4.17451,-4.17451,0.757119,0.757119,2.41646,-3.48719
145.728,-4.47964,-4.47964,0.520315,0.520315,2.79967,-3.5355
145.761,-4.6683,-4.6683,0.269878,0.269878,3.11016,-3.49182
145.794,-4.73559,-4.73559,0.0123134,0.0123134,3.33986,-3.35727
145.827,-4.67975,-4.67975,-0.245684,-0.245684,3.48281,-3.13536
145.86,-4.50226,-4.50226,-0.497405,-0.497405,3.5353,-2.83186
145.893,-4.20773,-4.20773,-0.736301,-0.736301,3.49596,-2.45467
145.926,-3.80382,-3.80382,-0.956155,-0.956155,3.36581,-2.0136
145.959,-3.30103,-3.30103,-1.15124,-1.15124,3.14823,-1.52013
145.992,-2.71246,-2.71246,-1.31647,-1.31647,2.84888,-0.98711
146.025,-2.05339,-2.05339,-1.44754,-1.44754,2.47554,-0.4284
146.058,-1.34098,-1.34098,-1.54103,-1.54103,2.03789,0.141459
146.091,-0.593736,-0.593736,-1.59448,-1.59448,1.54731,0.707636
146.124,0.168904,0.168904,-1.6065,-1.6065,1.01653,1.2554
146.157,0.927115,0.927115,-1.57674,-1.57674,0.459356,1.77049
146.19,1.66118,1.66118,-1.50597,-1.50597,-0.109753,2.23952
146.223,2.35203,2.35203,-1.39601,-1.39601,-0.676011,2.65026
146.256,2.98169,2.98169,-1.24969,-1.24969,-1.22471,2.99204
146.289,3.53381,3.53381,-1.07082,-1.07082,-1.7416,3.25596
146.322,3.99402,3.99402,-0.864019,-0.864019,-2.21325,3.43515
146.355,4.35038,4.35038,-0.634662,-0.634662,-2.62741,3.52496
146.388,4.59362,4.59362,-0.388702,-0.388702,-2.97332,3.52303
146.421,4.71742,4.71742,-0.132528,-0.132528,-3.24201,3.42943
146.454,4.71857,4.71857,0.127205,0.127205,-3.42648,3.24659
146.487,4.59705,4.59705,0.383742,0.383742,-3.52195,2.97926
146.52,4.35603,4.35603,0.630412,0.630412,-3.52594,2.63441
146.553,4.00176,4.00176,0.860796,0.860796,-3.43835,2.221
146.586,3.54348,3.54348,1.0689,1.0689,-3.26144,1.7498
146.619,2.9931,2.9931,1.24929,1.24929,-2.99982,1.23306
146.652,2.36494,2.36494,1.39728,1.39728,-2.66028,0.68424
146.685,1.67532,1.67532,1.50899,1.50899,-2.25165,0.117611
146.718,0.942179,0.942179,1.58151,1.58151,-1.78452,-0.452077
146.751,0.184583,0.184583,1.61294,1.61294,-1.27104,-1.01
146.784,-0.577774,-0.577774,1.60244,1.60244,-0.724549,-1.54164
146.817,-1.32507,-1.32507,1.55026,1.55026,-0.159236,-2.03317
146.85,-2.03788,-2.03788,1.45775,1.45775,0.410213,-2.47179
146.883,-2.69768,-2.69768,1.32729,1.32729,0.969007,-2.84608
146.916,-3.2873,-3.2873,1.16226,1.16226,1.50263,-3.14632
146.949,-3.79144,-3.79144,0.966936,0.966936,1.99722,-3.36468
146.982,-4.19698,-4.19698,0.746381,0.746381,2.43994,-3.49548
147.015,-4.49339,-4.49339,0.506321,0.506321,2.81928,-3.53533
147.048,-4.67296,-4.67296,0.252991,0.252991,3.12539,-3.48317
147.081,-4.73104,-4.73104,-0.00702729,-0.00702729,3.35032,-3.34038
147.114,-4.66612,-4.66612,-0.266975,-0.266975,3.48822,-3.11066
147.147,-4.47989,-4.47989,-0.520093,-0.520093,3.53552,-2.8
147.18,-4.17721,-4.17721,-0.759796,-0.759796,3.49099,-2.41647
147.213,-3.76594,-3.76594,-0.979845,-0.979845,3.35578,-1.97007
147.246,-3.25679,-3.25679,-1.17451,-1.17451,3.1334,-1.47239
147.279,-2.66299,-2.66299,-1.33871,-1.33871,2.82963,-0.936405
147.312,-1.99999,-1.99999,-1.46818,-1.46818,2.45237,-0.37605
147.345,-1.28503,-1.28503,-1.55952,-1.55952,2.0114,0.194091
147.378,-0.536702,-0.536702,-1.61035,-1.61035,1.51819,0.759182
147.411,0.225545,0.225545,-1.61932,-1.61932,0.985548,1.30452
147.444,0.98189,0.98189,-1.58619,-1.58619,0.427303,1.81591
147.477,1.71267,1.71267,-1.51179,-1.51179,-0.14204,2.28004
147.51,2.39889,2.39889,-1.39806,-1.39806,-0.707694,2.68484
147.543,3.0227,3.0227,-1.24791,-1.24791,-1.25497,3.01978
147.576,3.5679,3.5679,-1.06525,-1.06525,-1.76964,3.27614
147.609,4.02032,4.02032,-0.854815,-0.854815,-2.23835,3.44724
147.642,4.36819,4.36819,-0.622057,-0.622057,-2.64892,3.52864
147.675,4.60248,4.60248,-0.373023,-0.373023,-2.99068,3.51821
147.708,4.71711,4.71711,-0.114181,-0.114181,-3.25476,3.41624
147.741,4.70909,4.70909,0.147741,0.147741,-3.4343,3.22536
147.774,4.57865,4.57865,0.405934,0.405934,-3.52464,2.95056
147.807,4.32919,4.32919,0.653682,0.653682,-3.52342,2.59897
147.84,3.96718,3.96718,0.884538,0.884538,-3.43068,2.17976
147.873,3.50206,3.50206,1.09249,1.09249,-3.24884,1.70382
147.906,2.94591,2.94591,1.27213,1.27213,-2.9826,1.18354
147.939,2.3132,2.3132,1.41876,1.41876,-2.63889,0.632469
147.972,1.62039,1.62039,1.52856,1.52856,-2.22664,0.0649371
148.005,0.885489,0.885489,1.59866,1.59866,-1.75656,-0.504285
148.038,0.127602,0.127602,1.62721,1.62721,-1.24084,-1.06038
148.071,-0.633563,-0.633563,1.61347,1.61347,-0.692897,-1.58889
148.104,-1.37822,-1.37822,1.55776,1.55776,-0.126955,-2.07605
148.137,-2.087,-2.087,1.46152,1.46152,0.442284,-2.50919
148.17,-2.7415,-2.7415,1.32723,1.32723,1.00004,-2.87703
148.203,-3.32468,-3.32468,1.15838,1.15838,1.53181,-3.17
148.236,-3.82141,-3.82141,0.959323,0.959323,2.0238,-3.38049
148.269,-4.21876,-4.21876,0.735238,0.735238,2.46322,-3.503
148.302,-4.50641,-4.50641,0.491938,0.491938,2.83866,-3.53436
148.335,-4.67689,-4.67689,0.235742,0.235742,3.14036,-3.47375
148.368,-4.72577,-4.72577,-0.0266948,-0.0266948,3.3605,-3.32275
148.401,-4.65179,-4.65179,-0.28855,-0.28855,3.49335,-3.08527
148.434,-4.45687,-4.45687,-0.543013,-0.543013,3.53545,-2.76752
148.467,-4.1461,-4.1461,-0.783465,-0.783465,3.48573,-2.37774
148.5,-3.72756,-3.72756,-1.00365,-1.00365,3.34547,-1.9261
148.533,-3.21213,-3.21213,-1.19782,-1.19782,3.1183,-1.42433
148.566,-2.61321,-2.61321,-1.36094,-1.36094,2.81015,-0.885493
148.599,-1.94639,-1.94639,-1.48873,-1.48873,2.42899,-0.323617
148.632,-1.229,-1.229,-1.57786,-1.57786,1.98475,0.246681
148.665,-0.479697,-0.479697,-1.626,-1.626,1.48895,0.810559
148.698,0.282039,0.282039,-1.63188,-1.63188,0.95448,1.35334
148.731,1.0364,1.0364,-1.59532,-1.59532,0.395216,1.86091
148.764,1.76379,1.76379,-1.51727,-1.51727,-0.174315,2.32006
148.797,2.44528,2.44528,-1.39972,-1.39972,-0.739317,2.71883
148.83,3.06316,3.06316,-1.24573,-1.24573,-1.28512,3.04685
148.863,3.60138,3.60138,-1.05928,-1.05928,-1.79753,3.29558
148.896,4.04594,4.04594,-0.845202,-0.845202,-2.26326,3.45856
148.929,4.38529,4.38529,-0.609054,-0.609054,-2.6702,3.53154
148.962,4.61062,4.61062,-0.356967,-0.356967,-3.00779,3.51261
148.995,4.71607,4.71607,-0.0954908,-0.0954908,-3.26724,3.40229
149.028,4.69891,4.69891,0.16858,0.16858,-3.44183,3.20342
149.061,4.55958,4.55958,0.428381,0.428381,-3.52702,2.9212
149.094,4.30173,4.30173,0.677152,0.677152,-3.5206,2.56296
149.127,3.93205,3.93205,0.90842,0.90842,-3.42273,2.13803
149.16,3.46017,3.46017,1.11616,1.11616,-3.23596,1.65746
149.193,2.89835,2.89835,1.29497,1.29497,-2.96513,1.13376
149.226,2.26122,2.26122,1.44018,1.44018,-2.61728,0.580559
149.259,1.56532,1.56532,1.548,1.548,-2.20146,0.0122484
149.292,0.828774,0.828774,1.61562,1.61562,-1.72844,-0.556381
149.325,0.0707154,0.0707154,1.64124,1.64124,-1.21054,-1.11053
149.358,-0.689143,-0.689143,1.6242,1.6242,-0.661188,-1.63578
149.391,-1.43105,-1.43105,1.56492,1.56492,-0.094664,-2.11847
149.424,-2.13571,-2.13571,1.46492,1.46492,0.474319,-2.54603
149.457,-2.78481,-2.78481,1.32678,1.32678,1.03098,-2.90733
149.49,-3.36148,-3.36148,1.15408,1.15408,1.56086,-3.19298
149.523,-3.85073,-3.85073,0.951298,0.951298,2.05021,-3.39554
149.556,-4.23984,-4.23984,0.723691,0.723691,2.48629,-3.50975
149.589,-4.5187,-4.5187,0.477168,0.477168,2.8578,-3.53262
149.622,-4.68008,-4.68008,0.218132,0.218132,3.15507,-3.46356
149.655,-4.71978,-4.71978,-0.0466857,-0.0466857,3.3704,-3.30437
149.688,-4.63677,-4.63677,-0.310402,-0.310402,3.49818,-3.0592
149.721,-4.43321,-4.43321,-0.566159,-0.566159,3.53509,-2.73442
149.754,-4.11442,-4.11442,-0.807301,-0.807301,3.48018,-2.33849
149.787,-3.68867,-3.68867,-1.02755,-1.02755,3.33488,-1.8817
149.82,-3.16705,-3.16705,-1.22118,-1.22118,3.10295,-1.37594
149.853,-2.56313,-2.56313,-1.38313,-1.38313,2.79042,-0.834383
149.886,-1.89259,-1.89259,-1.50918,-1.50918,2.40542,-0.271112
149.919,-1.17289,-1.17289,-1.59604,-1.59604,1.95793,0.299215
149.952,-0.422732,-0.422732,-1.64144,-1.64144,1.45959,0.861756
149.985,0.338377,0.338377,-1.64417,-1.64417,0.923333,1.40187
150.018,1.09065,1.09065,-1.60414,-1.60414,0.363095,1.90551
150.051,1.81453,1.81453,-1.52239,-1.52239,-0.206575,2.35956
150.084,2.4912,2.4912,-1.40101,-1.40101,-0.770879,2.75221
150.117,3.10307,3.10307,-1.24315,-1.24315,-1.31516,3.07324
150.15,3.63423,3.63423,-1.05289,-1.05289,-1.82528,3.3143
150.183,4.07088,4.07088,-0.835179,-0.835179,-2.28799,3.46911
150.216,4.40168,4.40168,-0.595654,-0.595654,-2.69127,3.53365
150.249,4.61803,4.61803,-0.340538,-0.340538,-3.02464,3.50623
150.282,4.7143,4.7143,-0.0764588,-0.0764588,-3.27945,3.38758
150.315,4.68801,4.68801,0.18972,0.18972,-3.44908,3.18077
150.348,4.53985,4.53985,0.451078,0.451078,-3.52912,2.8912
150.381,4.27366,4.27366,0.700816,0.700816,-3.51749,2.52638
150.414,3.89639,3.89639,0.932436,0.932436,-3.41449,2.09583
150.447,3.41783,3.41783,1.13991,1.13991,-3.22281,1.61074
150.48,2.85044,2.85044,1.31782,1.31782,-2.94741,1.08373
150.513,2.20898,2.20898,1.46154,1.46154,-2.59545,0.528519
150.546,1.51013,1.51013,1.56732,1.56732,-2.17608,-0.040443
150.579,0.772045,0.772045,1.63239,1.63239,-1.70019,-0.608353
150.612,0.0139313,0.0139313,1.65503,1.65503,-1.18013,-1.16043
150.645,-0.744506,-0.744506,1.63465,1.63465,-0.629424,-1.68231
150.678,-1.48355,-1.48355,1.57174,1.57174,-0.0623648,-2.16042
150.711,-2.18398,-2.18398,1.46795,1.46795,0.506314,-2.5823
150.744,-2.8276,-2.8276,1.32593,1.32593,1.06184,-2.93699
150.777,-3.39768,-3.39768,1.14938,1.14938,1.58979,-3.21525
150.81,-3.87939,-3.87939,0.942861,0.942861,2.07644,-3.40985
150.843,-4.26022,-4.26022,0.711739,0.711739,2.50916,-3.51571
150.876,-4.53028,-4.53028,0.462012,0.462012,2.8767,-3.53008
150.909,-4.68254,-4.68254,0.200165,0.200165,3.16952,-3.4526
150.942,-4.71307,-4.71307,-0.0669967,-0.0669967,3.38001,-3.28527
150.975,-4.62106,-4.62106,-0.332529,-0.332529,3.50271,-3.03245
151.008,-4.40892,-4.40892,-0.589525,-0.589525,3.53443,-2.70072
151.041,-4.08216,-4.08216,-0.8313,-0.8313,3.47434,-2.29871
151.074,-3.6493,-3.6493,-1.05156,-1.05156,3.32401,-1.83688
151.107,-3.12159,-3.12159,-1.24457,-1.24457,3.08733,-1.32725
151.14,-2.51274,-2.51274,-1.40529,-1.40529,2.77047,-0.783089
151.173,-1.83861,-1.83861,-1.52954,-1.52954,2.38164,-0.218546
151.206,-1.11671,-1.11671,-1.61406,-1.61406,1.93095,0.351683
151.239,-0.365815,-0.365815,-1.65665,-1.65665,1.4301,0.912761
151.272,0.39455,0.39455,-1.65618,-1.65618,0.892109,1.45009
151.305,1.14462,1.14462,-1.61264,-1.61264,0.330944,1.94968
151.338,1.86489,1.86489,-1.52715,-1.52715,-0.238818,2.39853
151.371,2.53664,2.53664,-1.40191,-1.40191,-0.802376,2.78498
151.404,3.14241,3.14241,-1.24016,-1.24016,-1.34509,3.09895
151.437,3.66645,3.66645,-1.0461,-1.0461,-1.85287,3.33227
151.47,4.09515,4.09515,-0.824746,-0.824746,-2.31252,3.47889
151.503,4.41735,4.41735,-0.581857,-0.581857,-2.71211,3.53498
151.536,4.6247,4.6247,-0.323736,-0.323736,-3.04124,3.49908
151.569,4.71181,4.71181,-0.0570884,-0.0570884,-3.29139,3.37212
151.602,4.67642,4.67642,0.211155,0.211155,-3.45603,3.15742
151.635,4.51945,4.51945,0.474021,0.474021,-3.53091,2.86055
151.668,4.24499,4.24499,0.72467,0.72467,-3.51408,2.48924
151.701,3.86019,3.86019,0.956579,0.956579,-3.40597,2.05316
151.734,3.37505,3.37505,1.16371,1.16371,-3.20939,1.56365
151.767,2.80219,2.80219,1.34067,1.34067,-2.92944,1.03345
151.8,2.15651,2.15651,1.48284,1.48284,-2.57341,0.476362
151.833,1.45481,1.45481,1.5865,1.5865,-2.15053,-0.0931254
151.866,0.715311,0.715311,1.64896,1.64896,-1.67179,-0.66019
151.899,-0.0427403,-0.0427403,1.66856,1.66856,-1.14963,-1.21007
151.932,-0.799641,-0.799641,1.64478,1.64478,-0.597607,-1.72847
151.965,-1.53571,-1.53571,1.57823,1.57823,-0.0300604,-2.20189
151.998,-2.23182,-2.23182,1.4706,1.4706,0.538267,-2.61801
152.031,-2.86987,-2.86987,1.32468,1.32468,1.09261,-2.966
152.064,-3.43328,-3.43328,1.14426,1.14426,1.61858,-3.23681
152.097,-3.9074,-3.9074,0.934011,0.934011,2.1025,-3.42339
152.13,-4.27991,-4.27991,0.699383,0.699383,2.53181,-3.52089
152.163,-4.54113,-4.54113,0.446471,0.446471,2.89536,-3.52677
152.196,-4.68428,-4.68428,0.181843,0.181843,3.1837,-3.44087
152.229,-4.70564,-4.70564,-0.087624,-0.087624,3.38935,-3.26543
152.262,-4.60467,-4.60467,-0.354925,-0.354925,3.50696,-3.00502
152.295,-4.38398,-4.38398,-0.613107,-0.613107,3.53348,-2.66641
152.328,-4.04934,-4.04934,-0.855454,-0.855454,3.46821,-2.25842
152.361,-3.60944,-3.60944,-1.07566,-1.07566,3.31286,-1.79166
152.394,-3.07572,-3.07572,-1.26798,-1.26798,3.07146,-1.27827
152.427,-2.46208,-2.46208,-1.42741,-1.42741,2.75028,-0.73162
152.46,-1.78445,-1.78445,-1.54979,-1.54979,2.35766,-0.165932
152.493,-1.06047,-1.06047,-1.63192,-1.63192,1.90381,0.404073
152.526,-0.308958,-0.308958,-1.67164,-1.67164,1.4005,0.963564
152.559,0.450547,0.450547,-1.66792,-1.66792,0.86081,1.49798
152.592,1.1983,1.1983,-1.62082,-1.62082,0.298765,1.99342
152.625,1.91486,1.91486,-1.53155,-1.53155,-0.271041,2.43698
152.658,2.5816,2.5816,-1.40242,-1.40242,-0.833807,2.81713
152.691,3.18119,3.18119,-1.23677,-1.23677,-1.37491,3.12397
152.724,3.69804,3.69804,-1.03888,-1.03888,-1.88031,3.34951
152.757,4.11873,4.11873,-0.813904,-0.813904,-2.33686,3.4879
152.79,4.43231,4.43231,-0.567666,-0.567666,-2.73272,3.53552
152.823,4.63065,4.63065,-0.306564,-0.306564,-3.05759,3.49114
152.856,4.70859,4.70859,-0.0373827,-0.0373827,-3.30305,3.35591
152.889,4.66412,4.66412,0.232883,0.232883,-3.4627,3.13336
152.922,4.49839,4.49839,0.497205,0.497205,-3.53242,2.82926
152.955,4.21572,4.21572,0.748707,0.748707,-3.51038,2.45155
152.988,3.82347,3.82347,0.980844,0.980844,-3.39716,2.01004
153.021,3.33183,3.33183,1.18757,1.18757,-3.1957,1.51622
153.054,2.7536,2.7536,1.3635,1.3635,-2.91123,0.98295
153.087,2.10382,2.10382,1.50405,1.50405,-2.55115,0.424099
153.12,1.39937,1.39937,1.60555,1.60555,-2.1248,-0.145787
153.153,0.658582,0.658582,1.66533,1.66533,-1.64326,-0.71188
153.186,-0.0992897,-0.0992897,1.68184,1.68184,-1.11903,-1.25945
153.219,-0.85454,-0.85454,1.65462,1.65462,-0.56574,-1.77424
153.252,-1.58753,-1.58753,1.58436,1.58436,0.00224646,-2.24287
153.285,-2.27922,-2.27922,1.47287,1.47287,0.570174,-2.65313
153.318,-2.91161,-2.91161,1.32304,1.32304,1.12329,-2.99435
153.351,-3.46827,-3.46827,1.13874,1.13874,1.64723,-3.25765
153.384,-3.93474,-3.93474,0.924747,0.924747,2.12839,-3.43618
153.417,-4.29889,-4.29889,0.686624,0.686624,2.55426,-3.52529
153.45,-4.55126,-4.55126,0.430547,0.430547,2.91378,-3.52267
153.483,-4.68529,-4.68529,0.163168,0.163168,3.19762,-3.42837
153.516,-4.6975,-4.6975,-0.108564,-0.108564,3.3984,-3.24487
153.549,-4.58759,-4.58759,-0.377585,-0.377585,3.51091,-2.97693
153.582,-4.35842,-4.35842,-0.636899,-0.636899,3.53223,-2.63152
153.615,-4.01596,-4.01596,-0.879758,-0.879758,3.46179,-2.21763
153.648,-3.5691,-3.5691,-1.09984,-1.09984,3.30144,-1.74603
153.681,-3.02948,-3.02948,-1.29141,-1.29141,3.05533,-1.229
153.714,-2.41113,-2.41113,-1.44948,-1.44948,2.72987,-0.679989
153.747,-1.73013,-1.73013,-1.56992,-1.56992,2.33349,-0.113282
153.78,-1.00418,-1.00418,-1.64959,-1.64959,1.8765,0.456373
153.813,-0.252169,-0.252169,-1.6864,-1.6864,1.37077,1.01415
153.846,0.50636,0.50636,-1.67937,-1.67937,0.82944,1.54554
153.879,1.25169,1.25169,-1.62866,-1.62866,0.266561,2.03671
153.912,1.96443,1.96443,-1.53558,-1.53558,-0.303241,2.47488
153.945,2.62607,2.62607,-1.40253,-1.40253,-0.865167,2.84865
153.978,3.2194,3.2194,-1.23296,-1.23296,-1.40462,3.14829
154.011,3.729,3.729,-1.03126,-1.03126,-1.90759,3.36601
154.044,4.14162,4.14162,-0.802652,-0.802652,-2.36101,3.49613
154.077,4.44656,4.44656,-0.553081,-0.553081,-2.7531,3.53528
154.11,4.63587,4.63587,-0.289025,-0.289025,-3.07369,3.48243
154.143,4.70466,4.70466,-0.017345,-0.017345,-3.31443,3.33896
154.176,4.65113,4.65113,0.254898,0.254898,-3.46908,3.1086
154.209,4.47668,4.47668,0.520624,0.520624,-3.53363,2.79735
154.242,4.18586,4.18586,0.772921,0.772921,-3.50639,2.41331
154.275,3.78623,3.78623,1.00522,1.00522,-3.38807,1.96647
154.308,3.28819,3.28819,1.21148,1.21148,-3.18175,1.46845
154.341,2.70469,2.70469,1.38632,1.38632,-2.89278,0.932228
154.374,2.0509,2.0509,1.52518,1.52518,-2.52867,0.371742
154.407,1.34384,1.34384,1.62444,1.62444,-2.09889,-0.198416
154.44,0.601868,0.601868,1.6815,1.6815,-1.61458,-0.763412
154.473,-0.155707,-0.155707,1.69485,1.69485,-1.08834,-1.30854
154.506,-0.909194,-0.909194,1.66414,1.66414,-0.533826,-1.81962
154.539,-1.639,-1.639,1.59014,1.59014,0.0345532,-2.28335
154.572,-2.32616,-2.32616,1.47476,1.47476,0.602034,-2.68766
154.605,-2.95281,-2.95281,1.32098,1.32098,1.15388,-3.02203
154.638,-3.50266,-3.50266,1.13279,1.13279,1.67575,-3.27776
154.671,-3.96142,-3.96142,0.91507,0.91507,2.15409,-3.4482
154.704,-4.31717,-4.31717,0.673461,0.673461,2.57649,-3.52891
154.737,-4.56066,-4.56066,0.414241,0.414241,2.93196,-3.51778
154.77,-4.68557,-4.68557,0.144144,0.144144,3.21127,-3.41512
154.803,-4.68865,-4.68865,-0.129813,-0.129813,3.40717,-3.22359
154.836,-4.56985,-4.56985,-0.400506,-0.400506,3.51457,-2.94817
154.869,-4.33224,-4.33224,-0.660896,-0.660896,3.53068,-2.59603
154.902,-3.98202,-3.98202,-0.904205,-0.904205,3.45508,-2.17635
154.935,-3.5283,-3.5283,-1.1241,-1.1241,3.28974,-1.70002
154.968,-2.98287,-2.98287,-1.31486,-1.31486,3.03895,-1.17946
155.001,-2.35992,-2.35992,-1.4715,-1.4715,2.70922,-0.628207
155.034,-1.67565,-1.67565,-1.58994,-1.58994,2.30912,-0.0606059
155.067,-0.947856,-0.947856,-1.66709,-1.66709,1.84904,0.508572
155.1,-0.195459,-0.195459,-1.70091,-1.70091,1.34094,1.06452
155.133,0.561979,0.561979,-1.69052,-1.69052,0.798,1.59276
155.166,1.30477,1.30477,-1.63617,-1.63617,0.234335,2.07955
155.199,2.01359,2.01359,-1.53924,-1.53924,-0.335417,2.51224
155.232,2.67003,2.67003,-1.40225,-1.40225,-0.896456,2.87954
155.265,3.25702,3.25702,-1.22875,-1.22875,-1.43421,3.17192
155.298,3.75931,3.75931,-1.02321,-1.02321,-1.93471,3.38175
155.331,4.16383,4.16383,-0.79099,-0.79099,-2.38496,3.50359
155.364,4.46008,4.46008,-0.538103,-0.538103,-2.77326,3.53425
155.397,4.64036,4.64036,-0.27112,-0.27112,-3.08952,3.47294
155.43,4.7,4.7,0.00302146,0.00302146,-3.32554,3.32126
155.463,4.63744,4.63744,0.277196,0.277196,-3.47517,3.08316
155.496,4.45432,4.45432,0.544274,0.544274,-3.53454,2.76482
155.529,4.15541,4.15541,0.797308,0.797308,-3.5021,2.37454
155.562,3.74848,3.74848,1.02971,1.02971,-3.37869,1.92246
155.595,3.24413,3.24413,1.23543,1.23543,-3.16753,1.42036
155.628,2.65546,2.65546,1.40911,1.40911,-2.87409,0.881298
155.661,1.99778,1.99778,1.54622,1.54622,-2.50599,0.319303
155.694,1.28821,1.28821,1.64318,1.64318,-2.0728,-0.251002
155.727,0.545178,0.545178,1.69744,1.69744,-1.58577,-0.814775
155.76,-0.211984,-0.211984,1.70759,1.70759,-1.05755,-1.35735
155.793,-0.963594,-0.963594,1.67334,1.67334,-0.501867,-1.86459
155.826,-1.69011,-1.69011,1.59556,1.59556,0.066857,-2.32332
155.859,-2.37265,-2.37265,1.47626,1.47626,0.633844,-2.72159
155.892,-2.99347,-2.99347,1.31852,1.31852,1.18437,-3.04904
155.925,-3.53644,-3.53644,1.12644,1.12644,1.70413,-3.29715
155.958,-3.98743,-3.98743,0.904978,0.904978,2.17962,-3.45945
155.991,-4.33474,-4.33474,0.659897,0.659897,2.5985,-3.53174
156.024,-4.56933,-4.56933,0.397557,0.397557,2.94989,-3.51212
156.057,-4.68512,-4.68512,0.124772,0.124772,3.22465,-3.40111
156.09,-4.6791,-4.6791,-0.151367,-0.151367,3.41565,-3.20159
156.123,-4.55143,-4.55143,-0.423683,-0.423683,3.51794,-2.91876
156.156,-4.30545,-4.30545,-0.685092,-0.685092,3.52884,-2.55998
156.189,-3.94754,-3.94754,-0.928791,-0.928791,3.44809,-2.13458
156.222,-3.48703,-3.48703,-1.14844,-1.14844,3.27777,-1.65363
156.255,-2.93589,-2.93589,-1.33831,-1.33831,3.02231,-1.12966
156.288,-2.30845,-2.30845,-1.49346,-1.49346,2.68835,-0.576285
156.321,-1.62103,-1.62103,-1.60983,-1.60983,2.28456,-0.00791652
156.354,-0.8915,-0.8915,-1.68439,-1.68439,1.82143,0.560658
156.387,-0.138837,-0.138837,-1.71518,-1.71518,1.31099,1.11464
156.42,0.617396,0.617396,-1.70138,-1.70138,0.766494,1.63962
156.453,1.35754,1.35754,-1.64333,-1.64333,0.20209,2.12194
156.486,2.06234,2.06234,-1.54253,-1.54253,-0.367564,2.54903
156.519,2.7135,2.7135,-1.40157,-1.40157,-0.927669,2.9098
156.552,3.29407,3.29407,-1.22412,-1.22412,-1.46368,3.19484
156.585,3.78897,3.78897,-1.01475,-1.01475,-1.96167,3.39675
156.618,4.18535,4.18535,-0.778918,-0.778918,-2.40871,3.51026
156.651,4.47289,4.47289,-0.522733,-0.522733,-2.79318,3.53244
156.684,4.64413,4.64413,-0.252852,-0.252852,-3.1051,3.46269
156.717,4.69462,4.69462,0.0237132,0.0237132,-3.33637,3.30283
156.75,4.62306,4.62306,0.299774,0.299774,-3.48097,3.05703
156.783,4.43132,4.43132,0.56815,0.56815,-3.53516,2.73167
156.816,4.12438,4.12438,0.821861,0.821861,-3.49752,2.33523
156.849,3.71024,3.71024,1.0543,1.0543,-3.36904,1.87803
156.882,3.19965,3.19965,1.25942,1.25942,-3.15304,1.37195
156.915,2.60592,2.60592,1.43188,1.43188,-2.85515,0.830173
156.948,1.94446,1.94446,1.56716,1.56716,-2.4831,0.266792
156.981,1.2325,1.2325,1.66175,1.66175,-2.04654,-0.303531
157.014,0.488523,0.488523,1.71317,1.71317,-1.55683,-0.865956
157.047,-0.268109,-0.268109,1.72006,1.72006,-1.02668,-1.40585
157.08,-1.01773,-1.01773,1.68222,1.68222,-0.469866,-1.90915
157.113,-1.74085,-1.74085,1.60063,1.60063,0.0991552,-2.36278
157.146,-2.41868,-2.41868,1.47737,1.47737,0.665601,-2.75492
157.179,-3.03358,-3.03358,1.31566,1.31566,1.21476,-3.07538
157.212,-3.56959,-3.56959,1.11966,1.11966,1.73236,-3.3158
157.245,-4.01277,-4.01277,0.894471,0.894471,2.20497,-3.46994
157.278,-4.3516,-4.3516,0.645931,0.645931,2.6203,-3.53379
157.311,-4.57728,-4.57728,0.380495,0.380495,2.96757,-3.50568
157.344,-4.68395,-4.68395,0.105057,0.105057,3.23776,-3.38634
157.377,-4.66884,-4.66884,-0.173223,-0.173223,3.42385,-3.17888
157.41,-4.53235,-4.53235,-0.44711,-0.44711,3.52101,-2.8887
157.443,-4.27804,-4.27804,-0.709481,-0.709481,3.52671,-2.52335
157.476,-3.91252,-3.91252,-0.953509,-0.953509,3.4408,-2.09234
157.509,-3.44531,-3.44531,-1.17284,-1.17284,3.26552,-1.60688
157.542,-2.88855,-2.88855,-1.36176,-1.36176,3.00542,-1.0796
157.575,-2.25673,-2.25673,-1.51534,-1.51534,2.66726,-0.524235
157.608,-1.56627,-1.56627,-1.62959,-1.62959,2.25981,0.0447746
157.641,-0.835125,-0.835125,-1.7015,-1.7015,1.79366,0.612619
157.674,-0.0823122,-0.0823122,-1.7292,-1.7292,1.28093,1.16452
157.707,0.672599,0.672599,-1.71194,-1.71194,0.734923,1.68612
157.74,1.40998,1.40998,-1.65016,-1.65016,0.169827,2.16385
157.773,2.11067,2.11067,-1.54544,-1.54544,-0.39968,2.58526
157.806,2.75645,2.75645,-1.40049,-1.40049,-0.958806,2.9394
157.839,3.33053,3.33053,-1.21907,-1.21907,-1.49303,3.21705
157.872,3.81799,3.81799,-1.00587,-1.00587,-1.98847,3.41099
157.905,4.20617,4.20617,-0.766438,-0.766438,-2.43226,3.51616
157.938,4.48497,4.48497,-0.506974,-0.506974,-2.81287,3.52984
157.971,4.64716,4.64716,-0.234224,-0.234224,-3.12042,3.45166
158.004,4.68853,4.68853,0.0447267,0.0447267,-3.34692,3.28366
158.037,4.608,4.608,0.322626,0.322626,-3.48648,3.03022
158.07,4.40768,4.40768,0.592246,0.592246,-3.53548,2.69792
158.103,4.09278,4.09278,0.846574,0.846574,-3.49265,2.29541
158.136,3.67149,3.67149,1.07899,1.07899,-3.3591,1.83318
158.169,3.15478,3.15478,1.28344,1.28344,-3.1383,1.32324
158.202,2.55608,2.55608,1.4546,1.4546,-2.83598,0.778864
158.235,1.89096,1.89096,1.588,1.588,-2.45999,0.214223
158.268,1.17671,1.17671,1.68016,1.68016,-2.02011,-0.355993
158.301,0.431912,0.431912,1.72867,1.72867,-1.52776,-0.916945
158.334,-0.324075,-0.324075,1.73224,1.73224,-0.995726,-1.45404
158.367,-1.07159,-1.07159,1.69078,1.69078,-0.437826,-1.95329
158.4,-1.79122,-1.79122,1.60532,1.60532,0.131445,-2.40172
158.433,-2.46423,-2.46423,1.47809,1.47809,0.697303,-2.78764
158.466,-3.07314,-3.07314,1.31238,1.31238,1.24505,-3.10103
158.499,-3.60212,-3.60212,1.11247,1.11247,1.76045,-3.33372
158.532,-4.03743,-4.03743,0.88355,0.88355,2.23013,-3.47966
158.565,-4.36775,-4.36775,0.631565,0.631565,2.64188,-3.53505
158.598,-4.5845,-4.5845,0.363057,0.363057,2.98501,-3.49845
158.631,-4.68205,-4.68205,0.0850017,0.0850017,3.25061,-3.37082
158.664,-4.65788,-4.65788,-0.195375,-0.195375,3.43177,-3.15546
158.697,-4.51261,-4.51261,-0.470783,-0.470783,3.52379,-2.858
158.73,-4.25003,-4.25003,-0.734059,-0.734059,3.52428,-2.48616
158.763,-3.87697,-3.87697,-0.978351,-0.978351,3.43323,-2.04963
158.796,-3.40314,-3.40314,-1.1973,-1.1973,3.253,-1.55977
158.829,-2.84087,-2.84087,-1.3852,-1.3852,2.98828,-1.02931
158.862,-2.20476,-2.20476,-1.53716,-1.53716,2.64594,-0.472069
158.895,-1.51138,-1.51138,-1.6492,-1.6492,2.23487,0.0974557
158.928,-0.77874,-0.77874,-1.71841,-1.71841,1.76575,0.664445
158.961,-0.0258948,-0.0258948,-1.74295,-1.74295,1.25076,1.21414
158.994,0.727582,0.727582,-1.72219,-1.72219,0.703291,1.73225
159.027,1.4621,1.4621,-1.65663,-1.65663,0.137551,2.20527
159.06,2.15857,2.15857,-1.54796,-1.54796,-0.431763,2.62092
159.093,2.79888,2.79888,-1.39901,-1.39901,-0.989862,2.96835
159.126,3.36639,3.36639,-1.21361,-1.21361,-1.52225,3.23855
159.159,3.84636,3.84636,-0.996579,-0.996579,-2.0151,3.42447
159.192,4.22629,4.22629,-0.753549,-0.753549,-2.4556,3.52128
159.225,4.49634,4.49634,-0.490827,-0.490827,-2.83232,3.52646
159.258,4.64947,4.64947,-0.215237,-0.215237,-3.13548,3.43987
159.291,4.68172,4.68172,0.0660583,0.0660583,-3.35719,3.26377
159.324,4.59226,4.59226,0.345748,0.345748,-3.4917,3.00274
159.357,4.38341,4.38341,0.616557,0.616557,-3.53551,2.66357
159.39,4.06061,4.06061,0.871442,0.871442,-3.48749,2.25508
159.423,3.63227,3.63227,1.10377,1.10377,-3.34888,1.78792
159.456,3.10951,3.10951,1.30748,1.30748,-3.12329,1.27423
159.489,2.50595,2.50595,1.47728,1.47728,-2.81657,0.727381
159.522,1.83727,1.83727,1.60873,1.60873,-2.43669,0.161605
159.555,1.12086,1.12086,1.69839,1.69839,-1.99352,-0.408376
159.588,0.375355,0.375355,1.74393,1.74393,-1.49856,-0.967731
159.621,-0.379871,-0.379871,1.74414,1.74414,-0.964685,-1.5019
159.654,-1.12518,-1.12518,1.699,1.699,-0.40575,-1.99699
159.687,-1.84119,-1.84119,1.60965,1.60965,0.163724,-2.44012
159.72,-2.5093,-2.5093,1.47842,1.47842,0.728946,-2.81974
159.753,-3.11214,-3.11214,1.30868,1.30868,1.27523,-3.12599
159.786,-3.63403,-3.63403,1.10485,1.10485,1.7884,-3.3509
159.819,-4.06142,-4.06142,0.872214,0.872214,2.25511,-3.4886
159.852,-4.38319,-4.38319,0.6168,0.6168,2.66324,-3.53553
159.885,-4.591,-4.591,0.345247,0.345247,3.0022,-3.49045
159.918,-4.67944,-4.67944,0.0646086,0.0646086,3.26318,-3.35455
159.951,-4.64622,-4.64622,-0.217821,-0.217821,3.43939,-3.13135
159.984,-4.49221,-4.49221,-0.494697,-0.494697,3.52627,-2.82666
160.017,-4.22142,-4.22142,-0.758819,-0.758819,3.52156,-2.44843
160.05,-3.84089,-3.84089,-1.00331,-1.00331,3.42537,-2.00647
160.083,-3.36054,-3.36054,-1.22181,-1.22181,3.24021,-1.51231
160.116,-2.79284,-2.79284,-1.40863,-1.40863,2.97089,-0.978788
160.149,-2.15257,-2.15257,-1.55889,-1.55889,2.6244,-0.419798
160.182,-1.45638,-1.45638,-1.66867,-1.66867,2.20974,0.150115
160.215,-0.722355,-0.722355,-1.7351,-1.7351,1.73769,0.716122
160.248,0.0304057,0.0304057,-1.75645,-1.75645,1.22049,1.26349
160.281,0.782334,0.782334,-1.73212,-1.73212,0.671601,1.77799
160.314,1.51388,1.51388,-1.66274,-1.66274,0.105262,2.24621
160.347,2.20603,2.20603,-1.5501,-1.5501,-0.46381,2.65599
160.38,2.84079,2.84079,-1.39711,-1.39711,-1.02084,2.99665
160.413,3.40166,3.40166,-1.20773,-1.20773,-1.55134,3.25933
160.446,3.87406,3.87406,-0.986864,-0.986864,-2.04156,3.43719
160.479,4.24572,4.24572,-0.740251,-0.740251,-2.47874,3.52562
160.512,4.50698,4.50698,-0.474293,-0.474293,-2.85154,3.52229
160.545,4.65106,4.65106,-0.195896,-0.195896,-3.15027,3.42731
160.578,4.67421,4.67421,0.0877043,0.0877043,-3.36718,3.24315
160.611,4.57584,4.57584,0.369135,0.369135,-3.49662,2.97459
160.644,4.35851,4.35851,0.641078,0.641078,-3.53524,2.62862
160.677,4.02788,4.02788,0.896458,0.896458,-3.48203,2.21425
160.71,3.59256,3.59256,1.12863,1.12863,-3.33838,1.74226
160.743,3.06386,3.06386,1.33154,1.33154,-3.10802,1.22494
160.776,2.45554,2.45554,1.4999,1.4999,-2.79692,0.675737
160.809,1.78341,1.78341,1.62933,1.62933,-2.41318,0.108952
160.842,1.06496,1.06496,1.71644,1.71644,-1.96675,-0.460669
160.875,0.318861,0.318861,1.75896,1.75896,-1.46924,-1.0183
160.908,-0.435488,-0.435488,1.75575,1.75575,-0.933564,-1.54944
160.941,-1.17847,-1.17847,1.70688,1.70688,-0.37364,-2.04025
160.974,-1.89078,-1.89078,1.61361,1.61361,0.195989,-2.47797
161.007,-2.55389,-2.55389,1.47834,1.47834,0.760528,-2.85121
161.04,-3.15057,-3.15057,1.30458,1.30458,1.30531,-3.15026
161.073,-3.6653,-3.6653,1.09682,1.09682,1.81619,-3.36733
161.106,-4.08472,-4.08472,0.860463,0.860463,2.27989,-3.49677
161.139,-4.39792,-4.39792,0.601637,0.601637,2.68438,-3.53522
161.172,-4.59677,-4.59677,0.327065,0.327065,3.01914,-3.48168
161.205,-4.6761,-4.6761,0.0438813,0.0438813,3.27547,-3.33753
161.238,-4.63386,-4.63386,-0.240555,-0.240555,3.44673,-3.10654
161.271,-4.47115,-4.47115,-0.518847,-0.518847,3.52846,-2.7947
161.304,-4.19221,-4.19221,-0.783756,-0.783756,3.51854,-2.41014
161.337,-3.8043,-3.8043,-1.02839,-1.02839,3.41723,-1.96287
161.37,-3.31751,-3.31751,-1.24637,-1.24637,3.22715,-1.46451
161.403,-2.74449,-2.74449,-1.43204,-1.43204,2.95325,-0.928048
161.436,-2.10016,-2.10016,-1.58053,-1.58053,2.60264,-0.367434
161.469,-1.40127,-1.40127,-1.68799,-1.68799,2.18443,0.202741
161.502,-0.665979,-0.665979,-1.75159,-1.75159,1.70948,0.767641
161.535,0.0865799,0.0865799,-1.76967,-1.76967,1.19012,1.31257
161.568,0.836846,0.836846,-1.74174,-1.74174,0.639854,1.82333
161.601,1.56531,1.56531,-1.6685,-1.6685,0.0729656,2.28665
161.634,2.25305,2.25305,-1.55185,-1.55185,-0.495818,2.69047
161.667,2.88217,2.88217,-1.39481,-1.39481,-1.05172,3.02428
161.7,3.43632,3.43632,-1.20143,-1.20143,-1.58031,3.27938
161.733,3.90111,3.90111,-0.97673,-0.97673,-2.06785,3.44915
161.766,4.26445,4.26445,-0.726547,-0.726547,-2.50168,3.52917
161.799,4.51691,4.51691,-0.457374,-0.457374,-2.87052,3.51735
161.832,4.65192,4.65192,-0.176202,-0.176202,-3.16481,3.414
161.865,4.66598,4.66598,0.109661,0.109661,-3.37689,3.22181
161.898,4.55874,4.55874,0.392784,0.392784,-3.50126,2.94578
161.931,4.33299,4.33299,0.665803,0.665803,-3.53468,2.59309
161.964,3.9946,3.9946,0.921615,0.921615,-3.47629,2.17293
161.997,3.55238,3.55238,1.15356,1.15356,-3.32761,1.69622
162.03,3.01784,3.01784,1.3556,1.3556,-3.09249,1.17538
162.063,2.40486,2.40486,1.52247,1.52247,-2.77704,0.623943
162.096,1.7294,1.7294,1.64981,1.64981,-2.38947,0.0562745
162.129,1.00902,1.00902,1.73431,1.73431,-1.93982,-0.512859
162.162,0.26244,0.26244,1.77373,1.77373,-1.43979,-1.06865
162.195,-0.490916,-0.490916,1.76705,1.76705,-0.902365,-1.59663
162.228,-1.23147,-1.23147,1.71442,1.71442,-0.341498,-2.08306
162.261,-1.93996,-1.93996,1.61718,1.61718,0.228238,-2.51528
162.294,-2.59798,-2.59798,1.47786,1.47786,0.792047,-2.88205
162.327,-3.18842,-3.18842,1.30005,1.30005,1.33528,-3.17383
162.36,-3.69594,-3.69594,1.08836,1.08836,1.84383,-3.38301
162.393,-4.10734,-4.10734,0.848297,0.848297,2.30449,-3.50417
162.426,-4.41194,-4.41194,0.586077,0.586077,2.70529,-3.53413
162.459,-4.60182,-4.60182,0.308515,0.308515,3.03582,-3.47213
162.492,-4.67205,-4.67205,0.0228231,0.0228231,3.2875,-3.31978
162.525,-4.62081,-4.62081,-0.263573,-0.263573,3.45378,-3.08103
162.558,-4.44945,-4.44945,-0.543227,-0.543227,3.53036,-2.76212
162.591,-4.16242,-4.16242,-0.808864,-0.808864,3.51523,-2.37132
162.624,-3.7672,-3.7672,-1.05357,-1.05357,3.4088,-1.91882
162.657,-3.27406,-3.27406,-1.27097,-1.27097,3.21382,-1.41639
162.69,-2.69582,-2.69582,-1.45541,-1.45541,2.93537,-0.877102
162.723,-2.04754,-2.04754,-1.60208,-1.60208,2.58067,-0.314988
162.756,-1.34606,-1.34606,-1.70714,-1.70714,2.15894,0.255323
162.789,-0.609624,-0.609624,-1.76785,-1.76785,1.68113,0.818989
162.822,0.142618,0.142618,-1.78261,-1.78261,1.15965,1.36134
162.855,0.89111,0.89111,-1.75103,-1.75103,0.608054,1.86827
162.888,1.61639,1.61639,-1.6739,-1.6739,0.0406626,2.32659
162.921,2.29961,2.29961,-1.55321,-1.55321,-0.527785,2.72436
162.954,2.92301,2.92301,-1.39209,-1.39209,-1.08252,3.05123
162.987,3.47038,3.47038,-1.1947,-1.1947,-1.60914,3.29871
163.02,3.92749,3.92749,-0.966176,-0.966176,-2.09397,3.46035
163.053,4.28248,4.28248,-0.712436,-0.712436,-2.5244,3.53194
163.086,4.52611,4.52611,-0.440072,-0.440072,-2.88926,3.51162
163.119,4.65205,4.65205,-0.156159,-0.156159,-3.17908,3.39992
163.152,4.65705,4.65705,0.131924,0.131924,-3.38632,3.19975
163.185,4.54098,4.54098,0.416688,0.416688,-3.5056,2.91631
163.218,4.30685,4.30685,0.690726,0.690726,-3.53382,2.55699
163.251,3.96077,3.96077,0.946909,0.946909,-3.47026,2.13112
163.284,3.51174,3.51174,1.17857,1.17857,-3.31655,1.6498
163.317,2.97144,2.97144,1.37967,1.37967,-3.0767,1.12555
163.35,2.35392,2.35392,1.54497,1.54497,-2.75693,0.572011
163.383,1.67523,1.67523,1.67016,1.67016,-2.36555,0.00358462
163.416,0.953036,0.953036,1.75197,1.75197,-1.91273,-0.564935
163.449,0.206102,0.206102,1.78826,1.78826,-1.41023,-1.11875
163.482,-0.546148,-0.546148,1.77806,1.77806,-0.87109,-1.64346
163.515,-1.28416,-1.28416,1.72161,1.72161,-0.309328,-2.1254
163.548,-1.98874,-1.98874,1.62038,1.62038,0.260468,-2.55203
163.581,-2.64158,-2.64158,1.47697,1.47697,0.823499,-2.91225
163.614,-3.2257,-3.2257,1.2951,1.2951,1.36514,-3.19669
163.647,-3.72594,-3.72594,1.07949,1.07949,1.87132,-3.39795
163.68,-4.12927,-4.12927,0.835717,0.835717,2.3289,-3.51078
163.713,-4.42524,-4.42524,0.570122,0.570122,2.72598,-3.53225
163.746,-4.60614,-4.60614,0.289599,0.289599,3.05225,-3.46181
163.779,-4.66728,-4.66728,0.00143772,0.00143772,3.29925,-3.30128
163.812,-4.60708,-4.60708,-0.286872,-0.286872,3.46055,-3.05485
163.845,-4.42711,-4.42711,-0.567833,-0.567833,3.53196,-2.72892
163.878,-4.13205,-4.13205,-0.834136,-0.834136,3.51163,-2.33198
163.911,-3.72959,-3.72959,-1.07885,-1.07885,3.40008,-1.87436
163.944,-3.23019,-3.23019,-1.29561,-1.29561,3.20022,-1.36796
163.977,-2.64684,-2.64684,-1.47875,-1.47875,2.91724,-0.825962
164.01,-1.99471,-1.99471,-1.62352,-1.62352,2.55848,-0.262473
164.043,-1.29076,-1.29076,-1.72612,-1.72612,2.13326,0.307847
164.076,-0.553298,-0.553298,-1.78388,-1.78388,1.65264,0.870156
164.109,0.198511,0.198511,-1.79528,-1.79528,1.12908,1.40982
164.142,0.945116,0.945116,-1.75999,-1.75999,0.576203,1.9128
164.175,1.66711,1.66711,-1.67893,-1.67893,0.00835621,2.366
164.208,2.34572,2.34572,-1.55417,-1.55417,-0.559708,2.75764
164.241,2.9633,2.9633,-1.38895,-1.38895,-1.11323,3.07751
164.274,3.50382,3.50382,-1.18756,-1.18756,-1.63784,3.3173
164.307,3.95321,3.95321,-0.955202,-0.955202,-2.11991,3.47077
164.34,4.2998,4.2998,-0.697919,-0.697919,-2.54691,3.53392
164.373,4.53459,4.53459,-0.422389,-0.422389,-2.90776,3.50511
164.406,4.65147,4.65147,-0.13577,-0.13577,-3.19308,3.38509
164.439,4.64742,4.64742,0.15449,0.15449,-3.39546,3.17698
164.472,4.52255,4.52255,0.440843,0.440843,-3.50965,2.8862
164.505,4.28011,4.28011,0.715843,0.715843,-3.53267,2.52032
164.538,3.92641,3.92641,0.972333,0.972333,-3.46393,2.08884
164.571,3.47065,3.47065,1.20364,1.20364,-3.30522,1.60302
164.604,2.92469,2.92469,1.40373,1.40373,-3.06066,1.07548
164.637,2.30272,2.30272,1.5674,1.5674,-2.73659,0.519951
164.67,1.62093,1.62093,1.69037,1.69037,-2.34144,-0.0491061
164.703,0.897032,0.897032,1.76944,1.76944,-1.88548,-0.616885
164.736,0.149857,0.149857,1.80252,1.80252,-1.38054,-1.16861
164.769,-0.601172,-0.601172,1.78875,1.78875,-0.839743,-1.68993
164.802,-1.33653,-1.33653,1.72845,1.72845,-0.277132,-2.16727
164.835,-2.0371,-2.0371,1.62319,1.62319,0.292676,-2.58821
164.868,-2.68466,-2.68466,1.47568,1.47568,0.854883,-2.94181
164.901,-3.2624,-3.2624,1.28974,1.28974,1.39488,-3.21885
164.934,-3.75529,-3.75529,1.07019,1.07019,1.89865,-3.41213
164.967,-4.15052,-4.15052,0.822723,0.822723,2.35311,-3.51661
165,-4.43782,-4.43782,0.553773,0.553773,2.74644,-3.52959
165.033,-4.60974,-4.60974,0.270319,0.270319,3.06843,-3.45072
165.066,-4.6618,-4.6618,-0.0202714,-0.0202714,3.31072,-3.28206
165.099,-4.59266,-4.59266,-0.310446,-0.310446,3.46702,-3.02798
165.132,-4.40413,-4.40413,-0.592658,-0.592658,3.53326,-2.69512
165.165,-4.10111,-4.10111,-0.859567,-0.859567,3.50773,-2.29212
165.198,-3.69149,-3.69149,-1.10423,-1.10423,3.39108,-1.82947
165.231,-3.18592,-3.18592,-1.32026,-1.32026,3.18636,-1.31922
165.264,-2.59756,-2.59756,-1.50205,-1.50205,2.89886,-0.774638
165.297,-1.9417,-1.9417,-1.64485,-1.64485,2.53607,-0.209898
165.33,-1.23539,-1.23539,-1.74494,-1.74494,2.10741,0.360303
165.363,-0.49701,-0.49701,-1.79968,-1.79968,1.62401,0.921128
165.396,0.254249,0.254249,-1.80765,-1.80765,1.09842,1.45798
165.429,0.998856,0.998856,-1.76862,-1.76862,0.544304,1.9569
165.462,1.71745,1.71745,-1.68358,-1.68358,-0.0239509,2.40489
165.495,2.39136,2.39136,-1.55473,-1.55473,-0.591584,2.7903
165.528,3.00305,3.00305,-1.3854,-1.3854,-1.14385,3.10311
165.561,3.53664,3.53664,-1.17999,-1.17999,-1.66641,3.33516
165.594,3.97825,3.97825,-0.943808,-0.943808,-2.14568,3.48042
165.627,4.31642,4.31642,-0.682997,-0.682997,-2.56922,3.53512
165.66,4.54234,4.54234,-0.404327,-0.404327,-2.92602,3.49782
165.693,4.65017,4.65017,-0.115037,-0.115037,-3.20682,3.36951
165.726,4.63709,4.63709,0.177354,0.177354,-3.40432,3.15351
165.759,4.50346,4.50346,0.465244,0.465244,-3.5134,2.85545
165.792,4.25276,4.25276,0.741146,0.741146,-3.53122,2.48308
165.825,3.89151,3.89151,0.997881,0.997881,-3.45732,2.0461
165.858,3.42911,3.42911,1.22876,1.22876,-3.29361,1.55588
165.891,2.87759,2.87759,1.42778,1.42778,-3.04435,1.02517
165.924,2.25128,2.25128,1.58975,1.58975,-2.71602,0.467776
165.957,1.56649,1.56649,1.71044,1.71044,-2.31714,-0.101786
165.99,0.841014,0.841014,1.7867,1.7867,-1.85807,-0.668699
166.023,0.0937132,0.0937132,1.81652,1.81652,-1.35074,-1.21821
166.056,-0.655981,-0.655981,1.79913,1.79913,-0.808325,-1.73602
166.089,-1.38858,-1.38858,1.73494,1.73494,-0.244913,-2.20866
166.122,-2.08503,-2.08503,1.62561,1.62561,0.32486,-2.62382
166.155,-2.72724,-2.72724,1.47397,1.47397,0.886196,-2.97071
166.188,-3.29851,-3.29851,1.28395,1.28395,1.42451,-3.24029
166.221,-3.78399,-3.78399,1.06046,1.06046,1.92583,-3.42555
166.254,-4.17107,-4.17107,0.809316,0.809316,2.37712,-3.52167
166.287,-4.44969,-4.44969,0.537031,0.537031,2.76667,-3.52615
166.32,-4.61261,-4.61261,0.250679,0.250679,3.08435,-3.43887
166.353,-4.65561,-4.65561,-0.0423005,-0.0423005,3.32192,-3.2621
166.386,-4.57756,-4.57756,-0.334291,-0.334291,3.47321,-3.00045
166.419,-4.38052,-4.38052,-0.617699,-0.617699,3.53427,-2.66072
166.452,-4.0696,-4.0696,-0.885152,-0.885152,3.50354,-2.25175
166.485,-3.6529,-3.6529,-1.12969,-1.12969,3.3818,-1.78418
166.518,-3.14126,-3.14126,-1.34494,-1.34494,3.17222,-1.27019
166.551,-2.54798,-2.54798,-1.5253,-1.5253,2.88025,-0.723142
166.584,-1.8885,-1.8885,-1.66607,-1.66607,2.51346,-0.157278
166.617,-1.17995,-1.17995,-1.76357,-1.76357,2.08138,0.412679
166.65,-0.440772,-0.440772,-1.81524,-1.81524,1.59524,0.971897
166.683,0.309823,0.309823,-1.81973,-1.81973,1.06767,1.50582
166.716,1.05232,1.05232,-1.77691,-1.77691,0.51236,2.00057
166.749,1.76742,1.76742,-1.68786,-1.68786,-0.0562559,2.44325
166.782,2.43652,2.43652,-1.55489,-1.55489,-0.623411,2.82235
166.815,3.04225,3.04225,-1.38143,-1.38143,-1.17437,3.12801
166.848,3.56884,3.56884,-1.17199,-1.17199,-1.69483,3.35228
166.881,4.00263,4.00263,-0.931994,-0.931994,-2.17127,3.4893
166.914,4.33233,4.33233,-0.667672,-0.667672,-2.5913,3.53553
166.947,4.54938,4.54938,-0.385889,-0.385889,-2.94403,3.48976
166.98,4.64814,4.64814,-0.0939649,-0.0939649,-3.22029,3.35318
167.013,4.62606,4.62606,0.200513,0.200513,-3.4129,3.12933
167.046,4.48371,4.48371,0.489887,0.489887,-3.51687,2.82406
167.079,4.22481,4.22481,0.766631,0.766631,-3.52948,2.4453
167.112,3.85608,3.85608,1.02355,1.02355,-3.45042,2.0029
167.145,3.38713,3.38713,1.25394,1.25394,-3.28173,1.50839
167.178,2.83014,2.83014,1.45181,1.45181,-3.0278,0.974625
167.211,2.19961,2.19961,1.61201,1.61201,-2.69523,0.415497
167.244,1.51194,1.51194,1.73035,1.73035,-2.29264,-0.154443
167.277,0.784991,0.784991,1.80374,1.80374,-1.83051,-0.720364
167.31,0.0376813,0.0376813,1.83025,1.83025,-1.32083,-1.26754
167.343,-0.710565,-0.710565,1.80918,1.80918,-0.776841,-1.78173
167.376,-1.44029,-1.44029,1.74106,1.74106,-0.212674,-2.24956
167.409,-2.13254,-2.13254,1.62764,1.62764,0.357017,-2.65885
167.442,-2.7693,-2.7693,1.47185,1.47185,0.917434,-2.99894
167.475,-3.33403,-3.33403,1.27773,1.27773,1.45402,-3.261
167.508,-3.81205,-3.81205,1.05031,1.05031,1.95284,-3.43821
167.541,-4.19093,-4.19093,0.795496,0.795496,2.40094,-3.52594
167.574,-4.46084,-4.46084,0.5199,0.5199,2.78667,-3.52192
167.607,-4.61477,-4.61477,0.23068,0.23068,3.10002,-3.42625
167.64,-4.64871,-4.64871,-0.0646458,-0.0646458,3.33284,-3.24142
167.673,-4.56179,-4.56179,-0.358402,-0.358402,3.4791,-2.97224
167.706,-4.35628,-4.35628,-0.642948,-0.642948,3.53499,-2.62572
167.739,-4.03753,-4.03753,-0.910883,-0.910883,3.49906,-2.21087
167.772,-3.61383,-3.61383,-1.15523,-1.15523,3.37224,-1.73849
167.805,-3.09621,-3.09621,-1.36963,-1.36963,3.15783,-1.22087
167.838,-2.49812,-2.49812,-1.5485,-1.5485,2.86139,-0.671485
167.871,-1.83512,-1.83512,-1.68716,-1.68716,2.49063,-0.104622
167.904,-1.12445,-1.12445,-1.78201,-1.78201,2.05518,0.464963
167.937,-0.384592,-0.384592,-1.83055,-1.83055,1.56634,1.02245
167.97,0.365224,0.365224,-1.83151,-1.83151,1.03682,1.55333
168.003,1.1055,1.1055,-1.78485,-1.78485,0.480373,2.04379
168.036,1.81699,1.81699,-1.69176,-1.69176,-0.0885563,2.48106
168.069,2.48121,2.48121,-1.55464,-1.55464,-0.655185,2.85377
168.102,3.08088,3.08088,-1.37704,-1.37704,-1.2048,3.15222
168.135,3.60042,3.60042,-1.16357,-1.16357,-1.72311,3.36865
168.168,4.02632,4.02632,-0.919761,-0.919761,-2.19667,3.49741
168.201,4.34753,4.34753,-0.651945,-0.651945,-2.61317,3.53516
168.234,4.55569,4.55569,-0.367076,-0.367076,-2.9618,3.48092
168.267,4.6454,4.6454,-0.072556,-0.072556,-3.23349,3.3361
168.3,4.61434,4.61434,0.223961,0.223961,-3.42119,3.10447
168.333,4.46332,4.46332,0.514765,0.514765,-3.52003,2.79205
168.366,4.19626,4.19626,0.792292,0.792292,-3.52744,2.40697
168.399,3.82014,3.82014,1.04932,1.04932,-3.44323,1.95926
168.432,3.34471,3.34471,1.27916,1.27916,-3.26957,1.46057
168.465,2.78237,2.78237,1.47582,1.47582,-3.01099,0.923868
168.498,2.14772,2.14772,1.63418,1.63418,-2.6742,0.363125
168.531,1.45727,1.45727,1.7501,1.7501,-2.26795,-0.207066
168.564,0.728973,0.728973,1.82056,1.82056,-1.80279,-0.771869
168.597,-0.0182294,-0.0182294,1.84371,1.84371,-1.29081,-1.31659
168.63,-0.764915,-0.764915,1.81891,1.81891,-0.745291,-1.82704
168.663,-1.49167,-1.49167,1.74682,1.74682,-0.180417,-2.28996
168.696,-2.1796,-2.1796,1.62927,1.62927,0.389144,-2.69328
168.729,-2.81083,-2.81083,1.46931,1.46931,0.948596,-3.02652
168.762,-3.36895,-3.36895,1.27109,1.27109,1.48341,-3.281
168.795,-3.83944,-3.83944,1.03974,1.03974,1.97969,-3.4501
168.828,-4.2101,-4.2101,0.781265,0.781265,2.42455,-3.52943
168.861,-4.47128,-4.47128,0.502379,0.502379,2.80643,-3.51691
168.894,-4.6162,-4.6162,0.210327,0.210327,3.11542,-3.41287
168.927,-4.6411,-4.6411,-0.0873034,-0.0873034,3.34349,-3.22002
168.96,-4.54534,-4.54534,-0.382774,-0.382774,3.4847,-2.94338
168.993,-4.33142,-4.33142,-0.668402,-0.668402,3.53541,-2.59015
169.026,-4.00491,-4.00491,-0.936754,-0.936754,3.49428,-2.16951
169.059,-3.57429,-3.57429,-1.18085,-1.18085,3.36239,-1.69242
169.092,-3.05078,-3.05078,-1.39433,-1.39433,3.14317,-1.17129
169.125,-2.44799,-2.44799,-1.57163,-1.57163,2.8423,-0.619679
169.158,-1.78158,-1.78158,-1.70813,-1.70813,2.4676,-0.0519431
169.191,-1.06891,-1.06891,-1.80026,-1.80026,2.02881,0.517144
169.224,-0.32848,-0.32848,-1.84561,-1.84561,1.53732,1.07277
169.257,0.420442,0.420442,-1.84299,-1.84299,1.00589,1.60049
169.29,1.15839,1.15839,-1.79245,-1.79245,0.448346,2.08656
169.323,1.86618,1.86618,-1.69527,-1.69527,-0.120849,2.51832
169.356,2.52541,2.52541,-1.55398,-1.55398,-0.686905,2.88456
169.389,3.11894,3.11894,-1.37222,-1.37222,-1.23512,3.17574
169.422,3.63136,3.63136,-1.15472,-1.15472,-1.75125,3.38427
169.455,4.04934,4.04934,-0.907108,-0.907108,-2.22189,3.50474
169.488,4.36202,4.36202,-0.635817,-0.635817,-2.63482,3.53401
169.521,4.56128,4.56128,-0.347892,-0.347892,-2.97932,3.47131
169.554,4.64195,4.64195,-0.0508141,-0.0508141,-3.24642,3.31828
169.587,4.60193,4.60193,0.247695,0.247695,-3.4292,3.07891
169.62,4.44227,4.44227,0.539874,0.539874,-3.52291,2.75941
169.653,4.16714,4.16714,0.818123,0.818123,-3.52511,2.36811
169.686,3.78368,3.78368,1.0752,1.0752,-3.43575,1.91518
169.719,3.30188,3.30188,1.30441,1.30441,-3.25714,1.41242
169.752,2.73427,2.73427,1.49979,1.49979,-2.99393,0.872905
169.785,2.0956,2.0956,1.65625,1.65625,-2.65296,0.310673
169.818,1.4025,1.4025,1.76969,1.76969,-2.24307,-0.259643
169.851,0.67297,0.67297,1.83715,1.83715,-1.77493,-0.823203
169.884,-0.0740096,-0.0740096,1.85687,1.85687,-1.26068,-1.36534
169.917,-0.819021,-0.819021,1.82832,1.82832,-0.713679,-1.87195
169.95,-1.5427,-1.5427,1.7522,1.7522,-0.148145,-2.32985
169.983,-2.22622,-2.22622,1.6305,1.6305,0.421238,-2.72712
170.016,-2.85183,-2.85183,1.46636,1.46636,0.979679,-3.05342
170.049,-3.40326,-3.40326,1.26402,1.26402,1.51267,-3.30027
170.082,-3.86618,-3.86618,1.02874,1.02874,2.00638,-3.46123
170.115,-4.22856,-4.22856,0.766621,0.766621,2.44796,-3.53213
170.148,-4.48099,-4.48099,0.484472,0.484472,2.82597,-3.51111
170.181,-4.61691,-4.61691,0.189621,0.189621,3.13056,-3.39873
170.214,-4.63279,-4.63279,-0.110269,-0.110269,3.35385,-3.1979
170.247,-4.52823,-4.52823,-0.407403,-0.407403,3.49002,-2.91386
170.28,-4.30595,-4.30595,-0.694053,-0.694053,3.53553,-2.55399
170.313,-3.97173,-3.97173,-0.962761,-0.962761,3.48921,-2.12767
170.346,-3.53429,-3.53429,-1.20653,-1.20653,3.35227,-1.64597
170.379,-3.00498,-3.00498,-1.41902,-1.41902,3.12824,-1.12144
170.412,-2.39759,-2.39759,-1.59469,-1.59469,2.82296,-0.567735
170.445,-1.72789,-1.72789,-1.72895,-1.72895,2.44436,0.000747298
170.478,-1.01332,-1.01332,-1.81831,-1.81831,2.00226,0.569211
170.511,-0.272446,-0.272446,-1.86041,-1.86041,1.50816,1.12286
170.544,0.475468,0.475468,-1.85416,-1.85416,0.974881,1.64729
170.577,1.21098,1.21098,-1.79969,-1.79969,0.416281,2.12886
170.61,1.91496,1.91496,-1.6984,-1.6984,-0.153132,2.55503
170.643,2.56911,2.56911,-1.55291,-1.55291,-0.718568,2.91471
170.676,3.15644,3.15644,-1.36698,-1.36698,-1.26534,3.19854
170.709,3.66167,3.66167,-1.14544,-1.14544,-1.77924,3.39914
170.742,4.07168,4.07168,-0.894035,-0.894035,-2.24693,3.51129
170.775,4.3758,4.3758,-0.619289,-0.619289,-2.65626,3.53206
170.808,4.56615,4.56615,-0.328338,-0.328338,-2.99659,3.46093
170.841,4.63778,4.63778,-0.0287427,-0.0287427,-3.25908,3.29973
170.874,4.58883,4.58883,0.27171,0.27171,-3.43692,3.05267
170.907,4.42059,4.42059,0.565208,0.565208,-3.52549,2.72616
170.94,4.13743,4.13743,0.844117,0.844117,-3.52248,2.32872
170.973,3.74672,3.74672,1.10118,1.10118,-3.42798,1.87068
171.006,3.25863,3.25863,1.3297,1.3297,-3.24444,1.36396
171.039,2.68586,2.68586,1.52373,1.52373,-2.97663,0.821749
171.072,2.04329,2.04329,1.67821,1.67821,-2.63149,0.258152
171.105,1.34764,1.34764,1.7891,1.7891,-2.21801,-0.312162
171.138,0.616992,0.616992,1.85351,1.85351,-1.74691,-0.874354
171.171,-0.12965,-0.12965,1.86975,1.86975,-1.23044,-1.41379
171.204,-0.872876,-0.872876,1.83738,1.83738,-0.682007,-1.91644
171.237,-1.59337,-1.59337,1.75722,1.75722,-0.11586,-2.36922
171.27,-2.27239,-2.27239,1.63133,1.63133,0.453297,-2.76035
171.303,-2.89229,-2.89229,1.46298,1.46298,1.01068,-3.07964
171.336,-3.43697,-3.43697,1.25652,1.25652,1.54181,-3.3188
171.369,-3.89226,-3.89226,1.01732,1.01732,2.03289,-3.47159
171.402,-4.24633,-4.24633,0.751568,0.751568,2.47117,-3.53405
171.435,-4.48999,-4.48999,0.466181,0.466181,2.84526,-3.50454
171.468,-4.6169,-4.6169,0.168567,0.168567,3.14545,-3.38384
171.501,-4.62378,-4.62378,-0.13354,-0.13354,3.36393,-3.17508
171.534,-4.51045,-4.51045,-0.432284,-0.432284,3.49504,-2.8837
171.567,-4.27986,-4.27986,-0.719897,-0.719897,3.53536,-2.51728
171.6,-3.93802,-3.93802,-0.988895,-0.988895,3.48386,-2.08535
171.633,-3.49383,-3.49383,-1.23228,-1.23228,3.34186,-1.59916
171.666,-2.95882,-2.95882,-1.4437,-1.4437,3.11306,-1.07135
171.699,-2.34693,-2.34693,-1.61767,-1.61767,2.80339,-0.515666
171.732,-1.67406,-1.67406,-1.74963,-1.74963,2.42091,0.0534376
171.765,-0.957707,-0.957707,-1.83615,-1.83615,1.97555,0.62115
171.798,-0.216499,-0.216499,-1.87495,-1.87495,1.47888,1.1727
171.831,0.530292,0.530292,-1.86501,-1.86501,0.943786,1.69373
171.864,1.26325,1.26325,-1.80657,-1.80657,0.384181,2.17069
171.897,1.96333,1.96333,-1.70113,-1.70113,-0.185402,2.59116
171.93,2.61232,2.61232,-1.55142,-1.55142,-0.75017,2.94421
171.963,3.19336,3.19336,-1.36131,-1.36131,-1.29545,3.22064
171.996,3.69134,3.69134,-1.13573,-1.13573,-1.80709,3.41326
172.029,4.09333,4.09333,-0.880544,-0.880544,-2.27178,3.51706
172.062,4.38887,4.38887,-0.602364,-0.602364,-2.67747,3.52934
172.095,4.5703,4.5703,-0.308418,-0.308418,-3.01361,3.44978
172.128,4.6329,4.6329,-0.00634552,-0.00634552,-3.27147,3.28044
172.161,4.57505,4.57505,0.296002,0.296002,-3.44436,3.02575
172.194,4.39827,4.39827,0.590763,0.590763,-3.52778,2.69231
172.227,4.10715,4.10715,0.870269,0.870269,-3.51956,2.28882
172.26,3.70927,3.70927,1.12725,1.12725,-3.41993,1.82576
172.293,3.21498,3.21498,1.35501,1.35501,-3.23147,1.3152
172.326,2.63714,2.63714,1.54761,1.54761,-2.95907,0.770411
172.359,1.99078,1.99078,1.70005,1.70005,-2.60981,0.205574
172.392,1.29269,1.29269,1.80833,1.80833,-2.19276,-0.364612
172.425,0.561048,0.561048,1.86963,1.86963,-1.71875,-0.92531
172.458,-0.185141,-0.185141,1.88234,1.88234,-1.2001,-1.46193
172.491,-0.926471,-0.926471,1.8461,1.8461,-0.650279,-1.96051
172.524,-1.64367,-1.64367,1.76185,1.76185,-0.0835656,-2.40807
172.557,-2.31809,-2.31809,1.63175,1.63175,0.485318,-2.79296
172.59,-2.93221,-2.93221,1.45917,1.45917,1.0416,-3.10518
172.623,-3.47007,-3.47007,1.24859,1.24859,1.57082,-3.33659
172.656,-3.91767,-3.91767,1.00547,1.00547,2.05924,-3.48118
172.689,-4.2634,-4.2634,0.736106,0.736106,2.49417,-3.53518
172.722,-4.49827,-4.49827,0.447507,0.447507,2.86432,-3.49719
172.755,-4.61618,-4.61618,0.147166,0.147166,3.16007,-3.36819
172.788,-4.61407,-4.61407,-0.15711,-0.15711,3.37373,-3.15155
172.821,-4.49201,-4.49201,-0.457411,-0.457411,3.49977,-2.85289
172.854,-4.25317,-4.25317,-0.745927,-0.745927,3.5349,-2.48
172.887,-3.90378,-3.90378,-1.01515,-1.01515,3.47821,-2.04257
172.92,-3.45292,-3.45292,-1.25808,-1.25808,3.33117,-1.55199
172.953,-2.91231,-2.91231,-1.46837,-1.46837,3.09761,-1.02102
172.986,-2.29603,-2.29603,-1.64057,-1.64057,2.78359,-0.463482
173.019,-1.62009,-1.62009,-1.77016,-1.77016,2.39727,0.106116
173.052,-0.902074,-0.902074,-1.85377,-1.85377,1.94868,0.672952
173.085,-0.16065,-0.16065,-1.88921,-1.88921,1.44947,1.22228
173.118,0.584907,0.584907,-1.87554,-1.87554,0.912612,1.73979
173.151,1.31521,1.31521,-1.81309,-1.81309,0.35205,2.21204
173.184,2.01128,2.01128,-1.70347,-1.70347,-0.217657,2.62672
173.217,2.65502,2.65502,-1.54951,-1.54951,-0.78171,2.97305
173.25,3.22969,3.22969,-1.35521,-1.35521,-1.32546,3.24202
173.283,3.72037,3.72037,-1.1256,-1.1256,-1.83478,3.42662
173.316,4.11429,4.11429,-0.866635,-0.866635,-2.29644,3.52205
173.349,4.40123,4.40123,-0.585042,-0.585042,-2.69845,3.52583
173.382,4.57373,4.57373,-0.288134,-0.288134,-3.03037,3.43786
173.415,4.62731,4.62731,0.0163738,0.0163738,-3.28358,3.26043
173.448,4.56059,4.56059,0.320566,0.320566,-3.4515,2.99815
173.481,4.37531,4.37531,0.616532,0.616532,-3.52977,2.65786
173.514,4.0763,4.0763,0.896573,0.896573,-3.51635,2.2484
173.547,3.67132,3.67132,1.1534,1.1534,-3.4116,1.78044
173.58,3.17093,3.17093,1.38033,1.38033,-3.21823,1.26614
173.613,2.58813,2.58813,1.57145,1.57145,-2.94126,0.718901
173.646,1.93808,1.93808,1.72177,1.72177,-2.5879,0.15295
173.679,1.23768,1.23768,1.82738,1.82738,-2.16732,-0.416981
173.712,0.505147,0.505147,1.88551,1.88551,-1.69045,-0.976061
173.745,-0.240473,-0.240473,1.89463,1.89463,-1.16966,-1.50974
173.778,-0.979795,-0.979795,1.85448,1.85448,-0.618496,-2.00414
173.811,-1.6936,-1.6936,1.7661,1.7661,-0.0512644,-2.44638
173.844,-2.36333,-2.36333,1.63176,1.63176,0.517299,-2.82496
173.877,-2.97158,-2.97158,1.45495,1.45495,1.07243,-3.13003
173.91,-3.50254,-3.50254,1.24023,1.24023,1.5997,-3.35365
173.943,-3.94241,-3.94241,0.993191,0.993191,2.08542,-3.49
173.976,-4.27976,-4.27976,0.720235,0.720235,2.51697,-3.53553
174.009,-4.50583,-4.50583,0.428453,0.428453,2.88314,-3.48906
174.042,-4.61474,-4.61474,0.125424,0.125424,3.17442,-3.3518
174.075,-4.60367,-4.60367,-0.180976,-0.180976,3.38325,-3.12732
174.108,-4.47292,-4.47292,-0.48278,-0.48278,3.50421,-2.82145
174.141,-4.22589,-4.22589,-0.772138,-0.772138,3.53414,-2.44217
174.174,-3.86901,-3.86901,-1.04152,-1.04152,3.47227,-1.99933
174.207,-3.41156,-3.41156,-1.28392,-1.28392,3.32021,-1.50447
174.24,-2.86546,-2.86546,-1.49302,-1.49302,3.08191,-0.97046
174.273,-2.24489,-2.24489,-1.66337,-1.66337,2.76356,-0.411195
174.306,-1.566,-1.566,-1.79053,-1.79053,2.37342,0.158771
174.339,-0.846432,-0.846432,-1.87118,-1.87118,1.92164,0.724605
174.372,-0.104906,-0.104906,-1.9032,-1.9032,1.41994,1.27158
174.405,0.639302,0.639302,-1.88574,-1.88574,0.881362,1.78547
174.438,1.36684,1.36684,-1.81923,-1.81923,0.319889,2.2529
174.471,2.05881,2.05881,-1.7054,-1.7054,-0.249893,2.6617
174.504,2.6972,2.6972,-1.54719,-1.54719,-0.813185,3.00124
174.537,3.26544,3.26544,-1.34868,-1.34868,-1.35535,3.26268
174.57,3.74875,3.74875,-1.11503,-1.11503,-1.86232,3.43921
174.603,4.13457,4.13457,-0.852308,-0.852308,-2.32091,3.52625
174.636,4.41288,4.41288,-0.567325,-0.567325,-2.71921,3.52153
174.669,4.57644,4.57644,-0.267489,-0.267489,-3.04689,3.42518
174.702,4.62102,4.62102,0.0394112,0.0394112,-3.29542,3.23969
174.735,4.54546,4.54546,0.345396,0.345396,-3.45836,2.96989
174.768,4.35174,4.35174,0.64251,0.64251,-3.53146,2.62282
174.801,4.04489,4.04489,0.923022,0.923022,-3.51284,2.20749
174.834,3.6329,3.6329,1.17963,1.17963,-3.40297,1.73472
174.867,3.12649,3.12649,1.40566,1.40566,-3.20471,1.21681
174.9,2.53883,2.53883,1.59522,1.59522,-2.92321,0.667231
174.933,1.8852,1.8852,1.74337,1.74337,-2.56578,0.100292
174.966,1.1826,1.1826,1.84623,1.84623,-2.14171,-0.469257
174.999,0.4493,0.4493,1.90113,1.90113,-1.662,-1.0266
175.032,-0.295637,-0.295637,1.9066,1.9066,-1.13913,-1.55722
175.065,-1.03284,-1.03284,1.86251,1.86251,-0.586662,-2.04732
175.098,-1.74315,-1.74315,1.76996,1.76996,-0.0189588,-2.48415
175.131,-2.4081,-2.4081,1.63136,1.63136,0.549236,-2.85633
175.164,-3.0104,-3.0104,1.45029,1.45029,1.10317,-3.15418
175.197,-3.5344,-3.5344,1.23144,1.23144,1.62844,-3.36996
175.23,-3.96649,-3.96649,0.980492,0.980492,2.11142,-3.49804
175.263,-4.29542,-4.29542,0.703958,0.703958,2.53955,-3.5351
175.296,-4.51267,-4.51267,0.409021,0.409021,2.90172,-3.48016
175.329,-4.61258,-4.61258,0.103342,0.103342,3.18852,-3.33466
175.362,-4.59258,-4.59258,-0.205133,-0.205133,3.39249,-3.10239
175.395,-4.45317,-4.45317,-0.508384,-0.508384,3.50835,-2.78939
175.428,-4.19801,-4.19801,-0.798524,-0.798524,3.53308,-2.4038
175.461,-3.83372,-3.83372,-1.068,-1.068,3.46604,-1.95565
175.494,-3.36978,-3.36978,-1.30981,-1.30981,3.30897,-1.45662
175.527,-2.81827,-2.81827,-1.51764,-1.51764,3.06595,-0.919685
175.56,-2.19352,-2.19352,-1.68608,-1.68608,2.74329,-0.358816
175.593,-1.51179,-1.51179,-1.81074,-1.81074,2.34938,0.21139
175.626,-0.790789,-0.790789,-1.88835,-1.88835,1.89444,0.776096
175.659,-0.0492784,-0.0492784,-1.9169,-1.9169,1.3903,1.32061
175.692,0.693468,0.693468,-1.8956,-1.8956,0.850038,1.83075
175.725,1.41814,1.41814,-1.82501,-1.82501,0.287701,2.29326
175.758,2.1059,2.1059,-1.70694,-1.70694,-0.282109,2.69608
175.791,2.73887,2.73887,-1.54444,-1.54444,-0.844591,3.02876
175.824,3.3006,3.3006,-1.34172,-1.34172,-1.38514,3.28261
175.857,3.77648,3.77648,-1.10404,-1.10404,-1.8897,3.45105
175.89,4.15415,4.15415,-0.837564,-0.837564,-2.34518,3.52968
175.923,4.42381,4.42381,-0.549217,-0.549217,-2.73975,3.51646
175.956,4.57844,4.57844,-0.246485,-0.246485,-3.06315,3.41173
175.989,4.61402,4.61402,0.062763,0.062763,-3.30699,3.21823
176.022,4.52966,4.52966,0.370489,0.370489,-3.46493,2.94098
176.055,4.32754,4.32754,0.668691,0.668691,-3.53287,2.5872
176.088,4.01292,4.01292,0.949611,0.949611,-3.50904,2.16609
176.121,3.594,3.594,1.20594,1.20594,-3.39407,1.68862
176.154,3.08167,3.08167,1.431,1.431,-3.19094,1.1672
176.187,2.48925,2.48925,1.61893,1.61893,-2.90492,0.615414
176.22,1.83216,1.83216,1.76482,1.76482,-2.54345,0.0476116
176.253,1.12747,1.12747,1.86488,1.86488,-2.11591,-0.521429
176.286,0.393516,0.393516,1.91649,1.91649,-1.63342,-1.0769
176.319,-0.350623,-0.350623,1.91827,1.91827,-1.10849,-1.60435
176.352,-1.0856,-1.0856,1.87018,1.87018,-0.554778,-2.09005
176.385,-1.79231,-1.79231,1.77343,1.77343,0.0133483,-2.52136
176.418,-2.45238,-2.45238,1.63054,1.63054,0.581128,-2.88706
176.451,-3.04866,-3.04866,1.4452,1.4452,1.13381,-3.17764
176.484,-3.56563,-3.56563,1.22221,1.22221,1.65705,-3.38552
176.517,-3.98988,-3.98988,0.967368,0.967368,2.13724,-3.50531
176.55,-4.31038,-4.31038,0.687276,0.687276,2.56192,-3.53388
176.583,-4.51879,-4.51879,0.389213,0.389213,2.92005,-3.47049
176.616,-4.60972,-4.60972,0.0809247,0.0809247,3.20234,-3.31679
176.649,-4.5808,-4.5808,-0.229578,-0.229578,3.40145,-3.07678
176.682,-4.43278,-4.43278,-0.53422,-0.53422,3.5122,-2.7567
176.715,-4.16954,-4.16954,-0.825079,-0.825079,3.53173,-2.36489
176.748,-3.79791,-3.79791,-1.09459,-1.09459,3.45952,-1.91154
176.781,-3.32757,-3.32757,-1.33573,-1.33573,3.29745,-1.40845
176.814,-2.77075,-2.77075,-1.54222,-1.54222,3.04973,-0.868707
176.847,-2.14194,-2.14194,-1.70868,-1.70868,2.7228,-0.306358
176.88,-1.45747,-1.45747,-1.83077,-1.83077,2.32514,0.263963
176.913,-0.735157,-0.735157,-1.9053,-1.9053,1.86708,0.827415
176.946,0.00622398,0.00622398,-1.93031,-1.93031,1.36053,1.36934
176.979,0.747398,0.747398,-1.90513,-1.90513,0.818644,1.87562
177.012,1.46909,1.46909,-1.83041,-1.83041,0.25549,2.3331
177.045,2.15255,2.15255,-1.70807,-1.70807,-0.314301,2.72987
177.078,2.78001,2.78001,-1.54126,-1.54126,-0.875927,3.0556
177.111,3.33515,3.33515,-1.33432,-1.33432,-1.4148,3.30182
177.144,3.80356,3.80356,-1.09261,-1.09261,-1.91693,3.46211
177.177,4.17305,4.17305,-0.822404,-0.822404,-2.36926,3.53232
177.21,4.43402,4.43402,-0.530717,-0.530717,-2.76005,3.5106
177.243,4.57971,4.57971,-0.225127,-0.225127,-3.07916,3.39753
177.276,4.60633,4.60633,0.0864249,0.0864249,-3.31828,3.19605
177.309,4.51319,4.51319,0.395839,0.395839,-3.47121,2.91141
177.342,4.30272,4.30272,0.69507,0.69507,-3.53397,2.551
177.375,3.98041,3.98041,0.976332,0.976332,-3.50495,2.1242
177.408,3.55464,3.55464,1.23231,1.23231,-3.38488,1.64214
177.441,3.03648,3.03648,1.45633,1.45633,-3.17689,1.11734
177.474,2.43941,2.43941,1.64256,1.64256,-2.88638,0.563459
177.507,1.77896,1.77896,1.78614,1.78614,-2.5209,-0.00507921
177.54,1.0723,1.0723,1.88333,1.88333,-2.08994,-0.573486
177.573,0.337805,0.337805,1.93158,1.93158,-1.6047,-1.12697
177.606,-0.405423,-0.405423,1.92962,1.92962,-1.07777,-1.65113
177.639,-1.13807,-1.13807,1.87748,1.87748,-0.522848,-2.13232
177.672,-1.84108,-1.84108,1.77651,1.77651,0.0456543,-2.55802
177.705,-2.49618,-2.49618,1.62931,1.62931,0.612971,-2.91716
177.738,-3.08634,-3.08634,1.43968,1.43968,1.16437,-3.20038
177.771,-3.59624,-3.59624,1.21256,1.21256,1.68552,-3.40033
177.804,-4.0126,-4.0126,0.953819,0.953819,2.16289,-3.51179
177.837,-4.32463,-4.32463,0.67019,0.67019,2.58408,-3.53187
177.87,-4.5242,-4.5242,0.369034,0.369034,2.93815,-3.46004
177.903,-4.60614,-4.60614,0.0581756,0.0581756,3.2159,-3.29817
177.936,-4.56833,-4.56833,-0.254304,-0.254304,3.41012,-3.05048
177.969,-4.41176,-4.41176,-0.560281,-0.560281,3.51576,-2.7234
178.002,-4.1405,-4.1405,-0.851797,-0.851797,3.53008,-2.32546
178.035,-3.76161,-3.76161,-1.12127,-1.12127,3.45271,-1.867
178.068,-3.28495,-3.28495,-1.36167,-1.36167,3.28566,-1.35996
178.101,-2.72292,-2.72292,-1.56675,-1.56675,3.03326,-0.817535
178.134,-2.09014,-2.09014,-1.73117,-1.73117,2.70208,-0.253832
178.167,-1.40306,-1.40306,-1.85063,-1.85063,2.3007,0.316477
178.2,-0.679545,-0.679545,-1.922,-1.922,1.83957,0.87855
178.233,0.0615916,0.0615916,-1.94343,-1.94343,1.33066,1.41776
178.266,0.801081,0.801081,-1.91432,-1.91432,0.787181,1.92008
178.299,1.5197,1.5197,-1.83543,-1.83543,0.223256,2.37243
178.332,2.19876,2.19876,-1.70878,-1.70878,-0.346467,2.76305
178.365,2.82062,2.82062,-1.53766,-1.53766,-0.907191,3.08177
178.398,3.36911,3.36911,-1.32649,-1.32649,-1.44435,3.32029
178.431,3.82998,3.82998,-1.08075,-1.08075,-1.94399,3.47241
178.464,4.19124,4.19124,-0.80683,-0.80683,-2.39314,3.53417
178.497,4.44353,4.44353,-0.51183,-0.51183,-2.78013,3.50397
178.53,4.58027,4.58027,-0.203417,-0.203417,-3.0949,3.38258
178.563,4.59793,4.59793,0.110393,0.110393,-3.32929,3.17317
178.596,4.49606,4.49606,0.421442,0.421442,-3.4772,2.88119
178.629,4.2773,4.2773,0.721641,0.721641,-3.53479,2.51423
178.662,3.94736,3.94736,1.00318,1.00318,-3.50056,2.08185
178.695,3.51482,3.51482,1.25873,1.25873,-3.37541,1.59529
178.728,2.99092,2.99092,1.48164,1.48164,-3.16258,1.06722
178.761,2.3893,2.3893,1.6661,1.6661,-2.86761,0.51138
178.794,1.72561,1.72561,1.8073,1.8073,-2.49815,-0.0577689
178.827,1.01709,1.01709,1.90156,1.90156,-2.0638,-0.625414
178.86,0.282176,0.282176,1.9464,1.9464,-1.57584,-1.17679
178.893,-0.460028,-0.460028,1.94065,1.94065,-1.04696,-1.69753
178.926,-1.19023,-1.19023,1.88443,1.88443,-0.490875,-2.17411
178.959,-1.88943,-1.88943,1.77919,1.77919,0.0779566,-2.59411
178.992,-2.53948,-2.53948,1.62765,1.62765,0.644763,-2.9466
179.025,-3.12346,-3.12346,1.43373,1.43373,1.19482,-3.22242
179.058,-3.62621,-3.62621,1.20246,1.20246,1.71385,-3.41438
179.091,-4.03465,-4.03465,0.939847,0.939847,2.18835,-3.5175
179.124,-4.33817,-4.33817,0.652702,0.652702,2.60602,-3.52908
179.157,-4.52889,-4.52889,0.348484,0.348484,2.95599,-3.44882
179.19,-4.60186,-4.60186,0.0350984,0.0350984,3.22919,-3.27882
179.223,-4.55519,-4.55519,-0.279309,-0.279309,3.4185,-3.0235
179.256,-4.39009,-4.39009,-0.586563,-0.586563,3.51903,-2.6895
179.289,-4.11088,-4.11088,-0.878671,-0.878671,3.52814,-2.28551
179.322,-3.7248,-3.7248,-1.14803,-1.14803,3.44562,-1.82205
179.355,-3.24192,-3.24192,-1.38764,-1.38764,3.27359,-1.31118
179.388,-2.67479,-2.67479,-1.59124,-1.59124,3.01654,-0.766182
179.421,-2.03815,-2.03815,-1.75354,-1.75354,2.68113,-0.201249
179.454,-1.34856,-1.34856,-1.8703,-1.8703,2.27608,0.368921
179.487,-0.623962,-0.623962,-1.93846,-1.93846,1.81191,0.92949
179.52,0.116815,0.116815,-1.95624,-1.95624,1.30067,1.46587
179.553,0.854509,0.854509,-1.92316,-1.92316,0.755652,1.96411
179.586,1.56994,1.56994,-1.84006,-1.84006,0.191005,2.41124
179.619,2.24451,2.24451,-1.70909,-1.70909,-0.378604,2.79562
179.652,2.86069,2.86069,-1.53362,-1.53362,-0.938378,3.10725
179.685,3.40246,3.40246,-1.31822,-1.31822,-1.47378,3.33802
179.718,3.85574,3.85574,-1.06847,-1.06847,-1.9709,3.48194
179.751,4.20875,4.20875,-0.790842,-0.790842,-2.41682,3.53524
179.784,4.45231,4.45231,-0.492556,-0.492556,-2.79997,3.49655
179.817,4.58012,4.58012,-0.181358,-0.181358,-3.11039,3.36687
179.85,4.58884,4.58884,0.134663,0.134663,-3.34002,3.14958
179.883,4.47827,4.47827,0.447292,0.447292,-3.4829,2.85033
179.916,4.25127,4.25127,0.748398,0.748398,-3.5353,2.47691
179.949,3.91377,3.91377,1.03015,1.03015,-3.49588,2.03903
179.982,3.47454,3.47454,1.28521,1.28521,-3.36565,1.54809
180.015,2.94501,2.94501,1.50694,1.50694,-3.14801,1.01687
180.048,2.33895,2.33895,1.68956,1.68956,-2.84859,0.459187
180.081,1.67212,1.67212,1.82831,1.82831,-2.47518,-0.110446
180.114,0.96186,0.96186,1.91957,1.91957,-2.03748,-0.677204
180.147,0.226639,0.226639,1.96095,1.96095,-1.54686,-1.22634
180.18,-0.514427,-0.514427,1.95135,1.95135,-1.01605,-1.74356
180.213,-1.24207,-1.24207,1.891,1.891,-0.458861,-2.21542
180.246,-1.93738,-1.93738,1.78146,1.78146,0.110252,-2.62962
180.279,-2.58228,-2.58228,1.62556,1.62556,0.676501,-2.97539
180.312,-3.16,-3.16,1.42734,1.42734,1.22518,-3.24374
180.345,-3.65554,-3.65554,1.19193,1.19193,1.74203,-3.42768
180.378,-4.05601,-4.05601,0.925452,0.925452,2.21364,-3.52242
180.411,-4.351,-4.351,0.634813,0.634813,2.62774,-3.5255
180.444,-4.53286,-4.53286,0.327567,0.327567,2.97359,-3.43684
180.477,-4.59687,-4.59687,0.0116969,0.0116969,3.24221,-3.25875
180.51,-4.54137,-4.54137,-0.304586,-0.304586,3.42661,-2.99585
180.543,-4.3678,-4.3678,-0.613059,-0.613059,3.522,-2.655
180.576,-4.08069,-4.08069,-0.905697,-0.905697,3.52591,-2.24506
180.609,-3.68751,-3.68751,-1.17488,-1.17488,3.43823,-1.7767
180.642,-3.19849,-3.19849,-1.41361,-1.41361,3.26125,-1.2621
180.675,-2.62635,-2.62635,-1.61567,-1.61567,2.99956,-0.714659
180.708,-1.98596,-1.98596,-1.77578,-1.77578,2.65996,-0.148622
180.741,-1.29399,-1.29399,-1.88977,-1.88977,2.25126,0.421282
180.774,-0.568418,-0.568418,-1.95466,-1.95466,1.78409,0.980224
180.807,0.171885,0.171885,-1.96875,-1.96875,1.27058,1.51366
180.84,0.907673,0.907673,-1.93165,-1.93165,0.72406,2.0077
180.873,1.61982,1.61982,-1.8443,-1.8443,0.158737,2.4495
180.906,2.2898,2.2898,-1.70897,-1.70897,-0.410709,2.82756
180.939,2.90022,2.90022,-1.52916,-1.52916,-0.969487,3.13204
180.972,3.4352,3.4352,-1.30952,-1.30952,-1.50308,3.35502
181.005,3.88083,3.88083,-1.05575,-1.05575,-1.99764,3.49069
181.038,4.22555,4.22555,-0.774441,-0.774441,-2.4403,3.53553
181.071,4.46039,4.46039,-0.472898,-0.472898,-2.81958,3.48836
181.104,4.57925,4.57925,-0.158955,-0.158955,-3.12562,3.35042
181.137,4.57906,4.57906,0.15923,0.15923,-3.35048,3.12529
181.17,4.45983,4.45983,0.473384,0.473384,-3.48831,2.81884
181.203,4.22465,4.22465,0.775336,0.775336,-3.53552,2.43903
181.236,3.87966,3.87966,1.05723,1.05723,-3.49091,1.99576
181.269,3.43383,3.43383,1.31173,1.31173,-3.35562,1.50055
181.302,2.89876,2.89876,1.53221,1.53221,-3.13317,0.966293
181.335,2.28836,2.28836,1.71293,1.71293,-2.82933,0.406892
181.368,1.6185,1.6185,1.84916,1.84916,-2.45201,-0.163098
181.401,0.906616,0.906616,1.93736,1.93736,-2.01099,-0.728844
181.434,0.171203,0.171203,1.97521,1.97521,-1.51774,-1.27562
181.467,-0.568613,-0.568613,1.96171,1.96171,-0.985068,-1.78921
181.5,-1.2936,-1.2936,1.8972,1.8972,-0.426808,-2.25623
181.533,-1.98491,-1.98491,1.78333,1.78333,0.142539,-2.66455
181.566,-2.62457,-2.62457,1.62305,1.62305,0.708183,-3.00352
181.599,-3.19596,-3.19596,1.42051,1.42051,1.25543,-3.26434
181.632,-3.68423,-3.68423,1.18097,1.18097,1.77007,-3.44021
181.665,-4.07668,-4.07668,0.910633,0.910633,2.23874,-3.52657
181.698,-4.36313,-4.36313,0.616526,0.616526,2.64925,-3.52115
181.731,-4.53612,-4.53612,0.306286,0.306286,2.99095,-3.4241
181.764,-4.59118,-4.59118,-0.012025,-0.012025,3.25496,-3.23795
181.797,-4.52687,-4.52687,-0.330132,-0.330132,3.43442,-2.96754
181.83,-4.34488,-4.34488,-0.639764,-0.639764,3.52468,-2.61991
181.863,-4.04994,-4.04994,-0.932866,-0.932866,3.52338,-2.20411
181.896,-3.64974,-3.64974,-1.20181,-1.20181,3.43056,-1.73094
181.929,-3.15467,-3.15467,-1.4396,-1.4396,3.24864,-1.21274
181.962,-2.57762,-2.57762,-1.64003,-1.64003,2.98233,-0.662977
181.995,-1.9336,-1.9336,-1.79789,-1.79789,2.63856,-0.0959617
182.028,-1.23935,-1.23935,-1.90905,-1.90905,2.22626,0.473551
182.061,-0.512923,-0.512923,-1.97061,-1.97061,1.75612,1.03074
182.094,0.226792,0.226792,-1.98095,-1.98095,1.24037,1.56111
182.127,0.960564,0.960564,-1.93978,-1.93978,0.692408,2.05085
182.16,1.66932,1.66932,-1.84815,-1.84815,0.126456,2.48723
182.193,2.33463,2.33463,-1.70844,-1.70844,-0.44278,2.85888
182.226,2.9392,2.9392,-1.52426,-1.52426,-1.00051,3.15614
182.259,3.46732,3.46732,-1.30037,-1.30037,-1.53226,3.37127
182.292,3.90526,3.90526,-1.0426,-1.0426,-2.02421,3.49867
182.325,4.24165,4.24165,-0.757629,-0.757629,-2.46358,3.53503
182.358,4.46775,4.46775,-0.452859,-0.452859,-2.83896,3.47939
182.391,4.57768,4.57768,-0.136209,-0.136209,-3.14059,3.33322
182.424,4.56859,4.56859,0.18409,0.18409,-3.36065,3.10031
182.457,4.44073,4.44073,0.499712,0.499712,-3.49342,2.78672
182.49,4.19744,4.19744,0.802448,0.802448,-3.53545,2.40062
182.523,3.84503,3.84503,1.08442,1.08442,-3.48565,1.95204
182.556,3.39268,3.39268,1.33829,1.33829,-3.3453,1.45267
182.589,2.85217,2.85217,1.55745,1.55745,-3.11807,0.915502
182.622,2.23753,2.23753,1.73618,1.73618,-2.80984,0.354506
182.655,1.56477,1.56477,1.86983,1.86983,-2.42863,-0.215714
182.688,0.851367,0.851367,1.95491,1.95491,-1.98434,-0.780322
182.721,0.115878,0.115878,1.98918,1.98918,-1.4885,-1.32462
182.754,-0.622576,-0.622576,1.97174,1.97174,-0.954,-1.83446
182.787,-1.3448,-1.3448,1.90302,1.90302,-0.394719,-2.29655
182.82,-2.03201,-2.03201,1.78479,1.78479,0.174813,-2.69888
182.853,-2.66635,-2.66635,1.62011,1.62011,0.739805,-3.03099
182.886,-3.23134,-3.23134,1.41325,1.41325,1.28558,-3.28422
182.919,-3.71228,-3.71228,1.16957,1.16957,1.79796,-3.45199
182.952,-4.09667,-4.09667,0.895394,0.895394,2.26365,-3.52992
182.985,-4.37454,-4.37454,0.597842,0.597842,2.67053,-3.51601
183.018,-4.53867,-4.53867,0.284643,0.284643,3.00805,-3.4106
183.051,-4.58479,-4.58479,-0.0360633,-0.0360633,3.26743,-3.21643
183.084,-4.51171,-4.51171,-0.355941,-0.355941,3.44195,-2.93857
183.117,-4.32134,-4.32134,-0.666673,-0.666673,3.52706,-2.58424
183.15,-4.01864,-4.01864,-0.960174,-0.960174,3.52055,-2.16266
183.183,-3.61149,-3.61149,-1.22881,-1.22881,3.42261,-1.68481
183.216,-3.11047,-3.11047,-1.46558,-1.46558,3.23576,-1.16311
183.249,-2.52862,-2.52862,-1.66432,-1.66432,2.96486,-0.611147
183.282,-1.88107,-1.88107,-1.81986,-1.81986,2.61695,-0.0432801
183.315,-1.18465,-1.18465,-1.92812,-1.92812,2.20106,0.525714
183.348,-0.457486,-0.457486,-1.98629,-1.98629,1.72801,1.08103
183.381,0.281528,0.281528,-1.99282,-1.99282,1.21007,1.60821
183.414,1.01317,1.01317,-1.94754,-1.94754,0.660698,2.09354
183.447,1.71843,1.71843,-1.8516,-1.8516,0.094165,2.5244
183.48,2.37897,2.37897,-1.70749,-1.70749,-0.474814,2.88956
183.513,2.97762,2.97762,-1.51892,-1.51892,-1.03146,3.17953
183.546,3.49882,3.49882,-1.29079,-1.29079,-1.56131,3.38677
183.579,3.92903,3.92903,-1.02902,-1.02902,-2.05061,3.50587
183.612,4.25706,4.25706,-0.740407,-0.740407,-2.48665,3.53374
183.645,4.47439,4.47439,-0.432441,-0.432441,-2.85809,3.46966
183.678,4.57539,4.57539,-0.113126,-0.113126,-3.1553,3.31528
183.711,4.55744,4.55744,0.209239,0.209239,-3.37055,3.07464
183.744,4.421,4.421,0.526272,0.526272,-3.49825,2.75399
183.777,4.16963,4.16963,0.829728,0.829728,-3.53508,2.36167
183.81,3.80988,3.80988,1.11171,1.11171,-3.48009,1.9079
183.843,3.35111,3.35111,1.36488,1.36488,-3.33471,1.40448
183.876,2.80525,2.80525,1.58265,1.58265,-3.10271,0.864507
183.909,2.18649,2.18649,1.75933,1.75933,-2.79012,0.302042
183.942,1.51092,1.51092,1.89033,1.89033,-2.40505,-0.268283
183.975,0.796124,0.796124,1.97222,1.97222,-1.95752,-0.831626
184.008,0.0606733,0.0606733,2.00285,2.00285,-1.45913,-1.37333
184.041,-0.676307,-0.676307,1.98142,1.98142,-0.922851,-1.87929
184.074,-1.39566,-1.39566,1.90845,1.90845,-0.362598,-2.33636
184.107,-2.07868,-2.07868,1.78583,1.78583,0.207073,-2.73262
184.14,-2.70761,-2.70761,1.61674,1.61674,0.771366,-3.05778
184.173,-3.26612,-3.26612,1.40554,1.40554,1.31562,-3.30336
184.206,-3.73967,-3.73967,1.15773,1.15773,1.82571,-3.46299
184.239,-4.11598,-4.11598,0.879733,0.879733,2.28837,-3.5325
184.272,-4.38525,-4.38525,0.578764,0.578764,2.69159,-3.51009
184.305,-4.5405,-4.5405,0.262643,0.262643,3.0249,-3.39633
184.338,-4.57769,-4.57769,-0.0604138,-0.0604138,3.27964,-3.1942
184.371,-4.49588,-4.49588,-0.382009,-0.382009,3.44919,-2.90895
184.404,-4.29719,-4.29719,-0.693779,-0.693779,3.52915,-2.548
184.437,-3.98679,-3.98679,-0.987614,-0.987614,3.51744,-2.12074
184.47,-3.57277,-3.57277,-1.25587,-1.25587,3.41436,-1.6383
184.503,-3.06589,-3.06589,-1.49155,-1.49155,3.2226,-1.11322
184.536,-2.47934,-2.47934,-1.68854,-1.68854,2.94713,-0.559182
184.569,-1.82837,-1.82837,-1.84168,-1.84168,2.59512,0.00941112
184.602,-1.12991,-1.12991,-1.94698,-1.94698,2.17569,0.57776
184.635,-0.402116,-0.402116,-2.0017,-2.0017,1.69975,1.13107
184.668,0.336082,0.336082,-2.00438,-2.00438,1.17966,1.65495
184.701,1.0655,1.0655,-1.95494,-1.95494,0.628932,2.13577
184.734,1.76716,1.76716,-1.85465,-1.85465,0.0618657,2.56101
184.767,2.42284,2.42284,-1.7061,-1.7061,-0.506808,2.9196
184.8,3.01549,3.01549,-1.51314,-1.51314,-1.06232,3.20222
184.833,3.5297,3.5297,-1.28077,-1.28077,-1.59023,3.40151
184.866,3.95211,3.95211,-1.01501,-1.01501,-2.07684,3.51229
184.899,4.27176,4.27176,-0.722777,-0.722777,-2.50951,3.53167
184.932,4.48032,4.48032,-0.411647,-0.411647,-2.87699,3.45915
184.965,4.5724,4.5724,-0.089708,-0.089708,-3.16974,3.29661
184.998,4.5456,4.5456,0.234672,0.234672,-3.38016,3.04829
185.031,4.40062,4.40062,0.553058,0.553058,-3.50278,2.72064
185.064,4.14125,4.14125,0.85717,0.85717,-3.53442,2.3222
185.097,3.77424,3.77424,1.1391,1.1391,-3.47425,1.86332
185.13,3.30912,3.30912,1.3915,1.3915,-3.32384,1.35597
185.163,2.75801,2.75801,1.6078,1.6078,-3.08709,0.81332
185.196,2.13523,2.13523,1.78237,1.78237,-2.77016,0.249511
185.229,1.45698,1.45698,1.91065,1.91065,-2.38127,-0.320791
185.262,0.740896,0.740896,1.98929,1.98929,-1.93053,-0.882746
185.295,0.00559791,0.00559791,2.01623,2.01623,-1.42965,-1.42173
185.328,-0.729798,-0.729798,1.99075,1.99075,-0.891626,-1.92372
185.361,-1.44617,-1.44617,1.91349,1.91349,-0.330447,-2.37564
185.394,-2.1249,-2.1249,1.78646,1.78646,0.239316,-2.76575
185.427,-2.74835,-2.74835,1.61293,1.61293,0.802863,-3.08389
185.46,-3.3003,-3.3003,1.3974,1.3974,1.34555,-3.32178
185.493,-3.76642,-3.76642,1.14546,1.14546,1.8533,-3.47322
185.526,-4.13459,-4.13459,0.863653,0.863653,2.3129,-3.53429
185.559,-4.39524,-4.39524,0.559293,0.559293,2.71243,-3.50339
185.592,-4.54162,-4.54162,0.240288,0.240288,3.0415,-3.38132
185.625,-4.56991,-4.56991,-0.0850723,-0.0850723,3.29157,-3.17126
185.658,-4.47939,-4.47939,-0.408329,-0.408329,3.45614,-2.87868
185.691,-4.27243,-4.27243,-0.721077,-0.721077,3.53094,-2.51118
185.724,-3.9544,-3.9544,-1.01518,-1.01518,3.51403,-2.07835
185.757,-3.5336,-3.5336,-1.28298,-1.28298,3.40583,-1.59142
185.79,-3.02095,-3.02095,-1.51751,-1.51751,3.20918,-1.06309
185.823,-2.4298,-2.4298,-1.71266,-1.71266,2.92916,-0.507093
185.856,-1.77552,-1.77552,-1.86334,-1.86334,2.57307,0.0621002
185.889,-1.07513,-1.07513,-1.96562,-1.96562,2.15013,0.629678
185.922,-0.346824,-0.346824,-2.01683,-2.01683,1.67135,1.18087
185.955,0.390446,0.390446,-2.0156,-2.0156,1.14916,1.70133
185.988,1.11752,1.11752,-1.96196,-1.96196,0.597115,2.17752
186.021,1.81549,1.81549,-1.85729,-1.85729,0.0295612,2.59705
186.054,2.46622,2.46622,-1.70429,-1.70429,-0.53876,2.94899
186.087,3.05278,3.05278,-1.50693,-1.50693,-1.09309,3.2242
186.12,3.55995,3.55995,-1.27031,-1.27031,-1.61902,3.41551
186.153,3.97453,3.97453,-1.00058,-1.00058,-2.1029,3.51793
186.186,4.28576,4.28576,-0.70474,-0.70474,-2.53216,3.52881
186.219,4.48554,4.48554,-0.390479,-0.390479,-2.89565,3.44787
186.252,4.5687,4.5687,-0.0659595,-0.0659595,-3.18392,3.2772
186.285,4.53308,4.53308,0.260383,0.260383,-3.38949,3.02125
186.318,4.37961,4.37961,0.580064,0.580064,-3.50702,2.68669
186.351,4.1123,4.1123,0.884769,0.884769,-3.53346,2.28221
186.384,3.73809,3.73809,1.16657,1.16657,-3.46812,1.81834
186.417,3.26672,3.26672,1.41813,1.41813,-3.31269,1.30715
186.45,2.71046,2.71046,1.6329,1.6329,-3.07122,0.761953
186.483,2.08377,2.08377,1.80527,1.80527,-2.74997,0.196924
186.516,1.40294,1.40294,1.93077,1.93077,-2.35729,-0.373229
186.549,0.685692,0.685692,2.0061,2.0061,-1.90338,-0.933669
186.582,-0.0493386,-0.0493386,2.02929,2.02929,-1.40004,-1.46981
186.615,-0.783039,-0.783039,1.99972,1.99972,-0.860326,-1.96771
186.648,-1.49633,-1.49633,1.91815,1.91815,-0.298267,-2.4144
186.681,-2.17068,-2.17068,1.78667,1.78667,0.271539,-2.79827
186.714,-2.78855,-2.78855,1.60868,1.60868,0.834292,-3.10931
186.747,-3.33388,-3.33388,1.38881,1.38881,1.37537,-3.33945
186.78,-3.79251,-3.79251,1.13275,1.13275,1.88073,-3.48269
186.813,-4.15251,-4.15251,0.847154,0.847154,2.33724,-3.53529
186.846,-4.40453,-4.40453,0.539432,0.539432,2.73304,-3.49591
186.879,-4.54202,-4.54202,0.217581,0.217581,3.05784,-3.36555
186.912,-4.56143,-4.56143,-0.110035,-0.110035,3.30322,-3.14761
186.945,-4.46225,-4.46225,-0.434898,-0.434898,3.4628,-2.84777
186.978,-4.24706,-4.24706,-0.748561,-0.748561,3.53244,-2.47381
187.011,-3.92148,-3.92148,-1.04286,-1.04286,3.51032,-2.03549
187.044,-3.49397,-3.49397,-1.31015,-1.31015,3.39702,-1.5442
187.077,-2.97565,-2.97565,-1.54345,-1.54345,3.19549,-1.01272
187.11,-2.38001,-2.38001,-1.7367,-1.7367,2.91095,-0.454891
187.143,-1.72253,-1.72253,-1.88485,-1.88485,2.5508,0.114776
187.176,-1.02031,-1.02031,-1.98404,-1.98404,2.1244,0.681456
187.209,-0.291619,-0.291619,-2.03167,-2.03167,1.64281,1.2304
187.242,0.444611,0.444611,-2.02649,-2.02649,1.11856,1.74733
187.275,1.16923,1.16923,-1.96861,-1.96861,0.565247,2.21879
187.308,1.86341,1.86341,-1.85953,-1.85953,-0.00274567,2.63251
187.341,2.5091,2.5091,-1.70205,-1.70205,-0.570667,2.97773
187.374,3.08951,3.08951,-1.50027,-1.50027,-1.12377,3.24546
187.407,3.58957,3.58957,-1.2594,-1.2594,-1.64767,3.42874
187.44,3.99627,3.99627,-0.985712,-0.985712,-2.12879,3.52279
187.473,4.29905,4.29905,-0.686299,-0.686299,-2.5546,3.52518
187.506,4.49005,4.49005,-0.368941,-0.368941,-2.91406,3.43582
187.539,4.5643,4.5643,-0.0418844,-0.0418844,-3.19783,3.25707
187.572,4.51989,4.51989,0.28637,0.28637,-3.39854,2.99355
187.605,4.35798,4.35798,0.607286,0.607286,-3.51097,2.65214
187.638,4.08278,4.08278,0.912517,0.912517,-3.53221,2.24171
187.671,3.70145,3.70145,1.19412,1.19412,-3.46169,1.77295
187.704,3.22392,3.22392,1.44477,1.44477,-3.30126,1.25805
187.737,2.66261,2.66261,1.65793,1.65793,-3.05508,0.710416
187.77,2.03211,2.03211,1.82805,1.82805,-2.72955,0.144294
187.803,1.34883,1.34883,1.95069,1.95069,-2.33312,-0.425583
187.836,0.630523,0.630523,2.02265,2.02265,-1.87608,-0.984385
187.869,-0.104127,-0.104127,2.04204,2.04204,-1.37031,-1.51757
187.902,-0.836021,-0.836021,2.00834,2.00834,-0.828955,-2.01127
187.935,-1.54613,-1.54613,1.9224,1.9224,-0.266063,-2.45263
187.968,-2.216,-2.216,1.78645,1.78645,0.303739,-2.83016
188.001,-2.82822,-2.82822,1.604,1.604,0.865651,-3.13405
188.034,-3.36686,-3.36686,1.37978,1.37978,1.40508,-3.35638
188.067,-3.81794,-3.81794,1.11961,1.11961,1.90801,-3.49138
188.1,-4.16974,-4.16974,0.830238,0.830238,2.36138,-3.53551
188.133,-4.4131,-4.4131,0.519184,0.519184,2.75342,-3.48765
188.166,-4.54172,-4.54172,0.194526,0.194526,3.07393,-3.34903
188.199,-4.55226,-4.55226,-0.135296,-0.135296,3.3146,-3.12327
188.232,-4.44445,-4.44445,-0.461709,-0.461709,3.46918,-2.81622
188.265,-4.2211,-4.2211,-0.776224,-0.776224,3.53364,-2.4359
188.298,-3.88803,-3.88803,-1.07066,-1.07066,3.50632,-1.99218
188.331,-3.4539,-3.4539,-1.33735,-1.33735,3.38793,-1.49663
188.364,-2.93001,-2.93001,-1.56936,-1.56936,3.18153,-0.962126
188.397,-2.32997,-2.32997,-1.76063,-1.76063,2.89249,-0.402588
188.43,-1.66941,-1.66941,-1.90618,-1.90618,2.52833,0.167425
188.463,-0.965486,-0.965486,-2.00222,-2.00222,2.09849,0.733082
188.496,-0.23651,-0.23651,-2.04623,-2.04623,1.61414,1.27966
188.529,0.498567,0.498567,-2.03704,-2.03704,1.08786,1.79294
188.562,1.22063,1.22063,-1.97488,-1.97488,0.533332,2.25957
188.595,1.91092,1.91092,-1.86135,-1.86135,-0.0350524,2.66739
188.628,2.55148,2.55148,-1.69938,-1.69938,-0.602526,3.00581
188.661,3.12566,3.12566,-1.49316,-1.49316,-1.15435,3.266
188.694,3.61855,3.61855,-1.24806,-1.24806,-1.67619,3.44121
188.727,4.01733,4.01733,-0.970419,-0.970419,-2.15449,3.52687
188.76,4.31164,4.31164,-0.667455,-0.667455,-2.57683,3.52075
188.793,4.49384,4.49384,-0.347035,-0.347035,-2.93224,3.42302
188.826,4.5592,4.5592,-0.0174864,-0.0174864,-3.21148,3.23621
188.859,4.50603,4.50603,0.312625,0.312625,-3.4073,2.96519
188.892,4.33572,4.33572,0.634716,0.634716,-3.51463,2.617
188.925,4.05269,4.05269,0.940409,0.940409,-3.53066,2.20072
188.958,3.66433,3.66433,1.22175,1.22175,-3.45498,1.72717
188.991,3.18073,3.18073,1.47141,1.47141,-3.28956,1.20867
189.024,2.61447,2.61447,1.6829,1.6829,-3.03869,0.658721
189.057,1.98028,1.98028,1.85069,1.85069,-2.7089,0.0916313
189.09,1.29464,1.29464,1.97041,1.97041,-2.30874,-0.477843
189.123,0.575398,0.575398,2.03894,2.03894,-1.84862,-1.03488
189.156,-0.158758,-0.158758,2.05448,2.05448,-1.34048,-1.56499
189.189,-0.888737,-0.888737,2.01659,2.01659,-0.797514,-2.05438
189.222,-1.59556,-1.59556,1.92626,1.92626,-0.233837,-2.4903
189.255,-2.26086,-2.26086,1.78581,1.78581,0.335914,-2.86143
189.288,-2.86734,-2.86734,1.59887,1.59887,0.896939,-3.15809
189.321,-3.39923,-3.39923,1.3703,1.3703,1.43467,-3.37257
189.354,-3.84271,-3.84271,1.10603,1.10603,1.93513,-3.49929
189.387,-4.18627,-4.18627,0.812906,0.812906,2.38533,-3.53495
189.42,-4.42097,-4.42097,0.49855,0.49855,2.77357,-3.47862
189.453,-4.54071,-4.54071,0.171127,0.171127,3.08976,-3.33177
189.486,-4.54241,-4.54241,-0.160853,-0.160853,3.32571,-3.09823
189.519,-4.42601,-4.42601,-0.488758,-0.488758,3.47526,-2.78405
189.552,-4.19455,-4.19455,-0.804062,-0.804062,3.53455,-2.39744
189.585,-3.85406,-3.85406,-1.09856,-1.09856,3.50203,-1.94843
189.618,-3.4134,-3.4134,-1.36459,-1.36459,3.37855,-1.44872
189.651,-2.88402,-2.88402,-1.59522,-1.59522,3.16731,-0.911317
189.684,-2.27971,-2.27971,-1.78445,-1.78445,2.87379,-0.350196
189.717,-1.61616,-1.61616,-1.92734,-1.92734,2.50564,0.220038
189.75,-0.910648,-0.910648,-2.02016,-2.02016,2.0724,0.784546
189.783,-0.181506,-0.181506,-2.06048,-2.06048,1.58533,1.32864
189.816,0.552306,0.552306,-2.04724,-2.04724,1.05708,1.83816
189.849,1.27171,1.27171,-1.98076,-1.98076,0.501373,2.29984
189.882,1.958,1.958,-1.86275,-1.86275,-0.0673561,2.70168
189.915,2.59335,2.59335,-1.69626,-1.69626,-0.634335,3.03322
189.948,3.16123,3.16123,-1.48562,-1.48562,-1.18484,3.28582
189.981,3.64689,3.64689,-1.23627,-1.23627,-1.70456,3.45292
190.014,4.03771,4.03771,-0.9547,-0.9547,-2.18002,3.53017
190.047,4.32353,4.32353,-0.64821,-0.64821,-2.59884,3.51555
190.08,4.49693,4.49693,-0.324765,-0.324765,-2.95016,3.40945
190.113,4.55341,4.55341,0.00723017,0.00723017,-3.22486,3.21463
190.146,4.4915,4.4915,0.339146,0.339146,-3.41578,2.93616
190.179,4.31284,4.31284,0.66235,0.66235,-3.51799,2.58128
190.212,4.02206,4.02206,0.968438,0.968438,-3.52881,2.15923
190.245,3.62673,3.62673,1.24944,1.24944,-3.44798,1.681
190.278,3.13715,3.13715,1.49805,1.49805,-3.27758,1.15902
190.311,2.56604,2.56604,1.70779,1.70779,-3.02205,0.60688
190.344,1.92826,1.92826,1.87318,1.87318,-2.68803,0.0389485
190.377,1.24039,1.24039,1.98992,1.98992,-2.28418,-0.529997
190.41,0.520326,0.520326,2.05496,2.05496,-1.821,-1.08515
190.443,-0.213222,-0.213222,2.06658,2.06658,-1.31052,-1.61207
190.476,-0.941178,-0.941178,2.02447,2.02447,-0.766006,-2.09703
190.509,-1.64462,-1.64462,1.92971,1.92971,-0.201591,-2.52743
190.542,-2.30525,-2.30525,1.78473,1.78473,0.36806,-2.89206
190.575,-2.90591,-2.90591,1.59331,1.59331,0.928151,-3.18143
190.608,-3.43098,-3.43098,1.36038,1.36038,1.46413,-3.38801
190.641,-3.86682,-3.86682,1.09201,1.09201,1.96209,-3.50643
190.674,-4.2021,-4.2021,0.79516,0.79516,2.40907,-3.5336
190.707,-4.42812,-4.42812,0.477534,0.477534,2.79349,-3.46882
190.74,-4.539,-4.539,0.147387,0.147387,3.10534,-3.31378
190.773,-4.53187,-4.53187,-0.186699,-0.186699,3.33653,-3.0725
190.806,-4.40692,-4.40692,-0.516039,-0.516039,3.48106,-2.75127
190.839,-4.16741,-4.16741,-0.832068,-0.832068,3.53517,-2.35844
190.872,-3.81958,-3.81958,-1.12656,-1.12656,3.49745,-1.90425
190.905,-3.37246,-3.37246,-1.39186,-1.39186,3.36889,-1.4005
190.938,-2.83771,-2.83771,-1.62105,-1.62105,3.15282,-0.860306
190.971,-2.22921,-2.22921,-1.80816,-1.80816,2.85486,-0.297726
191.004,-1.5628,-1.5628,-1.94832,-1.94832,2.48274,0.272602
191.037,-0.855812,-0.855812,-2.03786,-2.03786,2.04614,0.835836
191.07,-0.126618,-0.126618,-2.07444,-2.07444,1.55638,1.37732
191.103,0.605818,0.605818,-2.05709,-2.05709,1.02621,1.88296
191.136,1.32246,1.32246,-1.98625,-1.98625,0.469372,2.33961
191.169,2.00466,2.00466,-1.86373,-1.86373,-0.0996543,2.73537
191.202,2.63471,2.63471,-1.69271,-1.69271,-0.666092,3.05995
191.235,3.19622,3.19622,-1.47763,-1.47763,-1.21523,3.3049
191.268,3.67459,3.67459,-1.22405,-1.22405,-1.7328,3.46386
191.301,4.0574,4.0574,-0.938554,-0.938554,-2.20536,3.53268
191.334,4.33471,4.33471,-0.628566,-0.628566,-2.62064,3.50956
191.367,4.4993,4.4993,-0.302134,-0.302134,-2.96785,3.39513
191.4,4.54691,4.54691,0.0322612,0.0322612,-3.23796,3.19234
191.433,4.47631,4.47631,0.365925,0.365925,-3.42398,2.90648
191.466,4.28934,4.28934,0.690182,0.690182,-3.52106,2.54499
191.499,3.99087,3.99087,0.996597,0.996597,-3.52667,2.11727
191.532,3.58867,3.58867,1.2772,1.2772,-3.44069,1.63446
191.565,3.0932,3.0932,1.52468,1.52468,-3.26533,1.10911
191.598,2.51735,2.51735,1.73259,1.73259,-3.00516,0.554905
191.631,1.87609,1.87609,1.89552,1.89552,-2.66693,-0.013743
191.664,1.1861,1.1861,2.00921,2.00921,-2.25943,-0.582033
191.697,0.465317,0.465317,2.0707,2.0707,-1.79323,-1.13518
191.73,-0.267511,-0.267511,2.07836,2.07836,-1.28046,-1.65878
191.763,-0.993334,-0.993334,2.03198,2.03198,-0.734435,-2.13922
191.796,-1.69328,-1.69328,1.93275,1.93275,-0.169329,-2.56399
191.829,-2.34916,-2.34916,1.78323,1.78323,0.400176,-2.92204
191.862,-2.94393,-2.94393,1.58729,1.58729,0.959286,-3.20406
191.895,-3.46212,-3.46212,1.35002,1.35002,1.49348,-3.40269
191.928,-3.89026,-3.89026,1.07756,1.07756,1.98888,-3.51278
191.961,-4.21724,-4.21724,0.777001,0.777001,2.43262,-3.53146
191.994,-4.43456,-4.43456,0.456138,0.456138,2.81317,-3.45825
192.027,-4.53658,-4.53658,0.12331,0.12331,3.12065,-3.29504
192.06,-4.52065,-4.52065,-0.212831,-0.212831,3.34708,-3.04609
192.093,-4.3872,-4.3872,-0.543547,-0.543547,3.48656,-2.71787
192.126,-4.13969,-4.13969,-0.860235,-0.860235,3.53548,-2.31893
192.159,-3.78459,-3.78459,-1.15466,-1.15466,3.49257,-1.85964
192.192,-3.33111,-3.33111,-1.41915,-1.41915,3.35894,-1.35196
192.225,-2.79107,-2.79107,-1.64683,-1.64683,3.13807,-0.809104
192.258,-2.1785,-2.1785,-1.83175,-1.83175,2.83568,-0.24519
192.291,-1.50934,-1.50934,-1.96911,-1.96911,2.45964,0.325105
192.324,-0.800985,-0.800985,-2.05531,-2.05531,2.0197,0.88694
192.357,-0.071854,-0.071854,-2.08809,-2.08809,1.52731,1.42569
192.39,0.659096,0.659096,-2.06659,-2.06659,0.995247,1.92735
192.423,1.37286,1.37286,-1.99134,-1.99134,0.437331,2.37885
192.456,2.05089,2.05089,-1.86429,-1.86429,-0.131944,2.76845
192.489,2.67555,2.67555,-1.68872,-1.68872,-0.697792,3.086
192.522,3.23061,3.23061,-1.46919,-1.46919,-1.24551,3.32326
192.555,3.70164,3.70164,-1.21138,-1.21138,-1.76089,3.47403
192.588,4.07641,4.07641,-0.921985,-0.921985,-2.23052,3.5344
192.621,4.34518,4.34518,-0.608526,-0.608526,-2.64221,3.5028
192.654,4.50097,4.50097,-0.279144,-0.279144,-2.98528,3.38005
192.687,4.53973,4.53973,0.0576025,0.0576025,-3.2508,3.16934
192.72,4.46046,4.46046,0.392959,0.392959,-3.43189,2.87616
192.753,4.26524,4.26524,0.718206,0.718206,-3.52383,2.50813
192.786,3.95915,3.95915,1.02488,1.02488,-3.52424,2.07484
192.819,3.55015,3.55015,1.30501,1.30501,-3.43311,1.58756
192.852,3.04888,3.04888,1.55129,1.55129,-3.25281,1.05896
192.885,2.46838,2.46838,1.75731,1.75731,-2.98801,0.502806
192.918,1.82375,1.82375,1.9177,1.9177,-2.64561,-0.0664314
192.951,1.13175,1.13175,2.02828,2.02828,-2.23448,-0.63394
192.984,0.41038,0.41038,2.08615,2.08615,-1.76532,-1.18495
193.017,-0.321614,-0.321614,2.0898,2.0898,-1.2503,-1.70513
193.05,-1.0452,-1.0452,2.03911,2.03911,-0.702802,-2.18093
193.083,-1.74156,-1.74156,1.93538,1.93538,-0.137052,-2.59999
193.116,-2.3926,-2.3926,1.78129,1.78129,0.432259,-2.95138
193.149,-2.98139,-2.98139,1.58083,1.58083,0.990341,-3.22598
193.182,-3.49263,-3.49263,1.33921,1.33921,1.5227,-3.41662
193.215,-3.91304,-3.91304,1.06268,1.06268,2.01551,-3.51836
193.248,-4.23168,-4.23168,0.758431,0.758431,2.45596,-3.52854
193.281,-4.4403,-4.4403,0.434364,0.434364,2.83262,-3.44691
193.314,-4.53346,-4.53346,0.0988994,0.0988994,3.13571,-3.27557
193.347,-4.50876,-4.50876,-0.239244,-0.239244,3.35735,-3.019
193.38,-4.36684,-4.36684,-0.571275,-0.571275,3.49178,-2.68387
193.413,-4.11141,-4.11141,-0.888558,-0.888558,3.53551,-2.2789
193.446,-3.7491,-3.7491,-1.18284,-1.18284,3.48741,-1.81462
193.479,-3.28935,-3.28935,-1.44645,-1.44645,3.34872,-1.30313
193.512,-2.74412,-2.74412,-1.67254,-1.67254,3.12305,-0.757722
193.545,-2.12759,-2.12759,-1.85521,-1.85521,2.81627,-0.192599
193.578,-1.45578,-1.45578,-1.9897,-1.9897,2.43633,0.377536
193.611,-0.746179,-0.746179,-2.07249,-2.07249,1.9931,0.937847
193.644,-0.0172238,-0.0172238,-2.10142,-2.10142,1.49811,1.47375
193.677,0.712129,0.712129,-2.07572,-2.07572,0.964205,1.97131
193.71,1.42292,1.42292,-1.99603,-1.99603,0.405254,2.41757
193.743,2.09667,2.09667,-1.86442,-1.86442,-0.164223,2.80091
193.776,2.71586,2.71586,-1.68429,-1.68429,-0.729434,3.11137
193.809,3.26441,3.26441,-1.4603,-1.4603,-1.2757,3.34087
193.842,3.72805,3.72805,-1.19826,-1.19826,-1.78883,3.48343
193.875,4.09474,4.09474,-0.904991,-0.904991,-2.25549,3.53534
193.908,4.35495,4.35495,-0.588092,-0.588092,-2.66357,3.49526
193.941,4.50192,4.50192,-0.2558,-0.2558,-3.00246,3.36422
193.974,4.53185,4.53185,0.0832496,0.0832496,-3.26337,3.14564
194.007,4.44396,4.44396,0.420242,0.420242,-3.43951,2.8452
194.04,4.24054,4.24054,0.746415,0.746415,-3.52631,2.47072
194.073,3.92689,3.92689,1.05328,1.05328,-3.52151,2.03195
194.106,3.51117,3.51117,1.33286,1.33286,-3.42525,1.5403
194.139,3.0042,3.0042,1.57787,1.57787,-3.24001,1.00857
194.172,2.41916,2.41916,1.78193,1.78193,-2.97062,0.450595
194.205,1.77127,1.77127,1.93971,1.93971,-2.62407,-0.119105
194.238,1.07738,1.07738,2.04712,2.04712,-2.20935,-0.685706
194.271,0.355525,0.355525,2.10132,2.10132,-1.73725,-1.23446
194.304,-0.375524,-0.375524,2.1009,2.1009,-1.22003,-1.7511
194.337,-1.09676,-1.09676,2.04585,2.04585,-0.671111,-2.22216
194.37,-1.78943,-1.78943,1.93759,1.93759,-0.104763,-2.6354
194.403,-2.43554,-2.43554,1.77891,1.77891,0.464305,-2.98007
194.436,-3.01828,-3.01828,1.57392,1.57392,1.02131,-3.24718
194.469,-3.52251,-3.52251,1.32795,1.32795,1.55179,-3.42979
194.502,-3.93514,-3.93514,1.04736,1.04736,2.04197,-3.52316
194.535,-4.24543,-4.24543,0.739452,0.739452,2.4791,-3.52484
194.568,-4.44532,-4.44532,0.412217,0.412217,2.85184,-3.4348
194.601,-4.52964,-4.52964,0.0741596,0.0741596,3.1505,-3.25538
194.634,-4.49619,-4.49619,-0.265933,-0.265933,3.36733,-2.99125
194.667,-4.34586,-4.34586,-0.599219,-0.599219,3.4967,-2.64927
194.7,-4.08255,-4.08255,-0.91703,-0.91703,3.53524,-2.23836
194.733,-3.71312,-3.71312,-1.2111,-1.2111,3.48195,-1.7692
194.766,-3.24719,-3.24719,-1.47376,-1.47376,3.33822,-1.254
194.799,-2.69687,-2.69687,-1.69819,-1.69819,3.10778,-0.706172
194.832,-2.07648,-2.07648,-1.87854,-1.87854,2.79662,-0.139965
194.865,-1.40214,-1.40214,-2.01009,-2.01009,2.41281,0.429883
194.898,-0.691402,-0.691402,-2.08942,-2.08942,1.96634,0.988545
194.931,0.0372634,0.0372634,-2.11444,-2.11444,1.46878,1.52148
194.964,0.76491,0.76491,-2.08449,-2.08449,0.933082,2.01483
194.997,1.47262,1.47262,-2.00033,-2.00033,0.373143,2.45574
195.03,2.142,2.142,-1.86412,-1.86412,-0.196488,2.83276
195.063,2.75564,2.75564,-1.6794,-1.6794,-0.761015,3.13605
195.096,3.2976,3.2976,-1.45096,-1.45096,-1.30578,3.35774
195.129,3.7538,3.7538,-1.18471,-1.18471,-1.81662,3.49206
195.162,4.11237,4.11237,-0.887576,-0.887576,-2.28028,3.5355
195.195,4.36401,4.36401,-0.567266,-0.567266,-2.6847,3.48694
195.228,4.50218,4.50218,-0.232105,-0.232105,-3.0194,3.34764
195.261,4.52329,4.52329,0.109198,0.109198,-3.27566,3.12123
195.294,4.4268,4.4268,0.447769,0.447769,-3.44684,2.8136
195.327,4.21524,4.21524,0.774805,0.774805,-3.52849,2.43275
195.36,3.8941,3.8941,1.0818,1.0818,-3.51849,1.9886
195.393,3.47175,3.47175,1.36076,1.36076,-3.4171,1.4927
195.426,2.95917,2.95917,1.60442,1.60442,-3.22695,0.957957
195.459,2.3697,2.3697,1.80644,1.80644,-2.95298,0.398284
195.492,1.71866,1.71866,1.96155,1.96155,-2.6023,-0.171752
195.525,1.02298,1.02298,2.06571,2.06571,-2.18404,-0.73732
195.558,0.300762,0.300762,2.11619,2.11619,-1.70904,-1.2837
195.591,-0.42923,-0.42923,2.11165,2.11165,-1.18965,-1.79668
195.624,-1.14801,-1.14801,2.05221,2.05221,-0.639363,-2.2629
195.657,-1.8369,-1.8369,1.93938,1.93938,-0.0724664,-2.67023
195.69,-2.47798,-2.47798,1.77609,1.77609,0.496313,-3.00809
195.723,-3.0546,-3.0546,1.56657,1.56657,1.0522,-3.26766
195.756,-3.55177,-3.55177,1.31624,1.31624,1.58076,-3.4422
195.789,-3.95656,-3.95656,1.03161,1.03161,2.06825,-3.52717
195.822,-4.25847,-4.25847,0.720065,0.720065,2.50203,-3.52036
195.855,-4.44964,-4.44964,0.389699,0.389699,2.87081,-3.42193
195.888,-4.52512,-4.52512,0.0490946,0.0490946,3.16503,-3.23446
195.921,-4.48296,-4.48296,-0.292893,-0.292893,3.37704,-2.96282
195.954,-4.32425,-4.32425,-0.627373,-0.627373,3.50133,-2.61409
195.987,-4.05313,-4.05313,-0.945645,-0.945645,3.53467,-2.19733
196.02,-3.67666,-3.67666,-1.23943,-1.23943,3.4762,-1.72338
196.053,-3.20463,-3.20463,-1.50107,-1.50107,3.32744,-1.2046
196.086,-2.64932,-2.64932,-1.72377,-1.72377,3.09225,-0.654465
196.119,-2.02518,-2.02518,-1.90172,-1.90172,2.77673,-0.0873008
196.152,-1.34843,-1.34843,-2.03027,-2.03027,2.3891,0.482135
196.185,-0.636665,-0.636665,-2.10607,-2.10607,1.9394,1.03902
196.218,0.0915983,0.0915983,-2.12713,-2.12713,1.43934,1.56888
196.251,0.81743,0.81743,-2.09288,-2.09288,0.901882,2.0579
196.284,1.52196,1.52196,-2.00421,-2.00421,0.341001,2.49338
196.317,2.18687,2.18687,-1.86339,-1.86339,-0.228737,2.86397
196.35,2.79489,2.79489,-1.67408,-1.67408,-0.792533,3.16003
196.383,3.3302,3.3302,-1.44117,-1.44117,-1.33574,3.37387
196.416,3.7789,3.7789,-1.17072,-1.17072,-1.84426,3.49991
196.449,4.12932,4.12932,-0.86974,-0.86974,-2.30487,3.53487
196.482,4.37237,4.37237,-0.546051,-0.546051,-2.70561,3.47785
196.515,4.50173,4.50173,-0.208062,-0.208062,-3.03608,3.33032
196.548,4.51404,4.51404,0.135443,0.135443,-3.28768,3.09614
196.581,4.409,4.409,0.475535,0.475535,-3.45389,2.78138
196.614,4.18935,4.18935,0.803368,0.803368,-3.53038,2.39425
196.647,3.8608,3.8608,1.11041,1.11041,-3.51518,1.94482
196.68,3.4319,3.4319,1.38868,1.38868,-3.40866,1.44477
196.713,2.91381,2.91381,1.63093,1.63093,-3.21361,0.907131
196.746,2.32,2.32,1.83084,1.83084,-2.93509,0.345885
196.779,1.66592,1.66592,1.98321,1.98321,-2.58033,-0.224361
196.812,0.968575,0.968575,2.08406,2.08406,-2.15854,-0.788769
196.845,0.246099,0.246099,2.13075,2.13075,-1.68069,-1.33265
196.878,-0.482725,-0.482725,2.12205,2.12205,-1.15918,-1.84186
196.911,-1.19895,-1.19895,2.05817,2.05817,-0.607562,-2.30313
196.944,-1.88395,-1.88395,1.94075,1.94075,-0.0401634,-2.70447
196.977,-2.51993,-2.51993,1.77283,1.77283,0.528279,-3.03544
197.01,-3.09035,-3.09035,1.55876,1.55876,1.083,-3.28742
197.043,-3.58039,-3.58039,1.30409,1.30409,1.60959,-3.45385
197.076,-3.97731,-3.97731,1.01543,1.01543,2.09437,-3.5304
197.109,-4.27081,-4.27081,0.700274,0.700274,2.52475,-3.51509
197.142,-4.45325,-4.45325,0.366812,0.366812,2.88955,-3.4083
197.175,-4.51991,-4.51991,0.0237085,0.0237085,3.1793,-3.21283
197.208,-4.46906,-4.46906,-0.320119,-0.320119,3.38646,-2.93374
197.241,-4.30203,-4.30203,-0.65573,-0.65573,3.50566,-2.57832
197.274,-4.02316,-4.02316,-0.974396,-0.974396,3.53381,-2.1558
197.307,-3.63972,-3.63972,-1.26782,-1.26782,3.47016,-1.67719
197.34,-3.16169,-3.16169,-1.52838,-1.52838,3.31638,-1.15493
197.373,-2.60149,-2.60149,-1.74927,-1.74927,3.07645,-0.602612
197.406,-1.9737,-1.9737,-1.92475,-1.92475,2.75662,-0.0346168
197.439,-1.29464,-1.29464,-2.05023,-2.05023,2.36518,0.534279
197.472,-0.581976,-0.581976,-2.12244,-2.12244,1.91231,1.08927
197.505,0.145772,0.145772,-2.13948,-2.13948,1.40977,1.61592
197.538,0.869679,0.869679,-2.1009,-2.1009,0.870606,2.10052
197.571,1.57093,1.57093,-2.00768,-2.00768,0.308831,2.53046
197.604,2.23128,2.23128,-1.86222,-1.86222,-0.260966,2.89455
197.637,2.83359,2.83359,-1.6683,-1.6683,-0.823985,3.18331
197.67,3.36218,3.36218,-1.43093,-1.43093,-1.3656,3.38924
197.703,3.80333,3.80333,-1.15628,-1.15628,-1.87175,3.50698
197.736,4.14557,4.14557,-0.851485,-0.851485,-2.32927,3.53345
197.769,4.38002,4.38002,-0.52445,-0.52445,-2.7263,3.46798
197.802,4.50057,4.50057,-0.183676,-0.183676,-3.05251,3.31226
197.835,4.50412,4.50412,0.161981,0.161981,-3.29943,3.07035
197.868,4.39056,4.39056,0.503533,0.503533,-3.46065,2.74855
197.901,4.16288,4.16288,0.832098,0.832098,-3.53198,2.35522
197.934,3.82698,3.82698,1.13913,1.13913,-3.51157,1.9006
197.967,3.39161,3.39161,1.41664,1.41664,-3.39995,1.39652
198,2.86811,2.86811,1.65739,1.65739,-3.20001,0.856104
198.033,2.27007,2.27007,1.85513,1.85513,-2.91695,0.293409
198.066,1.61306,1.61306,2.00469,2.00469,-2.55813,-0.276921
198.099,0.914162,0.914162,2.10216,2.10216,-2.13286,-0.840044
198.132,0.191546,0.191546,2.14501,2.14501,-1.6522,-1.38131
198.165,-0.535999,-0.535999,2.13209,2.13209,-1.12861,-1.88663
198.198,-1.24956,-1.24956,2.06374,2.06374,-0.575711,-2.34285
198.231,-1.93058,-1.93058,1.94169,1.94169,-0.007857,-2.73811
198.264,-2.56137,-2.56137,1.76912,1.76912,0.560201,-3.06212
198.297,-3.12552,-3.12552,1.5505,1.5505,1.11371,-3.30644
198.33,-3.60837,-3.60837,1.29149,1.29149,1.63829,-3.46472
198.363,-3.99739,-3.99739,0.998814,0.998814,2.12031,-3.53285
198.396,-4.28245,-4.28245,0.680079,0.680079,2.54726,-3.50904
198.429,-4.45616,-4.45616,0.343561,0.343561,2.90805,-3.39392
198.462,-4.51401,-4.51401,-0.00199459,-0.00199459,3.1933,-3.19048
198.495,-4.4545,-4.4545,-0.347606,-0.347606,3.3956,-2.90401
198.528,-4.27919,-4.27919,-0.684286,-0.684286,3.50971,-2.54198
198.561,-3.99264,-3.99264,-1.00328,-1.00328,3.53265,-2.1138
198.594,-3.60232,-3.60232,-1.29628,-1.29628,3.46383,-1.63062
198.627,-3.11837,-3.11837,-1.55567,-1.55567,3.30504,-1.105
198.66,-2.55338,-2.55338,-1.77468,-1.77468,3.06041,-0.550626
198.693,-1.92206,-1.92206,-1.94762,-1.94762,2.73627,0.0180749
198.726,-1.24081,-1.24081,-2.06997,-2.06997,2.34107,0.586305
198.759,-0.527346,-0.527346,-2.13853,-2.13853,1.88506,1.13928
198.792,0.199775,0.199775,-2.1515,-2.1515,1.38008,1.66261
198.825,0.92165,0.92165,-2.10854,-2.10854,0.839258,2.14267
198.858,1.61951,1.61951,-2.01073,-2.01073,0.276635,2.56697
198.891,2.27523,2.27523,-1.86061,-1.86061,-0.293174,2.92448
198.924,2.87174,2.87174,-1.66207,-1.66207,-0.855368,3.20589
198.957,3.39355,3.39355,-1.42024,-1.42024,-1.39534,3.40387
198.99,3.82711,3.82711,-1.14141,-1.14141,-1.89908,3.51327
199.023,4.16113,4.16113,-0.832812,-0.832812,-2.35348,3.53125
199.056,4.38696,4.38696,-0.502464,-0.502464,-2.74675,3.45734
199.089,4.49872,4.49872,-0.158949,-0.158949,-3.06868,3.29347
199.122,4.49351,4.49351,0.188806,0.188806,-3.3109,3.04389
199.155,4.37149,4.37149,0.531758,0.531758,-3.46712,2.7151
199.188,4.13582,4.13582,0.86099,0.86099,-3.53328,2.31566
199.221,3.79265,3.79265,1.16794,1.16794,-3.50767,1.85596
199.254,3.35091,3.35091,1.44461,1.44461,-3.39094,1.34796
199.287,2.82208,2.82208,1.6838,1.6838,-3.18614,0.804886
199.32,2.21992,2.21992,1.87928,1.87928,-2.89858,0.240868
199.353,1.56009,1.56009,2.02596,2.02596,-2.53573,-0.329418
199.386,0.859755,0.859755,2.12001,2.12001,-2.10701,-0.891132
199.419,0.137113,0.137113,2.15895,2.15895,-1.62356,-1.42966
199.452,-0.589043,-0.589043,2.14177,2.14177,-1.09795,-1.93098
199.485,-1.29983,-1.29983,2.0689,2.0689,-0.543811,-2.38205
199.518,-1.97678,-1.97678,1.9422,1.9422,0.0244501,-2.77114
199.551,-2.60229,-2.60229,1.76497,1.76497,0.592076,-3.08812
199.584,-3.1601,-3.1601,1.54178,1.54178,1.14432,-3.32473
199.617,-3.63572,-3.63572,1.27844,1.27844,1.66685,-3.47483
199.65,-4.01678,-4.01678,0.981771,0.981771,2.14607,-3.53451
199.683,-4.29339,-4.29339,0.659484,0.659484,2.56956,-3.50221
199.716,-4.45836,-4.45836,0.319949,0.319949,2.9263,-3.37878
199.749,-4.50742,-4.50742,-0.0280102,-0.0280102,3.20703,-3.16742
199.782,-4.43928,-4.43928,-0.375348,-0.375348,3.40446,-2.87364
199.815,-4.25575,-4.25575,-0.713033,-0.713033,3.51346,-2.50508
199.848,-3.96159,-3.96159,-1.03228,-1.03228,3.5312,-2.07133
199.881,-3.56445,-3.56445,-1.32479,-1.32479,3.45721,-1.58368
199.914,-3.07468,-3.07468,-1.58293,-1.58293,3.29343,-1.05482
199.947,-2.50501,-2.50501,-1.8,-1.8,3.0441,-0.498517
199.98,-1.87025,-1.87025,-1.97033,-1.97033,2.7157,0.0707625
200.013,-1.18692,-1.18692,-2.08948,-2.08948,2.31676,0.638201
200.046,-0.472783,-0.472783,-2.15433,-2.15433,1.85765,1.18903
200.079,0.253598,0.253598,-2.16318,-2.16318,1.35028,1.70892
200.112,0.973334,0.973334,-2.11579,-2.11579,0.807839,2.18434
200.145,1.66771,1.66771,-2.01337,-2.01337,0.244415,2.60292
200.178,2.31869,2.31869,-1.85856,-1.85856,-0.325357,2.95377
200.211,2.90934,2.90934,-1.65538,-1.65538,-0.886679,3.22775
200.244,3.42431,3.42431,-1.4091,-1.4091,-1.42497,3.41773
200.277,3.85022,3.85022,-1.12609,-1.12609,-1.92625,3.51879
200.31,4.176,4.176,-0.813724,-0.813724,-2.37749,3.52827
200.343,4.3932,4.3932,-0.480098,-0.480098,-2.76698,3.44594
200.376,4.49616,4.49616,-0.133886,-0.133886,-3.0846,3.27394
200.409,4.48224,4.48224,0.215913,0.215913,-3.32209,3.01675
200.442,4.35178,4.35178,0.560206,0.560206,-3.4733,2.68105
200.475,4.1082,4.1082,0.890037,0.890037,-3.53429,2.27558
200.508,3.75783,3.75783,1.19683,1.19683,-3.50347,1.8109
200.541,3.30979,3.30979,1.47259,1.47259,-3.38166,1.2991
200.574,2.77574,2.77574,1.71015,1.71015,-3.172,0.75349
200.607,2.16957,2.16957,1.90331,1.90331,-2.87996,0.188273
200.64,1.50703,1.50703,2.04704,2.04704,-2.51311,-0.381843
200.673,0.805363,0.805363,2.13758,2.13758,-2.08098,-0.942023
200.706,0.082808,0.082808,2.17258,2.17258,-1.5948,-1.47769
200.739,-0.641848,-0.641848,2.15109,2.15109,-1.06719,-1.9749
200.772,-1.34977,-1.34977,2.07365,2.07365,-0.511866,-2.42072
200.805,-2.02254,-2.02254,1.94228,1.94228,0.0567551,-2.80355
200.838,-2.64269,-2.64269,1.76036,1.76036,0.623902,-3.11343
200.871,-3.19409,-3.19409,1.53261,1.53261,1.17484,-3.34229
200.904,-3.66241,-3.66241,1.26494,1.26494,1.69527,-3.48417
200.937,-4.03549,-4.03549,0.9643,0.9643,2.17166,-3.53538
200.97,-4.30363,-4.30363,0.63849,0.63849,2.59164,-3.4946
201.003,-4.45986,-4.45986,0.295979,0.295979,2.94431,-3.36288
201.036,-4.50013,-4.50013,-0.0543339,-0.0543339,3.2205,-3.14366
201.069,-4.42342,-4.42342,-0.403341,-0.403341,3.41303,-2.84262
201.102,-4.2317,-4.2317,-0.741966,-0.741966,3.51692,-2.46762
201.135,-3.92999,-3.92999,-1.0614,-1.0614,3.52945,-2.0284
201.168,-3.52613,-3.52613,-1.35334,-1.35334,3.45031,-1.5364
201.201,-3.03063,-3.03063,-1.61017,-1.61017,3.28154,-1.00442
201.234,-2.45638,-2.45638,-1.82522,-1.82522,3.02754,-0.446298
201.267,-1.8183,-1.8183,-1.99286,-1.99286,2.6949,0.123434
201.3,-1.133,-1.133,-2.10875,-2.10875,2.29226,0.689955
201.333,-0.418297,-0.418297,-2.16983,-2.16983,1.83008,1.23852
201.366,0.307233,0.307233,-2.17451,-2.17451,1.32037,1.75486
201.399,1.02472,1.02472,-2.12265,-2.12265,0.776354,2.22553
201.432,1.71552,1.71552,-2.01558,-2.01558,0.212176,2.63829
201.465,2.36167,2.36167,-1.85607,-1.85607,-0.357513,2.98239
201.498,2.94638,2.94638,-1.64825,-1.64825,-0.917916,3.24889
201.531,3.45444,3.45444,-1.3975,-1.3975,-1.45448,3.43084
201.564,3.87266,3.87266,-1.11034,-1.11034,-1.95326,3.52352
201.597,4.19018,4.19018,-0.794222,-0.794222,-2.4013,3.5245
201.63,4.39873,4.39873,-0.457354,-0.457354,-2.78697,3.43377
201.663,4.49292,4.49292,-0.108492,-0.108492,-3.10026,3.25369
201.696,4.47029,4.47029,0.243298,0.243298,-3.33301,2.98893
201.729,4.33145,4.33145,0.588869,0.588869,-3.47919,2.6464
201.762,4.08001,4.08001,0.919233,0.919233,-3.535,2.235
201.795,3.72252,3.72252,1.2258,1.2258,-3.49898,1.76545
201.828,3.26827,3.26827,1.50058,1.50058,-3.37209,1.24995
201.861,2.7291,2.7291,1.73642,1.73642,-3.1576,0.701927
201.894,2.11901,2.11901,1.92719,1.92719,-2.8611,0.135637
201.927,1.45388,1.45388,2.06791,2.06791,-2.49028,-0.434183
201.96,0.750997,0.750997,2.15489,2.15489,-2.05477,-0.992704
201.993,0.0286413,0.0286413,2.18587,2.18587,-1.5659,-1.52539
202.026,-0.694407,-0.694407,2.16002,2.16002,-1.03635,-2.01839
202.059,-1.39935,-1.39935,2.078,2.078,-0.479878,-2.45886
202.092,-2.06786,-2.06786,1.94192,1.94192,0.0890554,-2.83535
202.125,-2.68257,-2.68257,1.7553,1.7553,0.655676,-3.13805
202.158,-3.22749,-3.22749,1.52299,1.52299,1.20527,-3.3591
202.191,-3.68847,-3.68847,1.251,1.251,1.72355,-3.49273
202.224,-4.05352,-4.05352,0.946401,0.946401,2.19706,-3.53548
202.257,-4.31316,-4.31316,0.617101,0.617101,2.61351,-3.48622
202.29,-4.46065,-4.46065,0.271654,0.271654,2.96207,-3.34625
202.323,-4.49217,-4.49217,-0.0809612,-0.0809612,3.23369,-3.1192
202.356,-4.4069,-4.4069,-0.431578,-0.431578,3.42132,-2.81098
202.389,-4.20707,-4.20707,-0.77108,-0.77108,3.52008,-2.42961
202.422,-3.89787,-3.89787,-1.09063,-1.09063,3.52741,-1.98502
202.455,-3.48737,-3.48737,-1.38193,-1.38193,3.44311,-1.48877
202.488,-2.98623,-2.98623,-1.63737,-1.63737,3.26938,-0.953786
202.521,-2.40749,-2.40749,-1.85032,-1.85032,3.01073,-0.39398
202.554,-1.76621,-1.76621,-2.01522,-2.01522,2.67388,0.176079
202.587,-1.07906,-1.07906,-2.12777,-2.12777,2.26757,0.741556
202.62,-0.363897,-0.363897,-2.18503,-2.18503,1.80236,1.28774
202.653,0.36067,0.36067,-2.18549,-2.18549,1.29034,1.80041
202.686,1.07581,1.07581,-2.12912,-2.12912,0.744803,2.26622
202.719,1.76293,1.76293,-2.01737,-2.01737,0.179918,2.67307
202.752,2.40416,2.40416,-1.85313,-1.85313,-0.38964,3.01036
202.785,2.98285,2.98285,-1.64065,-1.64065,-0.949077,3.26931
202.818,3.48395,3.48395,-1.38545,-1.38545,-1.48386,3.44319
202.851,3.89444,3.89444,-1.09415,-1.09415,-1.9801,3.52747
202.884,4.20365,4.20365,-0.774308,-0.774308,-2.42491,3.51995
202.917,4.40356,4.40356,-0.434236,-0.434236,-2.80674,3.42084
202.95,4.48897,4.48897,-0.0827692,-0.0827692,-3.11566,3.23271
202.983,4.45768,4.45768,0.270956,0.270956,-3.34365,2.96046
203.016,4.31049,4.31049,0.617743,0.617743,-3.48479,2.61117
203.049,4.05126,4.05126,0.948571,0.948571,-3.53541,2.19393
203.082,3.68672,3.68672,1.25483,1.25483,-3.49421,1.7196
203.115,3.22636,3.22636,1.52856,1.52856,-3.36224,1.20052
203.148,2.68216,2.68216,1.76263,1.76263,-3.14294,0.650207
203.181,2.06827,2.06827,1.95093,1.95093,-2.842,0.0829701
203.214,1.40065,1.40065,2.08856,2.08856,-2.46724,-0.486426
203.247,0.696665,0.696665,2.17192,2.17192,-2.0284,-1.04316
203.28,-0.0253783,-0.0253783,2.19884,2.19884,-1.53687,-1.57276
203.313,-0.74671,-0.74671,2.16858,2.16858,-1.00542,-2.06142
203.346,-1.44858,-1.44858,2.08193,2.08193,-0.44785,-2.49645
203.379,-2.11273,-2.11273,1.94112,1.94112,0.121348,-2.86651
203.412,-2.72191,-2.72191,1.74979,1.74979,0.687395,-3.16197
203.445,-3.26029,-3.26029,1.51291,1.51291,1.23559,-3.37516
203.478,-3.71387,-3.71387,1.23661,1.23661,1.75168,-3.50052
203.511,-4.07086,-4.07086,0.928077,0.928077,2.22228,-3.53478
203.544,-4.32199,-4.32199,0.595318,0.595318,2.63516,-3.47706
203.577,-4.46075,-4.46075,0.246979,0.246979,2.97959,-3.32887
203.61,-4.48353,-4.48353,-0.107887,-0.107887,3.24662,-3.09404
203.643,-4.38974,-4.38974,-0.460055,-0.460055,3.42932,-2.77871
203.676,-4.18184,-4.18184,-0.800367,-0.800367,3.52295,-2.39106
203.709,-3.86524,-3.86524,-1.11997,-1.11997,3.52507,-1.9412
203.742,-3.44817,-3.44817,-1.41055,-1.41055,3.43563,-1.44082
203.775,-2.94149,-2.94149,-1.66453,-1.66453,3.25695,-0.902943
203.808,-2.35837,-2.35837,-1.87531,-1.87531,2.99367,-0.341574
203.841,-1.71399,-1.71399,-2.0374,-2.0374,2.65263,0.228684
203.874,-1.02509,-1.02509,-2.14655,-2.14655,2.24269,0.792992
203.907,-0.309594,-0.309594,-2.19992,-2.19992,1.77449,1.33666
203.94,0.4139,0.4139,-2.19611,-2.19611,1.26021,1.84555
203.973,1.12658,1.12658,-2.13518,-2.13518,0.71319,2.30642
204.006,1.80992,1.80992,-2.01872,-2.01872,0.147646,2.70726
204.039,2.44616,2.44616,-1.84974,-1.84974,-0.421733,3.03766
204.072,3.01876,3.01876,-1.6326,-1.6326,-0.980158,3.28901
204.105,3.51283,3.51283,-1.37295,-1.37295,-1.51312,3.45477
204.138,3.91555,3.91555,-1.07752,-1.07752,-2.00679,3.53063
204.171,4.21644,4.21644,-0.753985,-0.753985,-2.44832,3.51462
204.204,4.40769,4.40769,-0.410746,-0.410746,-2.82627,3.40715
204.237,4.48434,4.48434,-0.0567228,-0.0567228,-3.1308,3.21102
204.27,4.4444,4.4444,0.298881,0.298881,-3.35401,2.93132
204.303,4.28892,4.28892,0.64682,0.64682,-3.4901,2.57535
204.336,4.02195,4.02195,0.978045,0.978045,-3.53553,2.15237
204.369,3.65044,3.65044,1.28394,1.28394,-3.48913,1.67337
204.402,3.18406,3.18406,1.55654,1.55654,-3.35211,1.15083
204.435,2.63493,2.63493,1.78874,1.78874,-3.12801,0.598343
204.468,2.01734,2.01734,1.97451,1.97451,-2.82266,0.0302851
204.501,1.34735,1.34735,2.10899,2.10899,-2.444,-0.538561
204.534,0.642377,0.642377,2.18867,2.18867,-2.00185,-1.09339
204.567,-0.0792417,-0.0792417,2.21146,2.21146,-1.50771,-1.61977
204.6,-0.798748,-0.798748,2.17676,2.17676,-0.974401,-2.104
204.633,-1.49744,-1.49744,2.08545,2.08545,-0.415785,-2.53348
204.666,-2.15714,-2.15714,1.93988,1.93988,0.153631,-2.89703
204.699,-2.76072,-2.76072,1.74382,1.74382,0.719056,-3.1852
204.732,-3.29249,-3.29249,1.50237,1.50237,1.2658,-3.39047
204.765,-3.73861,-3.73861,1.22178,1.22178,1.77967,-3.50752
204.798,-4.08751,-4.08751,0.909329,0.909329,2.24732,-3.5333
204.831,-4.33012,-4.33012,0.573145,0.573145,2.65659,-3.46714
204.864,-4.46014,-4.46014,0.221957,0.221957,2.99685,-3.31075
204.897,-4.4742,-4.4742,-0.135108,-0.135108,3.25927,-3.0682
204.93,-4.37194,-4.37194,-0.488766,-0.488766,3.43704,-2.74582
204.963,-4.15603,-4.15603,-0.829821,-0.829821,3.52553,-2.35198
204.996,-3.83208,-3.83208,-1.1494,-1.1494,3.52244,-1.89694
205.029,-3.40854,-3.40854,-1.43919,-1.43919,3.42786,-1.39254
205.062,-2.89641,-2.89641,-1.69164,-1.69164,3.24424,-0.8519
205.095,-2.30902,-2.30902,-1.90018,-1.90018,2.97636,-0.289092
205.128,-1.66164,-1.66164,-2.05938,-2.05938,2.63116,0.281239
205.161,-0.971118,-0.971118,-2.16507,-2.16507,2.21762,0.844251
205.194,-0.255395,-0.255395,-2.2145,-2.2145,1.74648,1.38529
205.227,0.466915,0.466915,-2.20636,-2.20636,1.22997,1.89029
205.26,1.17703,1.17703,-2.14084,-2.14084,0.681518,2.34609
205.293,1.8565,1.8565,-2.01965,-2.01965,0.115361,2.74085
205.326,2.48765,2.48765,-1.84589,-1.84589,-0.453792,3.06428
205.359,3.05409,3.05409,-1.62409,-1.62409,-1.01116,3.30797
205.392,3.54108,3.54108,-1.36,-1.36,-1.54226,3.46558
205.425,3.93598,3.93598,-1.06046,-1.06046,-2.0333,3.53301
205.458,4.22852,4.22852,-0.733254,-0.733254,-2.47153,3.50851
205.491,4.41111,4.41111,-0.386887,-0.386887,-2.84556,3.3927
205.524,4.47901,4.47901,-0.030357,-0.030357,-3.14568,3.18861
205.557,4.43047,4.43047,0.327069,0.327069,-3.36409,2.90154
205.59,4.26674,4.26674,0.676097,0.676097,-3.49511,2.53897
205.623,3.9921,3.9921,1.00765,1.00765,-3.53536,2.11033
205.656,3.6137,3.6137,1.3131,1.3131,-3.48377,1.62677
205.689,3.14138,3.14138,1.58449,1.58449,-3.3417,1.10088
205.722,2.58742,2.58742,1.81477,1.81477,-3.11282,0.546346
205.755,1.96624,1.96624,1.99793,1.99793,-2.80309,-0.0224067
205.788,1.29399,1.29399,2.12919,2.12919,-2.42055,-0.590577
205.821,0.588143,0.588143,2.20512,2.20512,-1.97514,-1.14338
205.854,-0.13294,-0.13294,2.22374,2.22374,-1.47842,-1.66643
205.887,-0.850513,-0.850513,2.18455,2.18455,-0.943305,-2.14611
205.92,-1.54592,-1.54592,2.08854,2.08854,-0.383685,-2.56995
205.953,-2.20109,-2.20109,1.93819,1.93819,0.185901,-2.92691
205.986,-2.79899,-2.79899,1.7374,1.7374,0.750658,-3.20771
206.019,-3.32408,-3.32408,1.49137,1.49137,1.29592,-3.40504
206.052,-3.76271,-3.76271,1.20649,1.20649,1.80751,-3.51375
206.085,-4.10348,-4.10348,0.890159,0.890159,2.27216,-3.53104
206.118,-4.33755,-4.33755,0.550584,0.550584,2.67779,-3.45644
206.151,-4.45884,-4.45884,0.196591,0.196591,3.01387,-3.29189
206.184,-4.46421,-4.46421,-0.162618,-0.162618,3.27166,-3.04168
206.217,-4.35351,-4.35351,-0.517706,-0.517706,3.44447,-2.71232
206.25,-4.12964,-4.12964,-0.859437,-0.859437,3.52781,-2.31238
206.283,-3.79842,-3.79842,-1.17892,-1.17892,3.51952,-1.85227
206.316,-3.36849,-3.36849,-1.46785,-1.46785,3.41981,-1.34395
206.349,-2.85101,-2.85101,-1.71869,-1.71869,3.23127,-0.800667
206.382,-2.25945,-2.25945,-1.92492,-1.92492,2.9588,-0.236546
206.415,-1.60919,-1.60919,-2.08116,-2.08116,2.60947,0.333731
206.448,-0.917147,-0.917147,-2.18333,-2.18333,2.19237,0.895324
206.481,-0.201311,-0.201311,-2.22875,-2.22875,1.71832,1.43362
206.514,0.519706,0.519706,-2.21624,-2.21624,1.19963,1.93461
206.547,1.22716,1.22716,-2.1461,-2.1461,0.649788,2.38525
206.58,1.90266,1.90266,-2.02013,-2.02013,0.0830666,2.77383
206.613,2.52864,2.52864,-1.8416,-1.8416,-0.485813,3.09022
206.646,3.08884,3.08884,-1.61512,-1.61512,-1.04207,3.3262
206.679,3.56869,3.56869,-1.34659,-1.34659,-1.57127,3.47563
206.712,3.95574,3.95574,-1.04296,-1.04296,-2.05965,3.53461
206.745,4.23991,4.23991,-0.712118,-0.712118,-2.49453,3.50161
206.778,4.41384,4.41384,-0.362664,-0.362664,-2.86461,3.3775
206.811,4.473,4.473,-0.00367608,-0.00367608,-3.16029,3.16549
206.844,4.41588,4.41588,0.355514,0.355514,-3.37388,2.87111
206.877,4.24395,4.24395,0.705565,0.705565,-3.49984,2.50202
206.91,3.96171,3.96171,1.03737,1.03737,-3.53489,2.06782
206.943,3.57649,3.57649,1.34231,1.34231,-3.47812,1.57981
206.976,3.09833,3.09833,1.61243,1.61243,-3.33101,1.05069
207.009,2.53964,2.53964,1.8407,1.8407,-3.09737,0.494228
207.042,1.91498,1.91498,2.02118,2.02118,-2.78328,-0.0750935
207.075,1.24058,1.24058,2.14915,2.14915,-2.3969,-0.642461
207.108,0.533972,0.533972,2.22129,2.22129,-1.94826,-1.19311
207.141,-0.186463,-0.186463,2.23568,2.23568,-1.44901,-1.71271
207.174,-0.901997,-0.901997,2.19194,2.19194,-0.91213,-2.18775
207.207,-1.59403,-1.59403,2.0912,2.0912,-0.351553,-2.60585
207.24,-2.24457,-2.24457,1.93605,1.93605,0.218155,-2.95614
207.273,-2.83671,-2.83671,1.73051,1.73051,0.782197,-3.22951
207.306,-3.35505,-3.35505,1.47992,1.47992,1.32592,-3.41884
207.339,-3.78614,-3.78614,1.19077,1.19077,1.83521,-3.5192
207.372,-4.11876,-4.11876,0.870568,0.870568,2.29682,-3.52799
207.405,-4.34428,-4.34428,0.527638,0.527638,2.69878,-3.44497
207.438,-4.45685,-4.45685,0.170887,0.170887,3.03063,-3.2723
207.471,-4.45354,-4.45354,-0.190412,-0.190412,3.28377,-3.01448
207.504,-4.33445,-4.33445,-0.546868,-0.546868,3.45161,-2.67822
207.537,-4.10268,-4.10268,-0.889208,-0.889208,3.5298,-2.27227
207.57,-3.76427,-3.76427,-1.20853,-1.20853,3.5163,-1.80718
207.603,-3.32802,-3.32802,-1.49652,-1.49652,3.41146,-1.29507
207.636,-2.80529,-2.80529,-1.74568,-1.74568,3.21802,-0.749257
207.669,-2.20966,-2.20966,-1.94952,-1.94952,2.94099,-0.183947
207.702,-1.55663,-1.55663,-2.10273,-2.10273,2.58756,0.386149
207.735,-0.863188,-0.863188,-2.20131,-2.20131,2.16693,0.946197
207.768,-0.147351,-0.147351,-2.24268,-2.24268,1.69001,1.48162
207.801,0.572263,0.572263,-2.22575,-2.22575,1.16919,1.97849
207.834,1.27695,1.27695,-2.15094,-2.15094,0.618005,2.42388
207.867,1.94838,1.94838,-2.02017,-2.02017,0.0507652,2.80619
207.9,2.56911,2.56911,-1.83684,-1.83684,-0.517793,3.11548
207.933,3.12301,3.12301,-1.60569,-1.60569,-1.0729,3.3437
207.966,3.59567,3.59567,-1.33273,-1.33273,-1.60014,3.4849
207.999,3.97482,3.97482,-1.02502,-1.02502,-2.08582,3.53542
208.032,4.2506,4.2506,-0.69058,-0.69058,-2.51732,3.49394
208.065,4.41586,4.41586,-0.338079,-0.338079,-2.88343,3.36154
208.098,4.46631,4.46631,0.0233154,0.0233154,-3.17464,3.14167
208.131,4.40064,4.40064,0.38421,0.38421,-3.3834,2.84004
208.164,4.22057,4.22057,0.73522,0.73522,-3.50427,2.46451
208.197,3.93079,3.93079,1.06722,1.06722,-3.53412,2.02485
208.23,3.53884,3.53884,1.37156,1.37156,-3.47217,1.5325
208.263,3.05491,3.05491,1.64033,1.64033,-3.32004,1.00026
208.296,2.49161,2.49161,1.86652,1.86652,-3.08166,0.442
208.329,1.86357,1.86357,2.04425,2.04425,-2.76325,-0.127764
208.362,1.18713,1.18713,2.16888,2.16888,-2.37305,-0.694203
208.395,0.479873,0.479873,2.23714,2.23714,-1.92122,-1.24258
208.428,-0.239803,-0.239803,2.24726,2.24726,-1.41948,-1.75862
208.461,-0.953191,-0.953191,2.19894,2.19894,-0.880879,-2.22889
208.494,-1.64175,-1.64175,2.09343,2.09343,-0.319392,-2.64117
208.527,-2.28757,-2.28757,1.93346,1.93346,0.250391,-2.98472
208.56,-2.87387,-2.87387,1.72317,1.72317,0.81367,-3.2506
208.593,-3.38542,-3.38542,1.468,1.468,1.35581,-3.43189
208.626,-3.80891,-3.80891,1.1746,1.1746,1.86274,-3.52387
208.659,-4.13335,-4.13335,0.850559,0.850559,2.32129,-3.52416
208.692,-4.35031,-4.35031,0.504311,0.504311,2.71953,-3.43274
208.725,-4.45416,-4.45416,0.144848,0.144848,3.04714,-3.25199
208.758,-4.4422,-4.4422,-0.218487,-0.218487,3.2956,-2.98662
208.791,-4.31476,-4.31476,-0.576246,-0.576246,3.45846,-2.64353
208.824,-4.07515,-4.07515,-0.919127,-0.919127,3.53149,-2.23165
208.857,-3.72962,-3.72962,-1.23821,-1.23821,3.51279,-1.76169
208.89,-3.28715,-3.28715,-1.52519,-1.52519,3.40284,-1.2459
208.923,-2.75926,-2.75926,-1.77259,-1.77259,3.2045,-0.69768
208.956,-2.15967,-2.15967,-1.97398,-1.97398,2.92293,-0.131308
208.989,-1.50399,-1.50399,-2.12409,-2.12409,2.56544,0.438481
209.022,-0.809249,-0.809249,-2.21902,-2.21902,2.14131,0.996861
209.055,-0.0935236,-0.0935236,-2.25628,-2.25628,1.66156,1.5293
209.088,0.624579,0.624579,-2.23488,-2.23488,1.13865,2.02194
209.121,1.32639,1.32639,-2.15536,-2.15536,0.586169,2.46197
209.154,1.99367,1.99367,-2.01977,-2.01977,0.0184596,2.83793
209.187,2.60906,2.60906,-1.83163,-1.83163,-0.54973,3.14004
209.22,3.15658,3.15658,-1.5958,-1.5958,-1.10364,3.36044
209.253,3.622,3.622,-1.31841,-1.31841,-1.62888,3.4934
209.286,3.99322,3.99322,-1.00666,-1.00666,-2.11182,3.53545
209.319,4.2606,4.2606,-0.668641,-0.668641,-2.5399,3.4855
209.352,4.41719,4.41719,-0.313137,-0.313137,-2.902,3.34485
209.385,4.45893,4.45893,0.0506129,0.0506129,-3.18873,3.11715
209.418,4.38476,4.38476,0.413153,0.413153,-3.39263,2.80835
209.451,4.19659,4.19659,0.765056,0.765056,-3.50841,2.42646
209.484,3.89934,3.89934,1.09717,1.09717,-3.53306,1.98143
209.517,3.50073,3.50073,1.40085,1.40085,-3.46594,1.48484
209.55,3.01115,3.01115,1.66819,1.66819,-3.30879,0.949614
209.583,2.44332,2.44332,1.89224,1.89224,-3.0657,0.389674
209.616,1.81201,1.81201,2.06714,2.06714,-2.74298,-0.180405
209.649,1.13364,1.13364,2.18835,2.18835,-2.34901,-0.745791
209.682,0.425856,0.425856,2.25269,2.25269,-1.89402,-1.29177
209.715,-0.292951,-0.292951,2.25848,2.25848,-1.38984,-1.80413
209.748,-1.00409,-1.00409,2.20554,2.20554,-0.849554,-2.26955
209.781,-1.68907,-1.68907,2.09523,2.09523,-0.287204,-2.67591
209.814,-2.33008,-2.33008,1.93042,1.93042,0.282607,-3.01263
209.847,-2.91048,-2.91048,1.71536,1.71536,0.845076,-3.27096
209.88,-3.41516,-3.41516,1.45563,1.45563,1.38559,-3.44417
209.913,-3.83102,-3.83102,1.15798,1.15798,1.89012,-3.52776
209.946,-4.14725,-4.14725,0.830133,0.830133,2.34556,-3.51954
209.979,-4.35564,-4.35564,0.480605,0.480605,2.74006,-3.41974
210.012,-4.45078,-4.45078,0.118478,0.118478,3.0634,-3.23095
210.045,-4.4302,-4.4302,-0.246835,-0.246835,3.30717,-2.95809
210.078,-4.29445,-4.29445,-0.605836,-0.605836,3.46503,-2.60825
210.111,-4.04707,-4.04707,-0.949188,-0.949188,3.53289,-2.19053
210.144,-3.69449,-3.69449,-1.26796,-1.26796,3.50898,-1.71581
210.177,-3.24589,-3.24589,-1.55385,-1.55385,3.39393,-1.19645
210.21,-2.71293,-2.71293,-1.79943,-1.79943,3.19072,-0.645949
210.243,-2.10949,-2.10949,-1.99828,-1.99828,2.90464,-0.0786393
210.276,-1.45126,-1.45126,-2.14523,-2.14523,2.5431,0.490716
210.309,-0.75534,-0.75534,-2.23645,-2.23645,2.11551,1.0473
210.342,-0.0398383,-0.0398383,-2.26954,-2.26954,1.63298,1.57664
210.375,0.676645,0.676645,-2.24362,-2.24362,1.10802,2.06494
210.408,1.37548,1.37548,-2.15936,-2.15936,0.554285,2.49951
210.441,2.03851,2.03851,-2.01893,-2.01893,-0.0138475,2.86904
210.474,2.64849,2.64849,-1.82595,-1.82595,-0.581621,3.16391
210.507,3.18957,3.18957,-1.58545,-1.58545,-1.13429,3.37645
210.54,3.64769,3.64769,-1.30365,-1.30365,-1.65749,3.50112
210.573,4.01094,4.01094,-0.987864,-0.987864,-2.13764,3.53469
210.606,4.26989,4.26989,-0.646305,-0.646305,-2.56226,3.47628
210.639,4.41782,4.41782,-0.287841,-0.287841,-2.92034,3.3274
210.672,4.45088,4.45088,0.0782116,0.0782116,-3.20255,3.09194
210.705,4.36823,4.36823,0.442336,0.442336,-3.40158,2.77603
210.738,4.17202,4.17202,0.795065,0.795065,-3.51226,2.38787
210.771,3.86737,3.86737,1.12722,1.12722,-3.53171,1.93757
210.804,3.46219,3.46219,1.43016,1.43016,-3.45942,1.43686
210.837,2.96704,2.96704,1.69601,1.69601,-3.29727,0.898754
210.87,2.39479,2.39479,1.91783,1.91783,-3.04948,0.337262
210.903,1.76032,1.76032,2.08984,2.08984,-2.72248,-0.233007
210.936,1.08014,1.08014,2.20757,2.20757,-2.32476,-0.797213
210.969,0.371929,0.371929,2.26793,2.26793,-1.86666,-1.34067
211.002,-0.345897,-0.345897,2.26933,2.26933,-1.36007,-1.84925
211.035,-1.05468,-1.05468,2.21173,2.21173,-0.818158,-2.3097
211.068,-1.73599,-1.73599,2.0966,2.0966,-0.254992,-2.71005
211.101,-2.37211,-2.37211,1.92692,1.92692,0.314798,-3.03987
211.134,-2.94652,-2.94652,1.70709,1.70709,0.876411,-3.29059
211.167,-3.44428,-3.44428,1.4428,1.4428,1.41526,-3.45569
211.2,-3.85246,-3.85246,1.14092,1.14092,1.91735,-3.53086
211.233,-4.16046,-4.16046,0.809294,0.809294,2.36963,-3.51415
211.266,-4.36027,-4.36027,0.456524,0.456524,2.76037,-3.40599
211.299,-4.44671,-4.44671,0.0917812,0.0917812,3.0794,-3.2092
211.332,-4.41754,-4.41754,-0.275453,-0.275453,3.31845,-2.9289
211.365,-4.27353,-4.27353,-0.635631,-0.635631,3.4713,-2.57238
211.398,-4.01843,-4.01843,-0.979385,-0.979385,3.53399,-2.14893
211.431,-3.65888,-3.65888,-1.29777,-1.29777,3.50488,-1.66955
211.464,-3.20423,-3.20423,-1.58251,-1.58251,3.38474,-1.14673
211.497,-2.66632,-2.66632,-1.82617,-1.82617,3.17667,-0.594073
211.53,-2.05913,-2.05913,-2.02243,-2.02243,2.8861,-0.0259533
211.563,-1.39845,-1.39845,-2.16615,-2.16615,2.52055,0.542842
211.596,-0.70147,-0.70147,-2.25359,-2.25359,2.08954,1.09751
211.629,0.0136958,0.0136958,-2.28245,-2.28245,1.60425,1.62362
211.662,0.728452,0.728452,-2.25198,-2.25198,1.07729,2.10748
211.695,1.42422,1.42422,-2.16294,-2.16294,0.522355,2.5365
211.728,2.0829,2.0829,-2.01763,-2.01763,-0.0461535,2.89951
211.761,2.68738,2.68738,-1.81982,-1.81982,-0.613463,3.18707
211.794,3.22196,3.22196,-1.57463,-1.57463,-1.16484,3.3917
211.827,3.67273,3.67273,-1.28843,-1.28843,-1.68596,3.50807
211.86,4.02798,4.02798,-0.968639,-0.968639,-2.16328,3.53315
211.893,4.27849,4.27849,-0.623574,-0.623574,-2.58442,3.46628
211.926,4.41775,4.41775,-0.262194,-0.262194,-2.93842,3.30922
211.959,4.44215,4.44215,0.106107,0.106107,-3.21611,3.06605
211.992,4.35107,4.35107,0.471755,0.471755,-3.41025,2.74309
212.025,4.14687,4.14687,0.825241,0.825241,-3.51581,2.34875
212.058,3.83488,3.83488,1.15737,1.15737,-3.53006,1.89329
212.091,3.42322,3.42322,1.4595,1.4595,-3.45261,1.38856
212.124,2.92259,2.92259,1.72377,1.72377,-3.28547,0.847695
212.157,2.34602,2.34602,1.94329,1.94329,-3.033,0.284774
212.19,1.70851,1.70851,2.11235,2.11235,-2.70175,-0.285557
212.223,1.02663,1.02663,2.22653,2.22653,-2.30032,-0.848457
212.256,0.318104,0.318104,2.28284,2.28284,-1.83915,-1.38928
212.289,-0.398634,-0.398634,2.27981,2.27981,-1.3302,-1.89395
212.322,-1.10495,-1.10495,2.21751,2.21751,-0.786694,-2.34933
212.355,-1.78249,-1.78249,2.09752,2.09752,-0.222758,-2.74358
212.388,-2.41364,-2.41364,1.92296,1.92296,0.346963,-3.06644
212.421,-2.98199,-2.98199,1.69835,1.69835,0.907673,-3.3095
212.454,-3.47277,-3.47277,1.42951,1.42951,1.44481,-3.46644
212.487,-3.87324,-3.87324,1.12343,1.12343,1.94441,-3.53317
212.52,-4.17298,-4.17298,0.788042,0.788042,2.39351,-3.50797
212.553,-4.3642,-4.3642,0.43207,0.43207,2.78044,-3.39148
212.586,-4.44196,-4.44196,0.0647623,0.0647623,3.09515,-3.18673
212.619,-4.40423,-4.40423,-0.304335,-0.304335,3.32946,-2.89906
212.652,-4.252,-4.252,-0.665625,-0.665625,3.47729,-2.53595
212.685,-3.98925,-3.98925,-1.00971,-1.00971,3.5348,-2.10685
212.718,-3.6228,-3.6228,-1.32764,-1.32764,3.50049,-1.62292
212.751,-3.1622,-3.1622,-1.61114,-1.61114,3.37526,-1.09677
212.784,-2.61942,-2.61942,-1.85283,-1.85283,3.16236,-0.542066
212.817,-2.00859,-2.00859,-2.0464,-2.0464,2.86731,0.0267385
212.85,-1.34559,-1.34559,-2.18683,-2.18683,2.49779,0.594847
212.883,-0.64765,-0.64765,-2.27043,-2.27043,2.06339,1.14748
212.916,0.0670696,0.0670696,-2.29502,-2.29502,1.5754,1.67025
212.949,0.779991,0.779991,-2.25994,-2.25994,1.04648,2.14955
212.982,1.47258,1.47258,-2.16608,-2.16608,0.490381,2.57292
213.015,2.12683,2.12683,-2.01588,-2.01588,-0.0784556,2.92934
213.048,2.72574,2.72574,-1.81322,-1.81322,-0.645254,3.20953
213.081,3.25375,3.25375,-1.56335,-1.56335,-1.19529,3.4062
213.114,3.69712,3.69712,-1.27276,-1.27276,-1.71428,3.51423
213.147,4.04434,4.04434,-0.948988,-0.948988,-2.18875,3.53082
213.18,4.2864,4.2864,-0.600451,-0.600451,-2.60636,3.45552
213.213,4.417,4.417,-0.236201,-0.236201,-2.95627,3.29031
213.246,4.43275,4.43275,0.134294,0.134294,-3.22939,3.03947
213.279,4.33327,4.33327,0.501403,0.501403,-3.41863,2.70954
213.312,4.12114,4.12114,0.855579,0.855579,-3.51907,2.3091
213.345,3.80189,3.80189,1.18761,1.18761,-3.52811,1.84858
213.378,3.38383,3.38383,1.48886,1.48886,-3.44551,1.33995
213.411,2.87782,2.87782,1.75147,1.75147,-3.2734,0.796447
213.444,2.29704,2.29704,1.96862,1.96862,-3.01628,0.232223
213.477,1.65658,1.65658,2.13465,2.13465,-2.6808,-0.338043
213.51,0.973107,0.973107,2.24521,2.24521,-2.27569,-0.899514
213.543,0.264388,0.264388,2.29743,2.29743,-1.81148,-1.43758
213.576,-0.451151,-0.451151,2.28992,2.28992,-1.30021,-1.93823
213.609,-1.15491,-1.15491,2.22287,2.22287,-0.755164,-2.38845
213.642,-1.82858,-1.82858,2.098,2.098,-0.190506,-2.77651
213.675,-2.45467,-2.45467,1.91854,1.91854,0.3791,-3.09233
213.708,-3.01689,-3.01689,1.68914,1.68914,0.938859,-3.32767
213.741,-3.50064,-3.50064,1.41576,1.41576,1.47423,-3.47642
213.774,-3.89334,-3.89334,1.10549,1.10549,1.97131,-3.53471
213.807,-4.1848,-4.1848,0.76638,0.76638,2.41719,-3.50101
213.84,-4.36744,-4.36744,0.407249,0.407249,2.80028,-3.37621
213.873,-4.43652,-4.43652,0.0374257,0.0374257,3.11063,-3.16356
213.906,-4.39026,-4.39026,-0.333476,-0.333476,3.34019,-2.86858
213.939,-4.22987,-4.22987,-0.695812,-0.695812,3.48298,-2.49896
213.972,-3.95952,-3.95952,-1.04016,-1.04016,3.53531,-2.0643
214.005,-3.58626,-3.58626,-1.35756,-1.35756,3.49581,-1.57593
214.038,-3.11979,-3.11979,-1.63974,-1.63974,3.3655,-1.04655
214.071,-2.57225,-2.57225,-1.87938,-1.87938,3.14778,-0.489939
214.104,-1.95789,-1.95789,-2.07021,-2.07021,2.84829,0.0794244
214.137,-1.29266,-1.29266,-2.20727,-2.20727,2.47482,0.646721
214.17,-0.593888,-0.593888,-2.28697,-2.28697,2.03707,1.19719
214.203,0.120274,0.120274,-2.30723,-2.30723,1.54641,1.7165
214.236,0.831254,0.831254,-2.2675,-2.2675,1.01558,2.19115
214.269,1.52057,1.52057,-2.1688,-2.1688,0.458366,2.60878
214.302,2.1703,2.1703,-2.01367,-2.01367,-0.110751,2.95852
214.335,2.76356,2.76356,-1.80615,-1.80615,-0.676991,3.23127
214.368,3.28493,3.28493,-1.5516,-1.5516,-1.22565,3.41994
214.401,3.72085,3.72085,-1.25664,-1.25664,-1.74247,3.51962
214.434,4.06002,4.06002,-0.928911,-0.928911,-2.21403,3.5277
214.467,4.2936,4.2936,-0.576939,-0.576939,-2.62808,3.44399
214.5,4.41555,4.41555,-0.209866,-0.209866,-2.97386,3.27066
214.533,4.42269,4.42269,0.162768,0.162768,-3.24241,3.01222
214.566,4.31485,4.31485,0.531275,0.531275,-3.42673,2.67539
214.599,4.09485,4.09485,0.886072,0.886072,-3.52204,2.26895
214.632,3.7684,3.7684,1.21793,1.21793,-3.52587,1.80346
214.665,3.34402,3.34402,1.51821,1.51821,-3.43812,1.29104
214.698,2.83273,2.83273,1.77911,1.77911,-3.26106,0.745023
214.731,2.24783,2.24783,1.99381,1.99381,-2.9993,0.179621
214.764,1.60455,1.60455,2.15673,2.15673,-2.65963,-0.390455
214.797,0.919596,0.919596,2.26362,2.26362,-2.25088,-0.95037
214.83,0.21079,0.21079,2.31168,2.31168,-1.78366,-1.48556
214.863,-0.503441,-0.503441,2.29965,2.29965,-1.27011,-1.98208
214.896,-1.20453,-1.20453,2.22781,2.22781,-0.723571,-2.42703
214.929,-1.87425,-1.87425,2.09803,2.09803,-0.158239,-2.80882
214.962,-2.49519,-2.49519,1.91366,1.91366,0.411205,-3.11752
214.995,-3.05121,-3.05121,1.67947,1.67947,0.969967,-3.3451
215.028,-3.52787,-3.52787,1.40155,1.40155,1.50353,-3.48563
215.061,-3.91278,-3.91278,1.08711,1.08711,1.99805,-3.53545
215.094,-4.19593,-4.19593,0.744311,0.744311,2.44066,-3.49328
215.127,-4.36998,-4.36998,0.382062,0.382062,2.81988,-3.3602
215.16,-4.4304,-4.4304,0.00977588,0.00977588,3.12586,-3.13968
215.193,-4.37565,-4.37565,-0.36287,-0.36287,3.35064,-2.83746
215.226,-4.20714,-4.20714,-0.726185,-0.726185,3.48839,-2.46141
215.259,-3.92927,-3.92927,-1.07072,-1.07072,3.53553,-2.0213
215.292,-3.54927,-3.54927,-1.38751,-1.38751,3.49083,-1.52859
215.325,-3.07702,-3.07702,-1.66832,-1.66832,3.35546,-0.996107
215.358,-2.52482,-2.52482,-1.90582,-1.90582,3.13294,-0.437702
215.391,-1.90703,-1.90703,-2.09383,-2.09383,2.82903,0.132093
215.424,-1.2397,-1.2397,-2.22746,-2.22746,2.45165,0.69845
215.457,-0.540194,-0.540194,-2.3032,-2.3032,2.01058,1.24663
215.49,0.1733,0.1733,-2.31907,-2.31907,1.51729,1.76237
215.523,0.882234,0.882234,-2.27465,-2.27465,0.984589,2.23226
215.556,1.56818,1.56818,-2.17107,-2.17107,0.426312,2.64405
215.589,2.2133,2.2133,-2.01101,-2.01101,-0.143038,2.98704
215.622,2.80083,2.80083,-1.79861,-1.79861,-0.708672,3.2523
215.655,3.3155,3.3155,-1.53939,-1.53939,-1.2559,3.43292
215.688,3.74394,3.74394,-1.24006,-1.24006,-1.7705,3.52422
215.721,4.07501,4.07501,-0.90841,-0.90841,-2.23912,3.52381
215.754,4.30011,4.30011,-0.553042,-0.553042,-2.64958,3.4317
215.787,4.41341,4.41341,-0.183193,-0.183193,-2.99121,3.25029
215.82,4.41196,4.41196,0.191523,0.191523,-3.25515,2.9843
215.853,4.29581,4.29581,0.561365,0.561365,-3.43454,2.64065
215.886,4.06798,4.06798,0.916714,0.916714,-3.52471,2.22829
215.919,3.73442,3.73442,1.24833,1.24833,-3.52334,1.75794
215.952,3.3038,3.3038,1.54757,1.54757,-3.43044,1.24184
215.985,2.78733,2.78733,1.80666,1.80666,-3.24844,0.693433
216.018,2.19843,2.19843,2.01885,2.01885,-2.98207,0.126979
216.051,1.55242,1.55242,2.1786,2.1786,-2.63823,-0.44278
216.084,0.866101,0.866101,2.28175,2.28175,-2.22587,-1.00102
216.117,0.157321,0.157321,2.3256,2.3256,-1.75569,-1.5332
216.15,-0.555494,-0.555494,2.30899,2.30899,-1.23991,-2.02549
216.183,-1.25381,-1.25381,2.23233,2.23233,-0.691918,-2.46508
216.216,-1.91948,-1.91948,2.09761,2.09761,-0.125957,-2.84051
216.249,-2.53519,-2.53519,1.90831,1.90831,0.443275,-3.14203
216.282,-3.08495,-3.08495,1.66933,1.66933,1.00099,-3.36179
216.315,-3.55447,-3.55447,1.38689,1.38689,1.53271,-3.49406
216.348,-3.93154,-3.93154,1.0683,1.0683,2.02462,-3.53542
216.381,-4.20637,-4.20637,0.721838,0.721838,2.46394,-3.48477
216.414,-4.37182,-4.37182,0.356514,0.356514,2.83925,-3.34344
216.447,-4.42361,-4.42361,-0.0181825,-0.0181825,3.14082,-3.11511
216.48,-4.36039,-4.36039,-0.392512,-0.392512,3.36081,-2.80571
216.513,-4.18381,-4.18381,-0.756739,-0.756739,3.4935,-2.42331
216.546,-3.89849,-3.89849,-1.10139,-1.10139,3.53545,-1.97784
216.579,-3.51183,-3.51183,-1.4175,-1.4175,3.48556,-1.48091
216.612,-3.0339,-3.0339,-1.69685,-1.69685,3.34514,-0.945441
216.645,-2.47714,-2.47714,-1.93214,-1.93214,3.11783,-0.385369
216.678,-1.85602,-1.85602,-2.11727,-2.11727,2.80954,0.184732
216.711,-1.1867,-1.1867,-2.24739,-2.24739,2.42827,0.750025
216.744,-0.486577,-0.486577,-2.31911,-2.31911,1.98392,1.2958
216.777,0.226139,0.226139,-2.33056,-2.33056,1.48805,1.80786
216.81,0.932921,0.932921,-2.2814,-2.2814,0.953519,2.27287
216.843,1.61539,1.61539,-2.17291,-2.17291,0.394223,2.67873
216.876,2.25582,2.25582,-2.00789,-2.00789,-0.175312,3.01489
216.909,2.83754,2.83754,-1.79061,-1.79061,-0.740294,3.2726
216.942,3.34546,3.34546,-1.52671,-1.52671,-1.28605,3.44515
216.975,3.76636,3.76636,-1.22304,-1.22304,-1.79839,3.52804
217.008,4.08931,4.08931,-0.887489,-0.887489,-2.26403,3.51913
217.041,4.30593,4.30593,-0.528762,-0.528762,-2.67086,3.41864
217.074,4.41058,4.41058,-0.156187,-0.156187,-3.00831,3.22919
217.107,4.40056,4.40056,0.220555,0.220555,-3.26762,2.95571
217.14,4.27614,4.27614,0.591666,0.591666,-3.44206,2.60532
217.173,4.04057,4.04057,0.947497,0.947497,-3.52709,2.18713
217.206,3.69996,3.69996,1.27879,1.27879,-3.52051,1.71203
217.239,3.26319,3.26319,1.57693,1.57693,-3.42248,1.19237
217.272,2.74163,2.74163,1.83414,1.83414,-3.23555,0.641689
217.305,2.14882,2.14882,2.04373,2.04373,-2.96459,0.0743084
217.338,1.5002,1.5002,2.20025,2.20025,-2.61661,-0.495006
217.371,0.812632,0.812632,2.29959,2.29959,-2.20067,-1.05144
217.404,0.103989,0.103989,2.33917,2.33917,-1.72757,-1.58051
217.437,-0.607303,-0.607303,2.31794,2.31794,-1.2096,-2.06846
217.47,-1.30275,-1.30275,2.23642,2.23642,-0.660207,-2.50257
217.503,-1.96427,-1.96427,2.09674,2.09674,-0.0936659,-2.87157
217.536,-2.57468,-2.57468,1.90249,1.90249,0.475308,-3.16584
217.569,-3.1181,-3.1181,1.65873,1.65873,1.03194,-3.37773
217.602,-3.58042,-3.58042,1.37176,1.37176,1.56176,-3.50172
217.635,-3.94962,-3.94962,1.04905,1.04905,2.05102,-3.53459
217.668,-4.21611,-4.21611,0.698963,0.698963,2.487,-3.47548
217.701,-4.37298,-4.37298,0.330609,0.330609,2.85839,-3.32594
217.734,-4.41614,-4.41614,-0.0464447,-0.0464447,3.15552,-3.08984
217.767,-4.34449,-4.34449,-0.422396,-0.422396,3.3707,-2.77334
217.8,-4.1599,-4.1599,-0.787468,-0.787468,3.49832,-2.38467
217.833,-3.86718,-3.86718,-1.13217,-1.13217,3.53507,-1.93395
217.866,-3.47395,-3.47395,-1.44752,-1.44752,3.48001,-1.4329
217.899,-2.99043,-2.99043,-1.72533,-1.72533,3.33454,-0.894564
217.932,-2.42921,-2.42921,-1.95835,-1.95835,3.10247,-0.332949
217.965,-1.80488,-1.80488,-2.14051,-2.14051,2.78981,0.237329
217.998,-1.13367,-1.13367,-2.26707,-2.26707,2.40469,0.801432
218.031,-0.433046,-0.433046,-2.33471,-2.33471,1.9571,1.34468
218.064,0.278782,0.278782,-2.34167,-2.34167,1.45868,1.85294
218.097,0.983307,0.983307,-2.28773,-2.28773,0.922369,2.31298
218.13,1.66221,1.66221,-2.1743,-2.1743,0.362102,2.71283
218.163,2.29785,2.29785,-2.0043,-2.0043,-0.207572,3.04208
218.196,2.8737,2.8737,-1.78214,-1.78214,-0.771853,3.29218
218.229,3.3748,3.3748,-1.51357,-1.51357,-1.31609,3.4566
218.262,3.78812,3.78812,-1.20558,-1.20558,-1.82613,3.53108
218.295,4.10293,4.10293,-0.866148,-0.866148,-2.28875,3.51367
218.328,4.31105,4.31105,-0.504103,-0.504103,-2.69191,3.40482
218.361,4.40707,4.40707,-0.12885,-0.12885,-3.02516,3.20738
218.394,4.38851,4.38851,0.249858,0.249858,-3.27982,2.92647
218.427,4.25587,4.25587,0.622174,0.622174,-3.4493,2.56941
218.46,4.01259,4.01259,0.978416,0.978416,-3.52918,2.14549
218.493,3.66502,3.66502,1.30932,1.30932,-3.51739,1.66573
218.526,3.22219,3.22219,1.60626,1.60626,-3.41423,1.14264
218.559,2.69563,2.69563,1.86152,1.86152,-3.2224,0.589803
218.592,2.09903,2.09903,2.06845,2.06845,-2.94686,0.0216215
218.625,1.44791,1.44791,2.22166,2.22166,-2.59478,-0.547122
218.658,0.759198,0.759198,2.31714,2.31714,-2.1753,-1.10163
218.691,0.0508027,0.0508027,2.35239,2.35239,-1.69931,-1.62747
218.724,-0.658858,-0.658858,2.32649,2.32649,-1.17919,-2.11096
218.757,-1.35133,-1.35133,2.24008,2.24008,-0.628441,-2.53952
218.79,-2.00862,-2.00862,2.09541,2.09541,-0.0613665,-2.90199
218.823,-2.61364,-2.61364,1.89621,1.89621,0.507302,-3.18895
218.856,-3.15067,-3.15067,1.64765,1.64765,1.06279,-3.39292
218.889,-3.60574,-3.60574,1.35618,1.35618,1.59068,-3.5086
218.922,-3.96703,-3.96703,1.02936,1.02936,2.07725,-3.53298
218.955,-4.22517,-4.22517,0.675689,0.675689,2.50986,-3.46543
218.988,-4.37344,-4.37344,0.30435,0.30435,2.87728,-3.3077
219.021,-4.408,-4.408,-0.0750059,-0.0750059,3.16996,-3.06389
219.054,-4.32796,-4.32796,-0.452516,-0.452516,3.38031,-2.74035
219.087,-4.13541,-4.13541,-0.818365,-0.818365,3.50285,-2.34551
219.12,-3.83537,-3.83537,-1.16304,-1.16304,3.53441,-1.88963
219.153,-3.43564,-3.43564,-1.47756,-1.47756,3.47416,-1.38457
219.186,-2.94663,-2.94663,-1.75375,-1.75375,3.32367,-0.843489
219.219,-2.38104,-2.38104,-1.98442,-1.98442,3.08685,-0.280456
219.252,-1.75361,-1.75361,-2.16355,-2.16355,2.76985,0.289875
219.285,-1.08063,-1.08063,-2.28647,-2.28647,2.3809,0.852662
219.318,-0.379611,-0.379611,-2.34998,-2.34998,1.93011,1.39326
219.351,0.33122,0.33122,-2.3524,-2.3524,1.42919,1.89761
219.384,1.03338,1.03338,-2.29365,-2.29365,0.891143,2.35257
219.417,1.70863,1.70863,-2.17525,-2.17525,0.32995,2.74631
219.45,2.3394,2.3394,-2.00025,-2.00025,-0.239814,3.06859
219.483,2.9093,2.9093,-1.77319,-1.77319,-0.803349,3.31102
219.516,3.40352,3.40352,-1.49997,-1.49997,-1.34602,3.46729
219.549,3.80922,3.80922,-1.18766,-1.18766,-1.85372,3.53333
219.582,4.11586,4.11586,-0.844391,-0.844391,-2.31328,3.50743
219.615,4.31547,4.31547,-0.479068,-0.479068,-2.71275,3.39025
219.648,4.40288,4.40288,-0.101188,-0.101188,-3.04175,3.18485
219.681,4.37581,4.37581,0.279427,0.279427,-3.29175,2.89658
219.714,4.23499,4.23499,0.652881,0.652881,-3.45625,2.53293
219.747,3.98408,3.98408,1.00946,1.00946,-3.53097,2.10337
219.78,3.62961,3.62961,1.33989,1.33989,-3.51397,1.61907
219.813,3.18081,3.18081,1.63558,1.63558,-3.4057,1.09265
219.846,2.64936,2.64936,1.88881,1.88881,-3.20897,0.537785
219.879,2.04906,2.04906,2.093,2.093,-2.92889,-0.0310703
219.912,1.39555,1.39555,2.24283,2.24283,-2.57272,-0.599117
219.945,0.705809,0.705809,2.33438,2.33438,-2.14974,-1.15157
219.978,-0.00222805,-0.00222805,2.36526,2.36526,-1.67091,-1.67406
220.011,-0.710151,-0.710151,2.33464,2.33464,-1.14869,-2.15299
220.044,-1.39956,-1.39956,2.24331,2.24331,-0.596623,-2.57589
220.077,-2.05252,-2.05252,2.09362,2.09362,-0.029062,-2.93176
220.11,-2.65207,-2.65207,1.88945,1.88945,0.539253,-3.21134
220.143,-3.18263,-3.18263,1.6361,1.6361,1.09356,-3.40736
220.176,-3.63041,-3.63041,1.34014,1.34014,1.61947,-3.5147
220.209,-3.98376,-3.98376,1.00924,1.00924,2.1033,-3.53059
220.242,-4.23353,-4.23353,0.652019,0.652019,2.53251,-3.4546
220.275,-4.37321,-4.37321,0.277741,0.277741,2.89593,-3.28872
220.308,-4.39919,-4.39919,-0.103861,-0.103861,3.18414,-3.03726
220.341,-4.3108,-4.3108,-0.482868,-0.482868,3.38963,-2.70676
220.374,-4.11035,-4.11035,-0.849423,-0.849423,3.50709,-2.30582
220.407,-3.80305,-3.80305,-1.19399,-1.19399,3.53344,-1.84488
220.44,-3.39691,-3.39691,-1.50761,-1.50761,3.46802,-1.33594
220.473,-2.90249,-2.90249,-1.78211,-1.78211,3.31251,-0.792226
220.506,-2.33265,-2.33265,-2.01035,-2.01035,3.07097,-0.227901
220.539,-1.70222,-1.70222,-2.18638,-2.18638,2.74965,0.342355
220.572,-1.02758,-1.02758,-2.30561,-2.30561,2.35692,0.903702
220.605,-0.326281,-0.326281,-2.36492,-2.36492,1.90296,1.44153
220.638,0.383445,0.383445,-2.36275,-2.36275,1.39958,1.94185
220.671,1.08314,1.08314,-2.29914,-2.29914,0.859842,2.39164
220.704,1.75463,1.75463,-2.17574,-2.17574,0.29777,2.77919
220.737,2.38045,2.38045,-1.99573,-1.99573,-0.272037,3.09442
220.77,2.94433,2.94433,-1.76377,-1.76377,-0.834777,3.32913
220.803,3.43162,3.43162,-1.48589,-1.48589,-1.37583,3.47721
220.836,3.82966,3.82966,-1.1693,-1.1693,-1.88115,3.5348
220.869,4.1281,4.1281,-0.822219,-0.822219,-2.33761,3.50041
220.902,4.3192,4.3192,-0.453661,-0.453661,-2.73335,3.37493
220.935,4.398,4.398,-0.0732062,-0.0732062,-3.05809,3.16162
220.968,4.36246,4.36246,0.309256,0.309256,-3.3034,2.86605
221.001,4.2135,4.2135,0.683783,0.683783,-3.4629,2.49589
221.034,3.95502,3.95502,1.04063,1.04063,-3.53246,2.06078
221.067,3.59374,3.59374,1.37052,1.37052,-3.51026,1.57205
221.1,3.13906,3.13906,1.66486,1.66486,-3.39688,1.04241
221.133,2.6028,2.6028,1.91599,1.91599,-3.19527,0.485648
221.166,1.99893,1.99893,2.11738,2.11738,-2.91067,-0.0837552
221.199,1.34313,1.34313,2.26376,2.26376,-2.55046,-0.650979
221.232,0.652473,0.652473,2.35132,2.35132,-2.124,-1.20126
221.265,-0.0550945,-0.0550945,2.37776,2.37776,-1.64237,-1.72029
221.298,-0.761173,-0.761173,2.34238,2.34238,-1.11808,-2.19455
221.331,-1.44741,-1.44741,2.24609,2.24609,-0.564754,-2.6117
221.364,-2.09596,-2.09596,2.09137,2.09137,0.00324489,-2.96089
221.397,-2.68997,-2.68997,1.88222,1.88222,0.57116,-3.23303
221.43,-3.214,-3.214,1.62408,1.62408,1.12424,-3.42104
221.463,-3.65443,-3.65443,1.32364,1.32364,1.64812,-3.52002
221.496,-3.99982,-3.99982,0.988697,0.988697,2.12918,-3.52741
221.529,-4.2412,-4.2412,0.627956,0.627956,2.55495,-3.44301
221.562,-4.3723,-4.3723,0.250787,0.250787,2.91435,-3.26901
221.595,-4.38971,-4.38971,-0.133005,-0.133005,3.19805,-3.00995
221.628,-4.29301,-4.29301,-0.513444,-0.513444,3.39868,-2.67256
221.661,-4.08471,-4.08471,-0.880636,-0.880636,3.51103,-2.26562
221.694,-3.77023,-3.77023,-1.22503,-1.22503,3.53218,-1.79973
221.727,-3.35776,-3.35776,-1.53766,-1.53766,3.46159,-1.287
221.76,-2.85803,-2.85803,-1.8104,-1.8104,3.30108,-0.740788
221.793,-2.28404,-2.28404,-2.03614,-2.03614,3.05483,-0.175295
221.826,-1.65072,-1.65072,-2.209,-2.209,2.72923,0.39476
221.859,-0.974533,-0.974533,-2.32446,-2.32446,2.33274,0.954542
221.892,-0.273065,-0.273065,-2.37951,-2.37951,1.87566,1.48949
221.925,0.435447,0.435447,-2.37271,-2.37271,1.36985,1.98567
221.958,1.13258,1.13258,-2.30421,-2.30421,0.828469,2.43018
221.991,1.80021,1.80021,-2.17578,-2.17578,0.265566,2.81145
222.024,2.42099,2.42099,-1.99074,-1.99074,-0.304236,3.11957
222.057,2.97878,2.97878,-1.75388,-1.75388,-0.866135,3.3465
222.09,3.45909,3.45909,-1.47136,-1.47136,-1.40554,3.48635
222.123,3.84943,3.84943,-1.1505,-1.1505,-1.90843,3.53548
222.156,4.13966,4.13966,-0.799636,-0.799636,-2.36175,3.49261
222.189,4.32225,4.32225,-0.427885,-0.427885,-2.75373,3.35885
222.222,4.39245,4.39245,-0.044908,-0.044908,-3.07418,3.13769
222.255,4.34846,4.34846,0.339341,0.339341,-3.31478,2.83488
222.288,4.19142,4.19142,0.714871,0.714871,-3.46927,2.45829
222.321,3.92543,3.92543,1.07192,1.07192,-3.53366,2.01774
222.354,3.55741,3.55741,1.40118,1.40118,-3.50626,1.52468
222.387,3.09694,3.09694,1.69411,1.69411,-3.38778,0.99195
222.42,2.55599,2.55599,1.94306,1.94306,-3.18131,0.433403
222.453,1.94863,1.94863,2.14156,2.14156,-2.89221,-0.136421
222.486,1.29067,1.29067,2.28443,2.28443,-2.52798,-0.702696
222.519,0.599201,0.599201,2.36794,2.36794,-2.09808,-1.25069
222.552,-0.107788,-0.107788,2.3899,2.3899,-1.61369,-1.76613
222.585,-0.811918,-0.811918,2.34972,2.34972,-1.08739,-2.23561
222.618,-1.49488,-1.49488,2.24843,2.24843,-0.532839,-2.64692
222.651,-2.13893,-2.13893,2.08865,2.08865,0.0355515,-2.98935
222.684,-2.72732,-2.72732,1.87452,1.87452,0.603018,-3.25399
222.717,-3.24476,-3.24476,1.61159,1.61159,1.15482,-3.43396
222.75,-3.6778,-3.6778,1.30669,1.30669,1.67663,-3.52456
222.783,-4.01519,-4.01519,0.967722,0.967722,2.15489,-3.52345
222.816,-4.24817,-4.24817,0.603502,0.603502,2.57717,-3.43065
222.849,-4.37069,-4.37069,0.223492,0.223492,2.93252,-3.24858
222.882,-4.37958,-4.37958,-0.162433,-0.162433,3.21169,-2.98197
222.915,-4.2746,-4.2746,-0.54424,-0.54424,3.40744,-2.63777
222.948,-4.05851,-4.05851,-0.911998,-0.911998,3.51468,-2.22492
222.981,-3.73692,-3.73692,-1.25614,-1.25614,3.53063,-1.75418
223.014,-3.31821,-3.31821,-1.56772,-1.56772,3.45487,-1.23779
223.047,-2.81327,-2.81327,-1.83861,-1.83861,3.28938,-0.689185
223.08,-2.23523,-2.23523,-2.06177,-2.06177,3.03844,-0.12265
223.113,-1.59912,-1.59912,-2.23139,-2.23139,2.70858,0.447077
223.146,-0.921499,-0.921499,-2.34302,-2.34302,2.30837,1.00517
223.179,-0.219972,-0.219972,-2.39377,-2.39377,1.84819,1.53711
223.212,0.487218,0.487218,-2.38228,-2.38228,1.34001,2.02904
223.245,1.18168,1.18168,-2.30885,-2.30885,0.797027,2.46818
223.278,1.84537,1.84537,-2.17536,-2.17536,0.233339,2.84309
223.311,2.46103,2.46103,-1.98528,-1.98528,-0.33641,3.14402
223.344,3.01266,3.01266,-1.74352,-1.74352,-0.897422,3.36313
223.377,3.48593,3.48593,-1.45636,-1.45636,-1.43512,3.49472
223.41,3.86853,3.86853,-1.13125,-1.13125,-1.93555,3.53538
223.443,4.15053,4.15053,-0.776643,-0.776643,-2.3857,3.48403
223.476,4.3246,4.3246,-0.401745,-0.401745,-2.77388,3.34203
223.509,4.38623,4.38623,-0.0162985,-0.0162985,-3.09001,3.11306
223.542,4.33382,4.33382,0.369675,0.369675,-3.32588,2.80308
223.575,4.16875,4.16875,0.746141,0.746141,-3.47536,2.42015
223.608,3.89532,3.89532,1.10331,1.10331,-3.53456,1.97425
223.641,3.52064,3.52064,1.43188,1.43188,-3.50196,1.47698
223.674,3.05446,3.05446,1.72331,1.72331,-3.3784,0.941266
223.707,2.50892,2.50892,1.97001,1.97001,-3.16708,0.381062
223.74,1.89819,1.89819,2.16556,2.16556,-2.8735,-0.189057
223.773,1.23816,1.23816,2.30484,2.30484,-2.50529,-0.754257
223.806,0.546002,0.546002,2.38424,2.38424,-2.07199,-1.29983
223.839,-0.160299,-0.160299,2.40166,2.40166,-1.58488,-1.81158
223.872,-0.862375,-0.862375,2.35664,2.35664,-1.0566,-2.27618
223.905,-1.54197,-1.54197,2.25032,2.25032,-0.500879,-2.68156
223.938,-2.18143,-2.18143,2.08547,2.08547,0.0678552,-3.01715
223.971,-2.76413,-2.76413,1.86635,1.86635,0.634827,-3.27424
224.004,-3.27491,-3.27491,1.59863,1.59863,1.18531,-3.44612
224.037,-3.70052,-3.70052,1.28928,1.28928,1.705,-3.52832
224.07,-4.02989,-4.02989,0.946321,0.946321,2.18041,-3.51871
224.103,-4.25446,-4.25446,0.578663,0.578663,2.59918,-3.41753
224.136,-4.36841,-4.36841,0.195859,0.195859,2.95044,-3.22743
224.169,-4.36878,-4.36878,-0.19214,-0.19214,3.22506,-2.95333
224.202,-4.25558,-4.25558,-0.575248,-0.575248,3.41591,-2.60239
224.235,-4.03175,-4.03175,-0.943502,-0.943502,3.51804,-2.18372
224.268,-3.70313,-3.70313,-1.28732,-1.28732,3.52878,-1.70823
224.301,-3.27826,-3.27826,-1.59776,-1.59776,3.44787,-1.18829
224.334,-2.7682,-2.7682,-1.86674,-1.86674,3.2774,-0.637429
224.367,-2.18621,-2.18621,-2.08725,-2.08725,3.02179,-0.0699774
224.4,-1.54744,-1.54744,-2.25355,-2.25355,2.6877,0.499295
224.433,-0.868486,-0.868486,-2.36129,-2.36129,2.2838,1.05557
224.466,-0.167011,-0.167011,-2.40767,-2.40767,1.82057,1.58439
224.499,0.538749,0.538749,-2.39145,-2.39145,1.31006,2.07197
224.532,1.23045,1.23045,-2.31305,-2.31305,0.765519,2.50563
224.565,1.8901,1.8901,-2.17449,-2.17449,0.201093,2.87409
224.598,2.50056,2.50056,-1.97934,-1.97934,-0.368557,3.16777
224.631,3.04596,3.04596,-1.73268,-1.73268,-0.928633,3.37901
224.664,3.51213,3.51213,-1.44089,-1.44089,-1.46459,3.50232
224.697,3.88696,3.88696,-1.11156,-1.11156,-1.9625,3.53449
224.73,4.16071,4.16071,-0.753244,-0.753244,-2.40944,3.47469
224.763,4.32626,4.32626,-0.375243,-0.375243,-2.79379,3.32447
224.796,4.37933,4.37933,0.0126175,0.0126175,-3.10558,3.08773
224.829,4.31855,4.31855,0.400254,0.400254,-3.3367,2.77065
224.862,4.1455,4.1455,0.777586,0.777586,-3.48115,2.38147
224.895,3.86469,3.86469,1.1348,1.1348,-3.53517,1.93032
224.928,3.48343,3.48343,1.46261,1.46261,-3.49738,1.42894
224.961,3.01164,3.01164,1.75247,1.75247,-3.36873,0.890372
224.994,2.4616,2.4616,1.99684,1.99684,-3.15259,0.328636
225.027,1.84761,1.84761,2.18935,2.18935,-2.85456,-0.241651
225.06,1.18563,1.18563,2.32499,2.32499,-2.48238,-0.805651
225.093,0.492884,0.492884,2.40021,2.40021,-2.04573,-1.34869
225.126,-0.212619,-0.212619,2.41304,2.41304,-1.55594,-1.85662
225.159,-0.912537,-0.912537,2.36314,2.36314,-1.02573,-2.31625
225.192,-1.58867,-1.58867,2.25177,2.25177,-0.468877,-2.7156
225.225,-2.22345,-2.22345,2.08182,2.08182,0.100153,-3.04429
225.258,-2.80038,-2.80038,1.85769,1.85769,0.666582,-3.29375
225.291,-3.30445,-3.30445,1.5852,1.5852,1.2157,-3.45751
225.324,-3.72258,-3.72258,1.27142,1.27142,1.73323,-3.53129
225.357,-4.0439,-4.0439,0.924496,0.924496,2.20575,-3.51318
225.39,-4.26005,-4.26005,0.55344,0.55344,2.62097,-3.40365
225.423,-4.36544,-4.36544,0.167894,0.167894,2.96812,-3.20555
225.456,-4.35734,-4.35734,-0.222121,-0.222121,3.23816,-2.92404
225.489,-4.23595,-4.23595,-0.606464,-0.606464,3.4241,-2.56643
225.522,-4.00445,-4.00445,-0.975141,-0.975141,3.5211,-2.14204
225.555,-3.66886,-3.66886,-1.31856,-1.31856,3.52664,-1.66191
225.588,-3.23792,-3.23792,-1.62779,-1.62779,3.44057,-1.13854
225.621,-2.72284,-2.72284,-1.89477,-1.89477,3.26514,-0.585531
225.654,-2.13701,-2.13701,-2.11256,-2.11256,3.0049,-0.0172896
225.687,-1.49567,-1.49567,-2.27547,-2.27547,2.6666,0.551402
225.72,-0.815504,-0.815504,-2.37926,-2.37926,2.25904,1.10574
225.753,-0.114192,-0.114192,-2.42122,-2.42122,1.7928,1.63131
225.786,0.590033,0.590033,-2.40022,-2.40022,1.28,2.11443
225.819,1.27886,1.27886,-2.31682,-2.31682,0.733946,2.54253
225.852,1.93438,1.93438,-2.17314,-2.17314,0.16883,2.90446
225.885,2.53956,2.53956,-1.97293,-1.97293,-0.400672,3.19081
225.918,3.07867,3.07867,-1.72136,-1.72136,-0.959767,3.39414
225.951,3.5377,3.5377,-1.42496,-1.42496,-1.49393,3.50913
225.984,3.90472,3.90472,-1.09144,-1.09144,-1.98929,3.53282
226.017,4.1702,4.1702,-0.729442,-0.729442,-2.43298,3.46457
226.05,4.32724,4.32724,-0.348384,-0.348384,-2.81347,3.30616
226.083,4.37177,4.37177,0.0418351,0.0418351,-3.12089,3.06172
226.116,4.30264,4.30264,0.43107,0.43107,-3.34724,2.73761
226.149,4.12166,4.12166,0.8092,0.8092,-3.48665,2.34226
226.182,3.83354,3.83354,1.16639,1.16639,-3.53549,1.88596
226.215,3.44579,3.44579,1.49335,1.49335,-3.4925,1.38059
226.248,2.96848,2.96848,1.78156,1.78156,-3.35879,0.839281
226.281,2.41404,2.41404,2.02353,2.02353,-3.13784,0.276138
226.314,1.79689,1.79689,2.21294,2.21294,-2.83538,-0.294192
226.347,1.13308,1.13308,2.34487,2.34487,-2.45928,-0.856866
226.38,0.439857,0.439857,2.41586,2.41586,-2.01929,-1.39724
226.413,-0.264739,-0.264739,2.42405,2.42405,-1.52686,-1.90126
226.446,-0.962396,-0.962396,2.36921,2.36921,-0.994768,-2.3558
226.479,-1.63498,-1.63498,2.25275,2.25275,-0.436836,-2.74904
226.512,-2.26499,-2.26499,2.07769,2.07769,0.132443,-3.07074
226.545,-2.83608,-2.83608,1.84856,1.84856,0.698281,-3.31254
226.578,-3.33338,-3.33338,1.5713,1.5713,1.24598,-3.46813
226.611,-3.74399,-3.74399,1.25311,1.25311,1.76132,-3.53348
226.644,-4.05723,-4.05723,0.902249,0.902249,2.23091,-3.50688
226.677,-4.26496,-4.26496,0.527837,0.527837,2.64255,-3.38902
226.71,-4.3618,-4.3618,0.1396,0.1396,2.98555,-3.18297
226.743,-4.34524,-4.34524,-0.252369,-0.252369,3.251,-2.89409
226.776,-4.21571,-4.21571,-0.63788,-0.63788,3.43201,-2.52991
226.809,-3.9766,-3.9766,-1.00691,-1.00691,3.52387,-2.09989
226.842,-3.63412,-3.63412,-1.34985,-1.34985,3.5242,-1.61522
226.875,-3.1972,-3.1972,-1.65779,-1.65779,3.43299,-1.08853
226.908,-2.67719,-2.67719,-1.9227,-1.9227,3.25261,-0.533503
226.941,-2.08762,-2.08762,-2.13769,-2.13769,2.98775,0.035402
226.974,-1.44383,-1.44383,-2.29715,-2.29715,2.64528,0.603386
227.007,-0.762563,-0.762563,-2.39692,-2.39692,2.2341,1.15567
227.04,-0.0615226,-0.0615226,-2.4344,-2.4344,1.76488,1.67788
227.073,0.641059,0.641059,-2.40859,-2.40859,1.24983,2.15643
227.106,1.32692,1.32692,-2.32014,-2.32014,0.702313,2.57886
227.139,1.97822,1.97822,-2.17134,-2.17134,0.136553,2.93418
227.172,2.57805,2.57805,-1.96604,-1.96604,-0.432754,3.21315
227.205,3.1108,3.1108,-1.70957,-1.70957,-0.99082,3.40851
227.238,3.56263,3.56263,-1.40857,-1.40857,-1.52315,3.51517
227.271,3.92181,3.92181,-1.07087,-1.07087,-2.01592,3.53036
227.304,4.179,4.179,-0.705239,-0.705239,-2.45632,3.45368
227.337,4.32753,4.32753,-0.321171,-0.321171,-2.83292,3.28713
227.37,4.36354,4.36354,0.0713492,0.0713492,-3.13594,3.03504
227.403,4.28611,4.28611,0.462118,0.462118,-3.3575,2.70397
227.436,4.09725,4.09725,0.840975,0.840975,-3.49185,2.30253
227.469,3.8019,3.8019,1.19807,1.19807,-3.53551,1.84119
227.502,3.40772,3.40772,1.5241,1.5241,-3.48732,1.33192
227.535,2.92499,2.92499,1.81059,1.81059,-3.34856,0.788004
227.568,2.36626,2.36626,2.05007,2.05007,-3.12282,0.223578
227.601,1.74606,1.74606,2.23632,2.23632,-2.81596,-0.346667
227.634,1.08051,1.08051,2.36446,2.36446,-2.43596,-0.90789
227.667,0.386931,0.386931,2.43116,2.43116,-1.99269,-1.44549
227.7,-0.316651,-0.316651,2.43466,2.43466,-1.49766,-1.94547
227.733,-1.01194,-1.01194,2.37486,2.37486,-0.963724,-2.39483
227.766,-1.68087,-1.68087,2.25328,2.25328,-0.404758,-2.78187
227.799,-2.30604,-2.30604,2.07309,2.07309,0.164722,-3.09652
227.832,-2.87121,-2.87121,1.83895,1.83895,0.729923,-3.33059
227.865,-3.36169,-3.36169,1.55692,1.55692,1.27616,-3.47799
227.898,-3.76474,-3.76474,1.23434,1.23434,1.78926,-3.53488
227.931,-4.06987,-4.06987,0.879583,0.879583,2.25588,-3.49979
227.964,-4.26918,-4.26918,0.501858,0.501858,2.6639,-3.37363
227.997,-4.35748,-4.35748,0.110983,0.110983,3.00273,-3.15968
228.03,-4.33249,-4.33249,-0.28288,-0.28288,3.26356,-2.86351
228.063,-4.19487,-4.19487,-0.669492,-0.669492,3.43962,-2.49282
228.096,-3.94821,-3.94821,-1.0388,-1.0388,3.52634,-2.05726
228.129,-3.59892,-3.59892,-1.38119,-1.38119,3.52147,-1.56817
228.162,-3.1561,-3.1561,-1.68776,-1.68776,3.42512,-1.03827
228.195,-2.63126,-2.63126,-1.95052,-1.95052,3.23981,-0.481357
228.228,-2.03807,-2.03807,-2.16264,-2.16264,2.97035,0.0880858
228.261,-1.39194,-1.39194,-2.31858,-2.31858,2.62373,0.655236
228.294,-0.709671,-0.709671,-2.41427,-2.41427,2.20896,1.20534
228.327,-0.00901289,-0.00901289,-2.44722,-2.44722,1.73682,1.72407
228.36,0.691821,0.691821,-2.41654,-2.41654,1.21956,2.19794
228.393,1.37461,1.37461,-2.32301,-2.32301,0.67062,2.61462
228.426,2.02161,2.02161,-2.16906,-2.16906,0.104264,2.96325
228.459,2.616,2.616,-1.95867,-1.95867,-0.4648,3.23478
228.492,3.14233,3.14233,-1.6973,-1.6973,-1.02179,3.42213
228.525,3.58692,3.58692,-1.39172,-1.39172,-1.55224,3.52043
228.558,3.93822,3.93822,-1.04987,-1.04987,-2.04237,3.52712
228.591,4.18712,4.18712,-0.680639,-0.680639,-2.47945,3.44202
228.624,4.32714,4.32714,-0.29361,-0.29361,-2.85213,3.26736
228.657,4.35465,4.35465,0.101155,0.101155,-3.15073,3.00767
228.69,4.26895,4.26895,0.493394,0.493394,-3.36748,2.66972
228.723,4.07227,4.07227,0.872906,0.872906,-3.49677,2.26229
228.756,3.76975,3.76975,1.22982,1.22982,-3.53523,1.796
228.789,3.36924,3.36924,1.55485,1.55485,-3.48186,1.28297
228.822,2.88118,2.88118,1.83954,1.83954,-3.33805,0.736552
228.855,2.31826,2.31826,2.07647,2.07647,-3.10754,0.170968
228.888,1.69511,1.69511,2.25947,2.25947,-2.79631,-0.399065
228.921,1.02795,1.02795,2.38377,2.38377,-2.41245,-0.958712
228.954,0.334114,0.334114,2.44612,2.44612,-1.96592,-1.49341
228.987,-0.368346,-0.368346,2.44488,2.44488,-1.46833,-1.98925
229.02,-1.06117,-1.06117,2.38007,2.38007,-0.932601,-2.43332
229.053,-1.72635,-1.72635,2.25335,2.25335,-0.372647,-2.81408
229.086,-2.3466,-2.3466,2.06802,2.06802,0.196986,-3.1216
229.119,-2.90578,-2.90578,1.82886,1.82886,0.761503,-3.3479
229.152,-3.38938,-3.38938,1.54208,1.54208,1.30624,-3.48707
229.185,-3.78482,-3.78482,1.21513,1.21513,1.81705,-3.5355
229.218,-4.08184,-4.08184,0.856501,0.856501,2.28066,-3.49193
229.251,-4.27271,-4.27271,0.475506,0.475506,2.68503,-3.3575
229.284,-4.35249,-4.35249,0.0820473,0.0820473,3.01966,-3.13569
229.317,-4.3191,-4.3191,-0.313648,-0.313648,3.27585,-2.83229
229.35,-4.17344,-4.17344,-0.701291,-0.701291,3.44695,-2.45518
229.383,-3.91929,-3.91929,-1.0708,-1.0708,3.52853,-2.01418
229.416,-3.56326,-3.56326,-1.41257,-1.41257,3.51844,-1.52077
229.449,-3.11464,-3.11464,-1.71769,-1.71769,3.41697,-0.987791
229.482,-2.58507,-2.58507,-1.97823,-1.97823,3.22674,-0.429104
229.515,-1.98835,-1.98835,-2.1874,-2.1874,2.9527,0.14075
229.548,-1.33999,-1.33999,-2.33975,-2.33975,2.60197,0.706941
229.581,-0.656838,-0.656838,-2.4313,-2.4313,2.18365,1.25474
229.614,0.0433285,0.0433285,-2.45966,-2.45966,1.7086,1.76988
229.647,0.74231,0.74231,-2.42407,-2.42407,1.18918,2.23897
229.68,1.42194,1.42194,-2.32544,-2.32544,0.638872,2.64979
229.713,2.06454,2.06454,-2.16631,-2.16631,0.0719673,2.99166
229.746,2.65341,2.65341,-1.95082,-1.95082,-0.496807,3.25569
229.779,3.17326,3.17326,-1.68455,-1.68455,-1.05268,3.43499
229.812,3.61056,3.61056,-1.3744,-1.3744,-1.5812,3.5249
229.845,3.95396,3.95396,-1.02844,-1.02844,-2.06866,3.52309
229.878,4.19455,4.19455,-0.655644,-0.655644,-2.50238,3.4296
229.911,4.32606,4.32606,-0.265704,-0.265704,-2.87111,3.24687
229.944,4.3451,4.3451,0.131247,0.131247,-3.16525,2.97964
229.977,4.25117,4.25117,0.524889,0.524889,-3.37719,2.63488
230.01,4.04673,4.04673,0.904986,0.904986,-3.5014,2.22155
230.043,3.73711,3.73711,1.26165,1.26165,-3.53466,1.75041
230.076,3.33036,3.33036,1.5856,1.5856,-3.47611,1.23373
230.109,2.83706,2.83706,1.86841,1.86841,-3.32727,0.684935
230.142,2.27004,2.27004,2.10271,2.10271,-3.092,0.11832
230.175,1.64406,1.64406,2.2824,2.2824,-2.77642,-0.451374
230.208,0.975388,0.975388,2.40279,2.40279,-2.38873,-1.00932
230.241,0.281415,0.281415,2.46073,2.46073,-1.93899,-1.54101
230.274,-0.419815,-0.419815,2.4547,2.4547,-1.43888,-2.03259
230.307,-1.11007,-1.11007,2.38484,2.38484,-0.901399,-2.47128
230.34,-1.77141,-1.77141,2.25296,2.25296,-0.340504,-2.84566
230.373,-2.38665,-2.38665,2.06246,2.06246,0.229235,-3.14599
230.406,-2.93978,-2.93978,1.81828,1.81828,0.79302,-3.36446
230.439,-3.41644,-3.41644,1.52676,1.52676,1.33621,-3.49538
230.472,-3.80425,-3.80425,1.19547,1.19547,1.84469,-3.53533
230.505,-4.09312,-4.09312,0.833004,0.833004,2.30525,-3.4833
230.538,-4.27555,-4.27555,0.448785,0.448785,2.70593,-3.34061
230.571,-4.34682,-4.34682,0.052797,0.052797,3.03633,-3.111
230.604,-4.30508,-4.30508,-0.344667,-0.344667,3.28787,-2.80043
230.637,-4.15142,-4.15142,-0.733273,-0.733273,3.454,-2.41699
230.67,-3.88984,-3.88984,-1.10291,-1.10291,3.53041,-1.97066
230.703,-3.52716,-3.52716,-1.44397,-1.44397,3.51512,-1.47304
230.736,-3.07282,-3.07282,-1.74757,-1.74757,3.40853,-0.937089
230.769,-2.53863,-2.53863,-2.00581,-2.00581,3.21341,-0.376755
230.802,-1.93848,-1.93848,-2.21197,-2.21197,2.93481,0.193383
230.835,-1.28799,-1.28799,-2.36066,-2.36066,2.57999,0.758489
230.868,-0.604073,-0.604073,-2.44801,-2.44801,2.15815,1.30386
230.901,0.0954929,0.0954929,-2.47172,-2.47172,1.68025,1.8153
230.934,0.792518,0.792518,-2.43118,-2.43118,1.15871,2.2795
230.967,1.46888,1.46888,-2.32741,-2.32741,0.607071,2.68438
231,2.107,2.107,-2.16309,-2.16309,0.0396642,3.01941
231.033,2.69029,2.69029,-1.94249,-1.94249,-0.528772,3.27587
231.066,3.20359,3.20359,-1.67132,-1.67132,-1.08347,3.44708
231.099,3.63356,3.63356,-1.35663,-1.35663,-1.61003,3.52859
231.132,3.96903,3.96903,-1.00658,-1.00658,-2.09477,3.51828
231.165,4.20129,4.20129,-0.630259,-0.630259,-2.5251,3.41642
231.198,4.32431,4.32431,-0.237458,-0.237458,-2.88984,3.22565
231.231,4.33489,4.33489,0.16162,0.16162,-3.17952,2.95095
231.264,4.23278,4.23278,0.556599,0.556599,-3.3866,2.59945
231.297,4.02064,4.02064,0.937208,0.937208,-3.50573,2.18032
231.33,3.70399,3.70399,1.29355,1.29355,-3.53379,1.70444
231.363,3.29107,3.29107,1.61634,1.61634,-3.47006,1.18421
231.396,2.79263,2.79263,1.89719,1.89719,-3.31621,0.633167
231.429,2.22163,2.22163,2.12879,2.12879,-3.07621,0.0656463
231.462,1.59292,1.59292,2.30509,2.30509,-2.75631,-0.503583
231.495,0.922848,0.922848,2.4215,2.4215,-2.36481,-1.05971
231.528,0.228844,0.228844,2.47498,2.47498,-1.91189,-1.58826
231.561,-0.47105,-0.47105,2.46412,2.46412,-1.40931,-2.07548
231.594,-1.15864,-1.15864,2.38918,2.38918,-0.870122,-2.50869
231.627,-1.81605,-1.81605,2.2521,2.2521,-0.308334,-2.87661
231.66,-2.42619,-2.42619,2.05642,2.05642,0.261464,-3.16969
231.693,-2.97321,-2.97321,1.80723,1.80723,0.82447,-3.38028
231.726,-3.44288,-3.44288,1.51098,1.51098,1.36606,-3.50291
231.759,-3.82301,-3.82301,1.17536,1.17536,1.87217,-3.53438
231.792,-4.10372,-4.10372,0.809097,0.809097,2.32965,-3.47388
231.825,-4.27772,-4.27772,0.4217,0.4217,2.72661,-3.32299
231.858,-4.34049,-4.34049,0.0232374,0.0232374,3.05276,-3.08562
231.891,-4.29042,-4.29042,-0.375932,-0.375932,3.29961,-2.76796
231.924,-4.12881,-4.12881,-0.765431,-0.765431,3.46075,-2.37827
231.957,-3.85988,-3.85988,-1.13513,-1.13513,3.532,-1.92669
231.99,-3.49062,-3.49062,-1.4754,-1.4754,3.51151,-1.42498
232.023,-3.03065,-3.03065,-1.7774,-1.7774,3.39981,-0.886179
232.056,-2.49193,-2.49193,-2.03327,-2.03327,3.1998,-0.324323
232.089,-1.88847,-1.88847,-2.23633,-2.23633,2.91667,0.245973
232.122,-1.23597,-1.23597,-2.38129,-2.38129,2.55779,0.809868
232.155,-0.551386,-0.551386,-2.46438,-2.46438,2.13247,1.35269
232.188,0.147471,0.147471,-2.4834,-2.4834,1.65175,1.86031
232.221,0.842435,0.842435,-2.43786,-2.43786,1.12814,2.31952
232.254,1.51544,1.51544,-2.32892,-2.32892,0.575218,2.71837
232.287,2.14899,2.14899,-2.15939,-2.15939,0.00735779,3.04649
232.32,2.72662,2.72662,-1.93368,-1.93368,-0.560694,3.29533
232.353,3.23331,3.23331,-1.65762,-1.65762,-1.11418,3.45841
232.386,3.6559,3.6559,-1.33839,-1.33839,-1.63873,3.5315
232.419,3.98342,3.98342,-0.984282,-0.984282,-2.12071,3.51269
232.452,4.20735,4.20735,-0.604486,-0.604486,-2.54761,3.40248
232.485,4.32188,4.32188,-0.208875,-0.208875,-2.90833,3.20372
232.518,4.32404,4.32404,0.192269,0.192269,-3.19351,2.9216
232.551,4.21379,4.21379,0.588517,0.588517,-3.39574,2.56345
232.584,3.994,3.994,0.969565,0.969565,-3.50977,2.1386
232.617,3.67039,3.67039,1.3255,1.3255,-3.53263,1.65809
232.65,3.25139,3.25139,1.64706,1.64706,-3.46373,1.13443
232.683,2.7479,2.7479,1.92588,1.92588,-3.30486,0.581258
232.716,2.17302,2.17302,2.15469,2.15469,-3.06016,0.0129577
232.749,1.54169,1.54169,2.32754,2.32754,-2.73596,-0.55568
232.782,0.870334,0.870334,2.43991,2.43991,-2.3407,-1.10986
232.815,0.17641,0.17641,2.48887,2.48887,-1.88464,-1.63515
232.848,-0.522042,-0.522042,2.47312,2.47312,-1.37962,-2.1179
232.881,-1.20686,-1.20686,2.39307,2.39307,-0.838773,-2.54554
232.914,-1.86025,-1.86025,2.25077,2.25077,-0.276137,-2.90693
232.947,-2.46522,-2.46522,2.04991,2.04991,0.293671,-3.19268
232.98,-3.00605,-3.00605,1.79569,1.79569,0.855852,-3.39535
233.013,-3.46869,-3.46869,1.49472,1.49472,1.3958,-3.50966
233.046,-3.8411,-3.8411,1.15481,1.15481,1.8995,-3.53264
233.079,-4.11363,-4.11363,0.784782,0.784782,2.35385,-3.4637
233.112,-4.27919,-4.27919,0.394254,0.394254,2.74707,-3.30463
233.145,-4.33349,-4.33349,-0.00662651,-0.00662651,3.06893,-3.05956
233.178,-4.27513,-4.27513,-0.407437,-0.407437,3.31107,-2.73487
233.211,-4.10563,-4.10563,-0.797757,-0.797757,3.46722,-2.33902
233.244,-3.8294,-3.8294,-1.16743,-1.16743,3.5333,-1.8823
233.277,-3.45365,-3.45365,-1.50685,-1.50685,3.5076,-1.3766
233.31,-2.98814,-2.98814,-1.80717,-1.80717,3.3908,-0.835073
233.343,-2.44499,-2.44499,-2.06058,-2.06058,3.18592,-0.271819
233.376,-1.83832,-1.83832,-2.26048,-2.26048,2.89829,0.298508
233.409,-1.18392,-1.18392,-2.40165,-2.40165,2.53538,0.861068
233.442,-0.498785,-0.498785,-2.48041,-2.48041,2.10661,1.40122
233.475,0.199255,0.199255,-2.49469,-2.49469,1.62312,1.90491
233.508,0.892055,0.892055,-2.44412,-2.44412,1.09747,2.35903
233.541,1.56161,1.56161,-2.32997,-2.32997,0.543318,2.75176
233.574,2.1905,2.1905,-2.15522,-2.15522,-0.0249493,3.07289
233.607,2.7624,2.7624,-1.92438,-1.92438,-0.592568,3.31405
233.64,3.26243,3.26243,-1.64344,-1.64344,-1.1448,3.46897
233.673,3.6776,3.6776,-1.3197,-1.3197,-1.66729,3.53363
233.706,3.99713,3.99713,-0.961562,-0.961562,-2.14647,3.50633
233.739,4.21272,4.21272,-0.57833,-0.57833,-2.5699,3.38778
233.772,4.31877,4.31877,-0.179961,-0.179961,-2.92658,3.18108
233.805,4.31253,4.31253,0.223188,0.223188,-3.20724,2.8916
233.838,4.19419,4.19419,0.620638,0.620638,-3.40459,2.52688
233.871,3.96681,3.96681,1.00205,1.00205,-3.51351,2.0964
233.904,3.63632,3.63632,1.35751,1.35751,-3.53117,1.61137
233.937,3.21133,3.21133,1.67776,1.67776,-3.45711,1.0844
233.97,2.70289,2.70289,1.95446,1.95446,-3.29325,0.52922
234.003,2.12423,2.12423,2.18042,2.18042,-3.04385,-0.0397337
234.036,1.49039,1.49039,2.34974,2.34974,-2.71538,-0.607654
234.069,0.817857,0.817857,2.45801,2.45801,-2.31639,-1.15976
234.102,0.124121,0.124121,2.50239,2.50239,-1.85722,-1.68169
234.135,-0.572783,-0.572783,2.48172,2.48172,-1.34982,-2.15986
234.168,-1.25474,-1.25474,2.39651,2.39651,-0.807353,-2.58182
234.201,-1.90401,-1.90401,2.24896,2.24896,-0.243917,-2.9366
234.234,-2.50373,-2.50373,2.0429,2.0429,0.325854,-3.21496
234.267,-3.03831,-3.03831,1.78367,1.78367,0.887162,-3.40966
234.3,-3.49386,-3.49386,1.478,1.478,1.42543,-3.51563
234.333,-3.85853,-3.85853,1.13382,1.13382,1.92667,-3.53012
234.366,-4.12286,-4.12286,0.760062,0.760062,2.37786,-3.45275
234.399,-4.27999,-4.27999,0.366451,0.366451,2.76729,-3.28553
234.432,-4.32583,-4.32583,-0.0367898,-0.0367898,3.08484,-3.03281
234.465,-4.25921,-4.25921,-0.439176,-0.439176,3.32226,-2.70117
234.498,-4.08187,-4.08187,-0.830246,-0.830246,3.47339,-2.29925
234.531,-3.79843,-3.79843,-1.19983,-1.19983,3.5343,-1.83749
234.564,-3.41626,-3.41626,-1.53831,-1.53831,3.50341,-1.32791
234.597,-2.94531,-2.94531,-1.83687,-1.83687,3.38151,-0.78378
234.63,-2.39783,-2.39783,-2.08775,-2.08775,3.17178,-0.219254
234.663,-1.78805,-1.78805,-2.28441,-2.28441,2.87967,0.350977
234.696,-1.13185,-1.13185,-2.42172,-2.42172,2.51276,0.912076
234.729,-0.44628,-0.44628,-2.4961,-2.4961,2.08057,1.44944
234.762,0.250836,0.250836,-2.50559,-2.50559,1.59435,1.94909
234.795,0.94137,0.94137,-2.44993,-2.44993,1.06672,2.39801
234.828,1.60737,1.60737,-2.33056,-2.33056,0.511372,2.78454
234.861,2.23153,2.23153,-2.15056,-2.15056,-0.0572542,3.0986
234.894,2.79762,2.79762,-1.91459,-1.91459,-0.624393,3.33204
234.927,3.29093,3.29093,-1.62878,-1.62878,-1.17531,3.47876
234.96,3.69864,3.69864,-1.30055,-1.30055,-1.69571,3.53496
234.993,4.01017,4.01017,-0.938418,-0.938418,-2.17205,3.49918
235.026,4.21741,4.21741,-0.551793,-0.551793,-2.59198,3.37233
235.059,4.31499,4.31499,-0.150721,-0.150721,-2.94458,3.15774
235.092,4.30039,4.30039,0.254372,0.254372,-3.2207,2.86097
235.125,4.17399,4.17399,0.652954,0.652954,-3.41316,2.48975
235.158,3.93908,3.93908,1.03466,1.03466,-3.51697,2.05374
235.191,3.6018,3.6018,1.38956,1.38956,-3.52942,1.56429
235.224,3.1709,3.1709,1.70842,1.70842,-3.4502,1.03413
235.257,2.65761,2.65761,1.98293,1.98293,-3.28136,0.477065
235.29,2.07527,2.07527,2.20596,2.20596,-3.02728,-0.0924163
235.323,1.43902,1.43902,2.37169,2.37169,-2.69458,-0.659493
235.356,0.765425,0.765425,2.47579,2.47579,-2.29188,-1.20941
235.389,0.0719863,0.0719863,2.51554,2.51554,-1.82966,-1.72785
235.422,-0.623265,-0.623265,2.48989,2.48989,-1.3199,-2.20133
235.455,-1.30225,-1.30225,2.39949,2.39949,-0.775867,-2.61753
235.488,-1.94733,-1.94733,2.24668,2.24668,-0.211677,-2.96561
235.521,-2.54172,-2.54172,2.03542,2.03542,0.35801,-3.23652
235.554,-3.06998,-3.06998,1.77117,1.77117,0.918398,-3.42321
235.587,-3.51839,-3.51839,1.46081,1.46081,1.45493,-3.52083
235.62,-3.87529,-3.87529,1.11238,1.11238,1.95367,-3.52682
235.653,-4.13141,-4.13141,0.73494,0.73494,2.40167,-3.44103
235.686,-4.28011,-4.28011,0.338295,0.338295,2.78728,-3.2657
235.719,-4.31752,-4.31752,-0.0672473,-0.0672473,3.1005,-3.00539
235.752,-4.24268,-4.24268,-0.471144,-0.471144,3.33318,-2.66688
235.785,-4.05755,-4.05755,-0.862892,-0.862892,3.47928,-2.25896
235.818,-3.76695,-3.76695,-1.2323,-1.2323,3.53501,-1.79227
235.851,-3.37845,-3.37845,-1.56976,-1.56976,3.49891,-1.27893
235.884,-2.90214,-2.90214,-1.8665,-1.8665,3.37194,-0.732314
235.917,-2.35044,-2.35044,-2.11477,-2.11477,3.15738,-0.166641
235.95,-1.73767,-1.73767,-2.30812,-2.30812,2.8608,0.403368
235.983,-1.07978,-1.07978,-2.4415,-2.4415,2.48992,0.962881
236.016,-0.393879,-0.393879,-2.51143,-2.51143,2.05437,1.49734
236.049,0.302204,0.302204,-2.51608,-2.51608,1.56545,1.99283
236.082,0.990371,0.990371,-2.45531,-2.45531,1.03587,2.43647
236.115,1.65273,1.65273,-2.33068,-2.33068,0.479384,2.8167
236.148,2.27207,2.27207,-2.14542,-2.14542,-0.0895544,3.12363
236.181,2.83228,2.83228,-1.90432,-1.90432,-0.656166,3.34929
236.214,3.31882,3.31882,-1.61365,-1.61365,-1.20573,3.48778
236.247,3.71903,3.71903,-1.28095,-1.28095,-1.72398,3.53552
236.28,4.02252,4.02252,-0.914853,-0.914853,-2.19745,3.49125
236.313,4.22141,4.22141,-0.524879,-0.524879,-2.61384,3.35614
236.346,4.31054,4.31054,-0.121158,-0.121158,-2.96234,3.13369
236.379,4.2876,4.2876,0.285815,0.285815,-3.23389,2.82969
236.412,4.1532,4.1532,0.68546,0.68546,-3.42145,2.45206
236.445,3.91083,3.91083,1.06738,1.06738,-3.52013,2.01062
236.478,3.56681,3.56681,1.42165,1.42165,-3.52737,1.51686
236.511,3.1301,3.1301,1.73904,1.73904,-3.443,0.983631
236.544,2.61205,2.61205,2.01129,2.01129,-3.26919,0.424804
236.577,2.02614,2.02614,2.23131,2.23131,-3.01047,-0.145078
236.61,1.3876,1.3876,2.39337,2.39337,-2.67355,-0.711185
236.643,0.713048,0.713048,2.49324,2.49324,-2.26719,-1.25879
236.676,0.0200151,0.0200151,2.5283,2.5283,-1.80193,-1.77363
236.709,-0.673478,-0.673478,2.49764,2.49764,-1.28988,-2.24232
236.742,-1.3494,-1.3494,2.40202,2.40202,-0.744315,-2.65266
236.775,-1.99019,-1.99019,2.24393,2.24393,-0.17942,-2.99397
236.808,-2.57918,-2.57918,2.02744,2.02744,0.390136,-3.25737
236.841,-3.10106,-3.10106,1.75819,1.75819,0.949558,-3.43601
236.874,-3.54229,-3.54229,1.44315,1.44315,1.48432,-3.52524
236.907,-3.89138,-3.89138,1.09051,1.09051,1.98052,-3.52273
236.94,-4.13928,-4.13928,0.709419,0.709419,2.42528,-3.42855
236.973,-4.27955,-4.27955,0.309791,0.309791,2.80704,-3.24515
237.006,-4.30854,-4.30854,-0.0979937,-0.0979937,3.11589,-2.97731
237.039,-4.22553,-4.22553,-0.503333,-0.503333,3.34381,-2.63199
237.072,-4.03267,-4.03267,-0.895686,-0.895686,3.48487,-2.21818
237.105,-3.73498,-3.73498,-1.26485,-1.26485,3.53542,-1.74665
237.138,-3.34023,-3.34023,-1.60122,-1.60122,3.49413,-1.22967
237.171,-2.85867,-2.85867,-1.89603,-1.89603,3.36208,-0.680685
237.204,-2.30283,-2.30283,-2.14163,-2.14163,3.14271,-0.113991
237.237,-1.68718,-1.68718,-2.33159,-2.33159,2.8417,0.45567
237.27,-1.02772,-1.02772,-2.46098,-2.46098,2.46688,1.01347
237.303,-0.341593,-0.341593,-2.52642,-2.52642,2.02799,1.5449
237.336,0.353352,0.353352,-2.52617,-2.52617,1.53642,2.03613
237.369,1.03905,1.03905,-2.46025,-2.46025,1.00494,2.47438
237.402,1.69768,1.69768,-2.33033,-2.33033,0.447355,2.84823
237.435,2.31211,2.31211,-2.13979,-2.13979,-0.121847,3.14797
237.468,2.86638,2.86638,-1.89356,-1.89356,-0.687884,3.36579
237.501,3.34608,3.34608,-1.59804,-1.59804,-1.23605,3.49602
237.534,3.73876,3.73876,-1.26089,-1.26089,-1.75212,3.53529
237.567,4.0342,4.0342,-0.89087,-0.89087,-2.22267,3.48255
237.6,4.22474,4.22474,-0.497592,-0.497592,-2.63549,3.33919
237.633,4.30543,4.30543,-0.0912779,-0.0912779,-2.97985,3.10894
237.666,4.27418,4.27418,0.317512,0.317512,-3.24682,2.79779
237.699,4.13182,4.13182,0.718149,0.718149,-3.42944,2.41383
237.732,3.88205,3.88205,1.10021,1.10021,-3.52299,1.96706
237.765,3.53139,3.53139,1.45376,1.45376,-3.52503,1.4691
237.798,3.08894,3.08894,1.76961,1.76961,-3.43551,0.932912
237.831,2.56623,2.56623,2.03951,2.03951,-3.25675,0.372448
237.864,1.97685,1.97685,2.25646,2.25646,-2.9934,-0.197708
237.897,1.33613,1.33613,2.41478,2.41478,-2.6523,-0.762719
237.93,0.660735,0.660735,2.51036,2.51036,-2.2423,-1.30788
237.963,-0.0317838,-0.0317838,2.54069,2.54069,-1.77406,-1.81901
237.996,-0.723416,-0.723416,2.50496,2.50496,-1.25974,-2.28281
238.029,-1.39618,-1.39618,2.40409,2.40409,-0.712701,-2.6872
238.062,-2.03259,-2.03259,2.24069,2.24069,-0.147147,-3.02166
238.095,-2.6161,-2.6161,2.01898,2.01898,0.422229,-3.2775
238.128,-3.13155,-3.13155,1.74472,1.74472,0.980638,-3.44804
238.161,-3.56554,-3.56554,1.42502,1.42502,1.51357,-3.52886
238.194,-3.9068,-3.9068,1.0682,1.0682,2.0072,-3.51785
238.227,-4.14646,-4.14646,0.683503,0.683503,2.44868,-3.4153
238.26,-4.27831,-4.27831,0.280943,0.280943,2.82657,-3.22388
238.293,-4.29892,-4.29892,-0.129024,-0.129024,3.13103,-2.94856
238.326,-4.20777,-4.20777,-0.535738,-0.535738,3.35416,-2.59652
238.359,-4.00723,-4.00723,-0.928624,-0.928624,3.49018,-2.1769
238.392,-3.70254,-3.70254,-1.29746,-1.29746,3.53553,-1.70064
238.425,-3.30161,-3.30161,-1.63266,-1.63266,3.48905,-1.18013
238.458,-2.81489,-2.81489,-1.92548,-1.92548,3.35195,-0.628905
238.491,-2.25503,-2.25503,-2.16832,-2.16832,3.12778,-0.0613151
238.524,-1.63659,-1.63659,-2.35483,-2.35483,2.82236,0.50787
238.557,-0.975664,-0.975664,-2.48016,-2.48016,2.44364,1.06384
238.59,-0.289429,-0.289429,-2.54103,-2.54103,2.00144,1.59213
238.623,0.404271,0.404271,-2.53585,-2.53585,1.50726,2.07898
238.656,1.0874,1.0874,-2.46473,-2.46473,0.973921,2.51174
238.689,1.7422,1.7422,-2.32951,-2.32951,0.415289,2.87913
238.722,2.35165,2.35165,-2.13368,-2.13368,-0.15413,3.1716
238.755,2.89991,2.89991,-1.88232,-1.88232,-0.719545,3.38155
238.788,3.37273,3.37273,-1.58195,-1.58195,-1.26627,3.50349
238.821,3.75783,3.75783,-1.24038,-1.24038,-1.78011,3.53427
238.854,4.0452,4.0452,-0.86647,-0.86647,-2.2477,3.47308
238.887,4.22738,4.22738,-0.469937,-0.469937,-2.65692,3.32151
238.92,4.29965,4.29965,-0.0610855,-0.0610855,-2.99712,3.0835
238.953,4.26013,4.26013,0.349456,0.349456,-3.25947,2.76526
238.986,4.10986,4.10986,0.751014,0.751014,-3.43716,2.37506
239.019,3.85276,3.85276,1.13314,1.13314,-3.52556,1.92306
239.052,3.49552,3.49552,1.48591,1.48591,-3.5224,1.42101
239.085,3.04743,3.04743,1.80012,1.80012,-3.42774,0.881985
239.118,2.52017,2.52017,2.0676,2.0676,-3.24404,0.320009
239.151,1.92743,1.92743,2.2814,2.2814,-2.97609,-0.250294
239.184,1.28463,1.28463,2.43592,2.43592,-2.63083,-0.814084
239.217,0.608494,0.608494,2.52714,2.52714,-2.21723,-1.35669
239.25,-0.0834019,-0.0834019,2.55268,2.55268,-1.74604,-1.86399
239.283,-0.773069,-0.773069,2.51185,2.51185,-1.2295,-2.32279
239.316,-1.44258,-1.44258,2.4057,2.4057,-0.681028,-2.72114
239.349,-2.07452,-2.07452,2.23696,2.23696,-0.114862,-3.04868
239.382,-2.65248,-2.65248,2.01003,2.01003,0.454287,-3.29689
239.415,-3.16144,-3.16144,1.73077,1.73077,1.01164,-3.45931
239.448,-3.58815,-3.58815,1.40643,1.40643,1.54271,-3.53171
239.481,-3.92155,-3.92155,1.04545,1.04545,2.03371,-3.5122
239.514,-4.15297,-4.15297,0.657196,0.657196,2.47189,-3.4013
239.547,-4.2764,-4.2764,0.251755,0.251755,2.84585,-3.20189
239.58,-4.28865,-4.28865,-0.160332,-0.160332,3.1459,-2.91916
239.613,-4.1894,-4.1894,-0.568353,-0.568353,3.36424,-2.56047
239.646,-3.98125,-3.98125,-0.961697,-0.961697,3.49519,-2.13514
239.679,-3.66961,-3.66961,-1.33013,-1.33013,3.53535,-1.65426
239.712,-3.2626,-3.2626,-1.66407,-1.66407,3.48369,-1.13033
239.745,-2.77081,-2.77081,-1.95483,-1.95483,3.34153,-0.576985
239.778,-2.20703,-2.20703,-2.19483,-2.19483,3.11258,-0.00862585
239.811,-1.58592,-1.58592,-2.37782,-2.37782,2.80279,0.559958
239.844,-0.923635,-0.923635,-2.49903,-2.49903,2.42019,1.11397
239.877,-0.237397,-0.237397,-2.55529,-2.55529,1.97472,1.63899
239.91,0.454952,0.454952,-2.54512,-2.54512,1.47797,2.12137
239.943,1.13541,1.13541,-2.46877,-2.46877,0.942824,2.54854
239.976,1.7863,1.7863,-2.32821,-2.32821,0.383189,2.90939
240.009,2.39068,2.39068,-2.12707,-2.12707,-0.186399,3.19454
240.042,2.93286,2.93286,-1.87058,-1.87058,-0.751146,3.39655
240.075,3.39875,3.39875,-1.56539,-1.56539,-1.29638,3.51018
240.108,3.77624,3.77624,-1.21942,-1.21942,-1.80794,3.53247
240.141,4.05552,4.05552,-0.841658,-0.841658,-2.27255,3.46283
240.174,4.22935,4.22935,-0.441917,-0.441917,-2.67812,3.30308
240.207,4.29321,4.29321,-0.0305858,-0.0305858,-3.01413,3.05738
240.24,4.24545,4.24545,0.381643,0.381643,-3.27185,2.73212
240.273,4.08732,4.08732,0.78405,0.78405,-3.44458,2.33577
240.306,3.82295,3.82295,1.16617,1.16617,-3.52784,1.87863
240.339,3.45922,3.45922,1.51806,1.51806,-3.51947,1.3726
240.372,3.00559,3.00559,1.83057,1.83057,-3.41968,0.830863
240.405,2.47386,2.47386,2.09556,2.09556,-3.23106,0.2675
240.438,1.87786,1.87786,2.30612,2.30612,-2.95852,-0.302825
240.471,1.2331,1.2331,2.45677,2.45677,-2.60913,-0.865268
240.504,0.556336,0.556336,2.54358,2.54358,-2.19197,-1.4052
240.537,-0.13483,-0.13483,2.56428,2.56428,-1.71788,-1.90856
240.57,-0.82243,-0.82243,2.5183,2.5183,-1.19916,-2.36225
240.603,-1.48859,-1.48859,2.40683,2.40683,-0.649297,-2.75448
240.636,-2.11599,-2.11599,2.23276,2.23276,-0.0825675,-3.07503
240.669,-2.68832,-2.68832,2.00058,2.00058,0.486307,-3.31556
240.702,-3.19072,-3.19072,1.71633,1.71633,1.04255,-3.46981
240.735,-3.61012,-3.61012,1.38738,1.38738,1.57171,-3.53376
240.768,-3.93563,-3.93563,1.02228,1.02228,2.06005,-3.50577
240.801,-4.15879,-4.15879,0.6305,0.6305,2.49488,-3.38654
240.834,-4.27382,-4.27382,0.222233,0.222233,2.86491,-3.17919
240.867,-4.27773,-4.27773,-0.191913,-0.191913,3.16052,-2.88911
240.9,-4.17043,-4.17043,-0.601171,-0.601171,3.37403,-2.52385
240.933,-3.95472,-3.95472,-0.994899,-0.994899,3.49991,-2.09291
240.966,-3.63622,-3.63622,-1.36285,-1.36285,3.53488,-1.60751
240.999,-3.22321,-3.22321,-1.69546,-1.69546,3.47803,-1.08028
241.032,-2.72645,-2.72645,-1.98407,-1.98407,3.33084,-0.524937
241.065,-2.15884,-2.15884,-2.22116,-2.22116,3.09713,0.0440653
241.098,-1.53517,-1.53517,-2.40056,-2.40056,2.78298,0.611921
241.131,-0.871638,-0.871638,-2.51757,-2.51757,2.39654,1.16385
241.164,-0.185506,-0.185506,-2.56916,-2.56916,1.94784,1.6855
241.197,0.505387,0.505387,-2.55396,-2.55396,1.44856,2.16328
241.23,1.18308,1.18308,-2.47235,-2.47235,0.911647,2.58478
241.263,1.82996,1.82996,-2.32643,-2.32643,0.351056,2.93901
241.296,2.4292,2.4292,-2.11998,-2.11998,-0.218653,3.21676
241.329,2.96524,2.96524,-1.85836,-1.85836,-0.782684,3.4108
241.362,3.42415,3.42415,-1.54836,-1.54836,-1.32638,3.51609
241.395,3.79399,3.79399,-1.19801,-1.19801,-1.83563,3.52988
241.428,4.06517,4.06517,-0.816437,-0.816437,-2.2972,3.45182
241.461,4.23064,4.23064,-0.413536,-0.413536,-2.6991,3.28393
241.494,4.28611,4.28611,0.000216187,0.000216187,-3.03089,3.03058
241.527,4.23015,4.23015,0.414065,0.414065,-3.28395,2.69838
241.56,4.06422,4.06422,0.817249,0.817249,-3.45172,2.29595
241.593,3.79264,3.79264,1.19928,1.19928,-3.52982,1.83378
241.626,3.4225,3.4225,1.55023,1.55023,-3.51625,1.3239
241.659,2.96341,2.96341,1.86095,1.86095,-3.41133,0.779556
241.692,2.42732,2.42732,2.12336,2.12336,-3.21781,0.214931
241.725,1.82817,1.82817,2.33062,2.33062,-2.94071,-0.355288
241.758,1.18155,1.18155,2.47734,2.47734,-2.58722,-0.91626
241.791,0.504269,0.504269,2.55967,2.55967,-2.16653,-1.45339
241.824,-0.18606,-0.18606,2.57547,2.57547,-1.68957,-1.9527
241.857,-0.871491,-0.871491,2.52431,2.52431,-1.16872,-2.40119
241.89,-1.5342,-1.5342,2.4075,2.4075,-0.617513,-2.78721
241.923,-2.15697,-2.15697,2.22806,2.22806,-0.050266,-3.10069
241.956,-2.72361,-2.72361,1.99064,1.99064,0.518287,-3.33348
241.989,-3.21939,-3.21939,1.70141,1.70141,1.07338,-3.47953
242.022,-3.63144,-3.63144,1.36786,1.36786,1.60059,-3.53504
242.055,-3.94903,-3.94903,0.998671,0.998671,2.08622,-3.49855
242.088,-4.16394,-4.16394,0.603419,0.603419,2.51767,-3.37103
242.121,-4.27057,-4.27057,0.19238,0.19238,2.88372,-3.15578
242.154,-4.26617,-4.26617,-0.223761,-0.223761,3.17486,-2.85842
242.187,-4.15087,-4.15087,-0.634187,-0.634187,3.38354,-2.48667
242.22,-3.92766,-3.92766,-1.02822,-1.02822,3.50434,-2.05021
242.253,-3.60236,-3.60236,-1.39562,-1.39562,3.53411,-1.5604
242.286,-3.18344,-3.18344,-1.72682,-1.72682,3.47208,-1.02999
242.319,-2.6818,-2.6818,-2.0132,-2.0132,3.31987,-0.472772
242.352,-2.11048,-2.11048,-2.2473,-2.2473,3.08142,0.0967467
242.385,-1.48435,-1.48435,-2.42303,-2.42303,2.76293,0.663748
242.418,-0.819682,-0.819682,-2.5358,-2.5358,2.37268,1.21348
242.451,-0.133765,-0.133765,-2.58266,-2.58266,1.9208,1.73163
242.484,0.555569,0.555569,-2.56238,-2.56238,1.41903,2.20472
242.517,1.2304,1.2304,-2.47546,-2.47546,0.880395,2.62044
242.55,1.87318,1.87318,-2.32416,-2.32416,0.318895,2.96797
242.583,2.46721,2.46721,-2.11239,-2.11239,-0.250889,3.23827
242.616,2.99704,2.99704,-1.84565,-1.84565,-0.814156,3.4243
242.649,3.44891,3.44891,-1.53084,-1.53084,-1.35628,3.52122
242.682,3.81108,3.81108,-1.17616,-1.17616,-1.86317,3.52651
242.715,4.07413,4.07413,-0.790808,-0.790808,-2.32166,3.44003
242.748,4.23125,4.23125,-0.384799,-0.384799,-2.71985,3.26404
242.781,4.27835,4.27835,0.0313152,0.0313152,-3.0474,3.00311
242.814,4.21423,4.21423,0.446717,0.446717,-3.29578,2.66403
242.847,4.04055,4.04055,0.850604,0.850604,-3.45857,2.25563
242.88,3.76184,3.76184,1.23247,1.23247,-3.53151,1.78853
242.913,3.38536,3.38536,1.58239,1.58239,-3.51273,1.27489
242.946,2.9209,2.9209,1.89125,1.89125,-3.4027,0.728076
242.979,2.38055,2.38055,2.151,2.151,-3.20429,0.162314
243.012,1.77836,1.77836,2.35489,2.35489,-2.92265,-0.407672
243.045,1.12999,1.12999,2.4976,2.4976,-2.5651,-0.967049
243.078,0.452303,0.452303,2.57541,2.57541,-2.14091,-1.50126
243.111,-0.237083,-0.237083,2.58626,2.58626,-1.66112,-1.99641
243.144,-0.920244,-0.920244,2.52987,2.52987,-1.13818,-2.4396
243.177,-1.57942,-1.57942,2.40769,2.40769,-0.585677,-2.81931
243.21,-2.19748,-2.19748,2.22288,2.22288,-0.0179604,-3.12566
243.243,-2.75835,-2.75835,1.98022,1.98022,0.550223,-3.35067
243.276,-3.24746,-3.24746,1.68601,1.68601,1.10411,-3.48849
243.309,-3.6521,-3.6521,1.34789,1.34789,1.62933,-3.53553
243.342,-3.96177,-3.96177,0.97464,0.97464,2.11222,-3.49057
243.375,-4.1684,-4.1684,0.575958,0.575958,2.54024,-3.35477
243.408,-4.26666,-4.26666,0.162203,0.162203,2.90229,-3.13168
243.441,-4.25398,-4.25398,-0.255871,-0.255871,3.18895,-2.82709
243.474,-4.13071,-4.13071,-0.667393,-0.667393,3.39277,-2.44894
243.507,-3.90007,-3.90007,-1.06166,-1.06166,3.50847,-2.00706
243.54,-3.56805,-3.56805,-1.42842,-1.42842,3.53304,-1.51295
243.573,-3.14331,-3.14331,-1.75813,-1.75813,3.46584,-0.979469
243.606,-2.63689,-2.63689,-2.04221,-2.04221,3.30862,-0.420503
243.639,-2.06196,-2.06196,-2.27325,-2.27325,3.06545,0.149407
243.672,-1.43347,-1.43347,-2.44524,-2.44524,2.74266,0.715428
243.705,-0.767777,-0.767777,-2.55369,-2.55369,2.34863,1.26283
243.738,-0.0821823,-0.0821823,-2.59577,-2.59577,1.8936,1.77737
243.771,0.605487,0.605487,-2.57036,-2.57036,1.38938,2.24567
243.804,1.27735,1.27735,-2.47812,-2.47812,0.849069,2.65552
243.837,1.91595,1.91595,-2.32142,-2.32142,0.286706,2.99627
243.87,2.50468,2.50468,-2.10431,-2.10431,-0.283104,3.25905
243.903,3.02825,3.02825,-1.83244,-1.83244,-0.845561,3.43703
243.936,3.47304,3.47304,-1.51286,-1.51286,-1.38605,3.52556
243.969,3.8275,3.8275,-1.15386,-1.15386,-1.89055,3.52236
244.002,4.08242,4.08242,-0.764777,-0.764777,-2.34593,3.42749
244.035,4.23119,4.23119,-0.35571,-0.35571,-2.74038,3.24343
244.068,4.26995,4.26995,0.0627059,0.0627059,-3.06365,2.97497
244.101,4.19769,4.19769,0.479593,0.479593,-3.30734,2.6291
244.134,4.01632,4.01632,0.88411,0.88411,-3.46513,2.21481
244.167,3.73054,3.73054,1.26574,1.26574,-3.53291,1.74288
244.2,3.34781,3.34781,1.61455,1.61455,-3.50892,1.2256
244.233,2.87808,2.87808,1.92146,1.92146,-3.39379,0.676434
244.266,2.33357,2.33357,2.17849,2.17849,-3.19051,0.109661
244.299,1.72844,1.72844,2.37893,2.37893,-2.90435,-0.459965
244.332,1.07843,1.07843,2.51757,2.51757,-2.54276,-1.01762
244.365,0.400445,0.400445,2.59078,2.59078,-2.11511,-1.5488
244.398,-0.287891,-0.287891,2.59664,2.59664,-1.63253,-2.03967
244.431,-0.968681,-0.968681,2.53499,2.53499,-1.10755,-2.47747
244.464,-1.62423,-1.62423,2.40741,2.40741,-0.553792,-2.8508
244.497,-2.23749,-2.23749,2.2172,2.2172,0.0143467,-3.14994
244.53,-2.79252,-2.79252,1.96929,1.96929,0.582113,-3.36711
244.563,-3.27491,-3.27491,1.67012,1.67012,1.13476,-3.49667
244.596,-3.67212,-3.67212,1.32745,1.32745,1.65793,-3.53523
244.629,-3.97383,-3.97383,0.950185,0.950185,2.13804,-3.4818
244.662,-4.17219,-4.17219,0.548119,0.548119,2.56261,-3.33777
244.695,-4.26208,-4.26208,0.131704,0.131704,2.92062,-3.10688
244.728,-4.24116,-4.24116,-0.288236,-0.288236,3.20276,-2.79514
244.761,-4.10997,-4.10997,-0.700784,-0.700784,3.40172,-2.41066
244.794,-3.87196,-3.87196,-1.09521,-1.09521,3.51232,-1.96346
244.827,-3.5333,-3.5333,-1.46125,-1.46125,3.53168,-1.46516
244.86,-3.10282,-3.10282,-1.78939,-1.78939,3.45931,-0.928733
244.893,-2.59171,-2.59171,-2.07108,-2.07108,3.29709,-0.36814
244.926,-2.01327,-2.01327,-2.29899,-2.29899,3.04923,0.202033
244.959,-1.38254,-1.38254,-2.46717,-2.46717,2.72216,0.766949
244.992,-0.715931,-0.715931,-2.57125,-2.57125,2.32439,1.31191
245.025,-0.0307669,-0.0307669,-2.60849,-2.60849,1.86624,1.82273
245.058,0.655135,0.655135,-2.57792,-2.57792,1.35961,2.28611
245.091,1.32394,1.32394,-2.48031,-2.48031,0.817672,2.69001
245.124,1.95827,1.95827,-2.31818,-2.31818,0.254494,3.02391
245.157,2.54163,2.54163,-2.09574,-2.09574,-0.315295,3.27912
245.19,3.05887,3.05887,-1.81875,-1.81875,-0.876895,3.449
245.223,3.49653,3.49653,-1.49441,-1.49441,-1.41572,3.52913
245.256,3.84326,3.84326,-1.13112,-1.13112,-1.91777,3.51742
245.289,4.09004,4.09004,-0.738345,-0.738345,-2.37,3.41418
245.322,4.23046,4.23046,-0.326273,-0.326273,-2.76068,3.2221
245.355,4.2609,4.2609,0.0943829,0.0943829,-3.07965,2.94617
245.388,4.18055,4.18055,0.512686,0.512686,-3.31862,2.59357
245.421,3.99154,3.99154,0.917759,0.917759,-3.4714,2.17349
245.454,3.69877,3.69877,1.29907,1.29907,-3.534,1.69684
245.487,3.30987,3.30987,1.64669,1.64669,-3.50482,1.17604
245.52,2.83496,2.83496,1.95158,1.95158,-3.38459,0.624642
245.553,2.28638,2.28638,2.2058,2.2058,-3.17645,0.0569838
245.586,1.67842,1.67842,2.40272,2.40272,-2.88581,-0.512157
245.619,1.02688,1.02688,2.53722,2.53722,-2.5202,-1.06797
245.652,0.348706,0.348706,2.60578,2.60578,-2.08914,-1.59599
245.685,-0.338475,-0.338475,2.6066,2.6066,-1.60381,-2.08248
245.718,-1.01679,-1.01679,2.53965,2.53965,-1.07682,-2.51478
245.751,-1.66862,-1.66862,2.40664,2.40664,-0.521861,-2.88164
245.784,-2.277,-2.277,2.21103,2.21103,0.0466527,-3.17352
245.817,-2.82614,-2.82614,1.95787,1.95787,0.613955,-3.38281
245.85,-3.30175,-3.30175,1.65375,1.65375,1.16531,-3.50407
245.883,-3.69148,-3.69148,1.30656,1.30656,1.6864,-3.53415
245.916,-3.98521,-3.98521,0.92531,0.92531,2.16368,-3.47226
245.949,-4.17531,-4.17531,0.519908,0.519908,2.58476,-3.32002
245.982,-4.25684,-4.25684,0.10089,0.10089,2.9387,-3.08138
246.015,-4.2277,-4.2277,-0.320852,-0.320852,3.21631,-2.76256
246.048,-4.08866,-4.08866,-0.734352,-0.734352,3.41038,-2.37185
246.081,-3.84333,-3.84333,-1.12886,-1.12886,3.51587,-1.91942
246.114,-3.49811,-3.49811,-1.49411,-1.49411,3.53003,-1.41704
246.147,-3.06198,-3.06198,-1.82059,-1.82059,3.4525,-0.87779
246.18,-2.54628,-2.54628,-2.09982,-2.09982,3.28529,-0.315695
246.213,-1.96444,-1.96444,-2.32452,-2.32452,3.03275,0.254615
246.246,-1.33158,-1.33158,-2.48883,-2.48883,2.70143,0.818299
246.279,-0.664154,-0.664154,-2.58846,-2.58846,2.29995,1.36069
246.312,0.0204723,0.0204723,-2.62081,-2.62081,1.83872,1.86767
246.345,0.704504,0.704504,-2.58503,-2.58503,1.32973,2.32605
246.378,1.37016,1.37016,-2.48202,-2.48202,0.786207,2.7239
246.411,2.00013,2.00013,-2.31446,-2.31446,0.22226,3.05087
246.444,2.57805,2.57805,-2.08667,-2.08667,-0.34746,3.29845
246.477,3.08889,3.08889,-1.80457,-1.80457,-0.908155,3.4602
246.51,3.51939,3.51939,-1.47548,-1.47548,-1.44526,3.5319
246.543,3.85835,3.85835,-1.10795,-1.10795,-1.94483,3.5117
246.576,4.09697,4.09697,-0.711518,-0.711518,-2.39388,3.40012
246.609,4.22906,4.22906,-0.296493,-0.296493,-2.78075,3.20005
246.642,4.2512,4.2512,0.126341,0.126341,-3.09539,2.91671
246.675,4.16281,4.16281,0.545991,0.545991,-3.32963,2.55748
246.708,3.96621,3.96621,0.951545,0.951545,-3.47738,2.13169
246.741,3.66652,3.66652,1.33245,1.33245,-3.53481,1.65043
246.774,3.27153,3.27153,1.67881,1.67881,-3.50042,1.12622
246.807,2.79153,2.79153,1.9816,1.9816,-3.37511,0.572711
246.84,2.239,2.239,2.23293,2.23293,-3.16213,0.00429394
246.873,1.62832,1.62832,2.42626,2.42626,-2.86702,-0.564235
246.906,0.975354,0.975354,2.55656,2.55656,-2.49744,-1.11808
246.939,0.297095,0.297095,2.62041,2.62041,-2.06299,-1.64283
246.972,-0.388826,-0.388826,2.61614,2.61614,-1.57495,-2.12483
247.005,-1.06458,-1.06458,2.54385,2.54385,-1.046,-2.55154
247.038,-1.71259,-1.71259,2.40539,2.40539,-0.489886,-2.91185
247.071,-2.31602,-2.31602,2.20436,2.20436,0.0789547,-3.19639
247.104,-2.85918,-2.85918,1.94596,1.94596,0.645745,-3.39775
247.137,-3.32797,-3.32797,1.63691,1.63691,1.19576,-3.5107
247.17,-3.71019,-3.71019,1.28521,1.28521,1.71472,-3.53228
247.203,-3.99593,-3.99593,0.900017,0.900017,2.18914,-3.46195
247.236,-4.17775,-4.17775,0.491328,0.491328,2.60669,-3.30154
247.269,-4.25095,-4.25095,0.0697659,0.0697659,2.95654,-3.05521
247.302,-4.21363,-4.21363,-0.353711,-0.353711,3.22959,-2.72937
247.335,-4.06676,-4.06676,-0.768092,-0.768092,3.41876,-2.33251
247.368,-3.81419,-3.81419,-1.1626,-1.1626,3.51912,-1.87496
247.401,-3.46248,-3.46248,-1.52697,-1.52697,3.52808,-1.36861
247.434,-3.02079,-3.02079,-1.85173,-1.85173,3.44539,-0.826652
247.467,-2.50061,-2.50061,-2.12842,-2.12842,3.27321,-0.26318
247.5,-1.91546,-1.91546,-2.34983,-2.34983,3.01602,0.30714
247.533,-1.28058,-1.28058,-2.51019,-2.51019,2.68048,0.869468
247.566,-0.612455,-0.612455,-2.60532,-2.60532,2.27531,1.40917
247.599,0.0715268,0.0715268,-2.63274,-2.63274,1.81105,1.9122
247.632,0.753587,0.753587,-2.5917,-2.5917,1.29974,2.36548
247.665,1.41599,1.41599,-2.48327,-2.48327,0.754677,2.75719
247.698,2.04153,2.04153,-2.31024,-2.31024,0.190008,3.07716
247.731,2.61393,2.61393,-2.0771,-2.0771,-0.379596,3.31706
247.764,3.11832,3.11832,-1.7899,-1.7899,-0.93934,3.47064
247.797,3.5416,3.5416,-1.45608,-1.45608,-1.47469,3.5339
247.83,3.87277,3.87277,-1.08433,-1.08433,-1.97173,3.5052
247.863,4.10323,4.10323,-0.684298,-0.684298,-2.41755,3.38529
247.896,4.227,4.227,-0.266375,-0.266375,-2.80058,3.17729
247.929,4.24086,4.24086,0.158574,0.158574,-3.11087,2.88661
247.962,4.14447,4.14447,0.579501,0.579501,-3.34035,2.52081
247.995,3.94034,3.94034,0.98546,0.98546,-3.48307,2.08942
248.028,3.6338,3.6338,1.36589,1.36589,-3.53531,1.60365
248.061,3.23281,3.23281,1.7109,1.7109,-3.49573,1.07615
248.094,2.74782,2.74782,2.0115,2.0115,-3.36535,0.520653
248.127,2.19143,2.19143,2.25988,2.25988,-3.14755,-0.0483968
248.16,1.57813,1.57813,2.44955,2.44955,-2.848,-0.616187
248.193,0.923853,0.923853,2.57557,2.57557,-2.47447,-1.16794
248.226,0.24562,0.24562,2.63466,2.63466,-2.03666,-1.68931
248.259,-0.438937,-0.438937,2.62525,2.62525,-1.54596,-2.16671
248.292,-1.11202,-1.11202,2.54758,2.54758,-1.0151,-2.58773
248.325,-1.75613,-1.75613,2.40366,2.40366,-0.457871,-2.94141
248.358,-2.35453,-2.35453,2.1972,2.1972,0.11125,-3.21855
248.391,-2.89166,-2.89166,1.93355,1.93355,0.677481,-3.41194
248.424,-3.35356,-3.35356,1.61958,1.61958,1.22611,-3.51654
248.457,-3.72824,-3.72824,1.26341,1.26341,1.7429,-3.52963
248.49,-4.00597,-4.00597,0.87431,0.87431,2.21442,-3.45088
248.523,-4.17952,-4.17952,0.462383,0.462383,2.62841,-3.28232
248.556,-4.2444,-4.2444,0.0383363,0.0383363,2.97413,-3.02835
248.589,-4.19893,-4.19893,-0.386808,-0.386808,3.24261,-2.69558
248.622,-4.0443,-4.0443,-0.801996,-0.801996,3.42685,-2.29266
248.655,-3.78455,-3.78455,-1.19643,-1.19643,3.52209,-1.83008
248.688,-3.42644,-3.42644,-1.55985,-1.55985,3.52583,-1.31988
248.721,-2.97927,-2.97927,-1.88279,-1.88279,3.438,-0.77533
248.754,-2.4547,-2.4547,-2.15686,-2.15686,3.26087,-0.210606
248.787,-1.86636,-1.86636,-2.37491,-2.37491,2.99903,0.359597
248.82,-1.22956,-1.22956,-2.53126,-2.53126,2.6593,0.920444
248.853,-0.560843,-0.560843,-2.62183,-2.62183,2.25049,1.45734
248.886,0.122388,0.122388,-2.64425,-2.64425,1.78323,1.95631
248.919,0.802374,0.802374,-2.59792,-2.59792,1.26964,2.40437
248.952,1.46144,1.46144,-2.48403,-2.48403,0.723083,2.78987
248.985,2.08245,2.08245,-2.30553,-2.30553,0.15774,3.10277
249.018,2.64926,2.64926,-2.06703,-2.06703,-0.4117,3.33492
249.051,3.14715,3.14715,-1.77473,-1.77473,-0.970447,3.4803
249.084,3.56318,3.56318,-1.43622,-1.43622,-1.50399,3.53511
249.117,3.88653,3.88653,-1.06028,-1.06028,-1.99846,3.49793
249.15,4.10882,4.10882,-0.656688,-0.656688,-2.44102,3.36972
249.183,4.22426,4.22426,-0.235923,-0.235923,-2.82018,3.15383
249.216,4.22988,4.22988,0.191077,0.191077,-3.12609,2.85587
249.249,4.12553,4.12553,0.61321,0.61321,-3.3508,2.48359
249.282,3.91394,3.91394,1.0195,1.0195,-3.48847,2.04668
249.315,3.60062,3.60062,1.39937,1.39937,-3.53553,1.55651
249.348,3.19372,3.19372,1.74295,1.74295,-3.49075,1.02584
249.381,2.70382,2.70382,2.04129,2.04129,-3.35531,0.468479
249.414,2.14369,2.14369,2.28663,2.28663,-3.13271,-0.101077
249.447,1.52787,1.52787,2.47257,2.47257,-2.82873,-0.668002
249.48,0.872389,0.872389,2.59426,2.59426,-2.45129,-1.21755
249.513,0.194289,0.194289,2.64852,2.64852,-2.01017,-1.7354
249.546,-0.488798,-0.488798,2.63393,2.63393,-1.51684,-2.2081
249.579,-1.15912,-1.15912,2.55086,2.55086,-0.984109,-2.62335
249.612,-1.79924,-1.79924,2.40143,2.40143,-0.425817,-2.97032
249.645,-2.39252,-2.39252,2.18953,2.18953,0.143536,-3.24
249.678,-2.92356,-2.92356,1.92065,1.92065,0.709161,-3.42537
249.711,-3.37853,-3.37853,1.60177,1.60177,1.25637,-3.5216
249.744,-3.74564,-3.74564,1.24116,1.24116,1.77094,-3.5262
249.777,-4.01533,-4.01533,0.848191,0.848191,2.23951,-3.43903
249.81,-4.18061,-4.18061,0.433078,0.433078,2.64991,-3.26237
249.843,-4.2372,-4.2372,0.00660666,0.00660666,2.99148,-3.00082
249.876,-4.18362,-4.18362,-0.420137,-0.420137,3.25535,-2.66118
249.909,-4.02128,-4.02128,-0.836058,-0.836058,3.43466,-2.25229
249.942,-3.75442,-3.75442,-1.23034,-1.23034,3.52475,-1.78479
249.975,-3.38997,-3.38997,-1.59272,-1.59272,3.5233,-1.27085
250.008,-2.93743,-2.93743,-1.91377,-1.91377,3.43032,-0.723836
250.041,-2.40857,-2.40857,-2.18514,-2.18514,3.24825,-0.157986
250.074,-1.81714,-1.81714,-2.39976,-2.39976,2.9818,0.411975
250.107,-1.17852,-1.17852,-2.55203,-2.55203,2.6379,0.971215
250.14,-0.509327,-0.509327,-2.63798,-2.63798,2.22548,1.50518
250.173,0.173047,0.173047,-2.65535,-2.65535,1.75526,1.99998
250.206,0.850859,0.850859,-2.60369,-2.60369,1.23944,2.44274
250.239,1.50649,1.50649,-2.48432,-2.48432,0.691429,2.82193
250.272,2.12289,2.12289,-2.30032,-2.30032,0.125459,3.12768
250.305,2.68405,2.68405,-2.05646,-2.05646,-0.44377,3.35205
250.338,3.17538,3.17538,-1.75908,-1.75908,-1.00147,3.48919
250.371,3.58411,3.58411,-1.41589,-1.41589,-1.53316,3.53553
250.404,3.89962,3.89962,-1.0358,-1.0358,-2.02503,3.48987
250.437,4.11373,4.11373,-0.628694,-0.628694,-2.46429,3.3534
250.47,4.22087,4.22087,-0.205142,-0.205142,-2.83955,3.12966
250.503,4.21827,4.21827,0.223844,0.223844,-3.14105,2.82449
250.536,4.10601,4.10601,0.64711,0.64711,-3.36096,2.44581
250.569,3.88701,3.88701,1.05365,1.05365,-3.49358,2.00349
250.602,3.56698,3.56698,1.43289,1.43289,-3.53544,1.50903
250.635,3.15425,3.15425,1.77496,1.77496,-3.48548,0.975306
250.668,2.65956,2.65956,2.07096,2.07096,-3.34498,0.416201
250.701,2.09577,2.09577,2.31318,2.31318,-3.1176,-0.153734
250.734,1.47755,1.47755,2.49531,2.49531,-2.80924,-0.71967
250.767,0.820971,0.820971,2.61261,2.61261,-2.42791,-1.26688
250.8,0.143113,0.143113,2.66199,2.66199,-1.98351,-1.78112
250.833,-0.538402,-0.538402,2.64218,2.64218,-1.48759,-2.24901
250.866,-1.20586,-1.20586,2.55366,2.55366,-0.953038,-2.65838
250.899,-1.8419,-1.8419,2.39872,2.39872,-0.393727,-2.99857
250.932,-2.43,-2.43,2.18137,2.18137,0.175811,-3.26073
250.965,-2.95487,-2.95487,1.90725,1.90725,0.740782,-3.43804
250.998,-3.40288,-3.40288,1.58348,1.58348,1.28651,-3.52589
251.031,-3.76238,-3.76238,1.21845,1.21845,1.79882,-3.52198
251.064,-4.02403,-4.02403,0.821665,0.821665,2.26441,-3.42642
251.097,-4.18104,-4.18104,0.403417,0.403417,2.67118,-3.2417
251.13,-4.22935,-4.22935,-0.0254177,-0.0254177,3.00857,-2.97263
251.163,-4.1677,-4.1677,-0.453692,-0.453692,3.26781,-2.6262
251.196,-3.9977,-3.9977,-0.870271,-0.870271,3.44218,-2.21143
251.229,-3.72379,-3.72379,-1.26432,-1.26432,3.52713,-1.73911
251.262,-3.3531,-3.3531,-1.62558,-1.62558,3.52046,-1.22154
251.295,-2.89527,-2.89527,-1.94467,-1.94467,3.42236,-0.672181
251.328,-2.36222,-2.36222,-2.21326,-2.21326,3.23535,-0.105331
251.361,-1.7678,-1.7678,-2.42437,-2.42437,2.96431,0.46426
251.394,-1.12749,-1.12749,-2.57249,-2.57249,2.61628,1.02177
251.427,-0.457916,-0.457916,-2.65375,-2.65375,2.20028,1.55269
251.46,0.223496,0.223496,-2.66604,-2.66604,1.72714,2.04321
251.493,0.899034,0.899034,-2.609,-2.609,1.20913,2.48056
251.526,1.55114,1.55114,-2.48412,-2.48412,0.659717,2.85336
251.559,2.16285,2.16285,-2.29461,-2.29461,0.0931669,3.1519
251.592,2.71828,2.71828,-2.0454,-2.0454,-0.475803,3.36843
251.625,3.203,3.203,-1.74294,-1.74294,-1.03241,3.49731
251.658,3.60439,3.60439,-1.3951,-1.3951,-1.56221,3.53517
251.691,3.91205,3.91205,-1.01089,-1.01089,-2.05143,3.48105
251.724,4.11797,4.11797,-0.600318,-0.600318,-2.48736,3.33634
251.757,4.21682,4.21682,-0.174037,-0.174037,-2.85868,3.10481
251.79,4.20603,4.20603,0.256869,0.256869,-3.15575,2.79248
251.823,4.0859,4.0859,0.681197,0.681197,-3.37085,2.40749
251.856,3.85956,3.85956,1.08791,1.08791,-3.49839,1.95985
251.889,3.5329,3.5329,1.46643,1.46643,-3.53507,1.46121
251.922,3.11443,3.11443,1.80692,1.80692,-3.47992,0.924552
251.955,2.61503,2.61503,2.10049,2.10049,-3.33438,0.363831
251.988,2.04769,2.04769,2.33953,2.33953,-3.10223,-0.206358
252.021,1.42717,1.42717,2.51778,2.51778,-2.7895,-0.771177
252.054,0.769609,0.769609,2.63061,2.63061,-2.40432,-1.31593
252.087,0.0920992,0.0920992,2.67507,2.67507,-1.95668,-1.82644
252.12,-0.587741,-0.587741,2.64998,2.64998,-1.45822,-2.28942
252.153,-1.25224,-1.25224,2.55598,2.55598,-0.921887,-2.69282
252.186,-1.88412,-1.88412,2.39551,2.39551,-0.361605,-3.02615
252.219,-2.46696,-2.46696,2.1727,2.1727,0.20807,-3.28074
252.252,-2.98561,-2.98561,1.89335,1.89335,0.772341,-3.44995
252.285,-3.42659,-3.42659,1.56471,1.56471,1.31655,-3.52938
252.318,-3.77845,-3.77845,1.1953,1.1953,1.82656,-3.51698
252.351,-4.03205,-4.03205,0.794734,0.794734,2.28913,-3.41305
252.384,-4.1808,-4.1808,0.373405,0.373405,2.69224,-3.22031
252.417,-4.22085,-4.22085,-0.0577312,-0.0577312,3.02542,-2.94377
252.45,-4.15117,-4.15117,-0.487467,-0.487467,3.28001,-2.59063
252.483,-3.97357,-3.97357,-0.904627,-0.904627,3.44941,-2.17007
252.516,-3.69269,-3.69269,-1.29836,-1.29836,3.52921,-1.69304
252.549,-3.31583,-3.31583,-1.65843,-1.65843,3.51734,-1.17196
252.582,-2.85281,-2.85281,-1.97546,-1.97546,3.4141,-0.620377
252.615,-2.31566,-2.31566,-2.2412,-2.2412,3.22219,-0.0526524
252.648,-1.71837,-1.71837,-2.44873,-2.44873,2.94658,0.516443
252.681,-1.07646,-1.07646,-2.59263,-2.59263,2.59444,1.0721
252.714,-0.406619,-0.406619,-2.66916,-2.66916,2.1749,1.59986
252.747,0.273725,0.273725,-2.6763,-2.6763,1.69888,2.08598
252.78,0.94689,0.94689,-2.61385,-2.61385,1.17872,2.51783
252.813,1.59538,1.59538,-2.48343,-2.48343,0.62795,2.88415
252.846,2.20232,2.20232,-2.2884,-2.2884,0.0608674,3.17542
252.879,2.75196,2.75196,-2.03383,-2.03383,-0.507796,3.38406
252.912,3.23,3.23,-1.72631,-1.72631,-1.06327,3.50464
252.945,3.62403,3.62403,-1.37384,-1.37384,-1.59113,3.53403
252.978,3.9238,3.9238,-0.98556,-0.98556,-2.07765,3.47144
253.011,4.12154,4.12154,-0.571566,-0.571566,-2.51021,3.31853
253.044,4.21211,4.21211,-0.142614,-0.142614,-2.87757,3.07926
253.077,4.19317,4.19317,0.290146,0.290146,-3.17018,2.75986
253.11,4.06522,4.06522,0.715463,0.715463,-3.38045,2.36864
253.143,3.8316,3.8316,1.12227,1.12227,-3.50292,1.91578
253.176,3.49839,3.49839,1.5,1.5,-3.53439,1.41307
253.209,3.07426,3.07426,1.83881,1.83881,-3.47406,0.873593
253.242,2.57025,2.57025,2.12989,2.12989,-3.3235,0.31138
253.275,1.99946,1.99946,2.36565,2.36565,-3.0866,-0.258936
253.308,1.37675,1.37675,2.53996,2.53996,-2.76954,-0.822513
253.341,0.718312,0.718312,2.64827,2.64827,-2.38053,-1.36469
253.374,0.0412568,0.0412568,2.68774,2.68774,-1.92969,-1.87135
253.407,-0.636807,-0.636807,2.65734,2.65734,-1.42873,-2.32931
253.44,-1.29825,-1.29825,2.55783,2.55783,-0.89066,-2.72666
253.473,-1.92588,-1.92588,2.3918,2.3918,-0.329453,-3.05306
253.506,-2.50339,-2.50339,2.16353,2.16353,0.240312,-3.30001
253.539,-3.01576,-3.01576,1.87896,1.87896,0.803835,-3.46109
253.572,-3.44967,-3.44967,1.54547,1.54547,1.34648,-3.5321
253.605,-3.79387,-3.79387,1.17171,1.17171,1.85415,-3.5112
253.638,-4.0394,-4.0394,0.767402,0.767402,2.31366,-3.39893
253.671,-4.1799,-4.1799,0.343046,0.343046,2.71307,-3.19821
253.704,-4.21172,-4.21172,-0.0903285,-0.0903285,3.04201,-2.91426
253.737,-4.13404,-4.13404,-0.521454,-0.521454,3.29193,-2.55448
253.77,-3.9489,-3.9489,-0.939121,-0.939121,3.45635,-2.12823
253.803,-3.66111,-3.66111,-1.33247,-1.33247,3.53099,-1.6466
253.836,-3.27817,-3.27817,-1.69126,-1.69126,3.51392,-1.12212
253.869,-2.81004,-2.81004,-2.00615,-2.00615,3.40557,-0.568436
253.902,-2.26891,-2.26891,-2.26896,-2.26896,3.20876,3.79692e-05
253.935,-1.66884,-1.66884,-2.47283,-2.47283,2.92861,0.568511
253.968,-1.02544,-1.02544,-2.61246,-2.61246,2.57238,1.12219
254.001,-0.355445,-0.355445,-2.68418,-2.68418,2.14934,1.64667
254.034,0.323728,0.323728,-2.68613,-2.68613,1.67047,2.12829
254.067,0.994421,0.994421,-2.61824,-2.61824,1.14821,2.55454
254.1,1.6392,1.6392,-2.48225,-2.48225,0.596131,2.91431
254.133,2.2413,2.2413,-2.28169,-2.28169,0.0285628,3.19824
254.166,2.78508,2.78508,-2.02176,-2.02176,-0.539747,3.39895
254.199,3.2564,3.2564,-1.7092,-1.7092,-1.09404,3.51121
254.232,3.64302,3.64302,-1.35212,-1.35212,-1.61991,3.5321
254.265,3.93489,3.93489,-0.959803,-0.959803,-2.10371,3.46107
254.298,4.12444,4.12444,-0.54244,-0.54244,-2.53286,3.29998
254.331,4.20675,4.20675,-0.110876,-0.110876,-2.89622,3.05302
254.364,4.17969,4.17969,0.32367,0.32367,-3.18435,2.72662
254.397,4.04397,4.04397,0.749901,0.749901,-3.38978,2.32926
254.43,3.80313,3.80313,1.15673,1.15673,-3.50715,1.87128
254.463,3.46344,3.46344,1.53358,1.53358,-3.53343,1.36462
254.496,3.03374,3.03374,1.87064,1.87064,-3.46792,0.822439
254.529,2.52522,2.52522,2.15914,2.15914,-3.31234,0.25886
254.562,1.95109,1.95109,2.39156,2.39156,-3.07072,-0.311456
254.595,1.3263,1.3263,2.56185,2.56185,-2.74934,-0.873666
254.628,0.667088,0.667088,2.66557,2.66557,-2.35655,-1.41314
254.661,-0.00940569,-0.00940569,2.70001,2.70001,-1.90254,-1.91584
254.694,-0.685591,-0.685591,2.66425,2.66425,-1.39912,-2.36869
254.727,-1.34389,-1.34389,2.5592,2.5592,-0.859358,-2.7599
254.76,-1.96719,-1.96719,2.38759,2.38759,-0.297273,-3.07929
254.793,-2.53928,-2.53928,2.15386,2.15386,0.272534,-3.31855
254.826,-3.04531,-3.04531,1.86407,1.86407,0.835262,-3.47146
254.859,-3.47212,-3.47212,1.52575,1.52575,1.37629,-3.53403
254.892,-3.80863,-3.80863,1.14767,1.14767,1.88158,-3.50463
254.925,-4.04609,-4.04609,0.739673,0.739673,2.33799,-3.38404
254.958,-4.17834,-4.17834,0.312344,0.312344,2.73367,-3.17539
254.991,-4.20195,-4.20195,-0.123204,-0.123204,3.05834,-2.88411
255.024,-4.11632,-4.11632,-0.555649,-0.555649,3.30358,-2.51777
255.057,-3.92368,-3.92368,-0.973746,-0.973746,3.46301,-2.08592
255.09,-3.62906,-3.62906,-1.36662,-1.36662,3.53248,-1.59979
255.123,-3.24012,-3.24012,-1.72405,-1.72405,3.5102,-1.07203
255.156,-2.76699,-2.76699,-2.03673,-2.03673,3.39675,-0.516368
255.189,-2.22196,-2.22196,-2.29653,-2.29653,3.19506,0.0527283
255.222,-1.61923,-1.61923,-2.49668,-2.49668,2.91038,0.620452
255.255,-0.97445,-0.97445,-2.63195,-2.63195,2.55011,1.17203
255.288,-0.304403,-0.304403,-2.69882,-2.69882,2.1236,1.69311
255.321,0.373495,0.373495,-2.69553,-2.69553,1.64193,2.17013
255.354,1.04162,1.04162,-2.62216,-2.62216,1.11761,2.59068
255.387,1.6826,1.6826,-2.48058,-2.48058,0.564261,2.94381
255.42,2.27977,2.27977,-2.27448,-2.27448,-0.0037441,3.22034
255.453,2.81763,2.81763,-2.00919,-2.00919,-0.571652,3.41307
255.486,3.28218,3.28218,-1.69159,-1.69159,-1.12471,3.51699
255.519,3.66135,3.66135,-1.32994,-1.32994,-1.64856,3.52938
255.552,3.94531,3.94531,-0.933627,-0.933627,-2.12958,3.44993
255.585,4.12667,4.12667,-0.512946,-0.512946,-2.55529,3.28071
255.618,4.20074,4.20074,-0.0788306,-0.0788306,-2.91463,3.02611
255.651,4.16559,4.16559,0.357434,0.357434,-3.19826,2.69277
255.684,4.02215,4.02215,0.784505,0.784505,-3.39882,2.28936
255.717,3.77415,3.77415,1.19127,1.19127,-3.51109,1.82637
255.75,3.42807,3.42807,1.56716,1.56716,-3.53216,1.31586
255.783,2.99289,2.99289,1.90239,1.90239,-3.46149,0.771103
255.816,2.47996,2.47996,2.18823,2.18823,-3.3009,0.206282
255.849,1.90259,1.90259,2.41723,2.41723,-3.05458,-0.363907
255.882,1.27582,1.27582,2.58344,2.58344,-2.72891,-0.924625
255.915,0.615947,0.615947,2.68251,2.68251,-2.33236,-1.46128
255.948,-0.0598796,-0.0598796,2.71186,2.71186,-1.87523,-1.95992
255.981,-0.734085,-0.734085,2.6707,2.6707,-1.36939,-2.40755
256.014,-1.38914,-1.38914,2.56009,2.56009,-0.827984,-2.79253
256.047,-2.00802,-2.00802,2.38289,2.38289,-0.265068,-3.10484
256.08,-2.57464,-2.57464,2.14368,2.14368,0.304734,-3.33636
256.113,-3.07427,-3.07427,1.84869,1.84869,0.866619,-3.48106
256.146,-3.49393,-3.49393,1.50556,1.50556,1.406,-3.53517
256.179,-3.82272,-3.82272,1.1232,1.1232,1.90885,-3.49729
256.212,-4.0521,-4.0521,0.71155,0.71155,2.36212,-3.36841
256.245,-4.17611,-4.17611,0.281306,0.281306,2.75404,-3.15187
256.278,-4.19154,-4.19154,-0.156352,-0.156352,3.07442,-2.85331
256.311,-4.098,-4.098,-0.590044,-0.590044,3.31495,-2.4805
256.344,-3.89794,-3.89794,-1.00849,-1.00849,3.46937,-2.04315
256.377,-3.59656,-3.59656,-1.40082,-1.40082,3.53368,-1.55262
256.41,-3.2017,-3.2017,-1.7568,-1.7568,3.50619,-1.0217
256.443,-2.72365,-2.72365,-2.0672,-2.0672,3.38764,-0.464185
256.476,-2.17484,-2.17484,-2.32391,-2.32391,3.18109,0.105407
256.509,-1.56954,-1.56954,-2.52025,-2.52025,2.89192,0.672256
256.542,-0.923493,-0.923493,-2.65111,-2.65111,2.52763,1.22161
256.575,-0.253501,-0.253501,-2.71307,-2.71307,2.09768,1.73918
256.608,0.423017,0.423017,-2.7045,-2.7045,1.61325,2.21149
256.641,1.08847,1.08847,-2.6256,-2.6256,1.08691,2.62625
256.674,1.72557,1.72557,-2.47842,-2.47842,0.532345,2.97267
256.707,2.31774,2.31774,-2.26676,-2.26676,-0.0360507,3.24173
256.74,2.84961,2.84961,-1.99611,-1.99611,-0.60351,3.42644
256.773,3.30734,3.30734,-1.6735,-1.6735,-1.15529,3.52199
256.806,3.67904,3.67904,-1.30731,-1.30731,-1.67707,3.52588
256.839,3.95506,3.95506,-0.907035,-0.907035,-2.15528,3.43802
256.872,4.12824,4.12824,-0.483087,-0.483087,-2.57751,3.2607
256.905,4.19408,4.19408,-0.0464816,-0.0464816,-2.93279,2.99853
256.938,4.15088,4.15088,0.391432,0.391432,-3.2119,2.65833
256.971,3.99977,3.99977,0.819267,0.819267,-3.40757,2.24895
257.004,3.74469,3.74469,1.2259,1.2259,-3.51473,1.78105
257.037,3.39228,3.39228,1.60075,1.60075,-3.5306,1.26681
257.07,2.95172,2.95172,1.93406,1.93406,-3.45477,0.719595
257.103,2.43446,2.43446,2.21716,2.21716,-3.28919,0.153659
257.136,1.85397,1.85397,2.44267,2.44267,-3.03818,-0.416277
257.169,1.22533,1.22533,2.60473,2.60473,-2.70826,-0.975379
257.202,0.564898,0.564898,2.69909,2.69909,-2.30799,-1.5091
257.235,-0.110156,-0.110156,2.72329,2.72329,-1.84777,-2.00355
257.268,-0.782283,-0.782283,2.67669,2.67669,-1.33955,-2.44587
257.301,-1.43401,-1.43401,2.56049,2.56049,-0.796541,-2.82453
257.334,-2.04839,-2.04839,2.37768,2.37768,-0.232841,-3.1297
257.367,-2.60946,-2.60946,2.133,2.133,0.336907,-3.35342
257.4,-3.10264,-3.10264,1.83281,1.83281,0.897904,-3.48989
257.433,-3.51511,-3.51511,1.48489,1.48489,1.43558,-3.53553
257.466,-3.83615,-3.83615,1.09829,1.09829,1.93596,-3.48918
257.499,-4.05744,-4.05744,0.683038,0.683038,2.38606,-3.35203
257.532,-4.17323,-4.17323,0.249935,0.249935,2.77419,-3.12765
257.565,-4.18051,-4.18051,-0.189766,-0.189766,3.09025,-2.82188
257.598,-4.07911,-4.07911,-0.624632,-0.624632,3.32604,-2.44268
257.631,-3.87167,-3.87167,-1.04336,-1.04336,3.47545,-1.99992
257.664,-3.5636,-3.5636,-1.43505,-1.43505,3.53458,-1.50511
257.697,-3.16291,-3.16291,-1.78951,-1.78951,3.50189,-0.971142
257.73,-2.68004,-2.68004,-2.09753,-2.09753,3.37825,-0.411899
257.763,-2.12754,-2.12754,-2.35108,-2.35108,3.16686,0.158062
257.796,-1.51979,-1.51979,-2.54355,-2.54355,2.87321,0.72391
257.829,-0.872579,-0.872579,-2.66993,-2.66993,2.50493,1.27092
257.862,-0.202748,-0.202748,-2.72692,-2.72692,2.07159,1.78486
257.895,0.472288,0.472288,-2.71302,-2.71302,1.58443,2.25235
257.928,1.13498,1.13498,-2.62857,-2.62857,1.05613,2.66123
257.961,1.7681,1.7681,-2.47576,-2.47576,0.500384,3.00086
257.994,2.3552,2.3552,-2.25853,-2.25853,-0.0683544,3.2624
258.027,2.88101,2.88101,-1.98254,-1.98254,-0.635318,3.43905
258.06,3.33187,3.33187,-1.65493,-1.65493,-1.18578,3.5262
258.093,3.69607,3.69607,-1.28422,-1.28422,-1.70544,3.5216
258.126,3.96415,3.96415,-0.88003,-0.88003,-2.1808,3.42535
258.159,4.12914,4.12914,-0.452868,-0.452868,-2.59952,3.23997
258.192,4.18677,4.18677,-0.0138349,-0.0138349,-2.95071,2.97028
258.225,4.13556,4.13556,0.425658,0.425658,-3.22527,2.62329
258.258,3.97683,3.97683,0.854182,0.854182,-3.41604,2.20805
258.291,3.71473,3.71473,1.26059,1.26059,-3.51809,1.73534
258.324,3.35609,3.35609,1.63432,1.63432,-3.52875,1.21747
258.357,2.91023,2.91023,1.96564,1.96564,-3.44776,0.667928
258.39,2.38875,2.38875,2.24592,2.24592,-3.27721,0.101001
258.423,1.80523,1.80523,2.46787,2.46787,-3.02153,-0.468554
258.456,1.17483,1.17483,2.6257,2.6257,-2.68738,-1.02592
258.489,0.51395,0.51395,2.71529,2.71529,-2.28342,-1.55658
258.522,-0.160228,-0.160228,2.7343,2.7343,-1.82015,-2.04674
258.555,-0.830175,-0.830175,2.68222,2.68222,-1.3096,-2.48364
258.588,-1.47848,-1.47848,2.56039,2.56039,-0.765031,-2.85591
258.621,-2.08828,-2.08828,2.37196,2.37196,-0.200594,-3.15386
258.654,-2.64373,-2.64373,2.12181,2.12181,0.369053,-3.36974
258.687,-3.1304,-3.1304,1.81643,1.81643,0.929115,-3.49794
258.72,-3.53564,-3.53564,1.46376,1.46376,1.46504,-3.53511
258.753,-3.84893,-3.84893,1.07294,1.07294,1.96292,-3.48029
258.786,-4.06212,-4.06212,0.654141,0.654141,2.4098,-3.3349
258.819,-4.16969,-4.16969,0.218236,0.218236,2.7941,-3.10273
258.852,-4.16885,-4.16885,-0.223441,-0.223441,3.10582,-2.78982
258.885,-4.05963,-4.05963,-0.659408,-0.659408,3.33686,-2.40432
258.918,-3.84488,-3.84488,-1.07833,-1.07833,3.48123,-1.95625
258.951,-3.53019,-3.53019,-1.46931,-1.46931,3.53518,-1.45727
258.984,-3.12377,-3.12377,-1.82217,-1.82217,3.4973,-0.92037
259.017,-2.63617,-2.63617,-2.12773,-2.12773,3.36858,-0.359522
259.05,-2.08008,-2.08008,-2.37803,-2.37803,3.15237,0.210682
259.083,-1.46998,-1.46998,-2.56656,-2.56656,2.85427,0.775404
259.116,-0.821716,-0.821716,-2.6884,-2.6884,2.48203,1.31995
259.149,-0.152154,-0.152154,-2.74037,-2.74037,2.04532,1.83014
259.182,0.521299,0.521299,-2.72109,-2.72109,1.55549,2.29272
259.215,1.18113,1.18113,-2.63106,-2.63106,1.02525,2.69563
259.248,1.8102,1.8102,-2.47259,-2.47259,0.468382,3.02839
259.281,2.39214,2.39214,-2.2498,-2.2498,-0.100652,3.28235
259.314,2.91184,2.91184,-1.96846,-1.96846,-0.667072,3.45089
259.347,3.35579,3.35579,-1.63587,-1.63587,-1.21616,3.52964
259.38,3.71245,3.71245,-1.26068,-1.26068,-1.73367,3.51653
259.413,3.97257,3.97257,-0.852615,-0.852615,-2.20614,3.41192
259.446,4.12938,4.12938,-0.422294,-0.422294,-2.62131,3.21852
259.479,4.17883,4.17883,0.0191041,0.0191041,-2.96839,2.94137
259.512,4.11964,4.11964,0.460105,0.460105,-3.23837,2.58768
259.545,3.95335,3.95335,0.889242,0.889242,-3.42423,2.16665
259.578,3.6843,3.6843,1.29535,1.29535,-3.52115,1.68924
259.611,3.31949,3.31949,1.66788,1.66788,-3.5266,1.16787
259.644,2.86843,2.86843,1.99711,1.99711,-3.44046,0.616112
259.677,2.34284,2.34284,2.2745,2.2745,-3.26495,0.0483209
259.71,1.75639,1.75639,2.49281,2.49281,-3.00463,-0.520728
259.743,1.12433,1.12433,2.64635,2.64635,-2.66627,-1.07623
259.776,0.463112,0.463112,2.73111,2.73111,-2.25866,-1.60372
259.809,-0.210085,-0.210085,2.74488,2.74488,-1.79237,-2.08948
259.842,-0.877754,-0.877754,2.68729,2.68729,-1.27953,-2.52087
259.875,-1.52254,-1.52254,2.55981,2.55981,-0.733458,-2.88665
259.908,-2.12768,-2.12768,2.36574,2.36574,-0.168331,-3.17733
259.941,-2.67745,-2.67745,2.11011,2.11011,0.401168,-3.38532
259.974,-3.15756,-3.15756,1.79956,1.79956,0.960247,-3.50521
260.007,-3.55553,-3.55553,1.44215,1.44215,1.49438,-3.5339
260.04,-3.86103,-3.86103,1.04717,1.04717,1.9897,-3.47062
260.073,-4.06613,-4.06613,0.624862,0.624862,2.43334,-3.31703
260.106,-4.1655,-4.1655,0.186215,0.186215,2.81378,-3.07713
260.139,-4.15656,-4.15656,-0.257371,-0.257371,3.12112,-2.75715
260.172,-4.03957,-4.03957,-0.694365,-0.694365,3.3474,-2.36542
260.205,-3.81758,-3.81758,-1.1134,-1.1134,3.48673,-1.91214
260.238,-3.49635,-3.49635,-1.50358,-1.50358,3.53549,-1.4091
260.271,-3.08427,-3.08427,-1.85476,-1.85476,3.49242,-0.869394
260.304,-2.59204,-2.59204,-2.15778,-2.15778,3.35863,-0.307065
260.337,-2.03247,-2.03247,-2.40477,-2.40477,3.13761,0.263256
260.37,-1.42012,-1.42012,-2.58929,-2.58929,2.83508,0.826725
260.403,-0.770914,-0.770914,-2.70652,-2.70652,2.45892,1.36868
260.436,-0.101726,-0.101726,-2.75341,-2.75341,2.01888,1.87502
260.469,0.570041,0.570041,-2.72871,-2.72871,1.52641,2.33257
260.502,1.22692,1.22692,-2.63306,-2.63306,0.994289,2.72942
260.535,1.85184,1.85184,-2.46892,-2.46892,0.43634,3.05524
260.568,2.42856,2.42856,-2.24055,-2.24055,-0.132942,3.30156
260.601,2.94209,2.94209,-1.95388,-1.95388,-0.698771,3.46197
260.634,3.37908,3.37908,-1.61633,-1.61633,-1.24645,3.53229
260.667,3.72818,3.72818,-1.23668,-1.23668,-1.76175,3.51069
260.7,3.98032,3.98032,-0.824795,-0.824795,-2.23129,3.39773
260.733,4.12896,4.12896,-0.391369,-0.391369,-2.64288,3.19636
260.766,4.17025,4.17025,0.0523298,0.0523298,-2.98581,2.91181
260.799,4.10312,4.10312,0.494768,0.494768,-3.25119,2.55149
260.832,3.92932,3.92932,0.92444,0.92444,-3.43213,2.12477
260.865,3.65339,3.65339,1.33017,1.33017,-3.52391,1.64276
260.898,3.28251,3.28251,1.70141,1.70141,-3.52416,1.11801
260.931,2.82633,2.82633,2.02849,2.02849,-3.43287,0.56416
260.964,2.29672,2.29672,2.3029,2.3029,-3.25242,-0.00436988
260.997,1.70745,1.70745,2.51749,2.51749,-2.98748,-0.572786
261.03,1.07385,1.07385,2.66667,2.66667,-2.64495,-1.1263
261.063,0.412392,0.412392,2.74655,2.74655,-2.23371,-1.6505
261.096,-0.25972,-0.25972,2.75503,2.75503,-1.76445,-2.13175
261.129,-0.925013,-0.925013,2.69188,2.69188,-1.24936,-2.55753
261.162,-1.56619,-1.56619,2.55872,2.55872,-0.701824,-2.91676
261.195,-2.1666,-2.1666,2.35901,2.35901,-0.136054,-3.20008
261.228,-2.71061,-2.71061,2.09791,2.09791,0.433249,-3.40014
261.261,-3.18411,-3.18411,1.7822,1.7822,0.991299,-3.51171
261.294,-3.57478,-3.57478,1.42008,1.42008,1.5236,-3.5319
261.327,-3.87248,-3.87248,1.02096,1.02096,2.01633,-3.46018
261.36,-4.06947,-4.06947,0.595205,0.595205,2.45668,-3.29843
261.393,-4.16066,-4.16066,0.153878,0.153878,2.83322,-3.05084
261.426,-4.14366,-4.14366,-0.29155,-0.29155,3.13617,-2.72386
261.459,-4.01895,-4.01895,-0.729495,-0.729495,3.35766,-2.326
261.492,-3.78977,-3.78977,-1.14857,-1.14857,3.49193,-1.86761
261.525,-3.46208,-3.46208,-1.53788,-1.53788,3.5355,-1.36062
261.558,-3.04443,-3.04443,-1.88728,-1.88728,3.48724,-0.818225
261.591,-2.54766,-2.54766,-2.18769,-2.18769,3.3484,-0.254539
261.624,-1.98472,-1.98472,-2.43128,-2.43128,3.12259,0.31577
261.657,-1.37023,-1.37023,-2.61172,-2.61172,2.81566,0.877863
261.69,-0.720181,-0.720181,-2.72428,-2.72428,2.4356,1.41711
261.723,-0.0514733,-0.0514733,-2.76603,-2.76603,1.99228,1.91948
261.756,0.618507,0.618507,-2.73588,-2.73588,1.49721,2.37191
261.789,1.27234,1.27234,-2.63458,-2.63458,0.963244,2.76261
261.822,1.89304,1.89304,-2.46475,-2.46475,0.404262,3.08142
261.855,2.46446,2.46446,-2.2308,-2.2308,-0.16522,3.32005
261.888,2.97175,2.97175,-1.93879,-1.93879,-0.730411,3.47228
261.921,3.40174,3.40174,-1.59631,-1.59631,-1.27663,3.53415
261.954,3.74325,3.74325,-1.21224,-1.21224,-1.78969,3.50406
261.987,3.98741,3.98741,-0.796574,-0.796574,-2.25626,3.38279
262.02,4.12788,4.12788,-0.360099,-0.360099,-2.66423,3.17348
262.053,4.16103,4.16103,0.0858366,0.0858366,-3.00299,2.8816
262.086,4.086,4.086,0.529639,0.529639,-3.26375,2.51473
262.119,3.90476,3.90476,0.959769,0.959769,-3.43974,2.08242
262.152,3.62202,3.62202,1.36504,1.36504,-3.52638,1.59592
262.185,3.24514,3.24514,1.73491,1.73491,-3.52142,1.0679
262.218,2.78394,2.78394,2.05974,2.05974,-3.425,0.512082
262.251,2.25041,2.25041,2.3311,2.3311,-3.23961,-0.0570597
262.284,1.65842,1.65842,2.5419,2.5419,-2.97008,-0.624716
262.317,1.02338,1.02338,2.68666,2.68666,-2.6234,-1.17612
262.35,0.361799,0.361799,2.76159,2.76159,-2.20857,-1.69691
262.383,-0.309124,-0.309124,2.76474,2.76474,-1.73638,-2.17355
262.416,-0.971945,-0.971945,2.696,2.696,-1.21909,-2.59363
262.449,-1.60943,-1.60943,2.55714,2.55714,-0.67013,-2.94621
262.482,-2.20502,-2.20502,2.35176,2.35176,-0.103765,-3.22213
262.515,-2.74322,-2.74322,2.08519,2.08519,0.465295,-3.4142
262.548,-3.21005,-3.21005,1.76434,1.76434,1.02227,-3.51743
262.581,-3.59338,-3.59338,1.39755,1.39755,1.55269,-3.52912
262.614,-3.88326,-3.88326,0.994334,0.994334,2.04278,-3.44898
262.647,-4.07216,-4.07216,0.565176,0.565176,2.47981,-3.27909
262.68,-4.15517,-4.15517,0.121228,0.121228,2.85243,-3.02387
262.713,-4.13015,-4.13015,-0.325971,-0.325971,3.15095,-2.68996
262.746,-3.99776,-3.99776,-0.764793,-0.764793,3.36764,-2.28606
262.779,-3.76146,-3.76146,-1.18383,-1.18383,3.49684,-1.82266
262.812,-3.42739,-3.42739,-1.57217,-1.57217,3.53522,-1.31184
262.845,-3.00425,-3.00425,-1.91972,-1.91972,3.48178,-0.766875
262.878,-2.50305,-2.50305,-2.21744,-2.21744,3.33789,-0.201957
262.911,-1.93683,-1.93683,-2.45756,-2.45756,3.1073,0.368215
262.944,-1.32031,-1.32031,-2.63384,-2.63384,2.79601,0.928806
262.977,-0.669528,-0.669528,-2.74167,-2.74167,2.41208,1.46523
263.01,-0.00140448,-0.00140448,-2.77824,-2.77824,1.96551,1.96352
263.043,0.666689,0.666689,-2.74258,-2.74258,1.46788,2.41072
263.076,1.31738,1.31738,-2.6356,-2.6356,0.932119,2.79518
263.109,1.93377,1.93377,-2.46007,-2.46007,0.37215,3.10691
263.142,2.49982,2.49982,-2.22053,-2.22053,-0.197485,3.33779
263.175,3.00082,3.00082,-1.92321,-1.92321,-0.76199,3.48181
263.208,3.42377,3.42377,-1.57581,-1.57581,-1.3067,3.53523
263.241,3.75766,3.75766,-1.18736,-1.18736,-1.81748,3.49666
263.274,3.99383,3.99383,-0.767954,-0.767954,-2.28104,3.36709
263.307,4.12615,4.12615,-0.328487,-0.328487,-2.68535,3.1499
263.34,4.15119,4.15119,0.119619,0.119619,-3.01992,2.85075
263.373,4.0683,4.0683,0.564713,0.564713,-3.27604,2.47741
263.406,3.87967,3.87967,0.995222,0.995222,-3.44707,2.03961
263.439,3.59018,3.59018,1.39995,1.39995,-3.52856,1.54873
263.472,3.2074,3.2074,1.76836,1.76836,-3.51839,1.01755
263.505,2.74126,2.74126,2.09088,2.09088,-3.41684,0.45989
263.538,2.20391,2.20391,2.3591,2.3591,-3.22654,-0.109737
263.571,1.60932,1.60932,2.56605,2.56605,-2.95243,-0.676508
263.604,0.972946,0.972946,2.70631,2.70631,-2.60163,-1.22568
263.637,0.311343,0.311343,2.77624,2.77624,-2.18325,-1.74295
263.67,-0.358289,-0.358289,2.774,2.774,-1.70817,-2.21486
263.703,-1.01854,-1.01854,2.69963,2.69963,-1.18871,-2.62915
263.736,-1.65225,-1.65225,2.55505,2.55505,-0.638381,-2.97501
263.769,-2.24294,-2.24294,2.34401,2.34401,-0.0714682,-3.24346
263.802,-2.77526,-2.77526,2.07197,2.07197,0.497301,-3.42751
263.835,-3.23538,-3.23538,1.74599,1.74599,1.05315,-3.52236
263.868,-3.61134,-3.61134,1.37455,1.37455,1.58165,-3.52556
263.901,-3.89338,-3.89338,0.967284,0.967284,2.06906,-3.43701
263.934,-4.07418,-4.07418,0.534778,0.534778,2.50273,-3.25902
263.967,-4.14904,-4.14904,0.0882714,0.0882714,2.8714,-2.99623
264,-4.11603,-4.11603,-0.360629,-0.360629,3.16548,-2.65547
264.033,-3.97602,-3.97602,-0.800251,-0.800251,3.37733,-2.24561
264.066,-3.73266,-3.73266,-1.21916,-1.21916,3.50146,-1.77731
264.099,-3.39228,-3.39228,-1.60647,-1.60647,3.53465,-1.26276
264.132,-2.96375,-2.96375,-1.95208,-1.95208,3.47602,-0.715353
264.165,-2.45821,-2.45821,-2.24702,-2.24702,3.3271,-0.149331
264.198,-1.88881,-1.88881,-2.4836,-2.4836,3.09176,0.420578
264.231,-1.27037,-1.27037,-2.65565,-2.65565,2.77612,0.979542
264.264,-0.618962,-0.618962,-2.75869,-2.75869,2.38836,1.51302
264.297,0.048472,0.048472,-2.79002,-2.79002,1.93857,2.00712
264.33,0.714579,0.714579,-2.74882,-2.74882,1.43842,2.44899
264.363,1.36204,1.36204,-2.63613,-2.63613,0.900916,2.82714
264.396,1.97403,1.97403,-2.45488,-2.45488,0.340008,3.13171
264.429,2.53464,2.53464,-2.20975,-2.20975,-0.229733,3.35479
264.462,3.0293,3.0293,-1.90712,-1.90712,-0.793506,3.49058
264.495,3.44516,3.44516,-1.55483,-1.55483,-1.33667,3.53553
264.528,3.77142,3.77142,-1.16203,-1.16203,-1.84511,3.48848
264.561,3.99959,3.99959,-0.73894,-0.73894,-2.30563,3.35065
264.594,4.12376,4.12376,-0.296539,-0.296539,-2.70626,3.12562
264.627,4.14072,4.14072,0.15367,0.15367,-3.03659,2.81927
264.66,4.05002,4.05002,0.599982,0.599982,-3.28805,2.43955
264.693,3.85405,3.85405,1.03079,1.03079,-3.4541,1.99634
264.726,3.5579,3.5579,1.43489,1.43489,-3.53044,1.50119
264.759,3.16929,3.16929,1.80177,1.80177,-3.51507,0.966976
264.792,2.69832,2.69832,2.12189,2.12189,-3.4084,0.407596
264.825,2.15725,2.15725,2.3869,2.3869,-3.2132,-0.16239
264.858,1.56015,1.56015,2.58991,2.58991,-2.93453,-0.72815
264.891,0.922549,0.922549,2.72562,2.72562,-2.57964,-1.27496
264.924,0.261031,0.261031,2.79049,2.79049,-2.15775,-1.7886
264.957,-0.407208,-0.407208,2.78282,2.78282,-1.67981,-2.25569
264.99,-1.06479,-1.06479,2.70279,2.70279,-1.15824,-2.66408
265.023,-1.69463,-1.69463,2.55246,2.55246,-0.606579,-3.00315
265.056,-2.28035,-2.28035,2.33574,2.33574,-0.039165,-3.26407
265.089,-2.80673,-2.80673,2.05824,2.05824,0.529266,-3.44005
265.122,-3.26009,-3.26009,1.72715,1.72715,1.08395,-3.52651
265.155,-3.62865,-3.62865,1.35109,1.35109,1.61048,-3.52121
265.188,-3.90284,-3.90284,0.939817,0.939817,2.09517,-3.42428
265.221,-4.07554,-4.07554,0.504016,0.504016,2.52545,-3.23824
265.254,-4.14227,-4.14227,0.055014,0.055014,2.89013,-2.96793
265.287,-4.10131,-4.10131,-0.395517,-0.395517,3.17973,-2.62039
265.32,-3.95372,-3.95372,-0.835862,-0.835862,3.38675,-2.20466
265.353,-3.70337,-3.70337,-1.25457,-1.25457,3.50579,-1.73156
265.386,-3.35676,-3.35676,-1.64075,-1.64075,3.53378,-1.21341
265.419,-2.92293,-2.92293,-1.98435,-1.98435,3.46997,-0.663673
265.452,-2.41315,-2.41315,-2.27643,-2.27643,3.31603,-0.0966708
265.485,-1.84068,-1.84068,-2.50939,-2.50939,3.07596,0.472848
265.518,-1.22042,-1.22042,-2.67715,-2.67715,2.75599,1.03006
265.551,-0.568493,-0.568493,-2.77533,-2.77533,2.36444,1.56047
265.584,0.0981476,0.0981476,-2.80138,-2.80138,1.91147,2.05027
265.617,0.76217,0.76217,-2.75459,-2.75459,1.40885,2.48672
265.65,1.40631,1.40631,-2.63617,-2.63617,0.869639,2.85846
265.683,2.01383,2.01383,-2.44917,-2.44917,0.307836,3.15582
265.716,2.56893,2.56893,-2.19846,-2.19846,-0.261962,3.37105
265.749,3.05719,3.05719,-1.89053,-1.89053,-0.824956,3.49857
265.782,3.46593,3.46593,-1.53337,-1.53337,-1.36652,3.53504
265.815,3.78452,3.78452,-1.13627,-1.13627,-1.87259,3.47952
265.848,4.00469,4.00469,-0.709535,-0.709535,-2.33002,3.33346
265.881,4.12072,4.12072,-0.264259,-0.264259,-2.72693,3.10065
265.914,4.12962,4.12962,0.187985,0.187985,-3.05301,2.78716
265.947,4.03116,4.03116,0.63544,0.63544,-3.29979,2.40114
265.98,3.82791,3.82791,1.06647,1.06647,-3.46085,1.95264
266.013,3.52517,3.52517,1.46987,1.46987,-3.53202,1.45332
266.046,3.13081,3.13081,1.83513,1.83513,-3.51145,0.916187
266.079,2.6551,2.6551,2.15276,2.15276,-3.39967,0.355212
266.112,2.11042,2.11042,2.41448,2.41448,-3.19959,-0.215006
266.145,1.51092,1.51092,2.61348,2.61348,-2.91639,-0.77963
266.178,0.872201,0.872201,2.74457,2.74457,-2.55744,-1.32397
266.211,0.210873,0.210873,2.80433,2.80433,-2.13207,-1.83385
266.244,-0.455871,-0.455871,2.79118,2.79118,-1.65131,-2.29601
266.277,-1.1107,-1.1107,2.70545,2.70545,-1.12766,-2.69843
266.31,-1.73658,-1.73658,2.54937,2.54937,-0.574726,-3.03062
266.343,-2.31726,-2.31726,2.32696,2.32696,-0.00685857,-3.28395
266.376,-2.83763,-2.83763,2.04399,2.04399,0.561187,-3.45183
266.409,-3.28419,-3.28419,1.70782,1.70782,1.11466,-3.52988
266.442,-3.64531,-3.64531,1.32718,1.32718,1.63917,-3.51608
266.475,-3.91164,-3.91164,0.911936,0.911936,2.12111,-3.41078
266.508,-4.07624,-4.07624,0.472894,0.472894,2.54795,-3.21673
266.541,-4.13486,-4.13486,0.0214611,0.0214611,2.90861,-2.93896
266.574,-4.08598,-4.08598,-0.430628,-0.430628,3.19373,-2.58472
266.607,-3.93088,-3.93088,-0.871619,-0.871619,3.39588,-2.16322
266.64,-3.6736,-3.6736,-1.29004,-1.29004,3.50983,-1.68543
266.673,-3.32085,-3.32085,-1.67501,-1.67501,3.53261,-1.16378
266.706,-2.8818,-2.8818,-2.01652,-2.01652,3.46363,-0.611846
266.739,-2.36787,-2.36787,-2.30566,-2.30566,3.30469,-0.0439894
266.772,-1.79244,-1.79244,-2.53492,-2.53492,3.05991,0.525012
266.805,-1.17047,-1.17047,-2.69832,-2.69832,2.73564,1.08035
266.838,-0.518129,-0.518129,-2.79159,-2.79159,2.34032,1.60758
266.871,0.147614,0.147614,-2.81229,-2.81229,1.88421,2.09297
266.904,0.809453,0.809453,-2.75988,-2.75988,1.37916,2.5239
266.937,1.45018,1.45018,-2.6357,-2.6357,0.838288,2.88915
266.97,2.05314,2.05314,-2.44296,-2.44296,0.275639,3.17922
267.003,2.60267,2.60267,-2.18665,-2.18665,-0.294169,3.38656
267.036,3.08448,3.08448,-1.87344,-1.87344,-0.856336,3.50578
267.069,3.48605,3.48605,-1.51144,-1.51144,-1.39626,3.53376
267.102,3.79696,3.79696,-1.11007,-1.11007,-1.89992,3.46979
267.135,4.00912,4.00912,-0.679745,-0.679745,-2.35422,3.31553
267.168,4.11704,4.11704,-0.231654,-0.231654,-2.74738,3.07499
267.201,4.11791,4.11791,0.222557,0.222557,-3.06918,2.75443
267.234,4.01173,4.01173,0.671081,0.671081,-3.31125,2.3622
267.267,3.80127,3.80127,1.10225,1.10225,-3.46731,1.90849
267.3,3.49201,3.49201,1.50486,1.50486,-3.53332,1.40513
267.333,3.09199,3.09199,1.86842,1.86842,-3.50754,0.865195
267.366,2.61163,2.61163,2.18348,2.18348,-3.39066,0.302749
267.399,2.06343,2.06343,2.44184,2.44184,-3.18571,-0.267575
267.432,1.46164,1.46164,2.63676,2.63676,-2.89801,-0.830937
267.465,0.821909,0.821909,2.76316,2.76316,-2.53503,-1.37267
267.498,0.160877,0.160877,2.81775,2.81775,-2.10621,-1.87869
267.531,-0.504271,-0.504271,2.79908,2.79908,-1.62268,-2.33582
267.564,-1.15624,-1.15624,2.70763,2.70763,-1.097,-2.73217
267.597,-1.77809,-1.77809,2.54576,2.54576,-0.542825,-3.05742
267.63,-2.35365,-2.35365,2.31766,2.31766,0.0254485,-3.30311
267.663,-2.86796,-2.86796,2.02924,2.02924,0.59306,-3.46285
267.696,-3.30766,-3.30766,1.68801,1.68801,1.14527,-3.53247
267.729,-3.66133,-3.66133,1.3028,1.3028,1.66773,-3.51017
267.762,-3.91977,-3.91977,0.883645,0.883645,2.14687,-3.39653
267.795,-4.07629,-4.07629,0.441418,0.441418,2.57024,-3.1945
267.828,-4.12682,-4.12682,-0.0123816,-0.0123816,2.92686,-2.90935
267.861,-4.07006,-4.07006,-0.465957,-0.465957,3.20745,-2.54849
267.894,-3.9075,-3.9075,-0.907516,-0.907516,3.40473,-2.12131
267.927,-3.64337,-3.64337,-1.32557,-1.32557,3.51357,-1.63893
267.96,-3.28454,-3.28454,-1.70925,-1.70925,3.53115,-1.1139
267.993,-2.84037,-2.84037,-2.04857,-2.04857,3.457,-0.559883
268.026,-2.3224,-2.3224,-2.3347,-2.3347,3.29307,0.00870179
268.059,-1.7441,-1.7441,-2.56019,-2.56019,3.04359,0.57706
268.092,-1.12052,-1.12052,-2.71915,-2.71915,2.71506,1.1304
268.125,-0.467879,-0.467879,-2.80745,-2.80745,2.31601,1.65433
268.158,0.196863,0.196863,-2.82277,-2.82277,1.8568,2.1352
268.191,0.856421,0.856421,-2.7647,-2.7647,1.34936,2.56052
268.224,1.49365,1.49365,-2.63473,-2.63473,0.806867,2.9192
268.257,2.09198,2.09198,-2.43622,-2.43622,0.243419,3.20192
268.29,2.63586,2.63586,-2.17433,-2.17433,-0.326351,3.40132
268.323,3.11117,3.11117,-1.85585,-1.85585,-0.887645,3.51221
268.356,3.50554,3.50554,-1.48904,-1.48904,-1.42588,3.5317
268.389,3.80874,3.80874,-1.08344,-1.08344,-1.92708,3.45929
268.422,4.0129,4.0129,-0.649573,-0.649573,-2.37823,3.29686
268.455,4.11271,4.11271,-0.198728,-0.198728,-2.7676,3.04864
268.488,4.10559,4.10559,0.257381,0.257381,-3.08508,2.72109
268.521,3.99173,3.99173,0.706897,0.706897,-3.32243,2.32273
268.554,3.77412,3.77412,1.13813,1.13813,-3.47348,1.86393
268.587,3.45841,3.45841,1.53986,1.53986,-3.53431,1.35662
268.62,3.05283,3.05283,1.90164,1.90164,-3.50334,0.81401
268.653,2.56792,2.56792,2.21405,2.21405,-3.38136,0.250218
268.686,2.0163,2.0163,2.46897,2.46897,-3.17156,-0.320085
268.719,1.41232,1.41232,2.65974,2.65974,-2.87938,-0.882059
268.752,0.771683,0.771683,2.78139,2.78139,-2.5124,-1.42108
268.785,0.111051,0.111051,2.83075,2.83075,-2.08017,-1.92312
268.818,-0.5524,-0.5524,2.80652,2.80652,-1.59391,-2.37512
268.851,-1.20142,-1.20142,2.70931,2.70931,-1.06624,-2.76531
268.884,-1.81915,-1.81915,2.54164,2.54164,-0.510878,-3.08354
268.917,-2.38952,-2.38952,2.30784,2.30784,0.0577534,-3.32153
268.95,-2.89771,-2.89771,2.01399,2.01399,0.624885,-3.47309
268.983,-3.33051,-3.33051,1.6677,1.6677,1.17578,-3.53427
269.016,-3.67669,-3.67669,1.27798,1.27798,1.69614,-3.50348
269.049,-3.92725,-3.92725,0.854946,0.854946,2.17245,-3.38152
269.082,-4.07569,-4.07569,0.409592,0.409592,2.59232,-3.17157
269.115,-4.11815,-4.11815,-0.0465085,-0.0465085,2.94486,-2.87909
269.148,-4.05355,-4.05355,-0.501497,-0.501497,3.22091,-2.51168
269.181,-3.88358,-3.88358,-0.943544,-0.943544,3.41329,-2.07892
269.214,-3.61266,-3.61266,-1.36115,-1.36115,3.51702,-1.59206
269.247,-3.24785,-3.24785,-1.74346,-1.74346,3.52939,-1.06377
269.28,-2.79865,-2.79865,-2.08052,-2.08052,3.45009,-0.507795
269.313,-2.27673,-2.27673,-2.36355,-2.36355,3.28117,0.061391
269.346,-1.69568,-1.69568,-2.58519,-2.58519,3.02703,0.62898
269.379,-1.0706,-1.0706,-2.73965,-2.73965,2.69426,1.1802
269.412,-0.417753,-0.417753,-2.82292,-2.82292,2.2915,1.70071
269.445,0.245887,0.245887,-2.83281,-2.83281,1.82923,2.17696
269.478,0.903066,0.903066,-2.76904,-2.76904,1.31944,2.59657
269.511,1.5367,1.5367,-2.63325,-2.63325,0.775379,2.9486
269.544,2.13032,2.13032,-2.42897,-2.42897,0.211179,3.22391
269.577,2.6685,2.6685,-2.1615,-2.1615,-0.358507,3.41532
269.61,3.13725,3.13725,-1.83776,-1.83776,-0.91888,3.51786
269.643,3.52439,3.52439,-1.46617,-1.46617,-1.45539,3.52886
269.676,3.81987,3.81987,-1.05637,-1.05637,-1.95409,3.44803
269.709,4.01601,4.01601,-0.619024,-0.619024,-2.40204,3.27747
269.742,4.10773,4.10773,-0.165487,-0.165487,-2.78759,3.02162
269.775,4.09265,4.09265,0.29245,0.29245,-3.10074,2.68715
269.808,3.97118,3.97118,0.742882,0.742882,-3.33334,2.28275
269.841,3.74647,3.74647,1.17409,1.17409,-3.47937,1.81895
269.874,3.4244,3.4244,1.57487,1.57487,-3.53501,1.30781
269.907,3.01333,3.01333,1.93478,1.93478,-3.49884,0.762645
269.94,2.52396,2.52396,2.24447,2.24447,-3.37179,0.197632
269.973,1.96903,1.96903,2.49586,2.49586,-3.15715,-0.372523
270.006,1.36297,1.36297,2.68241,2.68241,-2.86051,-0.932985
270.039,0.721532,0.721532,2.79925,2.79925,-2.48957,-1.46917
270.072,0.0614052,0.0614052,2.84333,2.84333,-2.05396,-1.96712
270.105,-0.600251,-0.600251,2.8135,2.8135,-1.565,-2.41388
270.138,-1.24623,-1.24623,2.7105,2.7105,-1.03539,-2.79783
270.171,-1.85975,-1.85975,2.537,2.537,-0.478889,-3.10898
270.204,-2.42486,-2.42486,2.29751,2.29751,0.0900535,-3.33922
270.237,-2.92687,-2.92687,1.99822,1.99822,0.656657,-3.48256
270.27,-3.35274,-3.35274,1.64691,1.64691,1.2062,-3.53529
270.303,-3.6914,-3.6914,1.25271,1.25271,1.72442,-3.49601
270.336,-3.93407,-3.93407,0.825845,0.825845,2.19784,-3.36577
270.369,-4.07443,-4.07443,0.37742,0.37742,2.61418,-3.14793
270.402,-4.10886,-4.10886,-0.0809137,-0.0809137,2.96261,-2.84819
270.435,-4.03646,-4.03646,-0.537242,-0.537242,3.2341,-2.47432
270.468,-3.85914,-3.85914,-0.979698,-0.979698,3.42157,-2.03607
270.501,-3.5815,-3.5815,-1.39678,-1.39678,3.52017,-1.54484
270.534,-3.21079,-3.21079,-1.77762,-1.77762,3.52734,-1.0134
270.567,-2.75664,-2.75664,-2.11233,-2.11233,3.44289,-0.455595
270.6,-2.23088,-2.23088,-2.39219,-2.39219,3.269,0.114067
270.633,-1.64717,-1.64717,-2.60991,-2.60991,3.01021,0.68076
270.666,-1.0207,-1.0207,-2.75981,-2.75981,2.67322,1.22974
270.699,-0.367758,-0.367758,-2.83799,-2.83799,2.2668,1.74672
270.732,0.294676,0.294676,-2.84239,-2.84239,1.8015,2.21824
270.765,0.949382,0.949382,-2.77289,-2.77289,1.28941,2.63204
270.798,1.57934,1.57934,-2.63127,-2.63127,0.743827,2.97735
270.831,2.16817,2.16817,-2.42121,-2.42121,0.178921,3.24518
270.864,2.70058,2.70058,-2.14814,-2.14814,-0.390632,3.42857
270.897,3.16273,3.16273,-1.81917,-1.81917,-0.950039,3.52273
270.93,3.5426,3.5426,-1.44282,-1.44282,-1.48477,3.52523
270.963,3.83034,3.83034,-1.02888,-1.02888,-1.98093,3.43599
270.996,4.01848,4.01848,-0.588102,-0.588102,-2.42564,3.25734
271.029,4.10212,4.10212,-0.131936,-0.131936,-2.80734,2.99393
271.062,4.07911,4.07911,0.327758,0.327758,-3.11613,2.65261
271.095,3.95006,3.95006,0.779028,0.779028,-3.34397,2.24226
271.128,3.71833,3.71833,1.21014,1.21014,-3.48496,1.77356
271.161,3.38997,3.38997,1.60987,1.60987,-3.53542,1.25871
271.194,2.9735,2.9735,1.96784,1.96784,-3.49405,0.711111
271.227,2.47977,2.47977,2.27471,2.27471,-3.36193,0.145003
271.26,1.92163,1.92163,2.5225,2.5225,-3.14248,-0.424879
271.293,1.31359,1.31359,2.70476,2.70476,-2.8414,-0.983704
271.326,0.671465,0.671465,2.81673,2.81673,-2.46653,-1.51693
271.359,0.0119468,0.0119468,2.85548,2.85548,-2.02758,-2.01068
271.392,-0.647814,-0.647814,2.82,2.82,-1.53597,-2.45211
271.425,-1.29067,-1.29067,2.71118,2.71118,-1.00446,-2.82974
271.458,-1.8999,-1.8999,2.53185,2.53185,-0.44686,-3.13372
271.491,-2.45967,-2.45967,2.28665,2.28665,0.122346,-3.35616
271.524,-2.95545,-2.95545,1.98194,1.98194,0.688374,-3.49126
271.557,-3.37434,-3.37434,1.62564,1.62564,1.23652,-3.53552
271.59,-3.70547,-3.70547,1.22698,1.22698,1.75255,-3.48777
271.623,-3.94023,-3.94023,0.796345,0.796345,2.22306,-3.34926
271.656,-4.07253,-4.07253,0.344909,0.344909,2.63582,-3.1236
271.689,-4.09894,-4.09894,-0.115591,-0.115591,2.98012,-2.81665
271.722,-4.01879,-4.01879,-0.573184,-0.573184,3.24701,-2.43641
271.755,-3.83417,-3.83417,-1.01597,-1.01597,3.42957,-1.99277
271.788,-3.54989,-3.54989,-1.43243,-1.43243,3.52304,-1.49727
271.821,-3.17336,-3.17336,-1.81174,-1.81174,3.52499,-0.962808
271.854,-2.71436,-2.71436,-2.14402,-2.14402,3.43539,-0.403293
271.887,-2.18485,-2.18485,-2.42062,-2.42062,3.25656,0.166717
271.92,-1.59859,-1.59859,-2.63434,-2.63434,2.99314,0.732388
271.953,-0.970835,-0.970835,-2.77962,-2.77962,2.65197,1.279
271.986,-0.317904,-0.317904,-2.85264,-2.85264,2.24192,1.79233
272.019,0.343223,0.343223,-2.85152,-2.85152,1.77363,2.25902
272.052,0.99536,0.99536,-2.77625,-2.77625,1.25928,2.66693
272.085,1.62155,1.62155,-2.62877,-2.62877,0.712212,3.00543
272.118,2.20553,2.20553,-2.41292,-2.41292,0.146648,3.26573
272.151,2.7321,2.7321,-2.13428,-2.13428,-0.422725,3.44105
272.184,3.18759,3.18759,-1.80008,-1.80008,-0.981118,3.52682
272.217,3.56017,3.56017,-1.41902,-1.41902,-1.51403,3.52082
272.25,3.84016,3.84016,-1.00097,-1.00097,-2.00761,3.4232
272.283,4.02028,4.02028,-0.556812,-0.556812,-2.44904,3.23649
272.316,4.09587,4.09587,-0.0980799,-0.0980799,-2.82687,2.96557
272.349,4.06497,4.06497,0.363299,0.363299,-3.13126,2.61748
272.382,3.9284,3.9284,0.815329,0.815329,-3.35432,2.20127
272.415,3.68971,3.68971,1.24626,1.24626,-3.49026,1.72778
272.448,3.35513,3.35513,1.64487,1.64487,-3.53553,1.20934
272.481,2.93336,2.93336,2.0008,2.0008,-3.48897,0.659418
272.514,2.43537,2.43537,2.30478,2.30478,-3.35179,0.0923404
272.547,1.87412,1.87412,2.5489,2.5489,-3.12754,-0.47714
272.58,1.26421,1.26421,2.72679,2.72679,-2.82206,-1.0342
272.613,0.62149,0.62149,2.83382,2.83382,-2.44328,-1.56436
272.646,-0.0373156,-0.0373156,2.8672,2.8672,-2.00103,-2.0538
272.679,-0.695083,-0.695083,2.82603,2.82603,-1.5068,-2.4898
272.712,-1.33471,-1.33471,2.71137,2.71137,-0.973441,-2.86101
272.745,-1.93958,-1.93958,2.52618,2.52618,-0.414794,-3.15777
272.778,-2.49396,-2.49396,2.27528,2.27528,0.154628,-3.37236
272.811,-2.98344,-2.98344,1.96516,1.96516,0.720034,-3.49919
272.844,-3.39531,-3.39531,1.60388,1.60388,1.26674,-3.53496
272.877,-3.71888,-3.71888,1.20082,1.20082,1.78054,-3.47875
272.91,-3.94573,-3.94573,0.76645,0.76645,2.24809,-3.33201
272.943,-4.06997,-4.06997,0.312063,0.312063,2.65724,-3.09857
272.976,-4.0884,-4.0884,-0.150535,-0.150535,2.99738,-2.78449
273.009,-4.00054,-4.00054,-0.609316,-0.609316,3.25966,-2.39796
273.042,-3.80869,-3.80869,-1.05235,-1.05235,3.43727,-1.94902
273.075,-3.51784,-3.51784,-1.46812,-1.46812,3.5256,-1.44937
273.108,-3.13556,-3.13556,-1.8458,-1.8458,3.52236,-0.912002
273.141,-2.67182,-2.67182,-2.17557,-2.17557,3.42762,-0.350902
273.174,-2.13866,-2.13866,-2.44883,-2.44883,3.24385,0.21933
273.207,-1.54995,-1.54995,-2.65849,-2.65849,2.97582,0.783854
273.24,-0.921015,-0.921015,-2.79906,-2.79906,2.63049,1.32798
273.273,-0.268199,-0.268199,-2.86689,-2.86689,2.21684,1.83755
273.306,0.391521,0.391521,-2.86019,-2.86019,1.74561,2.2993
273.339,1.04099,1.04099,-2.77911,-2.77911,1.22904,2.70122
273.372,1.66334,1.66334,-2.62576,-2.62576,0.680538,3.03285
273.405,2.24237,2.24237,-2.40411,-2.40411,0.114363,3.28556
273.438,2.76305,2.76305,-2.11989,-2.11989,-0.454782,3.45277
273.471,3.21185,3.21185,-1.7805,-1.7805,-1.01211,3.53013
273.504,3.5771,3.5771,-1.39474,-1.39474,-1.54316,3.51562
273.537,3.84932,3.84932,-0.97264,-0.97264,-2.03412,3.40964
273.57,4.02144,4.02144,-0.525157,-0.525157,-2.47224,3.21493
273.603,4.08899,4.08899,-0.0639253,-0.0639253,-2.84615,2.93655
273.636,4.05024,4.05024,0.399066,0.399066,-3.14613,2.58177
273.669,3.90619,3.90619,0.851778,0.851778,-3.36439,2.1598
273.702,3.66061,3.66061,1.28244,1.28244,-3.49526,1.68162
273.735,3.31989,3.31989,1.67984,1.67984,-3.53535,1.15969
273.768,2.8929,2.8929,2.03365,2.03365,-3.4836,0.607579
273.801,2.39075,2.39075,2.33466,2.33466,-3.34137,0.0396578
273.834,1.82649,1.82649,2.57503,2.57503,-3.11235,-0.529296
273.867,1.21481,1.21481,2.74849,2.74849,-2.80248,-1.08448
273.9,0.571617,0.571617,2.85053,2.85053,-2.41982,-1.61143
273.933,-0.0863735,-0.0863735,2.87847,2.87847,-1.97431,-2.09646
273.966,-0.74205,-0.74205,2.83157,2.83157,-1.47752,-2.52693
273.999,-1.37837,-1.37837,2.71104,2.71104,-0.942343,-2.89165
274.032,-1.97878,-1.97878,2.51999,2.51999,-0.382693,-3.18112
274.065,-2.5277,-2.5277,2.26338,2.26338,0.186898,-3.3878
274.098,-3.01084,-3.01084,1.94787,1.94787,0.751634,-3.50634
274.131,-3.41566,-3.41566,1.58164,1.58164,1.29685,-3.53362
274.164,-3.73164,-3.73164,1.17421,1.17421,1.80837,-3.46896
274.197,-3.95057,-3.95057,0.736165,0.736165,2.27293,-3.31402
274.23,-4.06678,-4.06678,0.278886,0.278886,2.67844,-3.07285
274.263,-4.07725,-4.07725,-0.18574,-0.18574,3.01439,-2.75171
274.296,-3.98172,-3.98172,-0.645633,-0.645633,3.27204,-2.35897
274.329,-3.7827,-3.7827,-1.08884,-1.08884,3.44469,-1.90485
274.362,-3.48535,-3.48535,-1.50382,-1.50382,3.52787,-1.40115
274.395,-3.09742,-3.09742,-1.87979,-1.87979,3.51942,-0.860994
274.428,-2.62901,-2.62901,-2.20696,-2.20696,3.41955,-0.298433
274.461,-2.0923,-2.0923,-2.47682,-2.47682,3.23086,0.271895
274.494,-1.50126,-1.50126,-2.68234,-2.68234,2.95825,0.835146
274.527,-0.871248,-0.871248,-2.81815,-2.81815,2.6088,1.37667
274.56,-0.218652,-0.218652,-2.88071,-2.88071,2.19158,1.88236
274.593,0.43956,0.43956,-2.86839,-2.86839,1.71744,2.33907
274.626,1.08628,1.08628,-2.78148,-2.78148,1.19869,2.73492
274.659,1.70468,1.70468,-2.62224,-2.62224,0.648807,3.05959
274.692,2.27871,2.27871,-2.39477,-2.39477,0.0820684,3.30465
274.725,2.79344,2.79344,-2.105,-2.105,-0.486802,3.46372
274.758,3.23549,3.23549,-1.76043,-1.76043,-1.04303,3.53265
274.791,3.59338,3.59338,-1.37001,-1.37001,-1.57216,3.50965
274.824,3.85782,3.85782,-0.943894,-0.943894,-2.06046,3.39532
274.857,4.02194,4.02194,-0.493144,-0.493144,-2.49523,3.19264
274.89,4.08148,4.08148,-0.0294775,-0.0294775,-2.8652,2.90689
274.923,4.03491,4.03491,0.435052,0.435052,-3.16074,2.54548
274.956,3.88345,3.88345,0.888367,0.888367,-3.37418,2.11784
274.989,3.63104,3.63104,1.31868,1.31868,-3.49998,1.63509
275.022,3.28427,3.28427,1.71479,1.71479,-3.53487,1.10979
275.055,2.85215,2.85215,2.0664,2.0664,-3.47794,0.555605
275.088,2.34592,2.34592,2.36436,2.36436,-3.33067,-0.0130337
275.121,1.77877,1.77877,2.6009,2.6009,-3.09689,-0.581333
275.154,1.16543,1.16543,2.76986,2.76986,-2.78267,-1.13451
275.187,0.521854,0.521854,2.86684,2.86684,-2.39617,-1.65816
275.22,-0.135219,-0.135219,2.8893,2.8893,-1.94743,-2.13866
275.253,-0.788707,-0.788707,2.83663,2.83663,-1.4481,-2.5635
275.286,-1.42162,-1.42162,2.71021,2.71021,-0.911165,-2.92164
275.319,-2.01752,-2.01752,2.51328,2.51328,-0.35056,-3.20376
275.352,-2.56089,-2.56089,2.25097,2.25097,0.219152,-3.4025
275.385,-3.03764,-3.03764,1.93007,1.93007,0.78317,-3.5127
275.418,-3.43537,-3.43537,1.55892,1.55892,1.32685,-3.5315
275.451,-3.74374,-3.74374,1.14717,1.14717,1.83606,-3.4584
275.484,-3.95476,-3.95476,0.705494,0.705494,2.29758,-3.2953
275.517,-4.06294,-4.06294,0.245386,0.245386,2.69942,-3.04645
275.55,-4.06549,-4.06549,-0.221198,-0.221198,3.03115,-2.71832
275.583,-3.96234,-3.96234,-0.682128,-0.682128,3.28414,-2.31946
275.616,-3.7562,-3.7562,-1.12542,-1.12542,3.45183,-1.86025
275.649,-3.45243,-3.45243,-1.53954,-1.53954,3.52985,-1.35262
275.682,-3.05894,-3.05894,-1.91371,-1.91371,3.51619,-0.809794
275.715,-2.58596,-2.58596,-2.23821,-2.23821,3.4112,-0.245897
275.748,-2.04581,-2.04581,-2.50458,-2.50458,3.21761,0.324399
275.781,-1.45252,-1.45252,-2.70588,-2.70588,2.94043,0.886253
275.814,-0.821543,-0.821543,-2.83686,-2.83686,2.58688,1.42505
275.847,-0.169271,-0.169271,-2.89411,-2.89411,2.16614,1.92675
275.88,0.487333,0.487333,-2.87613,-2.87613,1.68913,2.37833
275.913,1.1312,1.1312,-2.78335,-2.78335,1.16825,2.76801
275.946,1.74559,1.74559,-2.61819,-2.61819,0.617021,3.08566
275.979,2.31454,2.31454,-2.38492,-2.38492,0.0497669,3.32301
276.012,2.82325,2.82325,-2.08958,-2.08958,-0.51878,3.4739
276.045,3.25852,3.25852,-1.73986,-1.73986,-1.07385,3.53438
276.078,3.60902,3.60902,-1.34482,-1.34482,-1.60103,3.5029
276.111,3.86567,3.86567,-0.914736,-0.914736,-2.08662,3.38026
276.144,4.02179,4.02179,-0.460777,-0.460777,-2.51802,3.16965
276.177,4.07334,4.07334,0.00525762,0.00525762,-2.88401,2.87657
276.21,4.01899,4.01899,0.471252,0.471252,-3.17508,2.50863
276.243,3.86017,3.86017,0.92509,0.92509,-3.38369,2.07541
276.276,3.60101,3.60101,1.35497,1.35497,-3.5044,1.58819
276.309,3.24826,3.24826,1.74971,1.74971,-3.53409,1.05964
276.342,2.8111,2.8111,2.09903,2.09903,-3.47199,0.503508
276.375,2.30091,2.30091,2.39385,2.39385,-3.31969,-0.0657222
276.408,1.73095,1.73095,2.62649,2.62649,-3.08118,-0.633242
276.441,1.11605,1.11605,2.79088,2.79088,-2.76262,-1.18428
276.474,0.47221,0.47221,2.88275,2.88275,-2.37231,-1.70451
276.507,-0.183843,-0.183843,2.89967,2.89967,-1.92038,-2.18038
276.54,-0.835048,-0.835048,2.84121,2.84121,-1.41857,-2.59951
276.573,-1.46447,-1.46447,2.70886,2.70886,-0.879912,-2.95099
276.606,-2.05576,-2.05576,2.50605,2.50605,-0.318397,-3.22569
276.639,-2.59355,-2.59355,2.23803,2.23803,0.251387,-3.41644
276.672,-3.06385,-3.06385,1.91177,1.91177,0.814642,-3.51829
276.705,-3.45445,-3.45445,1.53573,1.53573,1.35674,-3.52859
276.738,-3.7552,-3.7552,1.11969,1.11969,1.86359,-3.44706
276.771,-3.9583,-3.9583,0.67444,0.67444,2.32204,-3.27584
276.804,-4.05847,-4.05847,0.211566,0.211566,2.72017,-3.01937
276.837,-4.05312,-4.05312,-0.256905,-0.256905,3.04765,-2.68433
276.87,-3.94241,-3.94241,-0.718793,-0.718793,3.29597,-2.27944
276.903,-3.72921,-3.72921,-1.16209,-1.16209,3.45867,-1.81523
276.936,-3.41909,-3.41909,-1.57526,-1.57526,3.53154,-1.30379
276.969,-3.02011,-3.02011,-1.94755,-1.94755,3.51267,-0.758415
277.002,-2.54267,-2.54267,-2.26929,-2.26929,3.40257,-0.193307
277.035,-1.99917,-1.99917,-2.53209,-2.53209,3.20408,0.376831
277.068,-1.40375,-1.40375,-2.7291,-2.7291,2.92237,0.937163
277.101,-0.77191,-0.77191,-2.8552,-2.8552,2.56475,1.47311
277.134,-0.120065,-0.120065,-2.90708,-2.90708,2.14052,1.97072
277.167,0.534833,0.534833,-2.88339,-2.88339,1.66068,2.41705
277.2,1.17576,1.17576,-2.78472,-2.78472,1.13771,2.80048
277.233,1.78605,1.78605,-2.61362,-2.61362,0.585185,3.11104
277.266,2.34984,2.34984,-2.37453,-2.37453,0.0174612,3.34064
277.299,2.85249,2.85249,-2.07366,-2.07366,-0.550716,3.48331
277.332,3.28092,3.28092,-1.7188,-1.7188,-1.10459,3.53534
277.365,3.62402,3.62402,-1.31918,-1.31918,-1.62977,3.49536
277.398,3.87286,3.87286,-0.88517,-0.88517,-2.11262,3.36444
277.431,4.021,4.021,-0.42806,-0.42806,-2.54059,3.14596
277.464,4.06458,4.06458,0.0402743,0.0402743,-2.90257,2.84562
277.497,4.0025,4.0025,0.507658,0.507658,-3.18916,2.47123
277.53,3.83637,3.83637,0.961939,0.961939,-3.39291,2.03253
277.563,3.57052,3.57052,1.3913,1.3913,-3.50854,1.54094
277.596,3.21187,3.21187,1.78458,1.78458,-3.53302,1.00925
277.629,2.76977,2.76977,2.13153,2.13153,-3.46574,0.451299
277.662,2.2557,2.2557,2.42314,2.42314,-3.30844,-0.118396
277.695,1.68305,1.68305,2.6518,2.6518,-3.0652,-0.68501
277.728,1.0667,1.0667,2.81156,2.81156,-2.74235,-1.2338
277.761,0.422694,0.422694,2.89825,2.89825,-2.34826,-1.75048
277.794,-0.232238,-0.232238,2.90959,2.90959,-1.89318,-2.22161
277.827,-0.881063,-0.881063,2.84529,2.84529,-1.38892,-2.63493
277.86,-1.50691,-1.50691,2.70699,2.70699,-0.848585,-2.97968
277.893,-2.09352,-2.09352,2.49828,2.49828,-0.286208,-3.2469
277.926,-2.62565,-2.62565,2.22457,2.22457,0.283602,-3.42962
277.959,-3.08945,-3.08945,1.89296,1.89296,0.846045,-3.5231
277.992,-3.47289,-3.47289,1.51207,1.51207,1.38651,-3.5249
278.025,-3.76601,-3.76601,1.09177,1.09177,1.89097,-3.43497
278.058,-3.96118,-3.96118,0.643009,0.643009,2.3463,-3.25566
278.091,-4.05336,-4.05336,0.177433,0.177433,2.7407,-2.99162
278.124,-4.04015,-4.04015,-0.292853,-0.292853,3.0639,-2.64974
278.157,-3.92192,-3.92192,-0.755621,-0.755621,3.30752,-2.23891
278.19,-3.70173,-3.70173,-1.19884,-1.19884,3.46523,-1.76981
278.223,-3.38534,-3.38534,-1.61097,-1.61097,3.53292,-1.25467
278.256,-2.98097,-2.98097,-1.98131,-1.98131,3.50886,-0.706867
278.289,-2.49914,-2.49914,-2.3002,-2.3002,3.39365,-0.140674
278.322,-1.9524,-1.9524,-2.55935,-2.55935,3.19029,0.429179
278.355,-1.35496,-1.35496,-2.75201,-2.75201,2.90407,0.987864
278.388,-0.722356,-0.722356,-2.87315,-2.87315,2.54241,1.52084
278.421,-0.0710417,-0.0710417,-2.91962,-2.91962,2.11471,2.01425
278.454,0.582051,0.582051,-2.89017,-2.89017,1.63209,2.45523
278.487,1.21994,1.21994,-2.78558,-2.78558,1.10707,2.83233
278.52,1.82605,1.82605,-2.60853,-2.60853,0.553299,3.13572
278.553,2.38462,2.38462,-2.36363,-2.36363,-0.014846,3.35752
278.586,2.88114,2.88114,-2.05721,-2.05721,-0.582605,3.49194
278.619,3.30271,3.30271,-1.69725,-1.69725,-1.13523,3.5355
278.652,3.63837,3.63837,-1.29308,-1.29308,-1.65837,3.48706
278.685,3.8794,3.8794,-0.855201,-0.855201,-2.13843,3.34787
278.718,4.01956,4.01956,-0.395,-0.395,-2.56295,3.12157
278.751,4.05521,4.05521,0.0755665,0.0755665,-2.9209,2.81403
278.784,3.98543,3.98543,0.544264,0.544264,-3.20298,2.43327
278.817,3.81204,3.81204,0.998907,0.998907,-3.40186,1.98919
278.85,3.53958,3.53958,1.42767,1.42767,-3.51237,1.49334
278.883,3.17512,3.17512,1.8194,1.8194,-3.53166,0.958639
278.916,2.72816,2.72816,2.1639,2.1639,-3.45921,0.398989
278.949,2.21032,2.21032,2.45221,2.45221,-3.29691,-0.171044
278.982,1.63508,1.63508,2.67682,2.67682,-3.04897,-0.736626
279.015,1.01739,1.01739,2.83188,2.83188,-2.72184,-1.28304
279.048,0.373313,0.373313,2.91333,2.91333,-2.32401,-1.79606
279.081,-0.280397,-0.280397,2.91905,2.91905,-1.86581,-2.26235
279.114,-0.926747,-0.926747,2.84888,2.84888,-1.35915,-2.66977
279.147,-1.54894,-1.54894,2.70461,2.70461,-0.817187,-3.00771
279.18,-2.13079,-2.13079,2.49,2.49,-0.253996,-3.26739
279.213,-2.65719,-2.65719,2.21059,2.21059,0.315793,-3.44204
279.246,-3.11445,-3.11445,1.87365,1.87365,0.877378,-3.52712
279.279,-3.4907,-3.4907,1.48793,1.48793,1.41617,-3.52042
279.312,-3.77616,-3.77616,1.06343,1.06343,1.91819,-3.42211
279.345,-3.96342,-3.96342,0.611205,0.611205,2.37037,-3.23475
279.378,-4.04762,-4.04762,0.142991,0.142991,2.76099,-2.96321
279.411,-4.02659,-4.02659,-0.329036,-0.329036,3.07989,-2.61456
279.444,-3.90088,-3.90088,-0.792605,-0.792605,3.31879,-2.19788
279.477,-3.67377,-3.67377,-1.23566,-1.23566,3.47149,-1.724
279.51,-3.35118,-3.35118,-1.64668,-1.64668,3.53402,-1.20526
279.543,-2.9415,-2.9415,-2.01496,-2.01496,3.50475,-0.655162
279.576,-2.4554,-2.4554,-2.33093,-2.33093,3.38445,-0.0880099
279.609,-1.90551,-1.90551,-2.58636,-2.58636,3.17623,0.481432
279.642,-1.30615,-1.30615,-2.77459,-2.77459,2.88552,1.03835
279.675,-0.672892,-0.672892,-2.89072,-2.89072,2.51985,1.56824
279.708,-0.0222101,-0.0222101,-2.93171,-2.93171,2.08873,2.05733
279.741,0.628979,0.628979,-2.89648,-2.89648,1.60336,2.49287
279.774,1.26375,1.26375,-2.78593,-2.78593,1.07634,2.86355
279.807,1.86559,1.86559,-2.60292,-2.60292,0.521367,3.15972
279.84,2.41888,2.41888,-2.35219,-2.35219,-0.0471519,3.37366
279.873,2.90921,2.90921,-2.04026,-2.04026,-0.614446,3.4998
279.906,3.32387,3.32387,-1.67521,-1.67521,-1.16578,3.53488
279.939,3.65207,3.65207,-1.26653,-1.26653,-1.68683,3.47797
279.972,3.88529,3.88529,-0.824832,-0.824832,-2.16407,3.33056
280.005,4.01748,4.01748,-0.3616,-0.3616,-2.5851,3.09648
280.038,4.04522,4.04522,0.111128,0.111128,-2.93898,2.78182
280.071,3.96778,3.96778,0.581064,0.581064,-3.21652,2.39477
280.104,3.78721,3.78721,1.03599,1.03599,-3.41051,1.94541
280.137,3.5082,3.5082,1.46407,1.46407,-3.51592,1.44542
280.17,3.13801,3.13801,1.85416,1.85416,-3.53,0.907816
280.203,2.68629,2.68629,2.19613,2.19613,-3.45239,0.346591
280.236,2.16477,2.16477,2.48107,2.48107,-3.28511,-0.223653
280.269,1.58704,1.58704,2.70155,2.70155,-3.03249,-0.788078
280.302,0.96811,0.96811,2.85184,2.85184,-2.70111,-1.33199
280.335,0.324078,0.324078,2.928,2.928,-2.29957,-1.84125
280.368,-0.328309,-0.328309,2.92805,2.92805,-1.83829,-2.30259
280.401,-0.972092,-0.972092,2.85196,2.85196,-1.32927,-2.70402
280.434,-1.59053,-1.59053,2.70171,2.70171,-0.785721,-3.03508
280.467,-2.16756,-2.16756,2.48118,2.48118,-0.221762,-3.28715
280.5,-2.68817,-2.68817,2.19609,2.19609,0.347957,-3.4537
280.533,-3.13885,-3.13885,1.85384,1.85384,0.908638,-3.53036
280.566,-3.50787,-3.50787,1.46332,1.46332,1.44572,-3.51516
280.599,-3.78566,-3.78566,1.03467,1.03467,1.94524,-3.40849
280.632,-3.96501,-3.96501,0.579034,0.579034,2.39424,-3.21312
280.665,-4.04125,-4.04125,0.108248,0.108248,2.78105,-2.93414
280.698,-4.01243,-4.01243,-0.365448,-0.365448,3.09563,-2.57881
280.731,-3.8793,-3.8793,-0.829739,-0.829739,3.32979,-2.15637
280.764,-3.64533,-3.64533,-1.27255,-1.27255,3.47747,-1.67781
280.797,-3.31662,-3.31662,-1.68236,-1.68236,3.53482,-1.1556
280.83,-2.90173,-2.90173,-2.04852,-2.04852,3.50035,-0.603311
280.863,-2.41144,-2.41144,-2.36148,-2.36148,3.37496,-0.0353261
280.896,-1.85851,-1.85851,-2.61311,-2.61311,3.16191,0.533578
280.929,-1.25733,-1.25733,-2.79684,-2.79684,2.86673,1.0886
280.962,-0.623524,-0.623524,-2.90789,-2.90789,2.49709,1.61529
280.995,0.0264218,0.0264218,-2.94335,-2.94335,2.06258,2.09995
281.028,0.675611,0.675611,-2.90229,-2.90229,1.5745,2.52996
281.061,1.30717,1.30717,-2.78576,-2.78576,1.04553,2.89414
281.094,1.90467,1.90467,-2.59678,-2.59678,0.489392,3.183
281.127,2.4526,2.4526,-2.34023,-2.34023,-0.0794538,3.38904
281.16,2.9367,2.9367,-2.02279,-2.02279,-0.646236,3.50689
281.193,3.34441,3.34441,-1.65268,-1.65268,-1.19623,3.53348
281.226,3.66513,3.66513,-1.23953,-1.23953,-1.71516,3.46812
281.259,3.89053,3.89053,-0.794068,-0.794068,-2.18953,3.31251
281.292,4.01477,4.01477,-0.327867,-0.327867,-2.60703,3.0707
281.325,4.03462,4.03462,0.146953,0.146953,-2.95682,2.74899
281.358,3.94957,3.94957,0.618049,0.618049,-3.2298,2.35574
281.391,3.76187,3.76187,1.07317,1.07317,-3.41889,1.90119
281.424,3.47638,3.47638,1.50048,1.50048,-3.51917,1.39717
281.457,3.10055,3.10055,1.88886,1.88886,-3.52805,0.856792
281.49,2.64415,2.64415,2.22821,2.22821,-3.44528,0.294116
281.523,2.11907,2.11907,2.50969,2.50969,-3.27303,-0.276213
281.556,1.53895,1.53895,2.72597,2.72597,-3.01576,-0.839355
281.589,0.918882,0.918882,2.87142,2.87142,-2.68015,-1.38066
281.622,0.274996,0.274996,2.94224,2.94224,-2.27493,-1.88603
281.655,-0.375969,-0.375969,2.93657,2.93657,-1.81062,-2.34232
281.688,-1.01709,-1.01709,2.85455,2.85455,-1.29928,-2.73766
281.721,-1.6317,-1.6317,2.69829,2.69829,-0.754189,-3.06176
281.754,-2.20383,-2.20383,2.47183,2.47183,-0.189509,-3.30619
281.787,-2.7186,-2.7186,2.18106,2.18106,0.380093,-3.46458
281.82,-3.16264,-3.16264,1.83353,1.83353,0.939822,-3.53282
281.853,-3.52441,-3.52441,1.43824,1.43824,1.47514,-3.50912
281.886,-3.79452,-3.79452,1.00549,1.00549,1.97214,-3.39411
281.919,-3.96595,-3.96595,0.546499,0.546499,2.41792,-3.19078
281.952,-4.03426,-4.03426,0.0732074,0.0732074,2.80089,-2.90442
281.985,-3.99768,-3.99768,-0.402083,-0.402083,3.11111,-2.54247
282.018,-3.85719,-3.85719,-0.867015,-0.867015,3.34051,-2.11437
282.051,-3.61643,-3.61643,-1.3095,-1.3095,3.48315,-1.63125
282.084,-3.28168,-3.28168,-1.71802,-1.71802,3.53532,-1.10567
282.117,-2.86165,-2.86165,-2.08196,-2.08196,3.49566,-0.551327
282.15,-2.36727,-2.36727,-2.39183,-2.39183,3.3652,0.0173656
282.183,-1.81141,-1.81141,-2.63958,-2.63958,3.14732,0.585606
282.216,-1.20851,-1.20851,-2.81875,-2.81875,2.8477,1.13861
282.249,-0.574263,-0.574263,-2.92466,-2.92466,2.47411,1.66198
282.282,0.0748456,0.0748456,-2.95455,-2.95455,2.03626,2.1421
282.315,0.721939,0.721939,-2.90762,-2.90762,1.54551,2.56649
282.348,1.35019,1.35019,-2.78508,-2.78508,1.01462,2.92408
282.381,1.94328,1.94328,-2.59011,-2.59011,0.457376,3.20559
282.414,2.48578,2.48578,-2.32774,-2.32774,-0.111749,3.40368
282.447,2.9636,2.9636,-2.0048,-2.0048,-0.677971,3.51319
282.48,3.36432,3.36432,-1.62967,-1.62967,-1.22658,3.53129
282.513,3.67754,3.67754,-1.21209,-1.21209,-1.74334,3.45749
282.546,3.89512,3.89512,-0.762913,-0.762913,-2.2148,3.29373
282.579,4.01141,4.01141,-0.293805,-0.293805,-2.62874,3.04425
282.612,4.02341,4.02341,0.183036,0.183036,-2.9744,2.71555
282.645,3.9308,3.9308,0.655214,0.655214,-3.2428,2.31619
282.678,3.73602,3.73602,1.11045,1.11045,-3.42697,1.85656
282.711,3.44414,3.44414,1.53691,1.53691,-3.52213,1.34862
282.744,3.06274,3.06274,1.92349,1.92349,-3.5258,0.805577
282.777,2.60177,2.60177,2.26013,2.26013,-3.43788,0.241576
282.81,2.07321,2.07321,2.53808,2.53808,-3.26067,-0.328712
282.843,1.49081,1.49081,2.75009,2.75009,-2.99877,-0.890446
282.876,0.869714,0.869714,2.89064,2.89064,-2.65897,-1.42901
282.909,0.226076,0.226076,2.95605,2.95605,-2.25011,-1.93038
282.942,-0.423368,-0.423368,2.94462,2.94462,-1.7828,-2.38153
282.975,-1.06174,-1.06174,2.85662,2.85662,-1.26918,-2.7707
283.008,-1.67243,-1.67243,2.69433,2.69433,-0.722594,-3.08777
283.041,-2.23958,-2.23958,2.46196,2.46196,-0.157241,-3.32449
283.074,-2.74845,-2.74845,2.16552,2.16552,0.412196,-3.4747
283.107,-3.18581,-3.18581,1.81271,1.81271,0.970927,-3.53449
283.14,-3.5403,-3.5403,1.41271,1.41271,1.50444,-3.50231
283.173,-3.80272,-3.80272,0.975887,0.975887,1.99887,-3.37898
283.206,-3.96625,-3.96625,0.513605,0.513605,2.44139,-3.16773
283.239,-4.02664,-4.02664,0.0378762,0.0378762,2.82048,-2.87405
283.272,-3.98236,-3.98236,-0.438933,-0.438933,3.12632,-2.50558
283.305,-3.83454,-3.83454,-0.904425,-0.904425,3.35096,-2.07191
283.338,-3.58706,-3.58706,-1.3465,-1.3465,3.48855,-1.58432
283.371,-3.24635,-3.24635,-1.75364,-1.75364,3.53553,-1.0555
283.404,-2.82128,-2.82128,-2.11528,-2.11528,3.49067,-0.49922
283.437,-2.32291,-2.32291,-2.42198,-2.42198,3.35515,0.0700533
283.47,-1.76421,-1.76421,-2.66578,-2.66578,3.13247,0.637503
283.503,-1.15971,-1.15971,-2.84031,-2.84031,2.82844,1.18836
283.536,-0.525117,-0.525117,-2.94102,-2.94102,2.45093,1.7083
283.569,0.123053,0.123053,-2.96528,-2.96528,2.00976,2.18378
283.602,0.767954,0.767954,-2.91245,-2.91245,1.51639,2.60244
283.635,1.39282,1.39282,-2.78388,-2.78388,0.98363,2.95338
283.668,1.98141,1.98141,-2.5829,-2.5829,0.425321,3.22746
283.701,2.51842,2.51842,-2.31473,-2.31473,-0.144035,3.41755
283.734,2.98991,2.98991,-1.98631,-1.98631,-0.70965,3.51872
283.767,3.38361,3.38361,-1.60618,-1.60618,-1.25683,3.52832
283.8,3.68931,3.68931,-1.18421,-1.18421,-1.77137,3.4461
283.833,3.89906,3.89906,-0.731371,-0.731371,-2.23989,3.27421
283.866,4.00742,4.00742,-0.259421,-0.259421,-2.65024,3.01712
283.899,4.0116,4.0116,0.219369,0.219369,-2.99174,2.68151
283.932,3.91148,3.91148,0.692551,0.692551,-3.25554,2.27613
283.965,3.70969,3.70969,1.14782,1.14782,-3.43478,1.81151
283.998,3.41147,3.41147,1.57334,1.57334,-3.52479,1.29976
284.031,3.0246,3.0246,1.95803,1.95803,-3.52325,0.754183
284.064,2.55915,2.55915,2.29189,2.29189,-3.4302,0.188982
284.097,2.02721,2.02721,2.56622,2.56622,-3.24805,-0.381138
284.13,1.44263,1.44263,2.77389,2.77389,-2.98153,-0.941339
284.163,0.820612,0.820612,2.90947,2.90947,-2.63757,-1.47704
284.196,0.177327,0.177327,2.96943,2.96943,-2.22509,-1.97431
284.229,-0.470498,-0.470498,2.95219,2.95219,-1.75482,-2.42021
284.262,-1.10602,-1.10602,2.85819,2.85819,-1.23897,-2.80312
284.295,-1.71272,-1.71272,2.68986,2.68986,-0.690939,-3.11309
284.328,-2.27483,-2.27483,2.45155,2.45155,-0.12496,-3.34205
284.361,-2.77774,-2.77774,2.14945,2.14945,0.444266,-3.48405
284.394,-3.20838,-3.20838,1.7914,1.7914,1.00195,-3.53538
284.427,-3.55556,-3.55556,1.38671,1.38671,1.53361,-3.49471
284.46,-3.81027,-3.81027,0.945873,0.945873,2.02544,-3.3631
284.493,-3.9659,-3.9659,0.480358,0.480358,2.46465,-3.14398
284.526,-4.01841,-4.01841,0.00226023,0.00226023,2.83985,-2.84304
284.559,-3.96645,-3.96645,-0.475992,-0.475992,3.14128,-2.46813
284.592,-3.81138,-3.81138,-0.941963,-0.941963,3.36112,-2.02898
284.625,-3.55724,-3.55724,-1.38354,-1.38354,3.49365,-1.53704
284.658,-3.21064,-3.21064,-1.78922,-1.78922,3.53544,-1.0051
284.691,-2.78063,-2.78063,-2.14847,-2.14847,3.4854,-0.447002
284.724,-2.27836,-2.27836,-2.45192,-2.45192,3.34482,0.122726
284.757,-1.71693,-1.71693,-2.69169,-2.69169,3.11736,0.689259
284.79,-1.11092,-1.11092,-2.86151,-2.86151,2.80893,1.23786
284.823,-0.476095,-0.476095,-2.95697,-2.95697,2.42754,1.75424
284.856,0.171037,0.171037,-2.97556,-2.97556,1.9831,2.22498
284.889,0.813651,0.813651,-2.91679,-2.91679,1.48714,2.63782
284.922,1.43504,1.43504,-2.78216,-2.78216,0.952557,2.98201
284.955,2.01906,2.01906,-2.57517,-2.57517,0.393231,3.24861
284.988,2.55052,2.55052,-2.30118,-2.30118,-0.176309,3.43067
285.021,3.01562,3.01562,-1.9673,-1.9673,-0.74127,3.52346
285.054,3.40227,3.40227,-1.58221,-1.58221,-1.28698,3.52456
285.087,3.70043,3.70043,-1.1559,-1.1559,-1.79925,3.43394
285.12,3.90235,3.90235,-0.699447,-0.699447,-2.2648,3.25396
285.153,4.00281,4.00281,-0.224719,-0.224719,-2.67151,2.98931
285.186,3.99919,3.99919,0.255946,0.255946,-3.00884,2.64687
285.219,3.8916,3.8916,0.730053,0.730053,-3.26801,2.23555
285.252,3.68286,3.68286,1.18527,1.18527,-3.44229,1.76606
285.285,3.3784,3.3784,1.60976,1.60976,-3.52716,1.25061
285.318,2.98614,2.98614,1.99248,1.99248,-3.52042,0.702622
285.351,2.51629,2.51629,2.32347,2.32347,-3.42223,0.136346
285.384,1.98108,1.98108,2.59411,2.59411,-3.23515,-0.433479
285.417,1.39443,1.39443,2.79736,2.79736,-2.96404,-0.992023
285.45,0.771587,0.771587,2.92791,2.92791,-2.61594,-1.52475
285.483,0.128756,0.128756,2.98236,2.98236,-2.19989,-2.0178
285.516,-0.517352,-0.517352,2.95928,2.95928,-1.7267,-2.45835
285.549,-1.14994,-1.14994,2.85924,2.85924,-1.20866,-2.83492
285.582,-1.75256,-1.75256,2.68485,2.68485,-0.659226,-3.13772
285.615,-2.30956,-2.30956,2.44061,2.44061,-0.0926678,-3.35887
285.648,-2.80645,-2.80645,2.13286,2.13286,0.476298,-3.49262
285.681,-3.23033,-3.23033,1.7696,1.7696,1.03289,-3.53548
285.714,-3.57018,-3.57018,1.36025,1.36025,1.56266,-3.48634
285.747,-3.81718,-3.81718,0.915452,0.915452,2.05183,-3.34648
285.78,-3.96492,-3.96492,0.446763,0.446763,2.48771,-3.11953
285.813,-4.00956,-4.00956,-0.0336346,-0.0336346,2.85897,-2.81141
285.846,-3.94997,-3.94997,-0.513253,-0.513253,3.15597,-2.43012
285.879,-3.78769,-3.78769,-0.979622,-0.979622,3.371,-1.98561
285.912,-3.52696,-3.52696,-1.42061,-1.42061,3.49846,-1.48942
285.945,-3.17458,-3.17458,-1.82475,-1.82475,3.53506,-0.954469
285.978,-2.7397,-2.7397,-2.18153,-2.18153,3.47983,-0.394685
286.011,-2.23364,-2.23364,-2.48165,-2.48165,3.33421,0.175371
286.044,-1.66957,-1.66957,-2.71731,-2.71731,3.10199,0.740862
286.077,-1.06216,-1.06216,-2.88236,-2.88236,2.7892,1.28707
286.11,-0.427205,-0.427205,-2.9725,-2.9725,2.40395,1.79979
286.143,0.218787,0.218787,-2.98537,-2.98537,1.95627,2.26568
286.176,0.85902,0.85902,-2.92062,-2.92062,1.45777,2.67261
286.209,1.47685,1.47685,-2.77992,-2.77992,0.921406,3.00999
286.242,2.05622,2.05622,-2.5669,-2.5669,0.361108,3.26904
286.275,2.58207,2.58207,-2.28711,-2.28711,-0.208568,3.44303
286.308,3.04073,3.04073,-1.94779,-1.94779,-0.772828,3.52742
286.341,3.4203,3.4203,-1.55776,-1.55776,-1.31701,3.52002
286.374,3.7109,3.7109,-1.12715,-1.12715,-1.82699,3.42102
286.407,3.905,3.905,-0.667146,-0.667146,-2.28951,3.233
286.44,3.99756,3.99756,-0.189705,-0.189705,-2.69256,2.96085
286.473,3.98619,3.98619,0.292762,0.292762,-3.02567,2.61165
286.506,3.87119,3.87119,0.767713,0.767713,-3.2802,2.19449
286.539,3.65556,3.65556,1.2228,1.2228,-3.44952,1.72022
286.572,3.34492,3.34492,1.64618,1.64618,-3.52924,1.20119
286.605,2.94736,2.94736,2.02684,2.02684,-3.51729,0.650904
286.638,2.47321,2.47321,2.35487,2.35487,-3.41397,0.0836792
286.671,1.93483,1.93483,2.62175,2.62175,-3.22199,-0.485723
286.704,1.3462,1.3462,2.8205,2.8205,-2.94631,-1.04249
286.737,0.722647,0.722647,2.94596,2.94596,-2.5941,-1.57212
286.77,0.0803719,0.0803719,2.99485,2.99485,-2.17451,-2.06085
286.803,-0.563921,-0.563921,2.96588,2.96588,-1.69844,-2.49594
286.836,-1.19348,-1.19348,2.85978,2.85978,-1.17825,-2.86609
286.869,-1.79195,-1.79195,2.67931,2.67931,-0.627459,-3.16166
286.902,-2.34376,-2.34376,2.42914,2.42914,-0.0603683,-3.37495
286.935,-2.83458,-2.83458,2.11575,2.11575,0.50829,-3.50042
286.968,-3.25166,-3.25166,1.7473,1.7473,1.06375,-3.5348
287.001,-3.58416,-3.58416,1.33334,1.33334,1.59157,-3.47719
287.034,-3.82344,-3.82344,0.884625,0.884625,2.07806,-3.3291
287.067,-3.9633,-3.9633,0.412825,0.412825,2.51056,-3.09439
287.1,-4.00011,-4.00011,-0.0698022,-0.0698022,2.87786,-2.77914
287.133,-3.93292,-3.93292,-0.55071,-0.55071,3.17041,-2.39158
287.166,-3.7635,-3.7635,-1.01739,-1.01739,3.3806,-1.94179
287.199,-3.49625,-3.49625,-1.45772,-1.45772,3.50298,-1.44146
287.232,-3.13815,-3.13815,-1.86022,-1.86022,3.53438,-0.903629
287.265,-2.6985,-2.6985,-2.21444,-2.21444,3.47397,-0.34228
287.298,-2.18874,-2.18874,-2.51115,-2.51115,3.32333,0.227977
287.331,-1.62215,-1.62215,-2.74263,-2.74263,3.08636,0.7923
287.364,-1.01344,-1.01344,-2.90284,-2.90284,2.76923,1.33601
287.397,-0.378455,-0.378455,-2.9876,-2.9876,2.38016,1.84495
287.43,0.266298,0.266298,-2.99471,-2.99471,1.92928,2.30588
287.463,0.904057,0.904057,-2.92394,-2.92394,1.42828,2.7068
287.496,1.51824,1.51824,-2.77714,-2.77714,0.890177,3.03729
287.529,2.09289,2.09289,-2.5581,-2.5581,0.328955,3.28875
287.562,2.61306,2.61306,-2.27251,-2.27251,-0.24081,3.45462
287.595,3.06525,3.06525,-1.92777,-1.92777,-0.804321,3.53059
287.628,3.4377,3.4377,-1.53284,-1.53284,-1.34694,3.5147
287.661,3.72073,3.72073,-1.09797,-1.09797,-1.85457,3.40734
287.694,3.90701,3.90701,-0.634472,-0.634472,-2.31403,3.21131
287.727,3.99169,3.99169,-0.154386,-0.154386,-2.71339,2.93172
287.76,3.9726,3.9726,0.329809,0.329809,-3.04226,2.57584
287.793,3.85023,3.85023,0.805525,0.805525,-3.29211,2.15293
287.826,3.62778,3.62778,1.26039,1.26039,-3.45646,1.674
287.859,3.31104,3.31104,1.68257,1.68257,-3.53102,1.1515
287.892,2.90826,2.90826,2.06109,2.06109,-3.51386,0.599042
287.925,2.42992,2.42992,2.38609,2.38609,-3.40543,0.0309944
287.958,1.88846,1.88846,2.64911,2.64911,-3.20855,-0.53786
287.991,1.29797,1.29797,2.84331,2.84331,-2.92833,-1.09272
288.024,0.673801,0.673801,2.96361,2.96361,-2.57204,-1.61914
288.057,0.0321833,0.0321833,3.00688,3.00688,-2.14895,-2.10343
288.09,-0.610199,-0.610199,2.97198,2.97198,-1.67003,-2.53298
288.123,-1.23665,-1.23665,2.8598,2.8598,-1.14774,-2.89662
288.156,-1.83088,-1.83088,2.67324,2.67324,-0.595638,-3.18489
288.189,-2.37744,-2.37744,2.41713,2.41713,-0.0280636,-3.39027
288.222,-2.86214,-2.86214,2.09812,2.09812,0.54024,-3.50744
288.255,-3.27238,-3.27238,1.7245,1.7245,1.09451,-3.53333
288.288,-3.5975,-3.5975,1.30597,1.30597,1.62035,-3.46727
288.321,-3.82905,-3.82905,0.853399,0.853399,2.10411,-3.31099
288.354,-3.96104,-3.96104,0.378549,0.378549,2.53321,-3.06856
288.387,-3.99004,-3.99004,-0.106236,-0.106236,2.89651,-2.74627
288.42,-3.91531,-3.91531,-0.588355,-0.588355,3.18457,-2.35251
288.453,-3.7388,-3.7388,-1.05527,-1.05527,3.38992,-1.89754
288.486,-3.46511,-3.46511,-1.49484,-1.49484,3.50721,-1.39319
288.519,-3.10137,-3.10137,-1.89563,-1.89563,3.53341,-0.852588
288.552,-2.65704,-2.65704,-2.2472,-2.2472,3.46782,-0.289799
288.585,-2.14369,-2.14369,-2.54042,-2.54042,3.31216,0.280532
288.618,-1.57466,-1.57466,-2.76764,-2.76764,3.07047,0.843563
288.651,-0.964766,-0.964766,-2.92294,-2.92294,2.74903,1.38464
288.684,-0.329855,-0.329855,-3.00228,-3.00228,2.35617,1.88969
288.717,0.31356,0.31356,-3.00357,-3.00357,1.90212,2.34556
288.75,0.948752,0.948752,-2.92676,-2.92676,1.39866,2.7404
288.783,1.55921,1.55921,-2.77384,-2.77384,0.858873,3.06393
288.816,2.12906,2.12906,-2.54876,-2.54876,0.296775,3.30772
288.849,2.6435,2.6435,-2.25738,-2.25738,-0.273032,3.46544
288.882,3.08916,3.08916,-1.90724,-1.90724,-0.835747,3.53299
288.915,3.45446,3.45446,-1.50744,-1.50744,-1.37675,3.50859
288.948,3.72992,3.72992,-1.06837,-1.06837,-1.882,3.3929
288.981,3.90837,3.90837,-0.601431,-0.601431,-2.33836,3.18891
289.014,3.9852,3.9852,-0.118766,-0.118766,-2.73399,2.90195
289.047,3.95842,3.95842,0.367082,0.367082,-3.05859,2.53946
289.08,3.82874,3.82874,0.84348,0.84348,-3.30376,2.1109
289.113,3.59953,3.59953,1.29804,1.29804,-3.46311,1.6274
289.146,3.27677,3.27677,1.71894,1.71894,-3.5325,1.10156
289.179,2.86887,2.86887,2.09522,2.09522,-3.51014,0.547047
289.212,2.38642,2.38642,2.41711,2.41711,-3.39661,-0.0216974
289.245,1.84199,1.84199,2.6762,2.6762,-3.19485,-0.589877
289.278,1.24974,1.24974,2.86577,2.86577,-2.9101,-1.14271
289.311,0.625057,0.625057,2.98086,2.98086,-2.54977,-1.6658
289.344,-0.0158018,-0.0158018,3.01846,3.01846,-2.1232,-2.14555
289.377,-0.656178,-0.656178,2.97759,2.97759,-1.64149,-2.56946
289.41,-1.27942,-1.27942,2.85929,2.85929,-1.11714,-2.92651
289.443,-1.86934,-1.86934,2.66663,2.66663,-0.563769,-3.20741
289.476,-2.41059,-2.41059,2.40459,2.40459,0.00424332,-3.40484
289.509,-2.88911,-2.88911,2.07998,2.07998,0.572145,-3.51368
289.542,-3.29247,-3.29247,1.70122,1.70122,1.12519,-3.53107
289.575,-3.61019,-3.61019,1.27816,1.27816,1.649,-3.45659
289.608,-3.83402,-3.83402,0.821777,0.821777,2.12998,-3.29215
289.641,-3.95816,-3.95816,0.343941,0.343941,2.55564,-3.04204
289.674,-3.97938,-3.97938,-0.142931,-0.142931,2.91491,-2.71278
289.707,-3.89714,-3.89714,-0.626181,-0.626181,3.19847,-2.31292
289.74,-3.7136,-3.7136,-1.09324,-1.09324,3.39895,-1.85287
289.773,-3.43354,-3.43354,-1.53197,-1.53197,3.51115,-1.34461
289.806,-3.06425,-3.06425,-1.93095,-1.93095,3.53214,-0.801358
289.839,-2.61533,-2.61533,-2.27981,-2.27981,3.46139,-0.237254
289.872,-2.09848,-2.09848,-2.56945,-2.56945,3.30073,0.333025
289.905,-1.52713,-1.52713,-2.79234,-2.79234,3.05433,0.894638
289.938,-0.916146,-0.916146,-2.94267,-2.94267,2.7286,1.43297
289.971,-0.281412,-0.281412,-3.01652,-3.01652,2.33199,1.93401
290.004,0.360567,0.360567,-3.01195,-3.01195,1.87481,2.38473
290.037,0.9931,0.9931,-2.92906,-2.92906,1.36893,2.77339
290.07,1.59974,1.59974,-2.77,-2.77,0.827499,3.08988
290.103,2.16473,2.16473,-2.53889,-2.53889,0.26457,3.32596
290.136,2.67338,2.67338,-2.24172,-2.24172,-0.305231,3.4755
290.169,3.11247,3.11247,-1.8862,-1.8862,-0.867103,3.53459
290.202,3.4706,3.4706,-1.48157,-1.48157,-1.40645,3.50171
290.235,3.73846,3.73846,-1.03834,-1.03834,-1.90927,3.37771
290.268,3.9091,3.9091,-0.568027,-0.568027,-2.3625,3.16581
290.301,3.9781,3.9781,-0.0828515,-0.0828515,-2.75436,2.87153
290.334,3.94367,3.94367,0.404572,0.404572,-3.07467,2.50252
290.367,3.80672,3.80672,0.881571,0.881571,-3.31512,2.06839
290.4,3.57083,3.57083,1.33574,1.33574,-3.46947,1.58044
290.433,3.24213,3.24213,1.75527,1.75527,-3.53369,1.05137
290.466,2.82918,2.82918,2.12924,2.12924,-3.50613,0.494931
290.499,2.34272,2.34272,2.44792,2.44792,-3.3875,-0.0743844
290.532,1.79542,1.79542,2.70301,2.70301,-3.18088,-0.641764
290.565,1.20151,1.20151,2.88788,2.88788,-2.89163,-1.19244
290.598,0.576424,0.576424,2.99769,2.99769,-2.52728,-1.71209
290.631,-0.0635753,-0.0635753,3.02958,3.02958,-2.09728,-2.18719
290.664,-0.70185,-0.70185,2.9827,2.9827,-1.61281,-2.60537
290.697,-1.32181,-1.32181,2.85826,2.85826,-1.08644,-2.95575
290.73,-1.90733,-1.90733,2.65948,2.65948,-0.531852,-3.22922
290.763,-2.4432,-2.4432,2.39151,2.39151,0.0365499,-3.41866
290.796,-2.9155,-2.9155,2.06131,2.06131,0.604002,-3.51914
290.829,-3.31195,-3.31195,1.67745,1.67745,1.15577,-3.52804
290.862,-3.62225,-3.62225,1.2499,1.2499,1.67751,-3.44513
290.895,-3.83835,-3.83835,0.789763,0.789763,2.15568,-3.27257
290.928,-3.95464,-3.95464,0.309006,0.309006,2.57785,-3.01485
290.961,-3.96811,-3.96811,-0.179879,-0.179879,2.93307,-2.67868
290.994,-3.87842,-3.87842,-0.664182,-0.664182,3.2121,-2.27281
291.027,-3.68791,-3.68791,-1.13131,-1.13131,3.4077,-1.80779
291.06,-3.40155,-3.40155,-1.56911,-1.56911,3.51479,-1.29573
291.093,-3.02679,-3.02679,-1.9662,-1.9662,3.53058,-0.74995
291.126,-2.57339,-2.57339,-2.31224,-2.31224,3.45466,-0.184656
291.159,-2.05313,-2.05313,-2.59823,-2.59823,3.28901,0.385444
291.192,-1.47956,-1.47956,-2.81672,-2.81672,3.03793,0.945514
291.225,-0.867591,-0.867591,-2.96201,-2.96201,2.70794,1.48098
291.258,-0.233136,-0.233136,-3.03032,-3.03032,2.30761,1.97791
291.291,0.407309,0.407309,-3.01984,-3.01984,1.84734,2.42336
291.324,1.03709,1.03709,-2.93085,-2.93085,1.33909,2.80576
291.357,1.63984,1.63984,-2.76563,-2.76563,0.796055,3.11514
291.39,2.1999,2.1999,-2.52848,-2.52848,0.232343,3.34346
291.423,2.70269,2.70269,-2.22553,-2.22553,-0.337404,3.48478
291.456,3.13517,3.13517,-1.86466,-1.86466,-0.898387,3.53542
291.489,3.4861,3.4861,-1.45524,-1.45524,-1.43603,3.49405
291.522,3.74636,3.74636,-1.0079,-1.0079,-1.93638,3.36176
291.555,3.90919,3.90919,-0.534265,-0.534265,-2.38643,3.142
291.588,3.97038,3.97038,-0.0466489,-0.0466489,-2.7745,2.84047
291.621,3.92834,3.92834,0.442274,0.442274,-3.09049,2.46502
291.654,3.78418,3.78418,0.919792,0.919792,-3.32621,2.02543
291.687,3.54167,3.54167,1.37349,1.37349,-3.47554,1.53314
291.72,3.2071,3.2071,1.79156,1.79156,-3.53459,1.00094
291.753,2.7892,2.7892,2.16313,2.16313,-3.50183,0.442704
291.786,2.29884,2.29884,2.47852,2.47852,-3.37811,-0.127055
291.819,1.74877,1.74877,2.72954,2.72954,-3.16664,-0.693508
291.852,1.1533,1.1533,2.90963,2.90963,-2.87292,-1.24191
291.885,0.527911,0.527911,3.0141,3.0141,-2.50458,-1.758
291.918,-0.111129,-0.111129,3.04023,3.04023,-2.07118,-2.22834
291.951,-0.747207,-0.747207,2.98731,2.98731,-1.58399,-2.6407
291.984,-1.36379,-1.36379,2.8567,2.8567,-1.05565,-2.98434
292.017,-1.94485,-1.94485,2.6518,2.6518,-0.49989,-3.25032
292.05,-2.47528,-2.47528,2.3779,2.3779,0.0688535,-3.43172
292.083,-2.9413,-2.9413,2.04213,2.04213,0.635809,-3.52381
292.116,-3.3308,-3.3308,1.65319,1.65319,1.18625,-3.52421
292.149,-3.63367,-3.63367,1.22119,1.22119,1.70588,-3.43291
292.182,-3.84204,-3.84204,0.757363,0.757363,2.1812,-3.25227
292.215,-3.9505,-3.9505,0.273749,0.273749,2.59986,-2.987
292.248,-3.95625,-3.95625,-0.217075,-0.217075,2.95099,-2.644
292.281,-3.85915,-3.85915,-0.70235,-0.70235,3.22547,-2.2322
292.314,-3.66174,-3.66174,-1.16946,-1.16946,3.41617,-1.76231
292.347,-3.36915,-3.36915,-1.60625,-1.60625,3.51814,-1.24656
292.38,-2.98901,-2.98901,-2.00136,-2.00136,3.52872,-0.698376
292.413,-2.5312,-2.5312,-2.3445,-2.3445,3.44765,-0.132017
292.446,-2.00765,-2.00765,-2.62676,-2.62676,3.27702,0.437778
292.479,-1.43196,-1.43196,-2.84077,-2.84077,3.02128,0.99618
292.512,-0.819109,-0.819109,-2.98096,-2.98096,2.68705,1.52866
292.545,-0.185033,-0.185033,-3.04367,-3.04367,2.28304,2.02136
292.578,0.45378,0.45378,-3.02725,-3.02725,1.81972,2.46146
292.611,1.08072,1.08072,-2.93212,-2.93212,1.30913,2.83751
292.644,1.6795,1.6795,-2.76073,-2.76073,0.764544,3.13972
292.677,2.23455,2.23455,-2.51753,-2.51753,0.200096,3.36022
292.71,2.73144,2.73144,-2.20882,-2.20882,-0.36955,3.49329
292.743,3.15727,3.15727,-1.84262,-1.84262,-0.929596,3.53545
292.776,3.50097,3.50097,-1.42844,-1.42844,-1.4655,3.48562
292.809,3.75361,3.75361,-0.977041,-0.977041,-1.96333,3.34508
292.842,3.90864,3.90864,-0.50015,-0.50015,-2.41017,3.11749
292.875,3.96205,3.96205,-0.010164,-0.010164,-2.7944,2.80878
292.908,3.91244,3.91244,0.480181,0.480181,-3.10605,2.42698
292.941,3.76113,3.76113,0.958134,0.958134,-3.33703,1.98202
292.974,3.51206,3.51206,1.41127,1.41127,-3.48132,1.48549
293.007,3.17172,3.17172,1.82779,1.82779,-3.53519,0.950297
293.04,2.74895,2.74895,2.19687,2.19687,-3.49723,0.390379
293.073,2.25478,2.25478,2.50891,2.50891,-3.36843,-0.179697
293.106,1.70204,1.70204,2.75576,2.75576,-3.15214,-0.745097
293.139,1.10511,1.10511,2.93101,2.93101,-2.85397,-1.29111
293.172,0.479526,0.479526,3.03009,3.03009,-2.48167,-1.80352
293.205,-0.158455,-0.158455,3.0504,3.0504,-2.04491,-2.269
293.238,-0.792244,-0.792244,2.9914,2.9914,-1.55504,-2.67544
293.271,-1.40536,-1.40536,2.85461,2.85461,-1.02477,-3.01226
293.304,-1.98188,-1.98188,2.64357,2.64357,-0.467887,-3.27069
293.337,-2.50681,-2.50681,2.36376,2.36376,0.101151,-3.44401
293.37,-2.9665,-2.9665,2.02243,2.02243,0.667562,-3.52771
293.403,-3.34903,-3.34903,1.62845,1.62845,1.21663,-3.51961
293.436,-3.64445,-3.64445,1.19205,1.19205,1.7341,-3.41992
293.469,-3.84508,-3.84508,0.72458,0.72458,2.20653,-3.23124
293.502,-3.94574,-3.94574,0.238177,0.238177,2.62164,-2.95848
293.535,-3.94381,-3.94381,-0.254512,-0.254512,2.96866,-2.60872
293.568,-3.83934,-3.83934,-0.740678,-0.740678,3.23857,-2.19109
293.601,-3.63508,-3.63508,-1.20768,-1.20768,3.42435,-1.71643
293.634,-3.33635,-3.33635,-1.64337,-1.64337,3.52119,-1.19712
293.667,-2.95091,-2.95091,-2.03641,-2.03641,3.52657,-0.646646
293.7,-2.4888,-2.4888,-2.37658,-2.37658,3.44034,-0.0793485
293.733,-1.96204,-1.96204,-2.65502,-2.65502,3.26476,0.490014
293.766,-1.38433,-1.38433,-2.86449,-2.86449,3.00437,1.04662
293.799,-0.770707,-0.770707,-2.99951,-2.99951,2.66595,1.576
293.832,-0.137114,-0.137114,-3.05657,-3.05657,2.25827,2.06436
293.865,0.499972,0.499972,-3.03416,-3.03416,1.79194,2.49901
293.898,1.12399,1.12399,-2.93286,-2.93286,1.27907,2.86863
293.931,1.71871,1.71871,-2.75529,-2.75529,0.73297,3.16359
293.964,2.26868,2.26868,-2.50604,-2.50604,0.167833,3.37624
293.997,2.75962,2.75962,-2.19158,-2.19158,-0.401664,3.50102
294.03,3.17875,3.17875,-1.82008,-1.82008,-0.960728,3.53471
294.063,3.5152,3.5152,-1.40118,-1.40118,-1.49484,3.47641
294.096,3.76022,3.76022,-0.945774,-0.945774,-1.99012,3.32764
294.129,3.90747,3.90747,-0.465688,-0.465688,-2.43371,3.09229
294.162,3.95311,3.95311,0.0265971,0.0265971,-2.81408,2.77647
294.195,3.89598,3.89598,0.518285,0.518285,-3.12136,2.38839
294.228,3.73757,3.73757,0.996591,0.996591,-3.34756,1.93817
294.261,3.48202,3.48202,1.44908,1.44908,-3.48681,1.43751
294.294,3.13597,3.13597,1.86397,1.86397,-3.53549,0.89944
294.327,2.70844,2.70844,2.23048,2.23048,-3.49234,0.337968
294.36,2.21054,2.21054,2.53906,2.53906,-3.35848,-0.232299
294.393,1.65523,1.65523,2.78169,2.78169,-3.13738,-0.796521
294.426,1.05696,1.05696,2.95203,2.95203,-2.83478,-1.34002
294.459,0.431277,0.431277,3.04565,3.04565,-2.45856,-1.84864
294.492,-0.205546,-0.205546,3.0601,3.0601,-2.01847,-2.30916
294.525,-0.836952,-0.836952,2.99499,2.99499,-1.52596,-2.70959
294.558,-1.44653,-1.44653,2.85199,2.85199,-0.993809,-3.03951
294.591,-2.01843,-2.01843,2.63481,2.63481,-0.435845,-3.29033
294.624,-2.53779,-2.53779,2.34908,2.34908,0.133441,-3.45554
294.657,-2.99112,-2.99112,2.00222,2.00222,0.69926,-3.53082
294.69,-3.36663,-3.36663,1.60323,1.60323,1.24692,-3.51422
294.723,-3.65458,-3.65458,1.16248,1.16248,1.76218,-3.40618
294.756,-3.84749,-3.84749,0.691421,0.691421,2.23168,-3.2095
294.789,-3.94036,-3.94036,0.202295,0.202295,2.64321,-2.9293
294.822,-3.93077,-3.93077,-0.292184,-0.292184,2.98608,-2.57287
294.855,-3.819,-3.819,-0.77916,-0.77916,3.25139,-2.14949
294.888,-3.60796,-3.60796,-1.24597,-1.24597,3.43225,-1.67018
294.921,-3.30315,-3.30315,-1.68047,-1.68047,3.52395,-1.14741
294.954,-2.9125,-2.9125,-2.07136,-2.07136,3.52412,-0.594773
294.987,-2.44618,-2.44618,-2.40847,-2.40847,3.43275,-0.0266626
295.02,-1.91632,-1.91632,-2.68302,-2.68302,3.25222,0.542141
295.053,-1.3367,-1.3367,-2.88786,-2.88786,2.98721,1.09684
295.086,-0.722396,-0.722396,-3.01765,-3.01765,2.64461,1.62299
295.119,-0.0893853,-0.0893853,-3.06901,-3.06901,2.23332,2.10691
295.152,0.545877,0.545877,-3.04058,-3.04058,1.76402,2.53601
295.185,1.16687,1.16687,-2.93308,-2.93308,1.2489,2.89911
295.218,1.75747,1.75747,-2.7493,-2.7493,0.701334,3.18677
295.251,2.3023,2.3023,-2.494,-2.494,0.135555,3.3915
295.284,2.78722,2.78722,-2.17381,-2.17381,-0.433745,3.50798
295.317,3.19962,3.19962,-1.79704,-1.79704,-0.991779,3.53317
295.35,3.5288,3.5288,-1.37347,-1.37347,-1.52405,3.46642
295.383,3.7662,3.7662,-0.914102,-0.914102,-2.01674,3.30947
295.416,3.90566,3.90566,-0.430885,-0.430885,-2.45704,3.0664
295.449,3.94357,3.94357,0.0636281,0.0636281,-2.83352,2.74354
295.482,3.87896,3.87896,0.55658,0.55658,-3.1364,2.34928
295.515,3.71351,3.71351,1.03515,1.03515,-3.35781,1.89388
295.548,3.45154,3.45154,1.4869,1.4869,-3.49201,1.38921
295.581,3.09988,3.09988,1.90008,1.90008,-3.5355,0.848384
295.614,2.66766,2.66766,2.26393,2.26393,-3.48716,0.285481
295.647,2.16614,2.16614,2.56898,2.56898,-3.34824,-0.28485
295.68,1.60837,1.60837,2.8073,2.8073,-3.12235,-0.847769
295.713,1.00885,1.00885,2.97267,2.97267,-2.81536,-1.38863
295.746,0.383174,0.383174,3.06078,3.06078,-2.43524,-1.89335
295.779,-0.252393,-0.252393,3.06932,3.06932,-1.99187,-2.3488
295.812,-0.881325,-0.881325,2.99805,2.99805,-1.49675,-2.74314
295.845,-1.48727,-1.48727,2.84883,2.84883,-0.962764,-3.06609
295.878,-2.05449,-2.05449,2.6255,2.6255,-0.403766,-3.30925
295.911,-2.56822,-2.56822,2.33386,2.33386,0.165719,-3.4663
295.944,-3.01514,-3.01514,1.98149,1.98149,0.7309,-3.53315
295.977,-3.38361,-3.38361,1.57753,1.57753,1.2771,-3.50806
296.01,-3.66408,-3.66408,1.13247,1.13247,1.79012,-3.39168
296.043,-3.84927,-3.84927,0.657889,0.657889,2.25664,-3.18704
296.076,-3.93436,-3.93436,0.166109,0.166109,2.66455,-2.89947
296.109,-3.91716,-3.91716,-0.330083,-0.330083,3.00325,-2.53645
296.142,-3.79813,-3.79813,-0.817786,-0.817786,3.26394,-2.10742
296.175,-3.58037,-3.58037,-1.28432,-1.28432,3.43986,-1.62355
296.208,-3.26956,-3.26956,-1.71755,-1.71755,3.52642,-1.09744
296.241,-2.87379,-2.87379,-2.1062,-2.1062,3.52138,-0.542767
296.274,-2.40335,-2.40335,-2.44016,-2.44016,3.42488,0.0260292
296.307,-1.87049,-1.87049,-2.71074,-2.71074,3.23941,0.594148
296.34,-1.28906,-1.28906,-2.91089,-2.91089,2.96981,1.14681
296.373,-0.674184,-0.674184,-3.03539,-3.03539,2.62306,1.66962
296.406,-0.0418557,-0.0418557,-3.08099,-3.08099,2.20818,2.14899
296.439,0.591488,0.591488,-3.04649,-3.04649,1.73595,2.57244
296.472,1.20938,1.20938,-2.93277,-2.93277,1.21862,2.92894
296.505,1.79576,1.79576,-2.74278,-2.74278,0.66964,3.20923
296.538,2.33539,2.33539,-2.48143,-2.48143,0.103266,3.40601
296.571,2.81425,2.81425,-2.15552,-2.15552,-0.46579,3.51415
296.604,3.21988,3.21988,-1.7735,-1.7735,-1.02275,3.53085
296.637,3.54176,3.54176,-1.34529,-1.34529,-1.55314,3.45567
296.67,3.77153,3.77153,-0.88203,-0.88203,-2.04319,3.29057
296.703,3.90323,3.90323,-0.395744,-0.395744,-2.48017,3.03983
296.736,3.93344,3.93344,0.100923,0.100923,-2.85272,2.71
296.769,3.86138,3.86138,0.595059,0.595059,-3.15118,2.30964
296.802,3.68895,3.68895,1.07382,1.07382,-3.36779,1.84918
296.835,3.42064,3.42064,1.52475,1.52475,-3.49692,1.3406
296.868,3.06344,3.06344,1.93611,1.93611,-3.53522,0.797139
296.901,2.62663,2.62663,2.29722,2.29722,-3.48169,0.232931
296.934,2.12159,2.12159,2.59866,2.59866,-3.33772,-0.337337
296.967,1.56146,1.56146,2.83259,2.83259,-3.10706,-0.898828
297,0.960796,0.960796,2.99292,2.99292,-2.7957,-1.43693
297.033,0.335225,0.335225,3.07546,3.07546,-2.41172,-1.93764
297.066,-0.298989,-0.298989,3.07805,3.07805,-1.96509,-2.38792
297.099,-0.925356,-0.925356,3.0006,3.0006,-1.46742,-2.77607
297.132,-1.52759,-1.52759,2.84513,2.84513,-0.931638,-3.09198
297.165,-2.09005,-2.09005,2.61565,2.61565,-0.371654,-3.32743
297.198,-2.5981,-2.5981,2.31811,2.31811,0.197983,-3.47629
297.231,-3.03856,-3.03856,1.96025,1.96025,0.762478,-3.53469
297.264,-3.39997,-3.39997,1.55135,1.55135,1.30717,-3.50111
297.297,-3.67294,-3.67294,1.10204,1.10204,1.8179,-3.37642
297.33,-3.85041,-3.85041,0.62399,0.62399,2.28142,-3.16388
297.363,-3.92775,-3.92775,0.129625,0.129625,2.68568,-2.869
297.396,-3.90297,-3.90297,-0.368203,-0.368203,3.02018,-2.49946
297.429,-3.77673,-3.77673,-0.856551,-0.856551,3.27623,-2.06488
297.462,-3.55232,-3.55232,-1.32272,-1.32272,3.44718,-1.57657
297.495,-3.23559,-3.23559,-1.75459,-1.75459,3.52859,-1.04723
297.528,-2.83478,-2.83478,-2.14091,-2.14091,3.51835,-0.490641
297.561,-2.36032,-2.36032,-2.47164,-2.47164,3.41671,0.0787152
297.594,-1.82456,-1.82456,-2.73817,-2.73817,3.22634,0.646023
297.627,-1.24142,-1.24142,-2.93356,-2.93356,2.95215,1.19652
297.66,-0.626079,-0.626079,-3.0527,-3.0527,2.60129,1.71588
297.693,0.00546668,0.00546668,-3.0925,-3.0925,2.18286,2.19059
297.726,0.636797,0.636797,-3.05189,-3.05189,1.70773,2.6083
297.759,1.2515,1.2515,-2.93193,-2.93193,1.18824,2.95813
297.792,1.83359,1.83359,-2.73571,-2.73571,0.63789,3.23098
297.825,2.36795,2.36795,-2.46832,-2.46832,0.0709691,3.41976
297.858,2.84069,2.84069,-2.1367,-2.1367,-0.497795,3.51955
297.891,3.23953,3.23953,-1.74947,-1.74947,-1.05363,3.52775
297.924,3.55409,3.55409,-1.31667,-1.31667,-1.5821,3.44415
297.957,3.77623,3.77623,-0.849561,-0.849561,-2.06947,3.27093
297.99,3.90017,3.90017,-0.360273,-0.360273,-2.50309,3.01259
298.023,3.92271,3.92271,0.138475,0.138475,-2.87169,2.67586
298.056,3.84326,3.84326,0.633715,0.633715,-3.1657,2.26949
298.089,3.66391,3.66391,1.11257,1.11257,-3.37748,1.80407
298.122,3.38933,3.38933,1.56259,1.56259,-3.50153,1.2917
298.155,3.02667,3.02667,1.97206,1.97206,-3.53464,0.745716
298.188,2.58536,2.58536,2.33034,2.33034,-3.47593,0.18033
298.221,2.0769,2.0769,2.62809,2.62809,-3.32693,-0.38975
298.254,1.5145,1.5145,2.85756,2.85756,-3.09152,-0.949687
298.287,0.912801,0.912801,3.01278,3.01278,-2.77581,-1.48491
298.32,0.287437,0.287437,3.08969,3.08969,-2.38799,-1.9815
298.353,-0.345325,-0.345325,3.08629,3.08629,-1.93815,-2.42652
298.386,-0.969037,-0.969037,3.00263,3.00263,-1.43797,-2.80839
298.419,-1.56748,-1.56748,2.84089,2.84089,-0.900434,-3.11719
298.452,-2.12511,-2.12511,2.60525,2.60525,-0.339511,-3.34487
298.485,-2.62743,-2.62743,2.30183,2.30183,0.230231,-3.48551
298.518,-3.06138,-3.06138,1.9385,1.9385,0.793993,-3.53545
298.551,-3.41569,-3.41569,1.5247,1.5247,1.33713,-3.49339
298.584,-3.68117,-3.68117,1.07118,1.07118,1.84554,-3.36042
298.617,-3.85091,-3.85091,0.589729,0.589729,2.30601,-3.14001
298.65,-3.92053,-3.92053,0.092849,0.092849,2.70658,-2.83789
298.683,-3.88821,-3.88821,-0.406538,-0.406538,3.03685,-2.46191
298.716,-3.75482,-3.75482,-0.895447,-0.895447,3.28823,-2.02188
298.749,-3.52382,-3.52382,-1.36117,-1.36117,3.45421,-1.52923
298.782,-3.20125,-3.20125,-1.79158,-1.79158,3.53046,-0.996788
298.815,-2.79549,-2.79549,-2.17549,-2.17549,3.51502,-0.438406
298.848,-2.31711,-2.31711,-2.50291,-2.50291,3.40827,0.131384
298.881,-1.77854,-1.77854,-2.76531,-2.76531,3.21299,0.697755
298.914,-1.1938,-1.1938,-2.95586,-2.95586,2.93425,1.24597
298.947,-0.57809,-0.57809,-3.06959,-3.06959,2.5793,1.76176
298.98,0.0525739,0.0525739,-3.10353,-3.10353,2.15735,2.23171
299.013,0.681798,0.681798,-3.05679,-3.05679,1.67937,2.64358
299.046,1.29322,1.29322,-2.93055,-2.93055,1.15777,2.98666
299.079,1.87096,1.87096,-2.72809,-2.72809,0.606087,3.25202
299.112,2.39998,2.39998,-2.45467,-2.45467,0.0386659,3.43276
299.145,2.86656,2.86656,-2.11736,-2.11736,-0.52976,3.52416
299.178,3.25855,3.25855,-1.72495,-1.72495,-1.08442,3.52387
299.211,3.56579,3.56579,-1.2876,-1.2876,-1.61092,3.43187
299.244,3.78029,3.78029,-0.816701,-0.816701,-2.09558,3.25057
299.277,3.89649,3.89649,-0.324476,-0.324476,-2.5258,2.98468
299.31,3.91139,3.91139,0.176277,0.176277,-2.89041,2.64112
299.343,3.82459,3.82459,0.67254,0.67254,-3.17995,2.22884
299.376,3.63838,3.63838,1.15141,1.15141,-3.38689,1.75855
299.409,3.3576,3.3576,1.60043,1.60043,-3.50586,1.24251
299.442,2.98957,2.98957,2.00792,2.00792,-3.53376,0.694129
299.475,2.54386,2.54386,2.36328,2.36328,-3.46987,0.127688
299.508,2.03207,2.03207,2.65726,2.65726,-3.31586,-0.442076
299.541,1.46752,1.46752,2.8822,2.8822,-3.07572,-1.00034
299.574,0.864874,0.864874,3.03225,3.03225,-2.75568,-1.53256
299.607,0.23982,0.23982,3.10348,3.10348,-2.36407,-2.02491
299.64,-0.391395,-0.391395,3.09403,3.09403,-1.91105,-2.46457
299.673,-1.01236,-1.01236,3.00413,3.00413,-1.40839,-2.84009
299.706,-1.60694,-1.60694,2.83611,2.83611,-0.869155,-3.14171
299.739,-2.15967,-2.15967,2.59431,2.59431,-0.307339,-3.36157
299.772,-2.65619,-2.65619,2.28501,2.28501,0.26246,-3.49396
299.805,-3.0836,-3.0836,1.91625,1.91625,0.825441,-3.53542
299.838,-3.43079,-3.43079,1.49759,1.49759,1.36698,-3.48489
299.871,-3.68875,-3.68875,1.03991,1.03991,1.87302,-3.34367
299.904,-3.85079,-3.85079,0.55511,0.55511,2.3304,-3.11544
299.937,-3.9127,-3.9127,0.055787,0.055787,2.72725,-2.80614
299.97,-3.87289,-3.87289,-0.44508,-0.44508,3.05326,-2.42382
